"DATE","HEURE","pH_BC","Température_BC","Conductivité_BC","TDS_BC","Turbidité_BC","Ph_O_DE_A","Température_O_DE_A","Conductivité_O_DE_A","TDS_O_DE_A","Turbidité_O_DE_A","Ph_O_DE_B","Température_O_DE_B","Conductivité_O_DE_B","TDS_O_DE_B","Turbidité_O_DE_B","Ph_O_SF_A","Température_O_SF_A","Conductivité_O_SF_A","TDS_O_SF_A","Turbidité_O_SF_A","Ph_O_SF_B","Température_O_SF_B","Conductivité_O_SF_B","TDS_O_SF_B","Turbidité_O_SF_B","Ph_O_CF_A","Température_O_CF_A","Conductivité_O_CF_A","TDS_O_CF_A","Turbidité_O_CF_A","Ph_O_CF_B","Température_O_CF_B","Conductivité_O_CF_B","TDS_O_CF_B","Turbidité_O_CF_B","Ph_O_RO","Température_O_RO","Conductivité_O_RO","TDS_O_RO","Turbidité_O_RO","Ph_O_EX","Température_O_EX","Conductivité_O_EX","TDS_O_EX","Chlore libre_O_EX","Turbidité_O_EX"
"1/01/2024","8h00",8.27,16.7,55,33,0.57,8.22,16.9,55,33,0.13,8.22,16.9,55,3,0.16,8.12,17,55,33,0.03,8.17,17,55,33,0.04,8.1,17.9,55,33,0.02,8.1,17.9,55,33,0.03,6.8,18,244,122,0.01,7,18.6,290,145,1.1,0.01
"1/01/2024","10h30",8.25,16.5,55.1,33.06,0.36,8.21,16.6,55.1,33.06,0.12,8.21,16.5,55.1,33.06,0.17,8.12,16.9,55,33,0.01,8.12,16.9,55,33,0.02,8.1,17.2,55,33,0.01,8.1,17.2,55,33,0.02,6.88,17.9,240,120,0.01,7.05,18.6,287,143.5,,0.01
"1/01/2024","15h00",8.26,17.3,55,33,0.28,8.2,17.4,55,33,0.1,8.2,17.4,55,33,0.09,8.12,17.8,55,33,0.01,8.12,17.8,55,33,0.01,8.1,17.9,55,33,0.01,8.1,17.9,55,33,0.01,6.88,18.2,245,122.5,0.01,7.07,19.2,290,145,1.1,0.01
"2/01/2024","8h00",8.27,16,55,33,0.71,8.17,16.3,55,33,0.16,8.17,16,55,33,0.13,8.11,16.5,55,33,0.01,8.11,16.5,55,33,0.01,8.09,16.7,55,33,0.01,8.09,16.7,55,33,0.01,,,,,,6.99,17.7,309,154.5,1,0.01
"2/01/2024","10h30",8.24,16.8,55,33,0.98,8.2,17,55,33,0.49,8.2,17,55,33,0.25,8.17,17.2,55,33,0.01,8.17,17.2,55,33,0.01,8.09,17.6,55,33,0.01,8.09,17.6,55,33,0.01,,,,,,6.99,18.2,269,134.5,1,0.01
"2/01/2024","15h00",8.23,16.1,55,33,1.23,8.23,16.3,55,33,0.4,8.23,16.3,55,33,0.44,8.11,17,55,33,0.01,8.11,17,55,33,0.02,8.08,17.3,55,33,0.01,8.08,17.3,55,33,0.01,,,,,,6.94,18.9,278,139,1,0.01
"3/01/2024","8h00",8.24,16.8,54.7,32.82,0.98,8.17,16.9,54.7,32.82,0.2,8.24,16.8,54.7,32.82,0.18,8.17,17,54.7,32.82,0.01,8.24,17,54.7,32.82,0.01,8.05,18,54.7,32.82,0.01,8.05,18,54.7,32.82,0.01,,,,,,6.99,19,267,133.5,1,0.01
"3/01/2024","10h30",8.23,17.8,54.8,32.88,0.67,8.16,17.9,54.8,32.88,0.19,8.16,17.9,54.8,32.88,0.16,8.17,18,54.7,32.82,0.01,8.17,18,54.7,32.82,0.01,8.12,16.6,55.3,33.18,0.01,8.12,16.6,55.3,33.18,0.01,6.32,17.3,191.6,95.8,0.01,6.94,17.7,268,134,,0.01
"3/01/2024","15h00",8.21,16.6,54.6,32.76,1.14,8.16,17.7,55,33,0.25,8.16,17.7,55,33,0.2,8.17,17.4,55,33,0.01,8.17,17,55,33,0.01,8.15,17.2,55,33,0.01,8.15,17.2,55,33,0.01,6.23,17.6,238,119,0.01,6.9,18.2,268,133,1,0.01
"4/01/2024","8h00",8.21,16,55.1,33.06,0.45,8.18,16,55.1,33.06,0.21,8.16,16.1,55.1,33.06,0.01,8.16,16.1,55.1,33.06,0.01,8.12,16.2,55.1,33.06,0.01,8.16,16.2,55.1,33.06,0.01,6.29,16.9,,,0.01,6.29,16.9,253,126.5,0.01,6.96,17.6,276,138,1,0.01
"4/01/2024","10h30",8.21,17.6,54.7,32.82,0.33,8.18,16.5,55.1,33.06,0.26,8.19,16.4,55.1,33.06,0.28,8.18,16.3,55.1,33.06,0.01,,,,,,8.17,16.4,55.2,33.12,0.01,8.17,16.3,55.2,33.12,0.01,6.6,17.1,205,102.5,0.01,7.08,17.3,310,155,,0.01
"4/01/2024","15h00",8.2,17.2,55,33,0.2,8.2,17,55,33,0.36,8.2,17,55,33,0.28,8.2,17,55,33,0.05,8.2,17,55,33,0.02,8.2,17,55,33,0.01,8.2,17,55,33,0.01,6.2,17,192.3,96.15,0.01,,17.5,367,183.5,1,0.01
"5/01/2024",,,,,,,,,,,,,,,,,,,,,,,,,,,,,,,,,,,,,,,,,,,,,,,
"5/01/2024",,,,,,,,,,,,,,,,,,,,,,,,,,,,,,,,,,,,,,,,,,,,,,,
"5/01/2024",,,,,,,,,,,,,,,,,,,,,,,,,,,,,,,,,,,,,,,,,,,,,,,
"6/01/2024",,,,,,,,,,,,,,,,,,,,,,,,,,,,,,,,,,,,,,,,,,,,,,,
"6/01/2024",,,,,,,,,,,,,,,,,,,,,,,,,,,,,,,,,,,,,,,,,,,,,,,
"6/01/2024",,,,,,,,,,,,,,,,,,,,,,,,,,,,,,,,,,,,,,,,,,,,,,,
"7/01/2024","8h00",8.18,16.3,55.1,33.06,1.98,8.19,15.8,55.1,33.06,1.63,8.19,15.8,55.1,33.06,1.63,8.15,15.8,55.1,33.06,0.01,8.15,15.8,55.1,33.06,0.02,8.1,16,55.1,33.06,0.01,8.1,16,55.1,33.06,0.01,,,,,,,,,,,
"7/01/2024","10h30",8.22,15.9,55,33,3.41,8.19,15.8,55,33,1.91,8.19,15.8,55,33,1.81,8.17,16,55,33,0.01,8.17,16,55,33,0.02,8.1,16.3,55.2,33.12,0.01,8.1,16.3,55.2,33.12,0.01,,,,,,,,,,,
"7/01/2024","15h00",8.19,17.3,55,33,5.87,8.18,15.6,55.1,33.06,2.79,8.18,15.6,55.1,33.06,2.79,8.17,15.9,55.1,33.06,0.01,8.17,15.9,55.1,33.06,0.01,8.1,16,55,33,0.01,8.1,16,55,33,0.01,6.98,16.9,213,106.5,0.01,7.17,17.2,413,206.5,1.4,0.01
"8/01/2024","8h00",8.23,16.2,55,33,3.25,8.13,16.3,55,33,1.25,8.13,16.3,55,33,1.35,8.1,16.5,54.9,32.94,0.01,8.09,16.9,54.9,32.94,0.01,8.05,17,54.9,32.94,0.01,8.05,17,54.9,32.94,0.01,5.84,16.5,228,114,0.01,7.05,16.8,265,132.5,,0.01
"8/01/2024","10h30",8.11,16.2,55,33,5.13,8.1,16.3,55,33,2.57,8.1,16.3,55,33,2.15,8,16.5,54.9,32.94,0.01,8,16.5,54.9,32.94,0.02,8.04,16.8,54.9,32.94,0.01,8.04,16.8,54.9,32.94,0.01,6,16.9,233,116.5,0.01,7.12,17,288,144,1.2,0.01
"8/01/2024","15h00",8.21,16.2,55.1,33.06,3.98,8.13,16,55.1,33.06,4.06,8.13,16,55.1,33.06,4.11,8.11,16,55,33,0.01,8.11,16,55,33,0.02,8.11,16,55,33,0.01,8.11,16,55,33,0.01,6.8,16.8,199,99.5,0.01,7.02,17,278,139,1.5,0.01
"9/01/2024","8h00",8.23,15,55,33,3.01,8.22,15.2,55,33,3.01,8.22,15.2,55,33,3.02,8.2,15.5,54.9,32.94,0.01,8.2,15.5,54.9,32.94,0.01,8.13,15.5,54.9,32.94,0.01,8.11,15.5,54.9,32.94,0.01,6.46,16.1,236,118,0.01,7.1,16.5,260,130,0.8,0.01
"9/01/2024","10h30",8.21,15.4,55.1,33.06,2.39,8.18,15.4,55.2,33.12,2.84,8.18,15.4,55.2,33.12,2.79,8.16,15.5,55.2,33.12,0.02,8.16,15.5,55.2,33.12,0.01,8.13,15.6,55.2,33.12,0.01,8.13,15.6,55.2,33.12,0.01,6.23,15.8,246,123,0.01,7.09,16.1,253,126.5,,0.01
"9/01/2024","15h00",8.22,16.2,55.4,33.24,5.6,8.19,16.5,55.2,33.12,3.9,8.19,16.5,55.2,33.12,3.88,8.12,16.6,55,33,0.01,8.12,16.6,55,33,0.01,8.1,17,55,33,0.01,8.1,17,55,33,0.01,6.98,17.6,199.6,99.8,0.01,7.12,18,609,304.5,0.8,0.01
"10/01/2024","8h00",8.23,16.2,55,33,0.77,8.17,16.4,55,33,0.64,8.17,16.4,55,33,0.63,8.11,16.8,54.9,32.94,0,8.11,16.8,54.9,32.94,0,8.09,17,54.9,32.94,0,8.09,17,54.9,32.94,0,6.94,17.2,197.6,98.8,0,7.12,18.6,267.9,133.95,1,0
"10/01/2024","10h30",8.19,16.1,54.9,32.94,0.89,8.17,15.7,55,33,0.58,8.17,15.7,55,33,0.58,8.18,15.7,54.9,32.94,0,8.18,15.7,54.9,32.94,0,8.15,16.4,54.9,32.94,0,8.15,16.4,54.9,32.94,0,6.01,16.7,187.7,93.85,0,7.1,16.8,257,128.5,,0
"10/01/2024","15h00",8.17,16,55.1,33.06,0.78,8.15,16.2,55.1,33.06,0.63,8.15,16.2,55.1,33.06,0.63,8.11,16.8,54.9,32.94,0,8.11,16.8,54.9,32.94,0,8.09,17,54.9,32.94,0,8.09,17,54.9,32.94,0,6.06,17,202,101,0,7.1,17.2,281,140.5,0.8,0
"11/01/2024","8h00",8.23,15,55,33,2.75,8.17,15,55,33,0.79,8.17,15,55,33,0.75,8.11,15.2,54.9,32.94,0,8.09,15.4,54.9,32.94,0,8.09,15.4,54.9,32.94,0,8.09,15.4,54.9,32.94,0,6.01,15.7,189.2,94.6,0,7.08,15.7,252,126,0.8,0
"11/01/2024","10h30",8.22,15.5,55.1,33.06,1.23,8.16,15.7,51.1,30.66,0.57,8.16,15.7,51.1,30.66,0.51,8.18,15.9,55.1,30.66,0,8.18,15.9,55.1,30.66,0,8.13,16.4,54.9,30.66,0,8.13,16.4,54.9,32.94,0,6.02,16.7,204,102,0,7.06,16.8,252,126,,0
"11/01/2024","15h00",8.23,15,55,33,2,8.17,15,55,33,1.19,8.16,15,51.1,30.66,1.29,8.11,15.2,54.9,32.94,0,8.11,15.2,54.9,32.94,0,8.13,16.4,54.9,30.66,0,8.13,16.4,54.9,30.66,0,6.04,17,215,107.5,0,7.09,17.3,254,127,0.9,0
"12/01/2024","8h00",8.23,15.2,55,33,1.31,8.17,15.4,55,33,1.02,8.17,15.4,55,33,1.01,8.11,15.6,54.9,32.94,0,8.11,15.6,54.9,32.94,0,8.09,15.8,54.9,32.94,0,8.09,15.8,54.9,32.94,0,6.01,16.2,201,100.5,0,7.08,15.7,262,131,0.8,0
"12/01/2024","10h30",8.23,15.2,55,33,1,8.17,15.4,55,33,1.23,8.17,15.4,55,33,1.01,8.11,15.6,54.9,32.94,0,8.11,15.6,54.9,32.94,0,8.09,15.8,54.9,32.94,0,8.09,15.8,54.9,32.94,0,6.01,16.2,211,105.5,0,7.08,15.7,262,131,0.8,0
"12/01/2024","15h00",,,,,,,,,,,,,,,,,,,,,,,,,,,,,,,,,,,,,,,,,,,,,,
"13/01/2024","8h00",8.23,16.2,55,33,1.12,8.17,16.3,55,33,0.41,8.17,16.3,55,33,0.45,8.11,16.8,54.9,32.94,0,8.11,16.8,54.9,32.94,0,8.09,17,54.9,32.94,0,8.09,17,54.9,32.94,0,6.01,17.2,202,101,0,7.08,18.2,269,134.5,0.8,0
"13/01/2024","10h30",8.22,16,55,33,1.09,8.17,16.2,55,33,0.39,8.17,16.2,55,33,0.38,8.09,16.4,49.9,29.94,0,8.09,16.4,49.9,29.94,0,8.08,16.6,54.9,32.94,0,8.08,16.6,54.9,32.94,0,6.01,17,211,105.5,0,7.09,17.6,259,129.5,,0
"13/01/2024","15h00",8.21,16.5,55,33,1.33,8.17,16.6,55,33,0.76,8.17,16.6,55,33,0.73,8.11,16.8,54.9,32.94,0.02,8.11,16.8,54.9,32.94,0.02,8.09,17,54.9,32.94,0.01,8.09,17,54.9,32.94,0.01,6.01,17.4,211,105.5,0,7.08,18,259,129.5,0.8,0
"14/01/2024","8h00",8.23,15.5,55,33,0.59,8.17,15.6,55,33,0.41,8.17,15.6,55,33,0.39,8.11,15.8,54.9,32.94,0,8.11,15.6,54.9,32.94,0,8.09,17,54.9,32.94,0,8.09,17,54.9,32.94,0,6.12,17.2,212,106,0,7.18,18,312,156,0.8,0
"14/01/2024","10h30",,,,,,,,,,,,,,,,,,,,,,,,,,,,,,,,,,,,,,,,,,,,,,
"14/01/2024","15h00",,,,,,,,,,,,,,,,,,,,,,,,,,,,,,,,,,,,,,,,,,,,,,
"15/01/2024","8h00",8.22,16.3,55.2,33.12,1.01,8.17,16.4,55.2,33.12,0.71,8.17,16.4,55.1,33.06,0.65,8.11,16.6,54.9,32.94,0,8.11,16.4,54.9,32.94,0,8.09,17,54.9,32.94,0,8.09,17,54.9,32.94,0,,,,,,,,,,,
"15/01/2024","10h30",8.22,16.5,55.2,33.12,0.98,8.17,16.6,55.2,33.12,0.59,8.17,16.6,55.1,33.06,0.66,8.11,16.8,54.9,32.94,0,8.11,16.8,54.9,32.94,0,8.09,17.2,54.9,32.94,0,8.09,17.2,54.9,32.94,0,,,,,,,,,,,
"15/01/2024","15h00",8.21,17.9,55.1,33.06,1.63,8.18,16.4,55.2,33.12,0.63,8.18,16.4,55.2,33.12,0.67,8.17,16.4,55.2,33.12,0,8.17,16.4,55.2,33.12,0,8.09,17.2,54.9,32.94,0,8.09,17.2,54.9,32.94,0,6.2,16,221,110.5,0,7.25,17.3,570,285,2.15,0
"16/01/2024","8h00",8.19,17,55,33,0.73,8.17,16.4,55.1,33.06,1.51,8.18,16.3,55.1,33.06,1.63,8.18,16.2,55,33,0,8.18,16.1,55.2,33.12,0,8.16,16.4,55.1,33.06,0,8.16,16.4,55.1,33.06,0,6.28,16.9,208,104,0,7.12,17.3,328,164,0.8,0
"16/01/2024","10h30",8.2,18.1,54.8,32.88,0.47,8.2,16.4,55.1,33.06,1.61,8.2,16.3,55.2,33.12,0.65,8.2,16.6,55.2,33.12,0,8.2,16.5,55.2,33.12,0,8.11,16.4,55.1,33.06,0,8.11,16.4,55.1,33.06,0,6.4,17,186.3,93.15,0,7.02,17.5,263,131.5,,0
"16/01/2024","15h00",8.21,19.8,55.1,33.06,0.3,8.18,18.6,55.1,33.06,0.54,8.18,18.6,55.1,33.06,0.5,8.17,17.6,55.1,33.06,0,8.17,17.6,55.1,33.06,0,8.15,17.1,55.1,33.06,0,8.15,17.1,55.1,33.06,0,6.38,17.7,199,99.5,0,6.93,18.2,265,132.5,0.8,0
"17/01/2024","8h00",8.19,17.9,55.5,33.3,0.32,8.17,18,55.5,33.3,0.58,8.18,18,55.5,33.3,0.58,8.18,17.5,55.2,33.12,0,8.18,17.5,55.2,33.12,0,8.16,17.3,55.1,33.06,0,8.16,17.3,55.1,33.06,0,6.33,17.3,264,132,0,7.12,18,301,150.5,0.8,0
"17/01/2024","10h30",8.09,18.7,54.9,32.94,0.49,8.05,17.2,55.1,33.06,1.09,8.05,17.2,55.1,33.06,1.09,8.03,17.4,55.1,33.06,0,8.03,17.4,55.1,33.06,0,8.03,17.3,55.1,33.06,0,8.03,17.3,55.1,33.06,0,6.36,17.6,217,108.5,0,6.88,17.7,268,134,,0
"17/01/2024","15h00",8.09,21.3,55.1,33.06,0.39,8.07,21,55.1,33.06,0.58,8.07,21,55.1,33.06,0.58,8.05,19,55.1,33.06,0,8.05,19,55.1,33.06,0,8.04,18.4,55.1,33.06,0,8.04,18.4,55.1,33.06,0,6.31,18.3,193.3,96.65,0,6.85,18.1,265,132.5,0.8,0
"18/01/2024","8h00",8.09,19.8,54.9,32.94,0.55,8.08,18.2,54.9,32.94,0.8,8.08,18.2,54.9,32.94,0.8,8.06,18,54.9,32.94,0.02,8.06,18,54.9,32.94,0.02,8.01,17.8,54.9,32.94,0.01,8.01,17.8,54.9,32.94,0.01,6.36,18,223,111.5,0,7.03,18.6,300,150,0.6,0
"18/01/2024","10h30",8.07,17.9,55.1,33.06,0.23,8.06,17,55.1,33.06,0.52,8.06,17,55.1,33.06,0.52,8.03,16.9,55.1,33.06,0,8.03,16.9,55.1,33.06,0,8.03,17,55.1,33.06,0,8.03,17,55.1,33.06,0,6.25,17.2,208,104,0,6.95,17.4,441,220.5,0.86,0
"18/01/2024","15h00",8.08,20.7,54.8,32.88,0.34,8.05,18.2,54.7,32.82,0.78,8.05,18.2,54.7,32.82,0.78,8.04,20.5,54.7,32.82,0,8.04,20.5,54.7,32.82,0,8.02,20.1,54.7,32.82,0,8.02,,54.7,32.82,0,5.93,17.7,202,101,0,6.84,17.8,264,132,0.7,0
"19/01/2024","8h00",,,,,,,,,,,,,,,,,,,,,,,,,,,,,,,,,,,,,,,,,,,,,,
"19/01/2024","10h30",,,,,,,,,,,,,,,,,,,,,,,,,,,,,,,,,,,,,,,,,,,,,,
"19/01/2024","15h00",,,,,,,,,,,,,,,,,,,,,,,,,,,,,,,,,,,,,,,,,,,,,,
"20/01/2024","8h00",8.09,17.6,55.2,33.12,0.19,8.08,17.6,55.1,33.06,0.59,8.08,17.6,55.1,33.06,0.59,8.06,17.3,54.9,32.94,0,8.06,17.3,54.9,32.94,0,8.01,17.1,54.9,32.94,0,8.01,17.1,54.9,32.94,0,6.36,17.1,223,111.5,0,7.03,18.6,276,138,,0
"20/01/2024","10h30",8.03,17,54.2,32.52,0.54,8.02,17.2,54.2,32.52,0.54,8.02,17.2,54.2,32.52,0.54,8,17.1,54.1,32.46,0,8,17.1,54.1,32.46,0,7.99,17,54.1,32.46,0,7.99,17,54.1,32.46,0,6.09,17.1,193,96.5,0,7.08,17.1,516,258,,0
"20/01/2024","15h00",8.09,17.7,54.9,32.94,0.3,8.09,17.7,54.9,32.94,0.47,8.09,17.7,54.9,32.94,0.47,8.07,17.1,54.1,32.46,0,8.07,17.1,54.1,32.46,0,8.05,17,54.7,32.82,0,8.05,17,54.7,32.82,0,6.08,17.5,199,99.5,0,7.09,18,467,233.5,0.92,0
"21/01/2024","8h00",8.09,16.7,55.1,33.06,0.97,8.08,16.6,55.1,33.06,1.45,8.08,16.6,55.1,33.06,1.45,8.02,16.9,54.9,32.94,0,8.02,16.9,54.9,32.94,0,8.02,16.9,54.9,32.94,0,8.02,16.9,54.9,32.94,0,6.35,16.6,222,111,0,6.86,17.1,264,132,0.84,0
"21/01/2024","10h30",8.07,16.7,55.1,33.06,0.41,8.04,16.3,55.2,33.12,1.05,8.04,16.3,55.2,33.12,1.05,8.04,16.2,55.2,33.12,0,8.04,16.3,55.2,33.12,0,8.04,16.4,55.2,33.12,0,8.04,16.4,55.2,33.12,0,6.31,16.7,230,115,0,6.83,17.1,264,132,,0
"21/01/2024","15h00",8.07,17.3,55.1,33.06,0.38,8.04,17,55.1,33.06,0.99,8.04,17,55.1,33.06,0.99,8.02,16.9,49.9,29.94,0,8.02,16.9,49.9,29.94,0,8,16.4,49.9,29.94,0,8,16.4,49.9,29.94,0,6.25,16.9,199,99.5,0,6.77,17.2,267,133.5,0.99,0
"22/01/2024","8h00",8.1,15.4,55.1,33.06,0.64,8.09,15.4,55.1,33.06,0.77,8.09,15.4,55.1,33.06,0.77,8.05,15.9,55.1,33.06,0,8.05,16,55.1,33.06,0,8.02,16.1,55.1,33.06,0,8.02,16.1,55.1,33.06,0,6.42,16.7,203,101.5,0,6.76,16.9,277,138.5,0.86,0
"22/01/2024","10h30",8.07,16.6,55.1,33.06,0.97,8.05,16.8,55.1,33.06,0.79,8.05,16.8,55.1,33.06,0.79,8.03,17,54.9,32.94,0,8.03,17,54.9,32.94,0,8,17.2,54.9,32.94,0,8,17.2,54.9,32.94,0,6.17,16.7,196.3,98.2,0,6.9,17.4,260,130,0.85,0
"22/01/2024","15h00",8.08,17.1,55,33,0.44,8.04,17.1,55,33,0.69,8.04,17.1,55,33,0.69,8.04,17,54.9,32.94,0,8.04,17,54.9,32.94,0,8,17.1,54.6,32.76,0,8,17.1,54.6,32.76,0,5.97,16.9,178.3,89.2,0,6.71,17.1,260,130,,0
"23/01/2024","8h00",,15.8,55,33,0.4,8.12,15.8,55,33,0.77,8.12,15.8,55,33,0.77,8.1,16,55,33,0,8.1,16,55,33,0,8.09,16.7,49.9,29.94,0,8.09,16.7,49.9,29.94,0,6.19,16.2,199,99.5,0,7.06,16.6,263,131.5,0.83,0
"23/01/2024","10h30",8.06,16.8,55.2,33.12,0.35,7.97,16.3,55.1,33.06,0.79,7.97,16.3,55.1,33.06,0.79,7.98,15.9,55.2,33.12,0,7.98,15.9,55.2,33.12,0,7.94,15.6,55.3,33.18,0,7.94,15.6,55.3,33.18,0,5.89,16.5,198.9,99.5,0,6.75,16.8,260,130,,0
"23/01/2024","15h00",8.11,16.4,55.1,33.06,0.43,8.1,16.4,55.1,33.06,0.59,8.1,16.4,55.1,33.06,0.59,8.09,16.3,54.9,32.94,0,8.09,16.3,54.9,32.94,0,7.94,15.6,55.3,33.18,0,7.94,15.6,55.3,33.18,0,5.85,16.9,201,100.5,0,6.73,17.3,258,129,1.04,0
"24/01/2024","8h00",8.07,15.9,55.3,33.18,0.17,8.06,16,55.1,33.06,0.43,8.06,16,55.1,33.06,0.43,8.04,16.3,55.1,33.06,0,8.04,16.3,55.1,33.06,0,7.9,17,55.1,33.06,0,7.9,17,55.1,33.06,0,6.03,15.5,244,122,0,6.77,16.4,476,238,0.81,0
"24/01/2024","10h30",8.07,16.5,55.3,33.18,0.13,8.02,16.2,55.3,33.18,0.58,8.02,16.2,55.3,33.18,0.58,8.02,16.1,55.5,33.3,0,8.02,16.1,55.5,33.3,0,8.01,16.2,55.3,33.18,0,8.01,16.2,55.3,33.18,0,6,16.9,194.6,97.3,0,6.81,17,260,130,,0
"24/01/2024","15h00",8.07,16.5,55.3,33.18,0.19,8.07,16.5,55.3,33.18,0.52,8.07,16.5,55.3,33.18,0.52,8.01,16.6,55.2,33.12,0,8.01,16.6,55.2,33.12,0,7.99,17,55.1,33.06,0,7.99,17,55.1,33.06,0,6.08,17,197,98.5,0,6.92,18.2,267,133.5,1.04,0
"25/01/2024","8h00",8.07,16.8,55.5,33.3,1.2,8.07,16.8,55.5,33.3,0.71,8.07,16.8,55.5,33.3,0.71,8.05,17,55.1,33.06,0,8.05,17,55.1,33.06,0,8.04,17.5,55.1,33.06,0,8.04,17.5,55.1,33.06,0,6.5,17.8,199,99.5,0,6.75,18.6,267,133.5,0.97,0
"25/01/2024","10h30",8.01,17.5,55,33,0.76,7.99,16.5,55.2,33.12,0.81,7.99,16.5,55.2,33.12,0.81,7.99,16.6,55.5,33.3,0,7.99,16.5,55.5,33.3,0,7.98,16.5,55.5,33.3,0,7.98,16.5,55.5,33.3,0,6.15,16.9,202,101,0,6.81,17.1,264,132,,0
"25/01/2024","15h00",,,,,,,,,,,,,,,,,,,,,,,,,,,,,,,,,,,,,,,,,,,,,,
"26/01/2024","8h00",,,,,,,,,,,,,,,,,,,,,,,,,,,,,,,,,,,,,,,,,,,,,,
"26/01/2024","10h30",,,,,,,,,,,,,,,,,,,,,,,,,,,,,,,,,,,,,,,,,,,,,,
"26/01/2024","15h00",,,,,,,,,,,,,,,,,,,,,,,,,,,,,,,,,,,,,,,,,,,,,,
"27/01/2024","8h00",8.07,17.2,55.3,33.18,0.15,8.07,17.2,55.3,33.18,0.22,8.07,17.2,55.3,33.18,0.22,8.05,17.6,55.1,33.06,0,8.05,17.6,55.1,33.06,0,8,17.4,55.1,33.06,0,8,17.4,55.1,33.06,0,6.17,17,201,100.5,0,6.73,17.5,290,145,0.62,0
"27/01/2024","10h30",8.06,18.1,55.6,33.36,0.29,8.06,18.1,55.6,33.36,0.62,8.06,18.1,55.6,33.36,0.62,8.05,17.9,55.1,33.06,0,8.05,17.9,55.1,33.06,0,8,17.5,55.3,33.18,0,8,17.5,55.3,33.18,0,6.25,17.9,199.5,99.8,0,6.77,18.6,271,135.5,,0
"27/01/2024","15h00",8.06,18.8,55.5,33.3,0.43,8.06,18.8,55.5,33.3,0.69,8.06,18.8,55.5,33.3,0.69,8.05,17.9,55.2,33.12,0,8.05,17.9,55.2,33.12,0,8,17.5,55.1,33.06,0,8,17.5,55.1,33.06,0,6.18,17.9,197.9,99,0,7.02,18.7,283,141.5,1.02,0
"28/01/2024","8h00",8.07,16.7,55.3,33.18,0.79,8.07,16.7,55.3,33.18,0.74,8.07,16.7,55.3,33.18,0.74,8.05,17,55.1,33.06,0,8.05,17,55.1,33.06,0,8,17.2,55.1,33.06,0,8,17.2,55.1,33.06,0,6.73,17.6,222,111,0,7,18.6,333,166.5,0.88,0
"28/01/2024","10h30",8.08,17.2,55.1,33.06,0.32,8.08,17.2,55.1,33.06,0.35,8.08,17.2,55.1,33.06,0.35,8.01,16.9,55.1,33.06,0,8.01,16.9,55.1,33.06,0,8,16.7,55.2,33.12,0,8,16.7,55.2,33.12,0,5.75,17.3,206,103,0,6.85,17.7,264,132,1.06,0
"28/01/2024","15h00",8.08,16.8,55.3,33.18,0.19,8.08,16.8,55.3,33.18,0.26,8.08,16.8,55.3,33.18,0.26,8.05,17.3,55.2,33.12,0,8.05,17.3,55.2,33.12,0,8,17.5,55.1,33.06,0,8,17.5,55.1,33.06,0,6.08,17.6,164.3,82.2,0,6.77,17.9,267,133.5,,0
"29/01/2024","8h00",,,,,,,,,,,,,,,,,,,,,,,,,,,,,,,,,,,,,,,,,,,,,,
"29/01/2024","10h30",,,,,,,,,,,,,,,,,,,,,,,,,,,,,,,,,,,,,,,,,,,,,,
"29/01/2024","15h00",,,,,,,,,,,,,,,,,,,,,,,,,,,,,,,,,,,,,,,,,,,,,,
"30/01/2024","8h00",,,,,,,,,,,,,,,,,,,,,,,,,,,,,,,,,,,,,,,,,,,,,,
"30/01/2024","10h30",,,,,,,,,,,,,,,,,,,,,,,,,,,,,,,,,,,,,,,,,,,,,,
"30/01/2024","15h00",,,,,,,,,,,,,,,,,,,,,,,,,,,,,,,,,,,,,,,,,,,,,,
"31/01/2024","8h00",8.08,17,55.2,33.12,0.57,8.07,17.2,55.2,33.12,0.43,8.07,17.2,55.2,33.12,0.43,8.05,17.6,55.1,33.06,0,8.05,17.6,55.1,33.06,0,8,17.4,55.1,33.06,0,8,17.4,55.1,33.06,0,6.17,16.9,206,103,0,6.85,17,280,140,1.03,0
"31/01/2024","10h30",8.07,16.6,55.2,33.12,0.77,8.07,16.6,55.2,33.12,0.54,8.07,16.6,55.2,33.12,0.54,8.07,16.7,55.2,33.12,0,8.07,16.7,55.2,33.12,0,8.05,16.8,55.4,33.24,0,8.05,16.8,55.4,33.24,0,6.19,17,206,103,0,6.92,17.6,274,137,,0
"31/01/2024","15h00",8.13,17.7,55.2,33.12,0.42,8.1,17.8,55.2,33.12,0.42,8.1,17.8,55.2,33.12,0.42,8.09,17.9,55.2,33.12,0,8.09,17.9,55.2,33.12,0,8.07,18,55.1,33.06,0,8.07,18,55.1,33.06,0,6.16,17.2,192,96,0,6.95,17.6,275,137.5,0.92,0
"1/2/2024","8h00",8.02,16.9,55,33,0.87,8.01,17,55,33,0.67,8.05,16.8,55.2,33.12,0.45,8,17.2,55,33,0,8.04,16.7,55.2,33.12,0,7.99,17.1,55,33,0,8.01,16.7,55.4,33.24,0,6.37,17.3,215,107.5,0,6.78,17.5,271,135.5,0.92,0
"1/2/2024","10h30",8.06,17,55.2,33.12,1.15,8.01,17,55,33,0.67,8.05,16.8,55.2,33.12,0.45,8,17.2,55,33,0,8.04,16.7,55.2,33.12,0,7.99,17.1,55,33,0,8.01,16.7,55.4,33.24,0,6.37,17.4,204,102,0,6.94,17.7,272,136,,0
"1/2/2024","15h30",8.1,18.2,55.1,33.06,0.32,8.09,17.3,55.2,33.12,0.71,8.09,17.3,55.1,33.06,0.71,8.09,17.5,55.1,33.06,0,8.09,17.5,55.1,33.06,0,,,,,,,,,,,6.18,17.8,210,105,0,6.91,17.8,272,136,1.04,0
"2/2/2024","8h00",,,,,,,,,,,,,,,,,,,,,,,,,,,,,,,,,,,,,,,,,,,,,,
"2/2/2024","10h30",,,,,,,,,,,,,,,,,,,,,,,,,,,,,,,,,,,,,,,,,,,,,,
"2/2/2024","15h30",,,,,,,,,,,,,,,,,,,,,,,,,,,,,,,,,,,,,,,,,,,,,,
"3/2/2024","8h00",8.14,16,55.2,33.12,0.85,8.13,16.2,55.1,33.06,0.69,8.13,16.2,55.1,33.06,0.69,8.1,16.4,55.1,33.06,0,8.1,16.4,55.1,33.06,0,8.09,16.4,55.1,33.06,0,,,,,,6.64,16.6,206,103,0,6.82,17.1,270,135,0.93,0
"3/2/2024","10h30",8.1,17.1,54.6,32.76,0.34,8.1,17.1,54.5,32.7,0.9,8.1,17.1,54.5,32.7,0.9,8.09,17.2,54.5,32.7,0,8.09,17.2,54.5,32.7,0,8.07,17.2,54.49,32.69,0,,,,,,6.23,17.3,190.8,95.4,0,6.85,17.5,272,136,,0
"3/2/2024","15h30",8.12,17.5,55.3,33.18,0.76,8.09,17.6,55.2,33.12,0.71,8.09,17.6,55.2,33.12,0.71,8.07,17.8,55.1,33.06,0,8.07,17.8,55.1,33.06,0,8.05,17.9,55.1,33.06,0,,,,,,6.66,18.1,204,102,0,6.9,18.4,268,134,0.99,0
"4/2/2024","8h00",8.15,16.2,55.2,33.12,0.48,8.15,16.2,55.2,33.12,0.59,8.15,16.2,55.2,33.12,0.59,8.12,16.4,55.1,33.06,0,8.12,16.4,55.1,33.06,0,8.81,16.6,55.1,33.06,0,8.15,16.2,55.1,33.06,0,6.28,16.6,188.7,94.35,0,6.67,16.8,267,133.5,1.07,0
"4/2/2024","10h30",8.02,16.8,55.5,33.3,0.6,8.01,16.4,55.4,33.24,0.92,8.01,16.4,55.4,33.24,0.92,8,16.5,55.4,33.24,0,8,16.5,55.4,33.24,0,8,16.6,55.4,33.24,0,8,16.6,55.4,33.24,0,6.21,17,202,101,0,6.79,17.2,265,132.5,,0
"4/2/2024","15h30",8.02,18.2,54.2,32.52,0.16,8.02,18.2,54.2,32.52,0.34,8.02,18.2,54.2,32.52,0.34,8,18,54.1,32.46,0,8,18,54.1,32.46,0,8.02,18.2,54.1,32.46,0,8.02,18.2,54.1,32.46,0,6.2,17.3,189.7,94.9,0,6.93,17.3,265,132.5,1,0
"5/2/2024","8h00",8.14,16,55.4,33.24,0.68,8.14,16,55.4,33.24,0.74,8.14,16.2,55.4,33.24,0.74,8.09,16.2,55.3,33.18,0,8.09,16.2,55.3,33.18,0,8.05,16.4,55.2,33.12,0,8.05,16.4,55.2,33.12,0,6.22,16,181.9,90.95,0,6.89,16.9,264,132,0.89,0
"5/2/2024","10h30",8.1,16.2,55.4,33.24,0.27,8.06,16.4,55.4,33.24,0.45,8.06,16.4,55.4,33.24,0.45,8.1,18,55.4,33.24,0,8.05,16.5,55.4,33.24,0,8,16.6,55.4,33.24,0,8,16.6,55.4,33.24,0,6.21,17,190,95,0,6.84,17.2,277,138.5,0.99,0
"5/2/2024","15h30",8.1,18,55.2,33.12,0.37,8.09,18,55.2,33.12,0.97,8.09,17.6,55.2,33.12,0.97,8.05,17.6,55.1,33.06,0,8.05,17,55.1,33.06,0,8.02,17,55.1,33.06,0,8.02,17,55.1,33.06,0,6.33,17.3,199.6,99.8,0,6.99,17.6,277,138.5,,0
"6/2/2024","8h00",8.04,18.1,53.9,32.34,0.79,8.04,18.1,53.9,32.34,0.96,8.04,18.1,53.9,32.34,0.96,8.02,17.9,53.8,32.28,0,8.02,17.9,53.8,32.28,0,8,17.3,53.7,32.22,0,8,17.3,53.7,32.22,0,6.4,16.8,201,100.5,0,6.99,17.1,257,128.5,0.98,0
"6/2/2024","10h30",8.12,17.6,54.5,32.7,0.24,8.06,16.8,54.5,32.7,0.32,8.06,16.8,54.5,32.7,0.32,8.05,16.7,54.5,32.7,0,8.05,16.7,54.5,32.7,0,8.01,16.7,54.5,32.7,0,8.01,16.7,54.5,32.7,0,6.15,17,205,102.5,0,6.92,17.4,258,129,,0
"6/2/2024","15h30",8.12,16.6,54.3,32.58,0.35,8.06,17,54.3,32.58,0.58,8.06,17,54.3,32.58,0.58,8.03,16.9,54.3,32.58,0,8.03,16.9,54.3,32.58,0,8,17.1,54.1,32.46,0,8,17.1,54.1,32.46,0,6.12,17.3,203,101.5,0,6.88,17.5,258,129,0.99,0
"7/2/2024","8h00",8.06,16.6,54.7,32.82,0.13,8.04,15.7,54.6,32.76,0.98,8.05,15.7,54.6,32.76,0.41,8.04,15.8,54.6,32.76,0,8.04,15.7,54.6,32.76,0,8.03,16,54.6,32.76,0,8.03,16,54.6,32.76,0,6.12,16.4,192.4,96.2,0,6.88,16.7,260,130,1.07,0
"7/2/2024","10h30",8.04,17.5,54.6,32.76,0.04,8.02,16.3,54.6,32.76,0.87,8.03,16.1,54.6,32.76,0.8,8.01,16,54.6,32.76,0,8.03,16,54.6,32.76,0,8,16.5,54.5,32.7,0,8,16.5,54.5,32.7,0,6.13,16.8,199.9,100,0,6.78,17.1,259,129.5,,0
"7/2/2024","15h30",8.06,17.6,54.7,32.82,0.47,8.02,17,54.7,32.82,1.01,8.02,17,54.7,32.82,1.01,8,17,54.7,32.82,0,8,17,54.7,32.82,0,8,16.7,54.7,32.82,0,8,16.7,54.7,32.82,0,6.11,17.2,198.7,99.4,0,6.89,17.5,265,132.5,1,0
"8/2/2024","8h00",8.06,16.4,54.5,32.7,0.17,8.03,15.2,54.5,32.7,0.29,8.03,15.3,54.5,32.7,0.4,8.03,15.5,54.8,32.88,0,8.03,15.5,54.8,32.88,0,8.02,15.7,54.7,32.82,0,8.02,15.7,54.7,32.82,0,6.15,16.2,208,104,0,6.89,16.7,259,129.5,1.02,0
"8/2/2024","10h30",8.07,17.5,54.3,32.58,0.61,8.05,17.3,54.3,32.58,0.29,8.05,17.3,54.3,32.58,0.36,8.05,17.3,54.3,32.58,0,8.05,17.3,54.3,32.58,0,8.03,17.2,54.4,32.64,0,8.03,17.2,54.4,32.64,0,6.17,17.1,184.9,92.5,0,6.85,17.4,265,132.5,,0
"8/2/2024","15h30",8.02,19.1,54.5,32.7,0.17,8.02,19.1,54.5,32.7,0.25,8.02,19.1,54.5,32.7,0.33,8.01,18.9,54.4,32.64,0.03,8.01,18.9,54.4,32.64,0.03,8,17.8,54.3,32.58,0,8,17.8,54.3,32.58,0,6.04,17.2,210,105,0,6.72,17.4,260,130,0.99,0
"9/2/2024","8h00",,,,,,,,,,,,,,,,,,,,,,,,,,,,,,,,,,,,,,,,,,,,,,
"9/2/2024","10h30",,,,,,,,,,,,,,,,,,,,,,,,,,,,,,,,,,,,,,,,,,,,,,
"9/2/2024","15h30",,,,,,,,,,,,,,,,,,,,,,,,,,,,,,,,,,,,,,,,,,,,,,
"10/2/2024","8h00",8.01,17.1,54.7,32.82,0.24,8.01,17.1,,,0.86,8.01,17.1,,,0.92,8,17.2,,,0,8,17.2,,,0,7.99,16.9,54.4,32.64,0,7.99,16.9,54.4,32.64,0,6.03,16.8,187.7,93.85,0,6.78,17.4,260,130,0.96,0
"10/2/2024","10h30",8,17.1,54.2,32.52,0.45,8,17.1,,,0.58,8,17.1,,,0.65,8,17.2,,,0,8,17.2,,,0,7.99,16.8,54.5,32.7,0,7.99,16.8,54.5,32.7,0,5.83,17.2,198.8,99.4,0,6.68,17.4,258,129,,0
"10/2/2024","15h30",8.05,18.2,53.6,32.16,0.89,8.05,18,,,0.98,8.05,18,,,1.02,8.03,17.9,,,0,8.03,17.9,,,0,8,17.6,54.3,32.58,0,8,17.6,54.3,32.58,0,5.99,17.47,199.9,100,0,6.62,17.6,256,128,0.92,0
"11/2/2024","8h00",8.01,16.4,54.4,32.64,0.81,8.01,16.4,,,1.13,8.01,16.4,,,1.22,8,17.2,,,0,8,17.2,,,0,7.97,17.5,54.2,32.52,0,7.97,17.5,54.2,32.52,0,5.84,16.6,198.5,99.25,0,6.62,17.1,265,132.5,0.89,0
"11/2/2024","10h30",8.02,16.8,54.6,32.76,0.22,7.97,16.6,,,0.97,7.97,16.6,,,0.97,7.9,16.6,,,0,7.9,16.6,,,0,7.94,16.5,54.6,32.76,0,7.94,16.5,54.6,32.76,0,5.9,17,201,100.5,0,7.7,17.5,267,133.5,,0
"11/2/2024","15h30",8.03,16.8,54.4,32.64,1.05,8,17,,,0.89,8,17,,,0.92,7.99,17.2,,,0,7.99,17.2,,,0,7.96,17.3,54.2,32.52,0,7.96,17.3,54.2,32.52,0,5.81,17,195.4,97.7,0,6.86,17.2,268,134,1,0
"12/2/2024","8h00",8.01,17.1,53.9,32.34,1.16,,,,,,8.01,17.1,,,1.57,,,,,0,8,17.2,,,0,7.96,17.3,53.6,32.16,0,7.96,17.3,53.65,32.19,0,6.05,16.7,176.3,88.15,0,6.87,17.3,265,132.5,1.23,0
"12/2/2024","10h30",8.01,17.5,54.5,32.7,1.34,,,,,,7.97,16.9,,,1.06,,,,,0,7.93,16.8,,,0,,,,,,,,,,,6.6,17.5,183.4,91.7,0,7.01,17.3,263,131.5,0.95,0
"12/2/2024","15h30",8.15,19,54.2,32.52,1.25,8.12,17.3,,,0.96,8.12,17.3,,,1.1,8.1,17.5,,,0,8.1,17.4,,,0,8.06,17.5,54.1,32.46,0,,,,,,6.26,17.8,188.6,94.3,0,7.11,17.8,268,134,,0
"13/02/2024","8h00",8.12,17.8,54,32.4,0.76,,,,,,8.11,17.8,,,1.38,,,,,,8.09,17.6,,,0,8.05,17.4,53.9,32.34,0,,,,,0,6.1,17.3,178.3,89.15,0,7.26,17.6,286,143,1,0
"13/02/2024","10h30",8.15,18.2,54.3,32.58,0.31,,,,,,8.1,17.4,,,0.67,,,,,,8.09,17.2,,,0,8.08,17.4,54.3,32.58,0,8.03,17,54.3,32.58,0,6.08,17.7,203,101.5,0,7.06,17.8,268,134,,0
"13/02/2024","15h30",8.13,18.2,54.3,32.58,0.4,,,,,,8.07,18,,,0.92,,,,,,8.06,18,,,0,8.02,18.3,54.2,32.52,0,8.03,17.6,54.2,32.52,0,6.23,17.9,198.2,99.1,0,7.19,18.1,270,135,0.99,0
"14/02/2024","8h00",8.16,17.3,53.9,32.34,0.28,8.11,16.4,,,0.97,8.12,17.3,,,1.13,8.09,16.3,,,0,8.1,17.4,,,0,8.09,17.5,53.7,32.22,0,8.09,17.5,53.7,32.22,0,6.45,17,190.6,95.3,0,7.2,17.4,309,154.5,0.82,0
"14/02/2024","10h30",8.2,17.7,54.3,32.58,0.13,,,,,,8.12,17.1,,,0.95,,,,,0,8.1,16.9,,,0,8.09,17,54.3,32.58,0,8.09,17,54.3,32.58,0,6.4,17.5,199.8,99.9,0,7.21,17.9,279,139.5,,0
"14/02/2024","15h30",8.17,18.6,54.4,32.64,0.29,8.1,17.2,,,1.09,8.1,17.2,,,0.96,8.09,17.3,,,0,8.09,17.3,,,0,8.01,17.2,54.4,32.64,0,8.01,17.2,54.4,32.64,0,6.18,17.5,203,101.5,0,7.2,17.9,278,139,1.04,0
"15/02/2024","8h00",8.16,19.1,54.4,32.64,0.92,,,,,,8.15,19.5,,,1.47,,,,,0,8.14,18.3,,,0,8.01,18.7,53.7,32.22,0,8.01,18.7,53.7,32.22,0,6.21,19,216,108,0,7.26,19.4,302,151,1.1,0
"15/02/2024","10h30",8.19,18.2,54.5,32.7,0.26,,,,,,8.11,17,,,0.89,,,,,0,8.1,17,,,0,8.03,17.1,54.3,32.58,0,8.03,17.1,54.3,32.58,0,6.2,17.7,201,100.5,0,7.19,17.9,281,140.5,,0
"15/02/2024","15h30",8.16,20,54.2,32.52,0.35,,,,,,8.1,19.1,,,0.62,,,,,0,8.08,19,,,0,8.07,19.1,54.4,32.64,0,8.07,19.1,54.4,32.64,0,6.19,17.6,199.1,99.6,0,7.14,17.8,282,141,,0
"16/02/2024","8h00",,,,,,,,,,,,,,,,,,,,,,,,,,,,,,,,,,,,,,,,,,,,,,
"16/02/2024","10h30",,,,,,,,,,,,,,,,,,,,,,,,,,,,,,,,,,,,,,,,,,,,,,
"16/02/2024","15h30",,,,,,,,,,,,,,,,,,,,,,,,,,,,,,,,,,,,,,,,,,,,,,
"17/02/2024","8h00",8.1,17,54.3,32.58,0.45,,,,,,8.1,17,,,0.6,8.05,17,,,0,8.05,17,,,0,8.01,17,54.2,32.52,0,8.01,17,54.2,32.52,0,6.4,17.2,202,101,0,7.2,17.4,277,138.5,1.02,0
"17/02/2024","10h30",8.04,17.1,54.4,32.64,0.32,,,,,,8.01,17,,,0.9,8.01,17,,,0,8.01,17,,,0,8,17,54.4,32.64,0,8,17,54.4,32.64,0,6.5,17.2,201,100.5,0,7.5,17.3,287,143.5,,0
"17/02/2024","15h30",,,,,,,,,,,,,,,,,,,,,,,,,,,,,,,,,,,,,,,,,,,,,,
"18/02/2024","8h00",8.16,18,54.5,32.7,7.11,,,,,,8.06,17.6,,,7.07,,,,,,8.04,17.3,,,0.25,8.02,16.6,54.5,32.7,0,8.02,16.6,54.5,32.7,0,6.06,17,197.4,98.7,0,9.25,17.6,211,105.5,,0.14
"18/02/2024","10h30",8.18,17.8,54.4,32.64,7.39,,,,,,8.1,17.9,,,7.87,,,,,,8.1,17.5,,,0.17,8.06,16.9,54.4,32.64,0,8.06,16.9,54.4,32.64,0,6.23,17.7,208,104,0,7.26,17.7,226,113,0.84,0
"18/02/2024","15h30",8.14,18.5,54.4,32.64,5.93,,,,,,8.05,18.5,,,6.77,,,,,0,8.04,18.3,,,0,8,17.4,54.5,32.7,0,8,17.4,54.5,32.7,0,6.29,17.8,186.4,93.2,0,7.65,18,312,156,,0
"19/02/2024","8h00",8.13,16.7,54.3,32.58,1.73,,,,,,8.1,16.8,,,2.68,,,,,,8.09,16.9,,,0.02,8.05,17,54.3,32.58,0,8.05,17,54.3,32.58,0,6.24,17,177.8,88.9,0,7.55,17.3,273,136.5,,0
"19/02/2024","10h30",8.19,17.4,54.3,32.58,1.69,,,,,,8.12,17.5,,,2.39,,,,,,8.1,17.6,,,0.01,8.05,16.1,54.3,32.58,0,8.03,16.7,54.3,32.58,0,6.28,17.2,199.6,99.8,0,7.25,17.3,272,136,1.04,0
"19/02/2024","15h30",8.16,17.6,54.3,32.58,1.49,,,,,,8.15,17.7,,,1.44,,,,,,8.05,17.3,,,0,8.02,16.9,54.5,32.7,0,8.02,16.9,54.5,32.7,0,6.21,17.4,202,101,0,7.22,18,291,145.5,,0
"20/02/2024","8h00",8.15,16.1,54.4,32.64,0.74,,,,,,8.12,16.2,,,1.47,,,,,,8.1,16.3,,,0,8.07,16.5,54.3,32.58,0,8.07,16.5,54.3,32.58,0,6.1,16.8,187.4,93.7,0,7.29,16.9,289,144.5,,0
"20/02/2024","10h30",8.2,16.8,54.5,32.7,1.29,8.1,16.6,,,1.43,8.1,16.5,,,1.61,8.09,16.6,,,0,8.09,16.6,,,0,8.03,16.7,54.5,32.7,0,8.03,16.7,54.5,32.7,0,6.4,17.1,182.1,91.1,0,7.24,17.5,276,138,1.01,0
"20/02/2024","15h30",8.15,20.1,54.3,32.58,1.25,8.12,19.3,,,2.57,8.12,19.3,,,1.57,8.09,18.2,,,0,8.09,18.2,,,0,8.01,17,54.3,32.58,0,8.01,17,54.3,32.58,0,6.15,17.4,203,101.5,0,7.14,17.5,277,138.5,,0
"21/02/2024","8h00",8.17,16.6,54.2,32.52,2.46,8.1,16.7,,,3.96,8.1,16.7,,,3.22,8.09,16.8,,,0,8.08,16.8,,,0,8.02,16.4,54.2,32.52,0,8.02,16.4,54.2,32.52,0,6.7,16.8,206,103,0,7.26,17.3,290,145,0.85,0
"21/02/2024","10h30",8.16,17.2,54.3,32.58,2.96,8.13,17.3,,,5.93,8.12,17.3,,,6.13,8.1,17.1,,,0.03,8.1,17.1,,,0,8.06,17.1,54.3,32.58,0,8.06,17.1,54.3,32.58,0,6.21,17.5,191.7,95.9,0,7.18,17.6,282,141,0.85,0
"21/02/2024","15h30",8.15,18.2,54.4,32.64,1.68,8.12,18,,,4.04,8.12,18,,,3.69,8.1,17.3,,,0,8.1,17.3,,,0,8.05,17.5,54.3,32.58,0,8.05,17.5,54.3,32.58,0,6.25,17.5,208,104,0,7.29,17.8,291,145.5,,0
"22/02/2024","8h00",8.17,16.8,55.4,33.24,0.96,8.16,16.8,,,0.95,8.16,16.8,,,1.09,8.12,17,,,0,8.12,17,,,0,8.07,17.3,55.3,33.18,0,8.07,17.3,55.3,33.18,0,6.29,17.6,199,99.5,0,7.29,18,299,164.45,1,0
"22/02/2024","10h30",8.2,17.4,54.6,32.76,0.56,8.13,16.7,,,1.46,8.13,16.7,,,1.56,8.1,16.6,,,0,8.1,16.6,,,0,8.06,16.9,54.5,32.7,0,8.06,16.9,54.5,32.7,0,6.21,17.4,198.9,99.5,0,7.09,17.6,281,154.6,,0
"22/02/2024","15h30",8.21,18.3,54.2,32.52,0.53,8.14,18.2,,,1.22,8.14,18.2,,,1.32,8.1,17,,,0,8.1,17,,,0,8.06,17.3,55.1,33.06,0,8.06,17.3,55.1,33.06,0,6.2,17.5,199,99.5,0,7.26,18.2,289,159,0.94,0
"23/02/2024","8h00",,,,,,,,,,,,,,,,,,,,,,,,,,,,,,,,,,,,,,,,,,,,,,
"23/02/2024","10h30",,,,,,,,,,,,,,,,,,,,,,,,,,,,,,,,,,,,,,,,,,,,,,
"23/02/2024","15h30",,,,,,,,,,,,,,,,,,,,,,,,,,,,,,,,,,,,,,,,,,,,,,
"24/02/2024","8h00",8.16,15.3,54.3,32.58,0.77,8.1,15.4,,,0.66,8.1,15.4,,,0.83,8.09,16.8,,,0,8.09,16.8,,,0,8.03,17,55.2,33.12,0,8.03,17,55.2,33.12,0,6.21,16.1,205,112.75,0,7.37,17.6,292,160.6,,0
"24/02/2024","10h30",8.21,15.1,54.3,32.58,0.89,8.19,15.4,,,1.81,8.19,15.4,,,3.22,8.12,16,,,0,8.12,16,,,0,8.09,16.3,54.2,32.52,0,8.09,16.3,54.2,32.52,0,6.23,16.1,201,100.5,0,7.38,16.2,292,160.6,1.06,0
"24/02/2024","15h30",8.23,16,54.4,32.64,1.12,8.19,16.2,,,1.2,8.19,16.2,,,1.11,8.1,17,,,0,8.1,17,,,0,8.08,16.8,54.3,32.58,0,8.08,16.8,54.3,32.58,0,6.15,17.3,183.8,91.9,0,7.27,17.6,291,160.1,,0
"25/02/2024","8h00",8.17,16.2,54.6,32.76,0.44,8.13,16.4,,,1.74,8.13,16.45,,,1.45,8.1,17,,,0,8.1,14,,,0,8.06,16.8,54.5,32.7,0,8.06,16.8,54.5,32.7,0,6.2,16.6,184,101.2,0,7.34,16.7,290,159.5,,0
"25/02/2024","10h30",8.17,18.7,54.4,32.64,1.97,8.09,17.7,,,1.54,8.09,17.7,,,1.64,8.08,17.6,,,0,8.08,17.6,,,0,8.04,16.5,54.3,32.58,0,8.04,16.6,54.3,32.58,0,6.23,17,199.1,109.5,0,7.21,17.2,284,156.2,1,0
"25/02/2024","15h30",8.18,18.6,54.3,32.58,0.88,8.11,18.2,,,1.08,8.11,18.2,,,1.09,8.09,17.3,,,0,8.09,17.3,,,0,8.02,16.7,54.3,32.58,0,8.02,16.7,54.3,32.58,0,6.04,17,194.2,106.8,0,7.17,17.3,287,157.9,,0
"26/02/2024","8h00",8.2,16.9,54.2,32.52,0.33,8.15,16.8,,,1.06,8.15,16.8,,,0.87,8.1,16.6,,,0,8.1,16.6,,,0,8.09,16.2,54.2,32.52,0,8.02,16.2,54.2,32.52,0,6.39,16.6,198,108.9,0,7.29,17.2,287,157.85,,0
"26/02/2024","10h30",8.23,17.3,54.6,32.76,0.25,8.15,16.5,,,1.47,8.15,16.5,,,0.79,8.11,16.6,,,0,8.11,16.6,,,0,8.04,17.1,54.6,32.76,0,8.04,17.1,54.6,32.76,0,6.27,17,180,90,0,7.2,17.7,288,158.4,0.91,0
"26/02/2024","15h30",8.19,16.8,54.4,32.64,2.56,8.12,16.5,,,1.38,8.12,16.5,,,1.17,8.1,16.4,,,0,8.1,16.4,,,0,8.06,16.4,54.4,32.64,0,8.06,16.4,54.4,32.64,0,6.25,17,175.8,87.9,0,7.44,16.7,291,160.1,,0
"27/02/2024","8h00",8.21,15.9,54.4,32.64,0.77,8.19,16,,,0.58,8.19,16,,,1.33,8.15,17,,,0,8.15,17,,,0,8.08,16.8,54.3,32.58,0,8.08,16.8,54.3,32.58,0,6.42,16.1,201,110.55,0,7.79,17,299,164.45,1,0
"27/02/2024","10h30",8.16,16.4,54.6,32.76,0.38,8.13,16.2,,,1.01,8.13,16.2,,,0.99,8.11,16.1,,,0,8.11,16.1,,,0,8.08,16.4,54.6,32.76,0,8.08,16.4,54.6,32.76,0,5.94,16.6,191.3,95.7,0,7.45,16.6,301,165.6,,0
"27/02/2024","15h30",8.22,16.3,54.3,32.58,0.89,8.22,16.3,,,0.85,8.22,16.3,,,1.02,8.17,16.4,,,0,8.17,16.4,,,0,8.03,16,54.3,32.58,0,8.03,16,54.3,32.58,0,5.96,16.7,179.9,90,0,7.32,15.5,296,162.8,,0
"28/02/2024","8h00",8.23,15.7,54.5,32.7,1.2,8.18,16,,,1.95,8.18,16,,,1.95,8.1,16.2,,,0,8.1,16.2,,,0,8.07,16,54.2,32.52,0,8.07,16,54.2,32.52,0,6,16.1,206,113.3,0,7.41,17,286,157.3,1,0
"28/02/2024","10h30",8.2,15,54.3,32.58,2.32,8.12,15.3,,,2,8.12,15.3,,,2.3,8.1,15.5,,,0,8.1,15.5,,,0,8.08,15.5,54.3,32.58,0,8.08,15.5,54.3,32.58,0,6.07,16.3,194,97,0,7.49,15.2,284,156.2,,0
"28/02/2024","15h30",,,,,,,,,,,,,,,,,,,,,,,,,,,,,,,,,,,,,,,,,,,,,,
"1/3/2024","8h00",,,,,,,,,,,,,,,,,,,,,,,,,,,,,,,,,,,,,,,,,,,,,,
"1/3/2024","10h30",,,,,,,,,,,,,,,,,,,,,,,,,,,,,,,,,,,,,,,,,,,,,,
"1/3/2024","15h30",,,,,,,,,,,,,,,,,,,,,,,,,,,,,,,,,,,,,,,,,,,,,,
"2/3/2024","8h00",8.03,15.2,54.4,32.64,1.79,8,16,,,2.25,8,16,,,2.2,7.99,16.3,,,0,7.99,16.3,,,0,7.85,16.4,54.3,32.58,0,7.85,16.4,54.3,32.58,0,6.06,15.6,185.6,102.08,0,7.2,16.8,310,,1,0
"2/3/2024","10h30",,,,,,,,,,,,,,,,,,,,,,,,,,,,,,,,,,,,,,,,,,,,,,
"2/3/2024","15h30",8.1,16,54.4,32.64,1.25,8.08,16.3,,,3.3,8.08,16.3,,,4.67,8.05,16.2,,,0,8.05,16.2,,,0,7.99,17,54.3,32.58,0,7.99,16.4,54.3,32.58,0,6.12,17,198,108.9,0,7.8,17.6,356,195.8,0.8,0
"3/3/2024","8h00",8.11,15.4,54.2,32.52,1.52,8.1,16,,,2.86,8.1,16,,,2.23,8.08,16.3,,,0,8.08,16.3,,,0,8.02,17,54.1,32.46,0,8.02,17,54.1,32.46,0,6.26,15.9,186.6,102.63,0,7.24,16.6,279,,,0
"3/3/2024","10h30",8.11,15.6,54.5,32.7,0.87,8.05,15.5,,,2.39,8.05,15.3,,,2.44,8.04,15.3,,,0,,,,,,8.02,15.6,54.5,32.7,0,8.02,15.6,54.5,32.7,0,6.2,15.5,182.5,91.25,0,7.3,14.1,279,153.45,0.3,0
"3/3/2024","15h30",8.1,16,54.2,32.52,1.58,8.09,16.1,,,2.08,8.09,16.1,,,2,8.06,16.1,,,0,8.06,16.1,,,0,7.9,16.7,54.3,32.58,0,7.9,16.7,54.3,32.58,0,6.33,16.6,194.7,107.09,0,7.11,16.7,279,153.45,0.5,0
"4/3/2024","8h00",8.15,15.6,54.9,32.94,1.69,8.12,16,,,1.89,8.12,16,,,2.02,8.1,16.3,,,0,8.1,16.3,,,0,8.07,17,54.1,32.46,0,8.07,17,54.1,32.46,0,6.31,16,199,109.45,0,7.13,17,283,,1,0
"4/3/2024","10h30",8.12,16.14,54.6,32.76,1.73,8.07,15.7,,,3.01,8.07,15.5,,,2.48,,,,,,8.05,15.5,,,0,8.02,15.7,54.6,32.76,0,8.02,15.7,54.6,32.76,0,6.15,16.1,179.8,89.9,0,7.18,16.6,281,154.55,1.2,0
"4/3/2024","15h30",8.12,17,55.1,33.06,1.8,8.1,17.2,,,3.05,8.1,17.2,,,2.69,,,,,,8.05,17.5,,,0,8.03,17.3,54.7,32.82,0,8.03,17.3,54.7,32.82,0,5.71,17.3,183.6,100.98,0,7.2,17.5,280,154,,0
"5/3/2024","8h00",,,,,,,,,,,,,,,,,,,,,,,,,,,,,,,,,,,,,,,,,,,,,,
"5/3/2024","10h30",,,,,,,,,,,,,,,,,,,,,,,,,,,,,,,,,,,,,,,,,,,,,,
"5/3/2024","15h30",,,,,,,,,,,,,,,,,,,,,,,,,,,,,,,,,,,,,,,,,,,,,,
"6/3/2024","8h00",8.08,16.2,54.7,32.82,1.52,8.07,15.7,,,1.6,8.07,15.7,,,1.7,,,,,,8.04,15.5,,,0,8.02,15.6,54.6,32.76,0,8.02,15.5,54.6,32.76,0,6.16,15.5,186.7,102.69,0,7.11,16.4,331,,1,0
"6/3/2024","10h30",8.16,16.6,54.8,32.88,0.88,8.05,15.8,,,3.39,8.05,15.8,,,2.55,,,,,,8.03,15.9,,,0,8,16,54.1,32.46,0,8,16,54.7,32.82,0,6.2,16.1,199.6,99.8,0,7.15,16.5,287,157.85,,0
"6/3/2024","15h30",8.12,17,54.6,32.76,1.22,8.1,17,,,3.15,8.1,17,,,1.08,8.05,17.3,,,0,8.05,17.3,,,0,8.02,17.4,54.3,32.58,0,8.02,17.4,54.3,32.58,0,6.12,17.3,178.9,98.4,0,7.25,17.4,230,126.5,,0
"7/3/2024","8h00",8.2,16.3,55.3,33.18,1.76,8.15,16.4,,,2.03,8.15,16.4,,,2.17,8.1,17,,,0,8.1,17,,,0,8.05,16.8,55.2,33.12,0,8.05,16.8,55.2,33.12,0,6.25,17,198,108.9,0,7.35,18,309,,1,0
"7/3/2024","10h30",8.15,17.1,54.7,32.82,1.51,8.05,16.11,,,3.25,8.05,16.11,,,2.88,8.04,16.2,,,0,8.04,16.2,,,0,8,16.3,54.7,32.82,0,8,16.3,54.7,32.82,0,6.23,16.6,197.6,98.8,0,7.4,16.8,288,158.4,,0
"7/3/2024","15h30",8.12,16.8,54.3,32.58,1.16,8.1,16.7,,,2.52,8.1,16.7,,,2.58,8.06,16.5,,,0,8.06,16.6,,,0,8.03,16.8,54.3,32.58,0,8.03,16.8,54.3,32.58,0,6.12,16.9,202,111.1,0,7.12,17.4,285,156.75,1,0
"9/3/2024","8h00",,16.8,54.8,32.88,1.78,8.01,16.4,,,3.17,8.01,16.4,,,2.33,8.01,17,,,0.02,8.01,17,,,0,7.99,16.8,54.8,32.88,0,8,16.8,54.6,32.76,0,6.4,16.2,198,108.9,0,7.13,16,344,,1,0
"9/3/2024","10h30",,,,,,,,,,,,,,,,,,,,,,,,,,,,,,,,,,,,,,,,,7.5,16.5,420,231,1,0
"9/3/2024","15h30",8.13,18,55,33,1.31,8.12,17,,,3.33,8.12,16.7,,,1.97,8.1,17,,,0,8.1,17,,,0,8.09,17,54.7,32.82,0,8.09,17,54.7,32.82,0,6.4,16.5,185,101.75,0,7.35,16.5,285,156.75,,0
"10/3/2024","8h00",8.12,16.5,54.7,32.82,0.99,8.08,15.8,,,2.3,8.08,15.8,,,2.29,8.03,15.9,,,0,8.03,15.9,,,0,8,16.2,54.7,32.82,0,8,16.3,54.7,32.82,0,6.4,16.6,192.2,105.71,0,7.18,17,305,,1,0
"10/3/2024","10h30",8.1,16.7,54.7,32.82,1.55,8.03,16.1,,,2.3,8.03,16.1,,,2.21,8.02,16.2,,,0,8.02,16.2,,,0,8,16.3,54.7,32.82,0,8,16.3,54.7,32.82,0,6.11,16.5,194.2,106.81,0,7.21,17.2,285,156.75,,0
"10/3/2024","15h30",8.14,18.6,54.2,32.52,1.6,8.08,16.5,,,1.94,8.08,16.5,,,1.69,8.08,16.4,,,0,8.08,16.4,,,0,8.05,16.7,54.2,32.52,0,8.05,16.6,54.2,32.52,0,5.82,17.2,175.5,96.53,0,7.19,17,285,156.75,1,0
"11/3/2024","8h00",8.16,16.3,54.8,32.88,0.86,8.09,15.8,,,1.59,8.09,15.8,,,1.43,8.09,15.8,,,0,8.09,15.8,,,0,8.06,16.8,54.8,32.88,0,8.06,16.9,54.8,32.88,0,6.18,17.1,181,99.55,0,7.18,17,306,,1,0
"11/3/2024","10h30",8.16,16,54.8,32.88,0.8,8.09,16,,,1.69,8.09,16,,,2.13,,,,,,,,,,,,,,,,,,,,,,,,,,7.19,17,283,155.65,1,0
"11/3/2024","15h30",8.08,16.9,54.7,32.82,0.74,8.06,16.2,,,2.23,8.06,16.2,,,2,8.04,16.2,,,0,8.04,16.2,,,0,8.04,16.4,54.7,32.82,0,8.04,16.5,54.7,32.82,0,6.22,16.6,198.6,109.23,0,7.15,17,340,187,1.08,0
"12/3/2024","8h00",8.12,16.6,54.8,32.88,0.4,8.07,15.9,,,1.77,8.07,15.9,,,1.18,8.04,15.9,,,0,8.04,15.8,,,0,8.02,16.2,54.7,32.82,0,8.02,16.2,54.7,32.82,0,6.23,16.2,194.5,106.98,0,7.1,17,282,,1,0
"12/3/2024","10h30",,,,,,,,,,,,,,,,,,,,,,,,,,,,,,,,,,,,,,,,,7.12,18.2,276,151.8,1,0
"12/3/2024","15h30",8.15,17.4,54.8,32.88,0.68,8.09,16.2,,,1.44,8.09,16.2,,,1.6,8.08,16.2,,,0.07,8.08,16.2,,,0.05,8.04,16.8,54.8,32.88,0.02,8.03,16.8,54.6,32.76,0.02,6.11,17.1,180.9,90.45,0.02,7,17.8,281,140.5,,0.04
"13/03/2024","8h00",8.14,16.6,54.7,32.82,0.41,8.09,16,,,1.52,8.09,16,,,1.24,8.05,16.1,,,0.02,8.05,16.1,,,0.03,8.04,16,54.7,32.82,0.03,8.04,16.1,54.7,32.82,0.03,6.33,16.5,188.6,103.73,0.04,7.1,16.6,284,,1,0.03
"13/03/2024","10h30",,,,,,,,,,,,,,,,,,,,,,,,,,,,,,,,,,,,,,,,,7.24,18,289,158.95,1,0.08
"13/03/2024","15h30",8.16,17,54.7,32.82,0.3,8.09,16.3,,,1.19,8.09,16.2,,,1.09,8.07,16.4,,,0.07,8.07,16.4,,,0.05,8.03,16.7,54.7,32.82,0.03,8.03,16.7,54.7,32.82,0.03,6.41,16.8,196.4,108.02,0.02,7.17,17,288,158.4,,0.04
"14/03/2024","8h00",8.14,16.3,55,33,0.24,8.09,16,,,1.12,8.09,15.9,,,1.28,8.07,16,,,0.12,8.07,15.9,,,0.08,8.06,16.1,55,33,0.09,8.06,16.1,55,33,0.09,6.3,16.5,197.5,108.63,0.02,7.25,17,282,,1,0.03
"14/03/2024","10h30",,,,,,,,,,,,,,,,,,,,,,,,,,,,,,,,,,,,,,,,,7.27,17.2,284,156.2,1,0.08
"14/03/2024","15h30",8.15,17.8,54.6,32.76,0.56,8.11,16.9,,,0.95,8.11,16.9,,,1.05,8.09,16.9,,,0.06,8.09,16.9,,,0.06,8.05,16.4,54.8,32.88,0.06,8.05,16.4,55,33,0.05,6.3,16.8,183.5,100.93,0.04,7.1,17.1,282,155.1,1,0.07
"15/03/2024","8h00",,,,,,,,,,,,,,,,,,,,,,,,,,,,,,,,,,,,,,,,,,,,,,
"15/03/2024","10h30",,,,,,,,,,,,,,,,,,,,,,,,,,,,,,,,,,,,,,,,,,,,,,
"15/03/2024","15h30",,,,,,,,,,,,,,,,,,,,,,,,,,,,,,,,,,,,,,,,,,,,,,
"16/03/2024","8h00",8.1,17.2,54.9,32.94,0.2,8.05,16.3,,,0.81,8.06,16.1,,,0.71,8.07,16.2,,,0.07,8.07,16.1,,,0.06,8,16.3,54.9,32.94,0.07,8.01,16.4,54.9,32.94,0.04,6.24,16.8,187.6,103.18,0.07,7.41,18,290,,1,0.1
"16/03/2024","10h30",,,,,,,,,,,,,,,,,,,,,,,,,,,,,,,,,,,,,,,,,7.2,18,320,176,1,0.1
"16/03/2024","15h30",8.14,17.8,55,33,0.13,8.08,16.6,,,0.81,8.07,16.6,,,0.77,8.06,16.7,,,0,8.05,16.7,,,0,8.01,16.6,54.9,32.94,0,8.02,16.6,54.9,32.94,0,6.16,16.6,205,112.75,0,7.3,18,320,176,1,0.08
"17/03/2024","8h00",8.16,17.5,54.7,32.82,0.15,8.06,16.5,,,0.77,8.06,16.4,,,0.76,8.04,16.6,,,0.06,8.04,16.4,,,0.05,8.02,16.5,54.7,32.82,0.05,8.02,16.5,54.7,32.82,0.07,5.92,17,204,112.2,0.07,7.14,18,300,,1,0.12
"17/03/2024","10h30",,,,,,,,,,,,,,,,,,,,,,,,,,,,,,,,,,,,,,,,,7.13,18,298,163.9,1,0.04
"17/03/2024","15h30",8.13,18.1,54.7,32.82,0.24,8.08,17.3,,,0.73,8.08,17.3,,,0.75,8.06,17.3,,,0.07,8.06,17.3,,,0.08,8.04,17.3,54.7,32.82,0.08,8.04,17.1,54.7,32.82,0.05,6.26,17.7,208,114.4,0.09,7.13,18.5,292,160.6,1,0.13
"18/03/2024","8h00",8.13,18.3,54.7,32.82,0.31,8.09,16.7,,,0.74,8.09,16.7,,,0.72,8.06,16.6,,,0.16,8.06,16.6,,,0.11,8.04,16.5,54.7,32.82,0.13,8.04,16.5,54.7,32.82,0.1,6.22,17.1,189.9,104.45,0.11,7,17.7,288,,1,0.17
"18/03/2024","10h30",,,,,,,,,,,,,,,,,,,,,,,,,,,,,,,,,,,,,,,,,6.98,18.2,288,158.4,1,0.17
"18/03/2024","15h30",8.1,19.6,54.7,32.82,0.35,8.08,17.1,,,0.64,8.08,17,,,0.53,8.06,17.1,,,0,8.06,17,,,0,8.05,17.3,54.6,32.76,0,8.05,17.3,54.6,32.76,0,6.12,18.3,205,112.75,0,7.2,18.6,292,160.6,1,0
"19/03/2024","8h00",8.13,17.6,54.5,32.7,0.12,8.06,17,,,0.8,8.06,17,,,0.79,8.04,17,,,0,8.04,16.9,,,0,8.01,17.1,54.5,32.7,0,8.01,17.2,54.5,32.7,0,6.09,17.5,207,113.85,0,7.6,18,302,,1,0.12
"19/03/2024","10h30",,,,,,,,,,,,,,,,,,,,,,,,,,,,,,,,,,,,,,,,,7.8,18.2,292,160.6,,0.07
"19/03/2024","15h30",8.14,18.5,54.5,32.7,0.36,8.08,17.7,,,0.65,8.08,17.7,,,0.75,8.05,17.4,,,0.04,8.05,17.4,,,0.08,8.01,17.4,54.5,32.7,0.02,8.01,17.4,54.5,32.7,0.04,6.13,17.9,188.3,103.57,0.02,7.11,18.6,293,161.15,1,0.1
"20/03/2024","8h00",8.14,18.7,54.8,32.88,0.27,8.05,16.9,,,0.94,8.05,16.8,,,0.86,8.03,16.9,,,0.2,8.04,16.8,,,0.15,8,17,54.4,32.64,0.19,8.01,17,54.4,32.64,0.15,6.15,17.6,189.8,104.39,0.12,7.5,18,293,,1,0.19
"20/03/2024","10h30",,,,,,,,,,,,,,,,,,,,,,,,,,,,,,,,,,,,,,,,,7.11,19,291,160.05,1,0.26
"20/03/2024","15h30",8.11,18.6,54.4,32.64,0.16,8.05,17.4,,,0.72,8.06,17.3,,,0.65,8.05,17.3,,,0.15,8.05,17.3,,,0.09,8.02,17.8,54.3,32.58,0.11,8,17.7,54.4,32.64,0.08,6.06,18.3,208,114.4,0.1,7.24,18.6,318,174.9,1,0.16
"21/03/2024","8h00",8.16,18,54.6,32.76,0.29,8.11,16.8,,,1.14,8.11,16.6,,,0.84,8.06,16.7,,,0.16,8.06,16.6,,,0.15,8.02,17.3,54.5,32.7,0.1,8.02,17.3,54.5,32.7,0.09,6.12,17.6,201,110.55,0.1,7.5,18,299,,1,0.16
"21/03/2024","10h30",,,,,,,,,,,,,,,,,,,,,,,,,,,,,,,,,,,,,,,,,7.4,18,300,165,1,0.17
"21/03/2024","15h30",8.13,19.2,54.1,32.46,0.18,8.1,17.4,,,0.47,8.1,17.4,,,0.43,8.08,17.3,,,0,8.08,17.3,,,0,8.06,17.4,54.1,32.46,0,8.06,17.4,54.1,32.46,0,6.16,18.2,190.9,105,0,7.29,19,291,160.05,,0.06
"22/03/2024","8h00",,,,,,,,,,,,,,,,,,,,,,,,,,,,,,,,,,,,,,,,,,,,,,
"22/03/2024","10h30",,,,,,,,,,,,,,,,,,,,,,,,,,,,,,,,,,,,,,,,,,,,,,
"22/03/2024","15h30",,,,,,,,,,,,,,,,,,,,,,,,,,,,,,,,,,,,,,,,,,,,,,
"23/03/2024","8h00",8.13,18,54.8,32.88,0.52,8.1,17,,,0.85,8.1,17,,,0.98,8.06,17,,,0,8.07,17,,,0,8,17.5,54.5,32.7,0,8,17.6,54.5,32.7,0,6.6,18,207,113.85,0,7.7,18,292,,1,0.1
"23/03/2024","10h30",,,,,,,,,,,,,,,,,,,,,,,,,,,,,,,,,,,,,,,,,7.6,18,300,165,1,0.12
"23/03/2024","15h30",8.13,19.2,54.1,32.46,0.3,8.1,17.4,,,0.61,8.1,17.4,,,0.75,8.08,17.3,,,0,8.08,17.3,,,0,8.06,17.4,54.1,32.46,0,8.06,17.4,54.1,32.46,0,6.5,18.2,190.9,105,0,7.4,19,291,160.05,1,0.8
"24/03/2024","8h00",8.08,18,54.9,32.94,0.38,8.04,16.8,,,1.33,8.04,16.8,,,1.09,8.02,16.5,,,0,8.02,16.5,,,0,8.01,17,54.9,32.94,0,8,17,54.9,32.94,0,6.1,17.5,183.3,100.82,0,7.6,18,314,,1,0.02
"24/03/2024","10h30",,,,,,,,,,,,,,,,,,,,,,,,,,,,,,,,,,,,,,,,,7.05,18.5,279,153.45,,0.08
"24/03/2024","15h30",8.06,18.7,54.7,32.82,0.44,8.03,17,,,1.19,8.03,17,,,1.21,8.03,16.9,,,0,8.03,16.9,,,0,8,17.1,54.7,32.82,0,8,17.4,54.7,32.82,0,6.1,18.9,198.7,109.29,0,7.16,18.66,283,155.65,,0.08
"25/03/2024","8h00",8.13,18.7,54.7,32.82,0.61,8.08,16.8,,,1.82,8.08,16.8,,,1.85,8.06,16.6,,,0,8.06,16.7,,,0,8.02,16.9,54.7,32.82,0,8.02,16.9,54.7,32.82,0,6.08,17.6,195.9,107.75,0,7.6,19,301,,1,0
"25/03/2024","10h30",,,,,,,,,,,,,,,,,,,,,,,,,,,,,,,,,,,,,,,,,7.01,18.4,266,146.3,1,0.13
"25/03/2024","15h30",8.15,18.6,54.8,32.88,0.57,8.07,17.2,,,2.71,8.07,17.2,,,2.49,8.06,17.5,,,0,8.06,17.5,,,0,8.05,17.7,54.5,32.7,0,8.05,17.7,54.7,32.82,0,6.07,18.6,199.2,109.56,0,7.4,19,261,143.55,1,0.05
"26/03/2024","8h00",8.12,18,54.7,32.82,0.36,8.08,17.9,,,1.46,8.08,17.9,,,1.42,8.06,17.5,,,0,8.06,17.5,,,0,8.05,17.3,54.6,32.76,0,8.05,17.3,54.6,32.76,0,6.28,17.7,199.7,109.84,0,7.26,17.6,293,,0.85,0
"26/03/2024","10h30",,,,,,,,,,,,,,,,,,,,,,,,,,,,,,,,,,,,,,,,,7.23,18.1,263,144.65,0.8,0.03
"26/03/2024","15h30",8.12,18.2,54.7,32.82,0.45,8.09,18,,,1.76,8.09,18,,,1.78,8.05,17.4,,,0.07,8.05,17.4,,,0.06,8.02,17.5,54.6,32.76,0,8.02,17.5,54.6,32.76,0,6.13,18.3,199.9,109.95,0,7.12,18.7,286,157.3,1,0.01
"27/03/2024","8h00",8.18,17,54.8,32.88,1.46,8.13,17.2,,,1.62,8.13,17.2,,,1.64,8.09,17.3,,,0,8.09,17.3,,,0,8.08,16.5,55,33,0,8.08,16.5,55,33,0,6.2,17,199,109.45,0,7.21,17.6,296,,1,0
"27/03/2024","10h30",8.14,17.5,54.8,32.88,0.62,8.08,16.7,,,1.5,8.08,16.7,,,1.61,8.06,16.7,,,0,8.06,16.7,,,0,8.04,16.9,54.8,32.88,0,8.04,16.9,54.8,32.88,0,6.06,17.4,204,112.2,0,7.41,17.8,295,162.25,,0.08
"27/03/2024","15h30",8.13,17.3,54.8,32.88,1.06,8.12,17,,,2.23,8.12,17,,,1.95,8.08,17.3,,,0,8.08,17.3,,,0,8.03,17.6,54.7,32.82,0,8.03,17.6,54.7,32.82,0,6.03,17.8,183.8,101.09,0,7.43,17.8,290,159.5,,0
"28/03/2024","8h00",8.13,17.3,54.9,32.94,0.64,8.1,17.6,,,2.44,8.1,17.6,,,2.61,8.08,17.8,,,0,8.08,17.8,,,0,8.05,17.9,54.8,32.88,0,8.05,17.9,54.8,32.88,0,6.21,17.3,204,112.2,0,7.01,17.6,286,,1,0
"28/03/2024","10h30",8.13,19,54.4,32.64,0.5,8.09,17.4,,,1.91,8.09,17.4,,,1.61,8.07,17.2,,,0,8.07,17.2,,,0,8.05,17.2,54.4,32.64,0,8.05,17.2,54.4,32.64,0,6.14,17.7,202,111.1,0,7.1,18.4,283,155.65,,0
"28/03/2024","15h30",8.14,20.6,54.5,32.7,0.62,8.06,18.4,,,1.93,8.06,18.4,,,1.15,8.05,18.6,,,0,8.05,18.6,,,0,8.04,18.4,54.4,32.64,0,8.05,18.4,54.4,32.64,0,6.2,19,204,112.2,0,7.13,19.4,284,156.2,1,0.27
"29/03/2024","8h00",8.13,18.6,54.6,32.76,0.56,8.1,18.7,,,1.27,8.1,18.7,,,1.52,8.03,17.7,,,0,8.03,17.7,,,0,7.95,17.5,54.4,32.64,0,7.95,17.5,54.4,32.64,0,6.03,18.3,202,111.1,0,7.19,18.9,298,,1,0
"29/03/2024","10h30",8.18,19,54.4,32.64,1.17,8.16,18.9,,,2.21,8.16,18.9,,,1.84,8.09,17.3,,,0,8.09,17.3,,,0,8.05,17.6,54.4,32.64,0,8.05,17.6,54.4,32.64,0,6,18.5,202,111.1,0,7.33,18.8,283,155.65,1,0
"29/03/2024","15h30",8.21,19,54.5,32.7,0.66,8.13,18.2,,,2.25,8.13,18.6,,,1.97,8.12,17.6,,,0,8.12,17.6,,,0,8.07,17.8,54.4,32.64,0,8.07,17.8,54.4,32.64,0,6.01,18.3,204,112.2,0,7.23,18.8,284,156.2,1,0.01
"30/03/2024","8h00",8.15,18.6,54.5,32.7,0.62,8.13,18.7,,,1.21,8.13,18.7,,,1.15,8.1,17.7,,,0,8.1,17.7,,,0,8.05,17.5,54.4,32.64,0,8.05,17.5,54.4,32.64,0,6.03,18.3,197.3,108.52,0,7.19,19.1,298,,1,0
"30/03/2024","10h30",8.13,18.8,54.5,32.7,0.26,8.01,17.3,,,1.29,8.01,17.2,,,1.18,8,17.2,,,0,8,17.2,,,0,7.95,17.5,54.5,32.7,0,7.95,17.5,54.5,32.7,0,6.08,18.2,187,102.85,0,7.13,18.7,296,162.8,,0.05
"30/03/2024","15h30",8.04,19,54.4,32.64,0.43,8.03,18.2,,,1.12,8.03,18.2,,,1.32,8,18,,,0,8,18,,,0,7.92,17.9,54.2,32.52,0,7.92,18,54.2,32.52,0,6.01,17.9,188.4,103.62,0,7.27,18.3,298,163.9,1,0.04
"31/03/2024","8h00",,,,,,,,,,,,,,,,,,,,,,,,,,,,,,,,,,,,,,,,,,,,,,
"31/03/2024","10h30",,,,,,,,,,,,,,,,,,,,,,,,,,,,,,,,,,,,,,,,,,,,,,
"31/03/2024","15h30",,,,,,,,,,,,,,,,,,,,,,,,,,,,,,,,,,,,,,,,,,,,,,
"1/4/2024","8h00",8.05,18.2,54.4,32.64,0.38,8.02,18.2,,,1.28,8.02,18.2,,,1.15,8,17.7,,,0,8,17.7,,,0,7.9,17.6,54.4,32.64,0,7.9,17.6,54.4,32.64,0,6.11,18.7,204,112.2,0,7.12,18.4,300,165,1,0
"1/4/2024","10h30",8.11,18.4,54.4,32.64,0.12,8.05,17,,,1.19,8.05,17,,,1.01,8.02,16.9,,,0,8.02,16.9,,,0,8,17.4,54.4,32.64,0,8,17.4,54.4,32.64,0,6.16,17.8,205,112.75,0,7.04,18.4,293,161.15,0.9,0
"1/4/2024","15h30",8.08,20.3,54.4,32.64,0.66,8.05,19,,,1.34,8.05,19,,,1.23,8.03,18.3,,,0,8.03,18.3,,,0,7.96,17.8,54.4,32.64,0,7.96,17.7,54.45,32.67,0,5.81,17.9,208,114.4,0,7.11,18.8,297,163.35,1,0
"2/4/2024","8h00",8.1,18.5,54.4,32.64,0.28,8.05,16.9,,,1.1,8.05,16.9,,,1.04,8.03,16.9,,,0,8.03,16.8,,,0,8,16.9,54.4,32.64,0,8,17,54.3,32.58,0,6.09,17.7,196.8,108.24,0,7.21,18,302,166.1,1,0
"2/4/2024","10h30",8.11,18.3,54.3,32.58,0.47,8.06,17,,,1.15,8.06,17,,,1.09,8.03,17.2,,,0,8.02,17.2,,,0,8,17,54.2,32.52,0,8,17,54.2,32.52,0,6.1,18.3,202,111.1,0,7.37,18.3,298,163.9,,0.08
"2/4/2024","15h30",8.05,19.3,54.4,32.64,1.26,8.03,19.4,,,1.95,8.03,19.4,,,1.93,8,17.3,,,0,8,17.3,,,0,8,17.6,54.5,32.7,0,8,17.6,54.5,32.7,0,6.05,17.9,200,110,0,7.22,18.4,304,167.2,1,0
"3/4/2024","8h00",8.1,18.6,54.6,32.76,0.63,8.06,17,,,1.63,8.06,17,,,1.68,8.03,16.9,,,0.14,8.03,16.9,,,0.14,8,17.3,,,0.16,8,17.3,,,0.11,5.9,17.7,204,112.2,0.16,7.29,18.4,298,163.9,0.8,0.19
"3/4/2024","10h30",,,,,,,,,,,,,,,,,,,,,,,,,,,,,,,,,,,,,,,,,7.37,18.9,294,161.7,,0.17
"3/4/2024","15h30",8.14,19.3,54.4,32.64,0.61,8.08,17.5,,,1.7,8.07,17.5,,,1.65,,,,,,,,,,,,,,,,,,,,,,,,,,7.35,19.2,294,161.7,1,0.02
"4/4/2024","8h00",8.06,18.9,54.7,32.82,0.56,8.05,18.9,,,1.12,8.05,18.9,,,1.27,8.03,17.9,,,0,8.03,17.9,,,0,8,17.6,54.7,32.82,0,8,17.6,54.7,32.82,0,6.12,17.8,206,113.3,0,7.25,18.3,318,174.9,1,0.02
"4/4/2024","10h30",8.1,22.1,54.5,32.7,1.23,8.08,18,,,1.97,8.08,18,,,1.83,8.05,17.9,,,0,8.05,17.9,,,0,7.96,17.8,54.2,32.52,0,7.96,17.8,54.2,32.52,0,6.19,18.1,196.8,108.24,0,7.15,18.7,319,175.45,1,0
"4/4/2024","15h30",,,,,,,,,,,,,,,,,,,,,,,,,,,,,,,,,,,,,,,,,,,,,,
"5/4/2024","8h00",,,,,,,,,,,,,,,,,,,,,,,,,,,,,,,,,,,,,,,,,,,,,,
"5/4/2024","10h30",,,,,,,,,,,,,,,,,,,,,,,,,,,,,,,,,,,,,,,,,,,,,,
"5/4/2024","15h30",,,,,,,,,,,,,,,,,,,,,,,,,,,,,,,,,,,,,,,,,,,,,,
"6/4/2024","8h00",8.03,21.7,54.6,32.76,0.63,8.02,21.3,,,1.47,8.02,21.3,,,1.56,8,17.9,,,0,8,17.9,,,0,8,18.6,54.5,32.7,0,8,18.3,54.5,32.7,0,6.17,18.9,215,118.25,0,7.42,19.6,305,183,1,0.27
"6/4/2024","10h30",,,,,,,,,,,,,,,,,,,,,,,,,,,,,,,,,,,,,,,,,7.49,24.5,329,180.95,,0.17
"6/4/2024","15h30",8.03,23.7,54.4,32.64,0.53,8.02,22.7,,,2.4,8.02,22.7,,,2.22,8,18.9,,,0,8,18.9,,,0,7.96,18.7,54.5,32.7,0,7.96,18.7,54.5,,0,6.16,18.8,217.3,119.52,0,7.74,22,339,186.45,1,0
"7/4/2024","8h00",8.04,21.1,54.6,32.76,0.47,8.03,19,,,1.27,8.08,19,,,1.35,8,19.3,,,0,8,19.3,,,0,7.99,18.6,54.5,32.7,0,7.99,18.3,54.5,32.7,0,6.43,18.9,217,119.35,0,7.45,22.4,307,184.2,1.4,0
"7/4/2024","10h30",,,,,,,,,,,,,,,,,,,,,,,,,,,,,,,,,,,,,,,,,7.46,23,310,170.5,1.2,0
"7/4/2024","15h30",8.14,22,54.6,32.76,0.52,8.02,22,,,1.32,8.02,22,,,1.44,8.01,19.7,,,0,8.01,19.7,,,0,8,18.8,54.4,32.64,0,8,18.8,54.4,,0,6.45,18,218,119.9,0,7.44,22,317,174.35,1.2,0
"8/4/2024","8h00",8.06,17.9,54.4,32.64,0.72,8.05,17.9,,,1.61,8.05,17.9,,,1.32,8.03,17.8,,,0,8.03,17.8,,,0,8,17.4,54.4,32.64,0,8,17.4,54.4,32.64,0,6.15,18.6,221,121.55,0,7.24,19.8,312,187.2,1.2,0
"8/4/2024","10h30",8.08,21,54.5,32.7,0.66,8.05,21,,,1.44,8.05,21,,,1.45,8.03,18,,,0,8.03,18,,,0,8,18.3,54.4,32.64,0,8,18.3,54.4,32.64,0,6.17,19.1,195,107.25,0,7.32,23.3,312,171.6,1.2,0
"8/4/2024","15h30",,,,,,,,,,,,,,,,,,,,,,,,,,,,,,,,,,,,,,,,,,,,,,
"9/4/2024","8h00",8.12,19.3,54.4,32.64,0.27,8.08,17.9,,,1.15,8.06,17.7,,,0.98,8.04,17.6,,,0.08,8.05,17.5,,,0.11,8.02,17.9,54.4,32.64,0,8.02,18,54.4,32.64,0,6.53,18.6,190,104.5,0.06,7.58,20.9,322,193.2,1.2,0.18
"9/4/2024","10h30",,,,,,,,,,,,,,,,,,,,,,,,,,,,,,,,,,,,,,,,,7.32,23.3,312,171.6,1.2,0
"9/4/2024","15h30",,,,,,,,,,,,,,,,,,,,,,,,,,,,,,,,,,,,,,,,,7.28,21.2,310,170.5,1.2,0.29
"10/4/2024","8h00",,,,,,,,,,,,,,,,,,,,,,,,,,,,,,,,,,,,,,,,,,,,,,
"10/4/2024","10h30",,,,,,,,,,,,,,,,,,,,,,,,,,,,,,,,,,,,,,,,,,,,,,
"10/4/2024","15h30",,,,,,,,,,,,,,,,,,,,,,,,,,,,,,,,,,,,,,,,,,,,,,
"11/4/2024","8h00",8.1,18.2,54.4,32.64,0.98,8.09,18,,,1.32,8.09,18,,,1.35,8.08,17.2,,,0,8.08,17.2,,,0,8,17.3,54.3,32.58,0,8,17.3,54.3,32.58,0,6.15,17.1,199,109.45,0,7.45,17.3,322,193.2,1,0.17
"11/4/2024","10h30",,,,,,,,,,,,,,,,,,,,,,,,,,,,,,,,,,,,,,,,,,,,,,
"11/4/2024","15h30",,,,,,,,,,,,,,,,,,,,,,,,,,,,,,,,,,,,,,,,,,,,,,
"12/4/2024","8h00",,,,,,,,,,,,,,,,,,,,,,,,,,,,,,,,,,,,,,,,,,,,,,
"12/4/2024","10h30",,,,,,,,,,,,,,,,,,,,,,,,,,,,,,,,,,,,,,,,,,,,,,
"12/4/2024","15h30",,,,,,,,,,,,,,,,,,,,,,,,,,,,,,,,,,,,,,,,,,,,,,
"13/04/2024","8h00",8.11,18.8,54.6,32.76,1.37,8.1,18.2,,,2.81,8.1,18.2,,,2.88,8.05,17.8,,,0,8.05,17.8,,,0,8,17.3,54.5,32.7,0,8,17.3,54.5,32.7,0,6.25,17.5,198,108.9,0,7.38,18.2,380,228,1,0
"13/04/2024","10h30",8.12,18.9,54.6,32.76,1.22,8.1,18.7,,,1.96,8.1,18.7,,,2.03,8.06,17.6,,,0,8.06,17.6,,,0,8.02,17.4,54.5,32.7,0,8.02,17.4,54.5,32.7,0,6.24,17.6,196,107.8,0,7.22,18.4,347,190.85,1,0
"13/04/2024","15h30",8.13,19,54.5,32.7,1.09,8.1,19,,,1.23,8.1,19,,,1.27,8.07,18.7,,,0,8.07,18.7,,,0,8.02,17.5,54.4,32.64,0,8.02,17.5,54.4,32.64,0,6.19,17.6,199,109.45,0,7.02,20,317,174.35,1.2,0.02
"14/04/2024","8h00",8.12,18.9,54.4,32.64,0.27,8.1,18.7,,,1.27,8.1,18.7,,,1.33,8.07,17.3,,,0.02,8.07,17.3,,,0.03,8.02,17.5,54.5,32.7,0,8.02,17.5,54.5,32.7,0,6.25,17.5,190,104.5,0,7.45,18.7,314,188.4,1,0.02
"14/04/2024","10h30",8.12,19.2,54.4,32.64,0.33,8.09,18.1,,,1.71,8.09,18.1,,,1.62,8.05,18,,,0.11,8.05,18,,,0.02,8,18.3,54.4,32.64,0.03,8,18.3,54.4,32.64,0,6.2,18.6,204,112.2,0.06,7.4,19.5,323,177.65,,0.02
"14/04/2024","15h30",8.15,19.1,54.5,32.7,0.84,8.1,19,,,1.82,8.1,19,,,1.88,8.08,17.5,,,0.04,8.08,17.5,,,0.02,8,18.9,54.4,32.64,0,8,18.9,54.4,32.64,0,6.23,19.3,220,121,0,7.2,19,330,181.5,1,0.03
"15/04/2024","8h00",8.15,18,54.5,32.7,0.78,8.1,18,,,2.02,8.1,18,,,1.97,8.05,17.5,,,0,8.05,17.5,,,0,8.02,17.3,54.5,32.7,0,8.02,17.3,54.5,32.7,0,6.25,17.4,199,109.45,0,7.23,19.3,326,195.6,1,0.05
"15/04/2024","10h30",8.12,19.2,54.5,32.7,0.14,8.08,18,,,1.05,8.08,18,,,0.77,8.05,18,,,0.06,8.05,18,,,0.02,8.02,18.2,54.4,32.64,0,8.02,18.3,54.4,32.64,0,6.26,19.1,202,111.1,0,7.16,19,314,172.7,0.7,0.05
"15/04/2024","15h30",8.14,19.8,54.5,32.7,0.28,8.12,19.6,,,1.25,8.12,19.6,,,0.96,8.09,18.7,,,0.02,8.02,18.7,,,0.02,8.05,18.3,54.4,32.64,0,8.05,18.3,54.4,32.64,0,6.27,18.5,204,112.2,0,7.06,19.2,322,177.1,1,0.02
"16/04/2024","8h00",8.09,19.5,54.5,32.7,0.36,8.04,18.1,,,1.31,8.04,18.1,,,1.04,8.01,17.4,,,0,8.01,17.4,,,0,8.04,17.6,54.5,32.7,0,8.02,17.6,54.5,32.7,0,6.33,18.5,199,109.45,0,7.16,19.8,326,195.6,1,0
"16/04/2024","10h30",8.13,19.2,54.5,32.7,0.44,8.09,19,,,1.32,8.09,19,,,1.24,8.08,18.2,,,0,8.08,18.2,,,0,8.05,18.2,54.4,32.64,0,8.05,18.3,54.4,32.64,0,6.25,19.1,199,109.45,0,7.07,20.2,322,177.1,1,0
"16/04/2024","15h30",,,,,,,,,,,,,,,,,,,,,,,,,,,,,,,,,,,,,,,,,,,,,,
"17/04/2024","8h00",8.09,18.9,54.5,32.7,0.57,8.08,18.8,,,1.96,8.08,18.8,,,1.14,8.05,17.9,,,0,8.05,17.9,,,0,8.02,18.1,54.5,32.7,0,8.02,18.1,54.5,32.7,0,6.64,18.7,212,116.6,0,7.23,19,377,226.2,0.8,0
"17/04/2024","10h30",8.08,19.1,54.5,32.7,0.22,8.04,18.5,,,1.11,8.04,18.5,,,0.9,8.02,18.3,,,0,8.02,18.3,,,0,8,18.5,54.4,32.64,0,8,18.4,54.4,32.64,0,6.11,18.8,222,122.1,0,7.41,19.8,309,169.95,0.8,0
"17/04/2024","15h30",8.14,19.5,54.5,32.7,0.23,8.06,18.6,,,1.83,8.06,18.6,,,1.05,8.04,18.6,,,0.2,8.04,18.6,,,0.27,8.03,19.2,54.5,32.7,0,8.03,19.2,54.5,32.7,0,6.16,19.5,208,114.4,0,7.37,20.7,307,168.85,0.9,0
"18/04/2024","8h00",8.13,18.6,54.5,32.7,0.81,8.12,18.4,,,1.4,8.12,18.4,,,0.9,8.1,17.9,,,0,8.1,17.9,,,0,8.05,18.2,54.4,32.64,0,8.05,18.1,54.4,32.64,0,6.25,18,202,111.1,0,7.42,18.3,313,187.8,1,0
"18/04/2024","10h30",8.1,18.9,54.5,32.7,0.21,8.08,17.9,,,0.94,8.08,17.9,,,1.21,8.06,17.7,,,0,8.06,17.8,,,0,8.03,18.1,54.4,32.64,0,8.05,18.1,54.4,32.64,0,6.34,18.6,222,122.1,0,7.27,19.1,309,169.95,,0
"18/04/2024","15h30",8.08,21.1,54.5,32.7,0.5,8.05,18.9,,,1.23,8.05,18.7,,,1.26,8.03,18.6,,,0,8.03,18.5,,,0,7.97,18.6,54.5,32.7,0,7.99,18.8,54.5,32.7,0,6.15,19,223,122.65,0,7.28,18.8,299,164.45,0.9,0
"19/04/2024","8h00",8.06,20.3,54.7,32.82,1.59,8.05,20.2,,,3.85,8.05,20.2,,,1.35,8.03,19.8,,,0,8.03,19.8,,,0,8,18.3,54.7,32.82,0,8,18.3,54.7,32.82,0,6.24,18.5,209,114.95,0,7.25,19.2,312.2,187.32,1.2,0
"19/04/2024","10h30",8.1,20.6,54.7,32.82,1.33,8.09,20.7,,,3.9,8.09,20.7,,,5.94,8.05,19.7,,,0.2,8.05,19.7,,,0.29,8.03,18.1,54.7,32.82,0.01,8.03,19.3,54.7,32.82,0.02,6.36,18.6,209,114.95,0,7.24,20.1,298,163.9,,0
"19/04/2024","15h30",8.12,19.8,54.7,32.82,1.53,8.1,19.6,,,2.6,8.1,16.9,,,2.65,8.08,18.7,,,0.05,8.08,18.7,,,0.02,8.07,18.6,54.7,32.82,0,8.07,18.2,54.7,32.82,0,6.1,18.6,194.8,107.14,0,7.16,19.2,315,173.25,1.2,0
"20/04/2024","8h00",,,,,,,,,,,,,,,,,,,,,,,,,,,,,,,,,,,,,,,,,,,,,,
"20/04/2024","10h30",,,,,,,,,,,,,,,,,,,,,,,,,,,,,,,,,,,,,,,,,,,,,,
"20/04/2024","15h30",,,,,,,,,,,,,,,,,,,,,,,,,,,,,,,,,,,,,,,,,,,,,,
"21/04/2024","8h00",8.19,19.2,54.6,32.76,0.92,8.12,19,,,3.92,8.18,19,,,2.02,8.1,18.6,,,0,8.1,18.6,,,0,8.05,18.3,54.6,32.76,0,8.05,18.3,54.6,32.76,0,6.15,18.4,203,111.65,0,7.24,18.8,300,180,,0
"21/04/2024","10h30",8.15,19.8,,,0.87,8.1,17.1,,,1.95,8.1,17.1,,,1.88,8.05,17.1,,,0.01,8.02,17.1,,,0,8,17.2,54.7,32.82,0,8.02,17.2,54.7,32.82,0,6.32,17.8,195.2,107.36,0,7.19,18.2,300,165,1,0
"21/04/2024","15h30",8.04,19.3,54.7,32.82,1.15,8.03,17.7,,,1.32,8.03,17.7,,,1.45,8.02,17.9,,,0,8.02,17.9,,,0,8,17.4,54.7,32.82,0,8,17.5,54.7,32.82,0,6.12,17.8,199.2,109.56,0,7.29,18.3,295,162.25,0.8,0
"22/04/2024","8h00",8.15,19.8,54.7,32.82,0.65,8.12,19.8,,,2.01,8.12,19.8,,,2.47,8.1,18.3,,,0.07,8.1,18.3,,,0.06,8.03,18,54.7,32.82,0,8.03,18.2,54.7,32.82,0,6.25,18.5,223,122.65,0,7.22,19.2,301,180.6,1,0
"22/04/2024","10h30",8.1,18.2,54.7,32.82,0.41,8.08,17.2,,,1.7,8.08,17.3,,,2.05,8.06,17.4,,,0,8.06,17.3,,,0,8.03,17.7,54.7,32.82,0,8.03,17.7,54.7,32.82,0,6.3,18.3,209,114.95,0,7.26,18.5,295,162.25,,0
"22/04/2024","15h30",8.16,19.3,54.8,32.88,0.38,8.12,18.3,,,2.2,8.03,17.6,,,2.38,8.03,17.6,,,0,8.03,17.6,,,0,7.99,17.3,54.8,32.88,0,7.99,17.3,54.8,32.88,0,6.34,17.8,190.3,104.67,0,7.3,18.3,297,163.35,,0
"23/04/2024","8h00",8.09,19,54.3,32.58,0.66,8.06,17.2,,,2.59,8.05,17.9,,,1.44,8.03,17,,,0.25,8.05,17.9,,,0.23,8,18,54.3,32.58,0.18,8,18,54.3,32.58,0.21,6.37,18.2,229,125.95,0,7.46,18.7,312,187.2,1.1,0
"23/04/2024","10h30",8.11,18.1,54.5,32.7,0.71,8.09,17,,,2.37,8.09,17,,,2.37,8.1,17.2,,,0.33,8.1,17.2,,,0.26,8.09,17.1,54.7,32.82,0.29,8.09,17.1,54.7,32.82,0,6.31,17.9,221,121.55,0,7.41,18.5,296,162.8,0.8,0
"23/04/2024","15h30",8.08,19,54.4,32.64,0.23,8.07,19,,,2.2,8.07,19,,,2.38,8.05,17.5,,,0,8.05,17.5,,,0,8.02,17.3,54.5,32.7,0,8.02,17.3,54.5,32.7,0,6.32,18.3,222,122.1,0,7.32,19.6,301,165.55,,0
"24/04/2024","8h00",8.05,17.8,54.8,32.88,0.59,8.03,17.9,,,2.1,8.03,17.9,,,1.15,8,17.3,,,0,8,17.3,,,0,7.96,17.2,54.7,32.82,0,7.96,17.2,54.7,32.82,0,6.17,18.1,203,111.65,0,7.1,18.3,307,184.2,1.1,0
"24/04/2024","10h30",8.11,18.4,54.6,32.76,0.27,8.08,17.2,,,2.03,8.08,17.1,,,1.2,8.06,17.2,,,0,8.06,17.2,,,0,,,,,,8.02,17.6,54.6,32.76,0,6.59,18.1,202,111.1,0,7.44,18.2,326,179.3,,0.15
"24/04/2024","15h30",8.09,18.9,54.16,32.5,0.81,8.08,17.1,,,1.06,8.08,17.1,,,2.03,8.05,,,,0,8.05,,,,0,,,,,,8.02,17.3,54.6,32.76,0.02,6.41,17.8,208,114.4,0.04,7.73,18.9,308,169.4,,0
"25/01/2024","8h00",8.09,18.6,54.6,32.76,0.29,8.08,17.8,,,0.79,8.08,17.8,,,1.05,8.07,17.9,,,0,8.07,17.9,,,0,8.06,18.2,54.6,32.76,0,8.06,18.2,54.6,32.76,0,6.35,18.6,202,111.1,0,7.86,18.5,320,192,,0.06
"27/04/2024","8h00",8.12,19.3,54.6,32.76,0.16,8.1,17.8,,,1.02,8.1,17.8,,,0.7,8.1,17.9,,,0.13,8.1,17.9,,,0,8.09,18.2,54.7,32.82,0,8.09,18.2,54.7,32.82,0,6.46,18.6,216,118.8,0,7.89,19.6,327,196.2,,0.46
"27/04/2024","10h30",,,,,,,,,,,,,,,,,,,,,,,,,,,,,,,,,,,,,,,,,8.02,19.7,334,183.7,1,0.14
"27/04/2024","15h30",,,,,,,,,,,,,,,,,,,,,,,,,,,,,,,,,,,,,,,,,8.1,20.7,375,206.25,1,0
"28/04/2024","8h00",8.13,19,54.5,32.7,0.28,8.1,18.4,,,0.63,8.1,18.2,,,0.66,8.07,18,,,0,8.07,17.9,,,0,8.04,18.9,54.5,32.7,0,8.04,18.7,54.5,32.7,0,6.26,19,234,128.7,0,7.88,19.1,349,191.95,,0.01
"28/04/2024","10h30",8.07,20.5,54.6,32.76,0.7,8.05,18.6,,,0.75,8.06,18.7,,,0.78,,,,,,,,,,,8.02,18.3,54.5,32.7,0,8.02,18.3,54.5,32.7,0,6.47,18.8,222,122.1,0,7.83,19.8,408,224.4,,0
"28/04/2024","15h30",,,,,,,,,,,,,,,,,,,,,,,,,,,,,,,,,,,,,,,,,,,,,,
"29/04/2024","8h00",8.1,19.5,54.6,35.49,0.26,8.06,18.3,,,0.54,8.08,18.4,,,0.54,8.04,18.2,,,0.06,8.04,18.1,,,0.03,8.01,18.1,54.6,35.49,0.02,8.01,18.1,54.6,35.49,0.02,6.31,18.8,216,118.8,0.01,8.5,19.8,391,234.6,,0
"29/04/2024","10h30",,,,,,,,,,,,,,,,,,,,,,,,,,,,,,,,,,,,,,,,,,,,,,
"29/04/2024","15h30",8.1,19,54.5,35.43,0.16,8.08,18,,,1.47,8.08,18.01,,,0.89,8.05,18.02,,,0,8,18.2,,,0,8,18.5,54.6,35.49,0,8,18.4,54.6,35.49,0,6.2,18.8,234,128.7,0,7.93,19.5,333,183.15,1,0.01
"30/04/2024","8h00",8.06,18.3,54.5,35.43,0.67,8.05,18.2,,,1.07,8.05,18.2,,,1.1,8.03,18,,,0,8.03,18,,,0,8,17.9,54.4,35.36,0,8,17.5,54.4,35.36,0,6.35,18.7,219,120.45,0,7.96,18.8,356,213.6,,0
"30/04/2024","10h30",,,,,,,,,,,,,,,,,,,,,,,,,,,,,,,,,,,,,,,,,8.07,19.1,371,222.6,1,0.01
"30/04/2024","15h30",8.2,18.9,54.7,35.56,0.23,8.18,19.3,,,0.83,8.18,19.3,,,0.85,8.12,19.2,,,0,8.12,19.2,,,0,8.15,18.4,54.6,35.49,0,8.16,18.1,54.6,35.49,0,6.4,18.3,245,134.75,0,8.62,18.8,358,196.9,0.8,0.16
"31/04/2024","8h00",,,,,,,,,,,,,,,,,,,,,,,,,,,,,,,,,,,,,,,,,,,,,,
"31/04/2024","10h30",,,,,,,,,,,,,,,,,,,,,,,,,,,,,,,,,,,,,,,,,,,,,,
"31/04/2024","15h30",,,,,,,,,,,,,,,,,,,,,,,,,,,,,,,,,,,,,,,,,,,,,,
"1/5/2024","8h00",8.19,18.3,54.7,35.56,0.33,8.18,18.7,,,0.85,8.18,18.7,,,0.86,8.12,18.3,,,0,8.12,18.3,,,0,8.15,19.7,54.5,35.43,0,8.15,19.7,54.5,35.43,0,6.37,18.4,229,125.95,0,8.49,19,358,196.9,1,0
"1/5/2024","10h30",,,,,,,,,,,,,,,,,,,,,,,,,,,,,,,,,,,,,,,,,8.42,18.9,339,186.45,1,0.39
"1/5/2024","15h30",8.17,19.2,54.5,35.43,0.47,8.16,19,,,0.85,8.16,19,,,0.86,8.12,18.2,,,0,8.12,18.2,,,0,8.13,18.8,54.4,35.36,0,8.13,18.8,54.4,30.09,0,6.44,18.8,268.5,125.95,0,8.33,19.7,356,,1,0.39
"2/5/2024","8h00",8.12,17.9,54.8,35.62,0.6,8.11,17.7,,,0.82,8.12,17.7,,,0.93,8.1,17.6,,,0,8.1,17.6,,,0,8.07,17.6,54.7,35.56,0,8.07,17.6,54.7,35.56,0,6.35,18.7,229,125.95,0,8.38,18.8,351.5,193.33,0.8,0.18
"2/5/2024","10h30",,,,,,,,,,,,,,,,,,,,,,,,,,,,,,,,,,,,,,,,,8.36,18.9,350.1,192.56,1,0.54
"2/5/2024","15h30",8.13,18.5,54.7,35.56,0.77,8.12,18.5,,,0.63,8.12,18.3,,,0.67,8.12,18.3,,,0,8.12,18.3,,,0,8.11,18.3,54.5,35.43,0,8.11,18,54.5,30.09,0,6.29,18.6,217,125.95,0,8.18,18.6,353.1,,1,0.22
"3/5/2024","8h00",8.11,18,54.8,35.62,0.65,8.1,17.7,,,0.82,8.1,17.7,,,0.93,8.09,17.6,,,0,8.09,17.6,,,0,8.07,17.6,54.7,35.56,0,8.07,17.6,54.7,35.56,0,6.35,18.7,229,125.95,0,8.38,18.8,351.5,193.33,0.8,0.18
"3/5/2024","10h30",,,,,,,,,,,,,,,,,,,,,,,,,,,,,,,,,,,,,,,,,8.36,19.2,354,194.7,1,0.05
"3/5/2024","15h30",8.13,18.5,54.7,35.56,0.88,8.12,18.5,,,0.77,8.12,18.3,,,0.72,8.12,18.3,,,0,8.12,18.3,,,0,8.11,18.3,54.5,35.43,0,8.11,18,54.5,30.25,0,6.29,18.6,217,129.25,0,8.31,19,353.1,,1,0.19
"4/5/2024","8h00",8.13,19.6,55.1,35.82,0.34,8.12,19.3,,,0.82,8.12,19.3,,,0.85,8.1,18.2,,,0,8.12,18.2,,,0,8.09,18.6,55,35.75,0,8.09,18.6,55,35.75,0,6.37,18.7,235,129.25,0,8.22,19.2,351.7,193.44,1,0.19
"4/5/2024","10h30",,,,,,,,,,,,,,,,,,,,,,,,,,,,,,,,,,,,,,,,,8.33,19.2,351.6,193.38,0.8,0.24
"4/5/2024","15h30",8.13,19.8,54.3,35.3,0.11,8.12,19.6,,,1.13,8.12,19.6,,,1,8.1,19.7,,,0,8.1,19.7,,,0,8.08,19,54.3,35.3,0,8.08,19,54.3,30.03,0,6.37,18.7,239,152.9,0,8.29,20.3,362.7,,1,0.21
"5/5/2024","8h00",8.1,19.5,54.6,35.49,0.12,8.07,18.3,,,1.01,8.07,18.2,,,0.65,8.03,18.4,,,0.04,8.04,18.3,,,0.06,8,18.7,54.6,35.49,0.02,8,18.7,54.6,35.49,0.02,6.37,19,278,152.9,0.01,8.17,19.5,574,315.7,0.8,0.17
"5/5/2024","10h30",,,,,,,,,,,,,,,,,,,,,,,,,,,,,,,,,,,,,,,,,8.22,20.5,461,253.55,0.8,0.15
"5/5/2024","15h30",8.12,19.2,54.4,35.36,0.15,8.08,18.9,,,0.38,8.08,18.9,,,0.28,8.05,18.3,,,0,8.05,18.3,,,0,8,19.1,,,0,8,19.1,,29.98,0,6.32,19.4,229,126.5,0,8.21,19.9,362,,0.7,0
"6/5/2024","8h00",8.08,20.4,54.5,35.43,0.15,8.06,19.4,,,0.84,8.06,19.4,,,0.62,8.05,18.5,,,0,8.05,18.5,,,0,8.04,19.1,54.5,35.43,0,8.04,19.1,54.5,35.43,0,6.35,19.2,230,126.5,0,8.24,19.6,351,193.05,0.8,0
"6/5/2024","10h30",,,,,,,,,,,,,,,,,,,,,,,,,,,,,,,,,,,,,,,,,8.3,20.7,355.5,195.53,1,0.01
"6/5/2024","15h30",8.13,20.5,54.5,35.43,0.12,8.12,20,,,0.68,8.12,20,,,0.63,8.05,19.3,,,0,8.05,19.3,,,0,8,19.2,54.4,35.36,0,8,19.2,54.4,29.98,0,6.2,19.6,210,132,0,8.19,20,354,,0.8,0
"7/5/2024","8h00",8.1,20.6,54.5,35.43,0.17,8.06,19.9,,,0.78,8.07,19.9,,,0.56,8.04,19.6,,,0,8.04,19.6,,,0,8,19.3,54.5,35.43,0,8,19.3,54.5,35.43,0,6.31,19.6,240,132,0,8.25,19.8,361.4,198.77,0.8,0
"7/5/2024","10h30",,,,,,,,,,,,,,,,,,,,,,,,,,,,,,,,,,,,,,,,,8.2,20.7,358.5,197.18,1,0
"7/5/2024","15h30",8.14,21.4,54.6,35.49,0.33,8.12,21.2,,,0.68,8.12,21.2,,,0.72,8.05,20.8,,,0,8.05,20.8,,,0,7.99,19.4,54.5,35.43,0,7.99,19.4,54.5,29.98,0,6.4,19.8,289,131.45,0,8.33,20.5,368,,1,0
"8/5/2024","8h00",8.11,19.8,54.5,35.43,0.13,8.1,19.7,,,1.07,8.1,19.7,,,1.05,8.07,19.3,,,0,8.07,19.3,,,0,8.05,19,54.5,35.43,0,8.05,19,54.5,35.43,0,6.32,18.5,239,131.45,0,8.27,19.2,347.8,191.29,0.8,0
"8/5/2024","10h30",,,,,,,,,,,,,,,,,,,,,,,,,,,,,,,,,,,,,,,,,8.25,20.7,364.4,200.42,1,0
"8/5/2024","15h30",8.19,20.6,54.6,35.49,0.17,8.12,20.3,,,0.65,8.12,20.3,,,0.67,8.03,20.1,,,0,8.03,20.1,,,0,8.01,19,54.5,35.43,0,8.01,19,54.5,29.87,0,6.33,19.3,242,131.45,0,8.33,19.9,367.5,,1,0
"9/5/2024","8h00",8.13,19.8,54.3,35.3,0.23,8.12,19.6,,,0.75,8.12,19.6,,,0.77,8.1,18.6,,,0,8.1,18.6,,,0,8.05,18.2,54.3,35.3,0,8.05,18.2,54.3,35.3,0,6.23,18.4,239,131.45,0,8.23,19.1,377.6,207.68,0.8,0
"9/5/2024","10h30",,,,,,,,,,,,,,,,,,,,,,,,,,,,,,,,,,,,,,,,,8.21,20.8,365.6,201.08,1,0
"9/5/2024","15h30",8.08,21.6,54.5,35.43,0.26,8.05,21.3,,,0.77,8.05,21.3,,,0.75,8.02,19.8,,,0,8.02,19.8,,,0,8,19.3,54.5,35.43,0,8,19.3,54.5,30.09,0,6.5,19.6,250,128.15,0,8.15,20,367.5,,1,0
"10/5/2024","8h00",8.12,20.5,54.8,35.62,0.14,8.11,20.11,,,0.58,8.11,20.04,,,0.44,8.09,19.8,,,0,8.09,19.8,,,0,8.05,19.7,54.7,35.56,0,8.05,19.5,54.7,35.56,0,6.52,19.6,233,128.15,0,8.22,20.1,371.6,204.38,0.9,0
"10/5/2024","10h30",,,,,,,,,,,,,,,,,,,,,,,,,,,,,,,,,,,,,,,,,8.3,20.8,371.5,204.33,0.9,0
"10/5/2024","15h30",8.12,21.3,54.4,35.36,0.25,8.1,21,,,0.63,8.1,21,,,0.66,8.07,19.7,,,0,8.07,19.7,,,0,8.06,19.6,54.4,35.36,0,8.06,19.6,54.4,29.87,0,6.54,19.7,244,128.15,0,8.32,20.4,388.4,,0.9,0
"11/5/2024","8h00",8.11,19.6,54.3,35.3,0.33,8.1,19.7,,,0.66,8.1,19.7,,,0.67,8.08,19.7,,,0,8.08,19.7,,,0,8.05,19.3,54.3,35.3,0,8.05,19.3,54.3,35.3,0,6.52,19.3,233,128.15,0,8.13,19.3,361.7,198.94,0.8,0
"11/5/2024","10h30",,,,,,,,,,,,,,,,,,,,,,,,,,,,,,,,,,,,,,,,,8.14,19,395.3,217.42,1,0
"11/5/2024","15h30",8.1,20.8,54.4,35.36,0.38,8.09,20.7,,,1.05,8.09,20.7,,,1.09,8.05,19.7,,,0,8.05,19.5,,,0,8.04,18.8,54.4,35.36,0,8.04,18.8,54.4,29.87,0,6.51,19.2,284,118.64,0,8.45,20,362.8,,1,0
"12/5/2024","8h00",8.13,19.3,54.4,35.36,0.35,8.12,19.2,,,0.78,8.12,19.2,,,0.82,8.1,18.7,,,0,8.1,18.7,,,0,8.05,18.6,54.3,35.3,0,8.05,18.6,54.3,35.3,0,6.72,18.7,215.7,118.64,0,8.13,18.8,342.5,188.38,0.9,0
"12/5/2024","10h30",,,,,,,,,,,,,,,,,,,,,,,,,,,,,,,,,,,,,,,,,8.16,19.5,334.35,183.89,1,0
"12/5/2024","15h30",8.17,22.4,54.4,35.36,0.2,8.14,20.1,,,1.13,8.14,20.1,,,1.09,8.12,19.7,,,0,8.12,19.7,,,0,8.13,18.6,54.2,35.23,0,8.13,18.6,54.2,29.87,0,6.6,18.8,223,122.65,0,8.15,19.1,349,,1,0
"13/05/2024","8h00",8.13,18.9,54.3,35.3,0.35,8.12,18.8,,,0.63,8.12,18.8,,,0.72,8.1,18.7,,,0,8.1,18.7,,,0,8.05,17.9,54.3,35.3,0,8.07,17.9,54.3,35.3,0,6.53,18.3,223,122.65,0,8.25,18.8,337.9,185.85,0.9,0
"13/05/2024","10h30",8.15,19,53.9,35.04,0.44,8.13,18.3,,,0.26,8.12,18.3,,,0.24,8.09,18.2,,,0,8.09,18.2,,,0,8.05,18.3,53.9,35.04,0,8.05,18.4,53.9,35.04,0,6.47,18.8,209,114.95,0,8.23,18.8,335.5,184.53,0.9,0
"13/05/2024","15h30",8.16,21.3,53.9,35.04,0.23,8.12,21,,,0.44,8.12,21,,,0.46,8.09,19.3,,,0,8.09,19.2,,,0,8.06,18.6,53.9,35.04,0,8.06,18.6,53.9,29.7,0,6.49,18.9,219,117.15,0,8.18,19.3,345.9,,0.9,0
"14/05/2024","8h00",8.1,20.7,54.1,35.17,0.16,8.08,19.1,,,0.15,8.09,18.6,,,0.35,8.1,18.5,,,0,8.15,18.5,,,0,8.1,18.9,54,35.1,0,8.1,18.9,54,35.1,0,6.61,19.5,213,117.15,0,8.47,19.6,351.4,193.27,0.9,0
"14/05/2024","10h30",8.12,19.6,54,35.1,0.1,8.1,18.8,,,0.17,8.1,18.9,,,0.19,8.08,18.8,,,0,8.08,18.9,,,0,8.05,18.7,53.8,34.97,0,8.06,18.7,53.8,34.97,0,6.38,19.4,215,118.25,0,8.18,19.6,361,198.55,1,0
"14/05/2024","15h30",8.13,20.3,54.1,35.17,0.12,8.12,20.2,,,0.17,8.12,20.2,,,0.23,8.1,20,,,0,8.1,20,,,0,8.03,18.9,54,35.1,0,8.03,19,53.9,29.65,0,6.37,19.6,236,117.15,0,8.15,20.1,355.1,,,0
"15/05/2024","8h00",8.14,19.8,53.9,35.04,0.36,8.12,19.4,,,0.32,8.12,19.4,,,0.29,8.1,19.2,,,0,8.1,19.2,,,0,8.05,18.6,53.9,35.04,0,8.05,18.6,53.9,35.04,0,6.59,19.5,213,117.15,0,8.32,20.3,375,206.25,0.6,0
"15/05/2024","10h30",,,,,,,,,,,,,,,,,,,,,,,,,,,,,,,,,,,,,,,,,,,,,,
"15/05/2024","15h30",,,,,,,,,,,,,,,,,,,,,,,,,,,,,,,,,,,,,,,,,,,,,,
"16/05/2024","8h00",8.14,20.9,53.8,34.97,0.1,8.11,19.7,,,0.23,8.11,19.7,,,0.15,8.09,19.6,,,0,8.09,19.6,,,0,8.07,19.7,53.8,34.97,0,8.07,19.7,53.8,34.97,0,6.4,20.1,258,141.9,0,8.11,20.7,391.3,215.22,0.9,0
"16/05/2024","10h30",8.14,20.8,54,35.1,0.01,8.12,20.1,,,0.01,8.12,20.1,,,0.01,8.1,19.6,,,0,8.09,19.6,,,0,8.06,20,,,0,8.05,20,,,0,6.42,20.2,257,141.35,0,8.11,20.6,396.7,218.19,1,0
"16/05/2024","15h30",8.1,21.2,54,35.1,0.01,8.07,19.9,,,0.3,8.07,19.9,,,0.3,8.06,20,,,0,8.06,20,,,0,8.03,20.1,53.6,34.84,0,8.03,20.1,53.6,,0,6.44,20.3,272,0,0,8.15,20.6,393.4,,0.9,0
"17/05/2024","8h00",,,,,,,,,,,,,,,,,,,,,,,,,,,,,,,,,,,,,,,,,,,,,,
"17/05/2024","10h30",,,,,,,,,,,,,,,,,,,,,,,,,,,,,,,,,,,,,,,,,,,,,,
"17/05/2024","15h30",,,,,,,,,,,,,,,,,,,,,,,,,,,,,,,,,,,,,,,,,,,,,,
"18/05/2024","8h00",8.14,20.1,54,35.1,0.1,8.12,21.1,,,0.34,8.12,21.1,,,0.42,8.08,19.6,,,0,8.09,19.6,,,0,8.09,20,53.9,35.04,0,8.02,20,53.9,35.04,0,6.37,20.2,274.5,150.98,0,8.2,20.6,409.9,225.45,0,0
"18/05/2024","10h30",8.13,22.3,54.4,35.36,0.01,8.11,22,,,0.01,8.11,22,,,0.01,8.09,21.3,,,0,8.09,21.3,,,0,8.06,21,54.3,35.3,0,8.06,21,54.3,35.3,0,6.37,20.2,257,141.35,0,8.15,20.5,405.2,222.86,0,0
"18/05/2024","15h30",8.15,22.1,54.1,35.17,0.01,8.13,22,,,0.36,8.13,22,,,0.38,8.1,21.3,,,0,8.1,21.3,,,0,8.08,21,54,35.1,0,8.08,21,54,29.65,0,6.45,20.8,244,152.08,0,8.31,21.3,405.8,,1.4,0
"19/05/2024","8h00",8.16,22.3,53.9,35.04,0.09,8.13,21,,,0.14,8.13,21,,,0.16,8.1,20.4,,,0,8.1,20.4,,,0,8.09,19.3,53.9,35.04,0,8.09,19.3,53.9,35.04,0,6.39,20.5,276.5,152.08,0,8.05,20.7,386,212.3,1,0
"19/05/2024","10h30",8.13,21,,,0.14,8.09,20.3,,,0.01,8.09,20.2,,,0.01,8.06,20.1,,,0,8.06,20.1,,,0,8.02,20.9,53.8,34.97,0,8.02,20.9,53.8,34.97,0,6.24,20.9,259,142.45,0,8.01,20.7,389.9,214.45,0.9,0
"19/05/2024","15h30",8.12,22.4,53.8,34.97,0.07,8.1,22.3,,,0.44,8.1,22.3,,,0.42,8.09,22,,,0,8.08,22,,,0,8.05,20.3,53.8,34.97,0,8.05,20.3,53.8,29.65,0,6.33,20.7,257,145.59,0,8.15,21.4,390.7,,1,0
"20/05/2024","8h00",8.13,20.6,53.9,35.04,0.02,8.12,19.7,,,0.16,8.12,19.7,,,0.18,8.12,19.7,,,0,8.13,19.7,,,0,8.12,19.6,53.9,35.04,0,8.14,19.7,53.9,35.04,0,6.53,20.6,264.7,145.59,0,8.3,20.7,414.5,227.98,1.1,0
"20/05/2024","10h30",,,,,,,,,,,,,,,,,,,,,,,,,,,,,,,,,,,,,,,,,8.25,20.7,396.1,217.86,1,0
"20/05/2024","15h30",8.15,20.8,54.2,35.23,0.07,8.14,20.4,,,0.38,8.14,20.4,,,0.45,8.12,20,,,0,8.12,20,,,0,8.03,20.3,53.9,35.04,0,8.03,20.5,53.9,29.76,0,6.63,20.5,269,150.87,0,8.21,21.2,400.3,,1,0
"21/05/2024","8h00",8.16,21.3,54.2,37.94,0.04,8.15,21,,,0.36,8.15,21,,,0.42,8.1,20.6,,,0,8.1,20.6,,,0,8.06,20.5,54.1,37.87,0,8.06,20.5,54.1,37.87,0,6.64,20.6,274.3,150.87,0,8.25,21,405.6,223.08,1.1,0
"21/05/2024","10h30",,,,,,,,,,,,,,,,,,,,,,,,,,,,,,,,,,,,,,,,,8.26,20.6,381.8,209.99,1,0
"21/05/2024","15h30",8.14,20.4,54.1,37.87,0,8.12,20.3,,,0.32,8.12,20.3,,,0.46,8.1,20.2,,,0,8.08,20.2,,,0,8.02,20.2,53.9,37.73,0,8.01,20.1,53.9,29.65,0,6.41,20.5,314,135.85,0,8.29,20.9,393.4,,1,0
"22/05/2024","8h00",8.12,21.2,53.9,37.73,0.01,8.1,20.9,,,0.01,8.1,20.9,,,0.01,8.08,,,,0,8.08,,,,0,8.07,20,53.9,37.73,0,8.07,20.1,53.9,37.73,0,6.43,20.3,247,135.85,0,8.24,21,393.3,216.32,1,0
"22/05/2024","10h30",8.1,20.9,53.9,37.73,0.01,8.08,19.9,,,0.01,8.08,19.8,,,0.01,8.06,19.8,,,0,8.06,19.8,,,0,8.04,20.7,53.8,37.66,0,8.02,20.7,53.8,37.66,0,6.4,21.2,239,131.45,0,8.22,21.2,392.1,215.66,1,0
"22/05/2024","15h30",8.12,22.1,53.9,37.73,0.35,8.08,22,,,0.37,8.08,20.7,,,0.42,8.05,20.7,,,0,8.05,20.6,,,0,8.04,20.2,53.8,37.66,0,8.04,20.1,53.8,29.32,0,6.32,20.7,262,130.35,0,8.23,21,392.3,,,0
"23/05/2024","8h00",8.14,21.4,53.4,37.38,0.43,8.12,21,,,1.14,8.12,20.9,,,1.25,8.1,21.3,,,0,8.1,21.3,,,0,8.05,21.4,53.3,37.31,0,8.06,21.4,53.3,37.31,0,6.35,21.3,237,130.35,0,8.37,21.4,438.2,241.01,1.1,0
"23/05/2024","10h30",8.1,21.5,53.7,37.59,0.03,8.09,20.2,,,0.41,8.09,20.2,,,0.33,8.07,20.2,,,0,8.06,20.2,,,0,8.04,20.4,53.7,37.59,0,8.04,20.5,53.7,37.59,0,6.36,21,261,182.7,0,8.29,21.3,390.8,214.94,,0
"23/05/2024","15h30",8.1,21.3,53.8,37.66,0.25,8.06,21,,,0.98,8.07,20.5,,,0.1,8.06,20.5,,,0,8.06,20.5,,,0,8.04,20.3,53.7,37.59,0,8.04,20.2,53.7,,0,6.5,20.7,258,0,0,8.29,21.3,394.9,,,0
"24/05/2024","8h00",,,,,,,,,,,,,,,,,,,,,,,,,,,,,,,,,,,,,,,,,,,,,,
"24/05/2024","10h30",,,,,,,,,,,,,,,,,,,,,,,,,,,,,,,,,,,,,,,,,,,,,,
"24/05/2024","15h30",,,,,,,,,,,,,,,,,,,,,,,,,,,,,,,,,,,,,,,,,,,,,,
"25/05/2024","8h00",8.14,21.6,53.7,37.59,0,8.12,21,,,0.18,8.12,21.1,,,0.35,8.1,20.7,,,0,8.1,20.7,,,0,8.08,20.9,53.7,37.59,0,8.08,21,53.7,37.59,0,6.31,21.1,251,138.05,0,8.3,22.7,391,215.05,1.1,0
"25/05/2024","10h30",,,,,,,,,,,,,,,,,,,,,,,,,,,,,,,,,,,,,,,,,8.24,21.4,393.9,216.65,1,0
"25/05/2024","15h30",8.1,23.8,53.7,37.59,0.01,8.06,20.8,,,0.14,8.06,20.8,,,0.2,8.03,20.5,,,0,8.04,20.7,,,0,8.01,20.6,53.7,37.59,0,8.01,20.7,53.7,29.7,0,6.68,21.3,245,172.15,0,8.29,21.6,398.8,,1,0
"26/05/2024","8h00",8.13,21.4,54.1,37.87,0.66,8.12,21.3,,,0.17,8.11,21.2,,,0.29,8.1,21.1,,,0.03,8.1,21.1,,,0.02,8.03,21,54,37.8,0,8.03,21,54,37.8,0,6.33,20.8,313,172.15,0,8.22,21.4,395.3,217.42,1,0
"26/05/2024","10h30",8.11,22.4,53.8,37.66,0.55,8.1,20.2,,,0.64,8.1,20.2,,,0.61,8.08,20.2,,,0,8.08,20.4,,,0,8.05,20.3,53.6,37.52,0,8.05,20.5,53.6,37.52,0,6.47,20.9,304,167.2,0,8.2,21.4,392.3,215.77,1,0
"26/05/2024","15h30",8.14,23.2,53.9,37.73,0.67,8.12,22.2,,,0.33,8.12,22.1,,,0.28,8.1,22,,,0,8.09,22,,,0,8.04,20.3,53.7,37.59,0,8.04,20.3,53.7,29.59,0,6.33,20.8,252,168.85,0,8.26,21.7,390.5,,1,0
"27/05/2024","8h00",8.14,22.3,53.9,37.73,0.72,8.12,22,,,0.51,8.12,21.9,,,0.53,8.1,23,,,0,8.1,23,,,0,8.09,21,53.8,37.66,0,8.09,21,53.8,37.66,0,6.33,21.2,307,168.85,0,8.23,23.2,405.3,222.92,1,0
"27/05/2024","10h30",8.12,21.4,54,37.8,0.18,8.1,20.2,,,0.39,8.1,20.1,,,0.21,8.07,20.1,,,0,8.07,20.1,,,0,8.05,20.2,53.8,37.66,0,8.05,20.2,53.8,37.66,0,6.25,20.7,257,141.35,0,8.25,21.3,398,218.9,1,0
"27/05/2024","15h30",8.14,22.2,54,37.8,0.28,8.12,22.7,,,0.16,8.12,22.1,,,0.18,8.1,21,,,0,8.1,21,,,0,8.05,20.8,53.8,37.66,0,8.05,20.8,53.8,29.59,0,6.39,21,272,160.93,0,8.21,21.3,390.1,,1,0
"28/05/2024","8h00",8.12,22.3,53.8,37.66,0.68,8.11,22.1,,,0.12,8.11,22,,,0.11,8.09,21.7,,,0,8.09,21.8,,,0,8.08,21.9,53.8,37.66,0,8.08,21.8,53.8,37.66,0,6.58,21.6,292.6,160.93,0,8.27,22.3,426.3,234.47,1.1,0
"28/05/2024","10h30",8.13,21.9,53.7,37.59,0.41,8.1,21.4,,,0.12,8.1,21.4,,,0.11,8.08,21.3,,,0,8.07,21.3,,,0,8.06,21.5,53.6,37.52,0,8.06,21.5,53.6,37.52,0,6.38,21.9,264,145.2,0,8.29,21.7,421.5,231.83,,0
"28/05/2024","15h30",8.14,22.3,53.9,37.73,0.35,8.13,22.2,,,0.19,8.13,22.2,,,0.17,8.1,21.9,,,0,8.1,21.9,,,0,8.03,21.4,53.7,37.59,0,8.03,21.4,53.7,29.7,0,6.45,21.4,331,166.1,0,8.23,21.8,413.2,,1,0
"29/05/2024","8h00",8.14,21.4,54,37.8,0.3,8.12,21.3,,,0.91,8.12,21.3,,,0.88,8.09,21.1,,,0,8.1,21,,,0,8.08,21,54,37.8,0,8.08,20.9,54,37.8,0,6.35,20.8,302,166.1,0,8.29,21.2,411,226.05,1.1,0
"29/05/2024","10h30",8.11,21.7,53.9,37.73,0.07,8.1,19.4,,,0.72,8.1,19.1,,,0.43,8.08,19.1,,,0,8.08,19.1,,,0,8.04,19.1,53.8,37.66,0,8.05,19.1,53.8,37.66,0,6.31,19.8,251,138.05,0,8.4,21.2,404.9,222.7,1,0
"29/05/2024","15h30",8.12,22,53.8,37.66,0.11,8.12,22.6,,,0.86,8.12,22.6,,,0.75,8.1,22.3,,,0,8.1,22.3,,,0,8.03,20,53.4,37.38,0,8.04,20,53.4,29.76,0,6.45,20.5,249,121.83,0,8.39,21,386.9,,0.8,0
"30/05/2024","8h00",8.14,22.3,54.2,37.94,0.65,8.12,22.1,,,0.78,8.11,22.1,,,0.62,8.1,22,,,0,8.1,21.4,,,0,8.05,21.8,54.1,37.87,0,8.05,21.8,54.1,37.87,0,6.55,20.5,221.5,121.83,0,8.38,21.9,396.7,218.19,1.1,0
"30/05/2024","10h30",8.1,21.7,53.7,37.59,0.48,8.08,19.4,,,0.23,8.08,19.4,,,0.2,8.07,19.4,,,0,8.07,19.4,,,0,8.06,19.4,53.4,37.38,0,8.06,19.4,53.4,37.38,0,6.53,19.9,242,133.1,0,8.45,21.8,384.1,211.26,,0
"30/05/2024","15h30",8.11,22,53.6,37.52,0.03,8.08,21,,,0.46,8.07,21,,,0.39,8.05,21.2,,,0,8.05,21.3,,,0,8.03,19.6,53.6,37.52,0,8.03,19.6,53.6,,0,6.28,21.1,215,,0,8.45,20.6,389.7,,0.8,0
"1/6/2024","8h00",8.13,20.4,53.9,37.73,0.7,8.12,20.3,,,0.92,8.12,20.3,,,1.19,8.09,20.1,,,0,8.09,19.9,,,0,8.05,19.8,53.8,37.66,0,8.05,19.8,53.8,37.66,0,6.33,18.9,229,125.95,0,8.26,20.1,212.4,116.82,0.8,0
"1/6/2024","10h30",,,,,,,,,,,,,,,,,,,,,,,,,,,,,,,,,,,,,,,,,,,,,,
"1/6/2024","15h30",,,,,,,,,,,,,,,,,,,,,,,,,,,,,,,,,,,,,,,,,,,,,,
"2/6/2024","8h00",8.01,20.7,54,37.8,0.5,8,18.7,,,0.62,8,18.7,,,0.48,7.99,18.8,,,0,7.99,18.8,,,0,7.97,19,53.9,37.73,0,7.97,19.1,53.9,37.73,0,6.39,19.3,300,165,0,8.28,19.6,346.6,190.63,0.8,0
"2/6/2024","10h30",,,,,,,,,,,,,,,,,,,,,,,,,,,,,,,,,,,,,,,,,,,,,,
"2/6/2024","15h30",,,,,,,,,,,,,,,,,,,,,,,,,,,,,,,,,,,,,,,,,,,,,,
"3/6/2024","8h00",8.07,20.3,54,37.8,0.13,8.06,20.2,,,0.26,8.06,20.2,,,0.32,7.96,19.6,,,0,7.96,19.6,,,0,7.92,19.8,53.9,37.73,0,7.92,19.8,53.9,37.73,0,6.36,20.1,327,179.85,0,8.28,19.9,357.7,196.74,,0
"3/6/2024","10h30",,,,,,,,,,,,,,,,,,,,,,,,,,,,,,,,,,,,,,,,,,,,,,
"3/6/2024","15h30",,,,,,,,,,,,,,,,,,,,,,,,,,,,,,,,,,,,,,,,,,,,,,
"4/6/2024","8h00",8,21.4,,,0.35,7.96,20.4,,,0.14,7.96,20.5,,,0.08,7.94,20.1,,,0,7.94,20.1,,,0,7.92,20.9,53.9,37.73,0,7.93,20.9,54,37.8,0,6.29,20.3,256,140.8,0,8.24,20.1,398.9,219.4,1,0
"4/6/2024","10h30",,,,,,,,,,,,,,,,,,,,,,,,,,,,,,,,,,,,,,,,,,,,,,
"4/6/2024","15h30",,,,,,,,,,,,,,,,,,,,,,,,,,,,,,,,,,,,,,,,,,,,,,
"5/6/2024","8h00",8.05,21.9,54.2,37.94,0.01,8.03,19.4,,,0.12,8.03,19.3,,,0.12,8.01,19.4,,,0,8.01,19.4,,,0,7.98,19.6,54.1,37.87,0,7.98,19.6,54.1,37.87,0,6.3,20.1,244,134.2,0,8.31,20.6,371.7,204.44,1,0
"5/6/2024","10h30",,,,,,,,,,,,,,,,,,,,,,,,,,,,,,,,,,,,,,,,,,,,,,
"5/6/2024","15h30",,,,,,,,,,,,,,,,,,,,,,,,,,,,,,,,,,,,,,,,,,,,,,
"6/6/2024","8h00",8.04,22.4,54.2,37.94,0.3,8.01,20.5,,,0.33,8.01,20.3,,,0.29,7.98,20.4,,,0,7.99,20.3,,,0,7.95,20.5,54.2,37.94,0,7.95,20.54,54.2,37.94,0,6.24,21.1,358,196.9,0,8.39,21,387.4,213.07,1,0
"6/6/2024","10h30",,,,,,,,,,,,,,,,,,,,,,,,,,,,,,,,,,,,,,,,,,,,,,
"6/6/2024","15h30",,,,,,,,,,,,,,,,,,,,,,,,,,,,,,,,,,,,,,,,,,,,,,
"8/6/2024","8h00",8.1,22.9,54,37.8,0.66,8.09,22.7,,,0.72,8.07,21.9,,,0.01,8.06,21.1,,,0,8.02,21.6,,,0,8.02,21.3,53.8,37.66,0,8.02,21.3,53.8,,0,6.22,20.5,302.4,166.32,0,8.24,21.3,394.2,216.81,1,0
"8/6/2024","10h30",,,,,,,,,,,,,,,,,,,,,,,,,,,,,,,,,,,,,,,,,,,,,,
"8/6/2024","15h30",,,,,,,,,,,,,,,,,,,,,,,,,,,,,,,,,,,,,,,,,,,,,,
"9/6/2024","8h00",8.03,22.3,54.2,37.94,0.44,8.01,21.4,,,0.36,8.01,21.4,,,0.32,7.99,21.6,,,0,7.99,21,,,0,7.97,21,53.9,37.73,0,7.97,22.1,53.9,37.73,0,6.25,22.5,291,160.05,0,8.25,22.9,428.9,235.9,0.9,0
"9/6/2024","10h30",,,,,,,,,,,,,,,,,,,,,,,,,,,,,,,,,,,,,,,,,,,,,,
"9/6/2024","15h30",,,,,,,,,,,,,,,,,,,,,,,,,,,,,,,,,,,,,,,,,,,,,,
"10/6/2024","8h00",8.03,23.6,54.3,38.01,0.44,8.01,21.5,,,0.36,8.01,21.4,,,0.32,7.98,21.4,,,0,7.98,21.3,,,0,7.96,21.4,54.3,38.01,0,7.96,21.4,54.3,38.01,0,6.3,22,297,163.35,0,8.27,23,428.9,235.9,0.8,0
"10/6/2024","10h30",,,,,,,,,,,,,,,,,,,,,,,,,,,,,,,,,,,,,,,,,,,,,,
"10/6/2024","15h30",,,,,,,,,,,,,,,,,,,,,,,,,,,,,,,,,,,,,,,,,,,,,,
"11/6/2024","8h00",8.04,22.1,54.3,38.01,1.44,8.02,20.5,,,0.32,8.02,20.5,,,0.2,8,20.4,,,0,8,20.3,,,0,7.98,20.7,54.3,38.01,0,7.97,20.6,54.3,38.01,0,6.45,21.2,297,163.35,0,8.21,22,428.9,235.9,0.8,0
"11/6/2024","10h30",,,,,,,,,,,,,,,,,,,,,,,,,,,,,,,,,,,,,,,,,,,,,,
"11/6/2024","15h30",,,,,,,,,,,,,,,,,,,,,,,,,,,,,,,,,,,,,,,,,,,,,,
"12/6/2024","8h00",8.05,23.7,54.2,37.94,0.24,8.03,21.9,,,0.3,8.03,21.9,,,0.25,8,21.8,,,0,8,21.7,,,0,7.98,21.6,54.2,37.94,0,7.98,21.7,54.2,37.94,0,6.34,22.3,298,163.9,0,8.32,22.8,437.6,240.68,0.8,0
"12/6/2024","10h30",,,,,,,,,,,,,,,,,,,,,,,,,,,,,,,,,,,,,,,,,,,,,,
"12/6/2024","15h30",,,,,,,,,,,,,,,,,,,,,,,,,,,,,,,,,,,,,,,,,,,,,,
"13/06/2024","8h00",8.05,22.7,54.2,37.94,0.24,8.03,21.4,,,0.64,8.03,21.4,,,0.61,8.01,21.3,,,0,8.01,21.3,,,0,7.99,21.2,54.1,37.87,0,7.99,21.3,54.1,37.87,0,6.28,21.8,264,145.2,0,8.3,21.3,412,226.6,0.7,0
"13/06/2024","10h30",,,,,,,,,,,,,,,,,,,,,,,,,,,,,,,,,,,,,,,,,,,,,,
"13/06/2024","15h30",,,,,,,,,,,,,,,,,,,,,,,,,,,,,,,,,,,,,,,,,,,,,,
"14/06/2024","8h00",,,,,,,,,,,,,,,,,,,,,,,,,,,,,,,,,,,,,,,,,,,,,,
"14/06/2024","10h30",,,,,,,,,,,,,,,,,,,,,,,,,,,,,,,,,,,,,,,,,,,,,,
"14/06/2024","15h30",,,,,,,,,,,,,,,,,,,,,,,,,,,,,,,,,,,,,,,,,,,,,,
"15/06/2024","8h00",8.01,22.4,54.1,37.87,0.25,7.99,22.3,,,0.32,7.99,22.3,,,0.34,8,22,,,0,8,22,,,0,8,21.3,54.1,37.87,0,8,21.3,54.1,37.87,0,7,21.7,394,216.7,0,8.33,23.2,437.7,240.74,0.9,0
"15/06/2024","10h30",,,,,,,,,,,,,,,,,,,,,,,,,,,,,,,,,,,,,,,,,,,,,,
"15/06/2024","15h30",,,,,,,,,,,,,,,,,,,,,,,,,,,,,,,,,,,,,,,,,,,,,,
"16/06/2024","8h00",,,,,,,,,,,,,,,,,,,,,,,,,,,,,,,,,,,,,,,,,,,,,,
"16/06/2024","10h30",,,,,,,,,,,,,,,,,,,,,,,,,,,,,,,,,,,,,,,,,,,,,,
"16/06/2024","15h30",,,,,,,,,,,,,,,,,,,,,,,,,,,,,,,,,,,,,,,,,,,,,,
"17/06/2024","8h00",8.01,23,54.1,37.87,0.18,8,22.9,,,0.2,8,22.8,,,0.2,,,,,,,,,,,,,,,,,,,,,,,,,,8.4,24,439,241.45,1,0
"19/06/2024","8h00",8.04,24.7,54.1,37.87,0.28,8.01,22.9,,,0.96,8.01,22.9,,,1.01,7.99,22.9,,,0,7.99,22.8,,,0,7.97,22.9,54.1,37.87,0,7.97,22.9,54.1,37.87,0,6.26,23.1,350,192.5,0,8.48,24.5,459,252.45,1.1,0
"19/06/2024","10h30",,,,,,,,,,,,,,,,,,,,,,,,,,,,,,,,,,,,,,,,,,,,,,
"19/06/2024","15h30",,,,,,,,,,,,,,,,,,,,,,,,,,,,,,,,,,,,,,,,,,,,,,
"20/06/2024","8h00",8.04,23.8,54.1,37.87,0.3,8.02,22.9,,,0.42,8.02,23,,,0.44,8,23,,,0,8,23,,,0,7.97,22.9,53.9,37.73,0,7.97,22.9,53.9,37.73,0,6.31,23.4,461,253.55,0,8.01,24.3,524,288.2,1,0
"20/06/2024","10h30",,,,,,,,,,,,,,,,,,,,,,,,,,,,,,,,,,,,,,,,,,,,,,
"20/06/2024","15h30",,,,,,,,,,,,,,,,,,,,,,,,,,,,,,,,,,,,,,,,,,,,,,
"21/06/2024","8h00",,,,,,,,,,,,,,,,,,,,,,,,,,,,,,,,,,,,,,,,,,,,,,
"21/06/2024","10h30",,,,,,,,,,,,,,,,,,,,,,,,,,,,,,,,,,,,,,,,,,,,,,
"21/06/2024","15h30",,,,,,,,,,,,,,,,,,,,,,,,,,,,,,,,,,,,,,,,,,,,,,
"22/06/2024","8h00",8.07,23.2,54,37.8,0.42,8.05,23,,,0.32,8.05,23,,,0.32,8.01,22.7,,,0,7.99,22.7,,,0,8,22.3,53.9,37.73,0,8,22.3,53.9,37.73,0,6.18,22.1,399,219.45,0,8.28,24.3,524,288.2,0.8,0
"23/06/2024","8h00",8.07,24,54,37.8,0.24,8.05,22.9,,,0.3,8.05,22.8,,,0.25,8.04,22.8,,,0,8.02,22.6,,,0,8.02,22.5,54,37.8,0,8.02,22.5,54,37.8,0,6.29,23.4,344,189.2,0,8.43,23.6,481.3,264.72,1,0
"23/06/2024","10h30",,,,,,,,,,,,,,,,,,,,,,,,,,,,,,,,,,,,,,,,,,,,,,
"23/06/2024","15h30",,,,,,,,,,,,,,,,,,,,,,,,,,,,,,,,,,,,,,,,,,,,,,
"24/06/2024","8h00",8.04,23.9,54.1,37.87,0.25,8.02,22.4,,,0.75,8.02,22.3,,,0.55,8,22.1,,,0,8,22.1,,,0,7.97,22.4,54,37.8,0,7.96,22.3,54,37.8,0,6.34,22.7,434,238.7,0,8.27,24,460.7,253.385,1,0
"24/06/2024","10h30",,,,,,,,,,,,,,,,,,,,,,,,,,,,,,,,,,,,,,,,,,,,,,
"24/06/2024","15h30",,,,,,,,,,,,,,,,,,,,,,,,,,,,,,,,,,,,,,,,,,,,,,
"25/06/2024","8h00",8.04,23.6,54,37.8,0.25,8.02,22.1,,,0.35,8.03,22,,,0.25,8.01,21.8,,,0,8.01,21.8,,,0,7.99,22.1,53.7,37.59,0,7.99,22.1,53.7,37.59,0,6.42,22.5,295,162.25,0,8.23,22.8,447.6,246.18,1,0
"25/06/2024","10h30",,,,,,,,,,,,,,,,,,,,,,,,,,,,,,,,,,,,,,,,,,,,,,
"25/06/2024","15h30",,,,,,,,,,,,,,,,,,,,,,,,,,,,,,,,,,,,,,,,,,,,,,
"26/06/2024","8h00",8.04,24.1,54.1,37.87,0.25,8.02,22,,,0.2,8.03,22,,,0.15,8.03,22,,,0,8.01,21.8,,,0,8,22.2,53.3,37.31,0,8,22.2,53.6,37.52,0,6.36,22.4,277,152.35,0,8.16,23.3,436.6,240.13,1,0
"26/06/2024","10h30",,,,,,,,,,,,,,,,,,,,,,,,,,,,,,,,,,,,,,,,,,,,,,
"26/06/2024","15h30",,,,,,,,,,,,,,,,,,,,,,,,,,,,,,,,,,,,,,,,,,,,,,
"27/06/2024","8h00",8.04,23.2,54,37.8,0.25,8.03,20.1,,,0.5,8.03,20.1,,,0.44,8.01,20.5,,,0,8.01,20.2,,,0,7.99,19.9,53.9,37.73,0,7.99,20.1,53.9,37.73,0,6.28,20.6,292,160.6,0,7.99,21.3,367,201.85,1,0
"29/06/2024","8h00",8.05,25,54.6,38.22,0.31,8.04,23.8,,,0.5,8.04,23.8,,,0.9,8.03,23.7,,,0,8.03,23.7,,,0,8,22.3,54,37.8,0,8,22.3,54,37.8,0,6.27,22.4,302,166.1,0,8.06,23.5,436,239.8,1,0
"29/06/2024","10h30",,,,,,,,,,,,,,,,,,,,,,,,,,,,,,,,,,,,,,,,,,,,,,
"29/06/2024","15h30",,,,,,,,,,,,,,,,,,,,,,,,,,,,,,,,,,,,,,,,,,,,,,
"30/06/2024","8h00",8.04,,54,37.8,0.25,8.03,,,,0.75,8.03,,,,0.48,8.01,,,,0,8.01,,,,0,7.99,,54,37.8,0,7.99,,54,37.8,0,6.39,,310,170.5,0,8.08,,466,256.3,1,0
"1/7/2024","8h00",8.03,24.8,54,37.8,0.25,8.01,23.2,,,0.7,8.01,23.2,,,0.43,8,23.1,,,0,8,23,,,0,7.99,23.1,53.8,37.66,0,7.99,23.1,53.8,37.66,0,6.34,,340,187,0,7.99,24.4,461,253.55,1,0
"1/7/2024","10h30",,,,,,,,,,,,,,,,,,,,,,,,,,,,,,,,,,,,,,,,,,,,,,
"1/7/2024","15h30",,,,,,,,,,,,,,,,,,,,,,,,,,,,,,,,,,,,,,,,,,,,,,
"2/7/2024","8h00",8.03,24.7,54.2,37.94,0.35,8.02,24.2,,,0.32,8.02,24.2,,,0.3,8,24.1,,,0,8,24.1,,,0,7.99,24.1,54.1,37.87,0,7.99,23.9,54.1,37.87,0,6.35,23.9,398,218.9,0,8.45,24.7,505,277.75,0.8,0
"2/7/2024","10h30",,,,,,,,,,,,,,,,,,,,,,,,,,,,,,,,,,,,,,,,,,,,,,
"2/7/2024","15h30",,,,,,,,,,,,,,,,,,,,,,,,,,,,,,,,,,,,,,,,,,,,,,
"3/7/2024","8h00",8.01,24.9,54.2,37.94,0.13,8,25,,,0.25,8,25,,,0.53,8,22.3,,,0,7.99,22.3,,,0,7.97,23.8,54.1,37.87,0,7.97,23.8,54.1,37.87,0,6.3,24,352.5,193.875,0,8.18,25,500,275,1,0
"3/7/2024","10h30",,,,,,,,,,,,,,,,,,,,,,,,,,,,,,,,,,,,,,,,,,,,,,
"3/7/2024","15h30",,,,,,,,,,,,,,,,,,,,,,,,,,,,,,,,,,,,,,,,,,,,,,
"4/7/2024","8h00",8.03,24.1,54,37.8,0.25,8.01,23.7,,,0.39,8.01,23.6,,,0.6,8,23.5,,,0,8,23.3,,,0,7.96,23,54,37.8,0,7.96,23,53.9,37.73,0,6.35,24.3,338.5,186.18,0,8.48,24.5,496.7,273.19,0.8,0
"4/7/2024","10h30",,,,,,,,,,,,,,,,,,,,,,,,,,,,,,,,,,,,,,,,,,,,,,
"4/7/2024","15h30",,,,,,,,,,,,,,,,,,,,,,,,,,,,,,,,,,,,,,,,,,,,,,
"5/7/2024","8h00",7.99,23.1,54.6,38.22,0.18,7.97,23,,,0.29,7.98,23,,,0.42,7.96,22.9,,,0,7.96,22.8,,,0,7.96,22.3,54.6,38.22,0,7.97,22.3,54.6,38.22,0,6.6,22.6,306.6,168.63,0,8.21,22.7,462.6,254.43,1,0
"5/7/2024","10h30",,,,,,,,,,,,,,,,,,,,,,,,,,,,,,,,,,,,,,,,,,,,,,
"5/7/2024","15h30",,,,,,,,,,,,,,,,,,,,,,,,,,,,,,,,,,,,,,,,,,,,,,
"6/7/2024","8h00",7.99,23.2,54.6,38.22,0.18,7.99,22.9,,,0.29,7.98,22.9,,,0.42,7.98,22.8,,,0,7.99,22.8,,,0,7.99,22.2,54.6,38.22,0,7.99,22.2,54.6,38.22,0,6.37,22.2,306.6,168.63,0,8.12,22.5,415.7,228.64,0.8,0
"6/7/2024","10h30",,,,,,,,,,,,,,,,,,,,,,,,,,,,,,,,,,,,,,,,,,,,,,
"6/7/2024","15h30",,,,,,,,,,,,,,,,,,,,,,,,,,,,,,,,,,,,,,,,,,,,,,
"7/7/2024","8h00",7.94,23.3,54.2,37.94,0.25,7.96,22.5,,,0.47,7.96,22.4,,,0.4,7.94,22.6,,,0,7.94,22.7,,,0,7.9,23.5,54,37.8,0,7.9,23.5,54,37.8,0,6.45,23.6,339.4,186.67,0,8.23,23,469,257.95,1,0
"7/7/2024","10h30",,,,,,,,,,,,,,,,,,,,,,,,,,,,,,,,,,,,,,,,,,,,,,
"7/7/2024","15h30",,,,,,,,,,,,,,,,,,,,,,,,,,,,,,,,,,,,,,,,,,,,,,
"8/7/2024","8h00",7.97,23.2,54.2,37.94,0.25,7.94,22.8,,,0.31,7.95,22.8,,,0.48,7.93,22.5,,,0,7.93,22.5,,,0,7.93,23.1,54,37.8,0,7.92,23.1,54,37.8,0,6.48,23.5,436.9,240.3,0,8,24.7,447.7,246.24,0.8,0
"8/7/2024","10h30",,,,,,,,,,,,,,,,,,,,,,,,,,,,,,,,,,,,,,,,,,,,,,
"8/7/2024","15h30",,,,,,,,,,,,,,,,,,,,,,,,,,,,,,,,,,,,,,,,,,,,,,
"9/7/2024","8h00",8.01,25.5,55.3,38.71,,7.99,23.7,,,0.35,7.99,23.7,,,0.4,7.96,23.4,,,0,7.96,23.4,,,0,7.94,23.1,54.5,38.15,0,7.94,23.2,54.5,38.15,0,6.35,23.6,345,189.75,0,8.13,23.8,422,232.1,,0
"9/7/2024","10h30",,,,,,,,,,,,,,,,,,,,,,,,,,,,,,,,,,,,,,,,,,,,,,
"9/7/2024","15h30",,,,,,,,,,,,,,,,,,,,,,,,,,,,,,,,,,,,,,,,,,,,,,
"10/7/2024","8h00",8.02,24.9,54,37.8,0.25,8,23.6,,,0.35,8,23.7,,,0.45,7.99,23.7,,,0,7.99,23.7,,,0,7.97,23.4,54,37.8,0,7.97,23.4,54,37.8,0,6.4,23.5,328,180.4,0,8.09,23.9,475,261.25,0.9,0
"10/7/2024","10h30",,,,,,,,,,,,,,,,,,,,,,,,,,,,,,,,,,,,,,,,,,,,,,
"10/7/2024","15h30",,,,,,,,,,,,,,,,,,,,,,,,,,,,,,,,,,,,,,,,,,,,,,
"11/7/2024","8h00",8.03,25.7,54,37.8,0.25,8.01,24.1,,,0.18,8.01,24,,,0.2,8,23.9,,,0,8,24,,,0,7.97,24.2,53.9,37.73,0,7.97,24.1,53.9,37.73,0,6.35,24.4,344,189.2,0,8.14,24.9,484,266.2,0.9,0
"11/7/2024","10h30",,,,,,,,,,,,,,,,,,,,,,,,,,,,,,,,,,,,,,,,,,,,,,
"11/7/2024","15h30",,,,,,,,,,,,,,,,,,,,,,,,,,,,,,,,,,,,,,,,,,,,,,
"12/7/2024","8h00",8.03,25,,,,8.02,24.2,54.1,,,8.01,24,,,,8,24,,,0,8,23.9,,,0,8,23.8,54,37.8,0,7.99,23.7,54,37.8,0,6.59,24.1,353,194.15,0,8.13,24.7,490,269.5,0.9,0
"12/7/2024","10h30",,,,,,,,,,,,,,,,,,,,,,,,,,,,,,,,,,,,,,,,,,,,,,
"12/7/2024","15h30",,,,,,,,,,,,,,,,,,,,,,,,,,,,,,,,,,,,,,,,,,,,,,
"13/07/2024","8h00",8.04,25.1,54.1,37.87,0.25,8.02,24.1,,,0.83,8.01,23.8,,,0.55,8,23.9,,,0,8,23.9,,,0,7.98,23.7,54,37.8,0,7.98,23.7,54,37.8,0,6.34,24.4,368,202.4,0,8.1,24.7,500,275,0.9,0
"13/07/2024","10h30",,,,,,,,,,,,,,,,,,,,,,,,,,,,,,,,,,,,,,,,,,,,,,
"13/07/2024","15h30",,,,,,,,,,,,,,,,,,,,,,,,,,,,,,,,,,,,,,,,,,,,,,
"14/07/2024","8h00",8,25.6,54,37.8,0.25,7.99,24,,,0.76,7.99,24.1,,,0.8,7.98,24.1,,,0,7.97,24.1,,,0,7.97,24.2,53.6,37.52,0,7.96,24.2,53.7,37.59,0,6.4,24.5,376,206.8,0,8.12,24.9,491,270.05,0.9,0
"14/07/2024","10h30",,,,,,,,,,,,,,,,,,,,,,,,,,,,,,,,,,,,,,,,,,,,,,
"14/07/2024","15h30",,,,,,,,,,,,,,,,,,,,,,,,,,,,,,,,,,,,,,,,,,,,,,
"15/07/2024","8h00",8.03,25.7,53.9,37.73,0.25,8.01,24.3,,,0.63,8.01,24.3,,,0.35,8,24.2,,,0,7.99,24.2,,,0,7.97,24.3,53.8,37.66,0,7.97,24.3,53.8,37.66,0,6.4,24.5,491,270.05,0,8.21,25.4,509,279.95,1,0
"15/07/2024","10h30",,,,,,,,,,,,,,,,,,,,,,,,,,,,,,,,,,,,,,,,,,,,,,
"15/07/2024","15h30",,,,,,,,,,,,,,,,,,,,,,,,,,,,,,,,,,,,,,,,,,,,,,
"16/07/2024","8h00",8.04,25.3,54.1,37.87,0.32,8,25.2,,,0.72,8,25.2,,,0.53,7.99,24.8,,,0,7.99,24.8,,,0,7.96,24.3,54,37.8,0,7.96,24.3,54,37.8,0,6.32,24.7,331,182.05,0,8.1,25.6,521,286.55,0.9,0.03
"16/07/2024","10h30",,,,,,,,,,,,,,,,,,,,,,,,,,,,,,,,,,,,,,,,,,,,,,
"16/07/2024","15h30",,,,,,,,,,,,,,,,,,,,,,,,,,,,,,,,,,,,,,,,,,,,,,
"17/07/2024","8h00",8.02,26.2,54.1,37.87,0.25,8,24.6,,,0.32,8.01,24.6,,,0.35,7.99,24.6,,,0,7.98,24.4,,,0,7.98,24.5,53.9,37.73,0,7.97,24.5,53.9,37.73,0,6.41,24.7,397,218.35,0,8.15,25.5,519,285.45,1,0
"17/07/2024","10h30",,,,,,,,,,,,,,,,,,,,,,,,,,,,,,,,,,,,,,,,,,,,,,
"17/07/2024","15h30",,,,,,,,,,,,,,,,,,,,,,,,,,,,,,,,,,,,,,,,,,,,,,
"18/07/2024","8h00",8.01,25.5,53.8,37.66,0.25,8,24.2,,,0.52,8,24.2,,,0.37,7.99,24,,,0,7.99,24,,,0,7.98,23.9,53.8,37.66,0,7.98,23.9,53.8,37.66,0,6.32,24.2,351,193.05,0,8.14,25.1,501,275.55,0.9,0
"20/07/2024","8h00",8.02,26.1,53.9,37.73,0.25,8,24.2,,,0.39,8.01,24.3,,,0.59,8,24.5,,,0,7.99,24.6,,,0,7.98,24.3,53.4,37.38,0,7.99,24.3,53.5,37.45,0,6.25,24.5,366,201.3,0,8.13,25.1,496,272.8,0.9,0
"20/07/2024","10h30",,,,,,,,,,,,,,,,,,,,,,,,,,,,,,,,,,,,,,,,,,,,,,
"20/07/2024","15h30",,,,,,,,,,,,,,,,,,,,,,,,,,,,,,,,,,,,,,,,,,,,,,
"21/07/2024","8h00",8,26.9,53.9,37.73,0.16,7.99,24.4,,,0.54,7.99,24.4,,,0.46,7.96,24.5,,,0.11,7.97,24.4,,,0.12,7.95,24.3,53.6,37.52,0.08,7.95,24.3,53.6,37.52,0.11,6.35,24.5,390,214.5,0.14,8.15,25.3,515,283.25,1,0.32
"21/07/2024","10h30",,,,,,,,,,,,,,,,,,,,,,,,,,,,,,,,,,,,,,,,,,,,,,
"21/07/2024","15h30",,,,,,,,,,,,,,,,,,,,,,,,,,,,,,,,,,,,,,,,,,,,,,
"22/07/2024","8h00",8,26.3,53.9,37.73,0.9,7.98,25.7,,,0.94,7.98,25.6,,,0.69,7.96,25.7,,,0.05,7.96,25.6,,,0.14,7.95,25.3,53.8,37.66,0.11,7.94,25.3,53.8,37.66,0.1,6.3,25.5,564,310.2,0.07,8.31,26.7,566,311.3,0.9,0.21
"22/07/2024","10h30",,,,,,,,,,,,,,,,,,,,,,,,,,,,,,,,,,,,,,,,,,,,,,
"22/07/2024","15h30",,,,,,,,,,,,,,,,,,,,,,,,,,,,,,,,,,,,,,,,,,,,,,
"23/07/2024","8h00",8.02,25.6,53.8,37.66,0.11,8,24,,,0.84,8,24,,,0.71,7.99,24,,,0.05,7.98,24,,,0.08,7.96,23.8,53.8,37.66,0.06,7.96,23.8,53.8,37.66,0.06,6.4,24.1,369,202.95,0.01,8.27,25.3,522,287.1,1,0.14
"23/07/2024","10h30",,,,,,,,,,,,,,,,,,,,,,,,,,,,,,,,,,,,,,,,,,,,,,
"23/07/2024","15h30",,,,,,,,,,,,,,,,,,,,,,,,,,,,,,,,,,,,,,,,,,,,,,
"24/07/2024","8h00",8.02,26,53.9,37.73,0.24,8,24,,,0.7,8,24,,,0.74,7.99,24,,,0.04,7.99,24,,,0.05,7.97,24.1,53.9,37.73,0.03,7.97,24.1,53.9,37.73,0.02,6.36,24.3,542,298.1,0.05,8.05,25,502,276.1,0.9,0.17
"24/07/2024","10h30",,,,,,,,,,,,,,,,,,,,,,,,,,,,,,,,,,,,,,,,,,,,,,
"24/07/2024","15h30",,,,,,,,,,,,,,,,,,,,,,,,,,,,,,,,,,,,,,,,,,,,,,
"25/07/2024","8h00",8.02,25.8,53.9,37.73,0.1,8,24,,,0.52,8,24,,,0.54,7.98,23.9,,,0.04,7.99,23.9,,,0,7.95,23.5,53.9,37.73,0,7.96,23.8,53.9,37.73,0.01,6.43,24.5,354,194.7,0,8.25,25.3,516,283.8,1,0.12
"27/07/2024","8h00",8.02,23.4,53.9,37.73,0.25,7.99,22.5,,,0.76,7.99,22.8,,,0.82,8,22.7,,,0.03,8,22.7,,,0.03,7.99,23,53.8,37.66,0.01,7.99,23,53.8,37.66,0.01,6.35,24,350,192.5,0.01,8.22,25,529,290.95,0.9,0.09
"27/07/2024","10h30",,,,,,,,,,,,,,,,,,,,,,,,,,,,,,,,,,,,,,,,,,,,,,
"27/07/2024","15h30",,,,,,,,,,,,,,,,,,,,,,,,,,,,,,,,,,,,,,,,,,,,,,
"28/07/2024","8h00",8.01,25.2,54,37.8,0.17,8,23.8,,,0.51,8,23.8,,,0.56,7.98,23.6,,,0.03,,23.7,,,0.05,7.97,24.1,53.7,37.59,0.06,7.97,24.1,53.7,37.59,0.03,6.48,24.3,476,261.8,0.09,8.08,24.2,469,257.95,0.9,0.03
"28/07/2024","10h30",,,,,,,,,,,,,,,,,,,,,,,,,,,,,,,,,,,,,,,,,,,,,,
"28/07/2024","15h30",,,,,,,,,,,,,,,,,,,,,,,,,,,,,,,,,,,,,,,,,,,,,,
"29/07/2024","8h00",8,26.6,53.9,37.73,0.17,7.96,24.1,,,1.22,7.96,24.1,,,0.93,7.99,24.3,,,0.28,7.99,24.3,,,0.19,7.96,24.1,53.7,37.59,0.09,7.95,24,53.7,37.59,0.06,6.4,24.2,346,190.3,0.05,8.03,24.7,497,273.35,0.9,0.07
"29/07/2024","10h30",,,,,,,,,,,,,,,,,,,,,,,,,,,,,,,,,,,,,,,,,,,,,,
"29/07/2024","15h30",,,,,,,,,,,,,,,,,,,,,,,,,,,,,,,,,,,,,,,,,,,,,,
"30/07/2024","8h00",8,25.4,54,37.8,0.06,7.99,23.9,,,0.53,7.99,23.9,,,0.5,7.98,23.6,,,0,7.98,23.5,,,0,7.96,23.6,53.7,37.59,0,7.95,23.6,53.7,37.59,0,6.44,23.8,360,198,0,8.11,24.3,483,265.65,0.8,0.03
"30/07/2024","10h30",,,,,,,,,,,,,,,,,,,,,,,,,,,,,,,,,,,,,,,,,,,,,,
"30/07/2024","15h30",,,,,,,,,,,,,,,,,,,,,,,,,,,,,,,,,,,,,,,,,,,,,,
"31/07/2024","8h00",8,25.6,53.6,37.52,0.04,7.98,23.3,,,0.45,7.99,23.3,,,0.5,7.96,23.2,,,0.04,7.98,23.2,,,0.01,7.95,23.1,53.6,37.52,0,7.97,23.1,53.5,37.45,0,6.37,23.5,329,180.95,0.01,7.96,24.2,475,261.25,0.9,0.01
"31/07/2024","10h30",,,,,,,,,,,,,,,,,,,,,,,,,,,,,,,,,,,,,,,,,,,,,,
"31/07/2024","15h30",,,,,,,,,,,,,,,,,,,,,,,,,,,,,,,,,,,,,,,,,,,,,,
"1/8/2024","8h00",8.01,26,53.9,37.73,0.03,7.99,24.1,,,0.47,7.99,24.1,,,0.51,7.97,24,,,0,7.98,23.9,,,0,7.96,23.9,53.7,37.59,0,7.96,23.9,53.6,37.52,0,6.37,24.2,505,277.75,0,8.25,24.9,527,289.85,1,0.03
"3/8/2024","8h00",8.05,26.8,54.2,37.94,0.18,7.93,26.6,,,0.64,7.96,26.6,,,0.72,7.94,26.5,,,0,7.94,26.5,,,0,7.93,26.4,53.9,37.73,0,7.93,26.4,53.9,37.73,0,6.45,25.3,367,201.85,0,8.11,26,628,345.4,0.9,0
"3/8/2024","10h30",,,,,,,,,,,,,,,,,,,,,,,,,,,,,,,,,,,,,,,,,,,,,,
"3/8/2024","15h30",,,,,,,,,,,,,,,,,,,,,,,,,,,,,,,,,,,,,,,,,,,,,,
"4/8/2024","8h00",8,27,53.9,37.73,0.1,7.98,25.9,,,0.41,7.98,25.9,,,0.35,7.96,26.1,,,0,7.97,25.9,,,0,7.97,25.8,53.9,37.73,0,7.95,25.7,53.9,37.73,0,6.6,26.8,702,386.1,0,8.27,27.05,663,364.65,0.8,0
"4/8/2024","10h30",,,,,,,,,,,,,,,,,,,,,,,,,,,,,,,,,,,,,,,,,,,,,,
"4/8/2024","15h30",,,,,,,,,,,,,,,,,,,,,,,,,,,,,,,,,,,,,,,,,,,,,,
"5/8/2024","8h00",8,26.2,54.1,37.87,0.1,7.98,25.7,,,0.47,7.98,25.7,,,0.52,7.93,24.9,,,0.11,7.93,24.9,,,0.03,7.98,24.8,54.1,37.87,0.02,7.98,24.8,54.1,37.87,0.08,6.5,25.6,409,224.95,0.07,8.03,26.4,574,315.7,0.8,0.26
"5/8/2024","10h30",,,,,,,,,,,,,,,,,,,,,,,,,,,,,,,,,,,,,,,,,,,,,,
"5/8/2024","15h30",,,,,,,,,,,,,,,,,,,,,,,,,,,,,,,,,,,,,,,,,,,,,,
"6/8/2024","8h00",8,25.2,53.9,37.73,0.28,7.99,24,,,0.37,7.98,24,,,0.31,7.95,24,,,0,7.96,24,,,0,7.95,24.1,53.9,37.73,0,7.94,24.2,53.9,37.73,0,6.35,25,406,223.3,0,8.2,25.4,537,295.35,0.9,0
"6/8/2024","10h30",,,,,,,,,,,,,,,,,,,,,,,,,,,,,,,,,,,,,,,,,,,,,,
"6/8/2024","15h30",,,,,,,,,,,,,,,,,,,,,,,,,,,,,,,,,,,,,,,,,,,,,,
"7/8/2024","8h00",8.01,25,53.8,37.66,0.22,7.98,24.4,,,0.52,7.98,24.3,,,0.38,7.97,24,,,0,7.96,23.6,,,0.09,7.96,23.7,53.7,37.59,0,7.96,23.7,53.7,37.59,0,6.4,23.7,614,337.7,0,8.17,24.7,525,288.75,0.8,0
"7/8/2024","10h30",,,,,,,,,,,,,,,,,,,,,,,,,,,,,,,,,,,,,,,,,,,,,,
"7/8/2024","15h30",,,,,,,,,,,,,,,,,,,,,,,,,,,,,,,,,,,,,,,,,,,,,,
"8/8/2024","8h00",8.3,24.4,53.7,37.59,0.02,8.3,22.4,,,0.31,8.3,22.4,,,0.26,8.3,22.4,,,0.09,8.3,22.4,,,0,8.15,22.2,53.5,37.45,0,8.2,22.2,53.5,37.45,0,6.5,22.8,350,192.5,0,8.09,23.3,503,276.65,0.8,0.06
"8/8/2024","10h30",,,,,,,,,,,,,,,,,,,,,,,,,,,,,,,,,,,,,,,,,,,,,,
"8/8/2024","15h30",,,,,,,,,,,,,,,,,,,,,,,,,,,,,,,,,,,,,,,,,,,,,,
"9/8/2024","8h00",8.3,25,53.7,37.59,0.03,8.26,24,,,0.1,8.26,24,,,0.27,8.25,24,,,0,8.25,23.8,,,0,8.2,23.8,53.6,37.52,0,8.2,23.7,53.6,37.52,0,6.5,24,628,345.4,0,8.3,24.2,471,259.05,0.8,0
"9/8/2024","10h30",,,,,,,,,,,,,,,,,,,,,,,,,,,,,,,,,,,,,,,,,,,,,,
"9/8/2024","15h30",,,,,,,,,,,,,,,,,,,,,,,,,,,,,,,,,,,,,,,,,,,,,,
"10/8/2024","8h00",8.21,25.8,53.9,37.73,0.13,8.2,24.8,,,0.58,8.2,24.8,,,0.27,8.16,24.8,,,0,8.16,24.6,,,0,8.16,24.5,53.8,37.66,0,8.17,24.5,53.8,37.66,0,6.85,25.2,580,319,0,8.18,25.4,479,263.45,0.8,0
"10/8/2024","10h30",,,,,,,,,,,,,,,,,,,,,,,,,,,,,,,,,,,,,,,,,,,,,,
"10/8/2024","15h30",,,,,,,,,,,,,,,,,,,,,,,,,,,,,,,,,,,,,,,,,,,,,,
"11/8/2024","8h00",8.25,24.2,53.8,37.66,0.1,8.22,24,,,0.39,8.2,24,,,0.38,8.2,23,,,0,8.16,22.9,,,0,8.16,22.9,53.7,37.59,0,8.15,22.8,53.7,37.59,0,6.71,23.1,322,177.1,0,8.14,23.9,490,269.5,1,0
"13/08/2024","8h00",8.29,25.2,54,37.8,0.82,8.27,24.7,,,1.47,8.27,24.7,,,0.59,8.26,24.6,,,0.17,8.24,24.6,,,0.15,8.25,24.4,54,37.8,0.03,8.25,24.8,54,37.8,0.03,6.72,25.1,442,243.1,0.01,8.22,24.9,615,338.25,0.6,0.01
"13/08/2024","10h30",,,,,,,,,,,,,,,,,,,,,,,,,,,,,,,,,,,,,,,,,,,,,,
"13/08/2024","15h30",,,,,,,,,,,,,,,,,,,,,,,,,,,,,,,,,,,,,,,,,,,,,,
"14/08/2024","8h00",8.31,25.4,53.8,37.66,0.18,8.28,25.2,,,0.86,8.28,25.3,,,0.59,8.25,25,,,0.06,8.25,25,,,0.08,8.2,24.8,53.7,37.59,0,8.2,24.8,53.7,37.59,0,6.8,25,638,350.9,0,8.18,24.9,579,318.45,0.9,0.02
"14/08/2024","10h30",,,,,,,,,,,,,,,,,,,,,,,,,,,,,,,,,,,,,,,,,,,,,,
"14/08/2024","15h30",,,,,,,,,,,,,,,,,,,,,,,,,,,,,,,,,,,,,,,,,,,,,,
"15/08/2024","8h00",8.3,26.2,53.9,37.73,0.18,8.28,25.9,,,0.81,8.27,25.9,,,0.6,8.27,25.8,,,0.06,8.26,25.8,,,0.08,8.26,25.8,53.8,37.66,0.02,8.24,26,53.8,37.66,0.01,6.78,27,429,235.95,0.01,8.18,27.1,625,343.75,0.8,0.09
"15/08/2024","10h30",,,,,,,,,,,,,,,,,,,,,,,,,,,,,,,,,,,,,,,,,,,,,,
"15/08/2024","15h30",,,,,,,,,,,,,,,,,,,,,,,,,,,,,,,,,,,,,,,,,,,,,,
"16/08/2024","8h00",8.29,26,53.8,37.66,0.14,8.27,25.6,,,0.34,8.28,25.6,,,0.26,8.29,25.3,,,0,8.25,25.3,,,0,8.25,25.7,53.7,37.59,0,8.24,25.7,53.7,37.59,0,6.66,26.8,638,350.9,0,8.15,27.7,579,318.45,0.8,0.03
"16/08/2024","10h30",,,,,,,,,,,,,,,,,,,,,,,,,,,,,,,,,,,,,,,,,,,,,,
"16/08/2024","15h30",,,,,,,,,,,,,,,,,,,,,,,,,,,,,,,,,,,,,,,,,,,,,,
"17/08/2024","8h00",8.3,27.3,53.8,37.66,0.16,8.29,26.8,,,0.72,8.27,26.9,,,0.52,8.27,27,,,0.1,8.26,27,,,0.12,8.25,26.8,53.7,37.59,0.02,8.24,26.7,53.7,37.59,0.01,6.78,27,638,350.9,0.01,8.21,26.5,579,318.45,0.8,0.03
"17/08/2024","10h30",,,,,,,,,,,,,,,,,,,,,,,,,,,,,,,,,,,,,,,,,,,,,,
"17/08/2024","15h30",,,,,,,,,,,,,,,,,,,,,,,,,,,,,,,,,,,,,,,,,,,,,,
"18/08/2024","8h00",8.3,29,54.1,37.87,0.29,8.29,28,,,0.85,8.24,28,,,0.31,8.28,27.6,,,0.03,8.27,27.5,,,0.01,8.27,27.2,54,37.8,0,8.27,27.2,54,37.8,0,6.7,27.4,640,352,0,8.21,27.4,682,375.1,0.8,0
"18/08/2024","10h30",,,,,,,,,,,,,,,,,,,,,,,,,,,,,,,,,,,,,,,,,,,,,,
"18/08/2024","15h30",,,,,,,,,,,,,,,,,,,,,,,,,,,,,,,,,,,,,,,,,,,,,,
"19/08/2024","8h00",8.29,26.2,53.9,37.73,0.32,8.24,26,,,0.52,8.24,26,,,0.43,8.24,26.1,,,0.08,8.23,26.2,,,0.09,8.21,26.2,53.9,37.73,0.03,8.2,26.1,53.9,37.73,0.05,6.91,26.6,784,431.2,0.02,8.44,27.2,650,357.5,0.8,0.03
"19/08/2024","10h30",,,,,,,,,,,,,,,,,,,,,,,,,,,,,,,,,,,,,,,,,,,,,,
"19/08/2024","15h30",,,,,,,,,,,,,,,,,,,,,,,,,,,,,,,,,,,,,,,,,,,,,,
"20/08/2024","8h00",8.1,25.6,54,37.8,0.29,8.09,24.8,,,1.03,8.08,24.6,,,0.76,8.06,24.3,,,0.03,8.05,24.4,,,0.07,8.03,24.2,54,37.8,0.01,8.03,24.2,54,37.8,0.02,6.62,24.6,400,220,0,7.92,25.2,591,325.05,0.9,0
"20/08/2024","10h30",,,,,,,,,,,,,,,,,,,,,,,,,,,,,,,,,,,,,,,,,,,,,,
"20/08/2024","15h30",,,,,,,,,,,,,,,,,,,,,,,,,,,,,,,,,,,,,,,,,,,,,,
"21/08/2024","8h00",8.08,24.2,53.7,37.59,0.09,8.05,23.4,,,0.32,8.04,23.4,,,0.17,8.02,22.8,,,0,8.02,22.8,,,0,8.01,23,53.8,37.66,0,8,23,53.8,37.66,0,6.57,24,322,177.1,0,8,24.6,566,311.3,0.8,0
"21/08/2024","10h30",,,,,,,,,,,,,,,,,,,,,,,,,,,,,,,,,,,,,,,,,,,,,,
"21/08/2024","15h30",,,,,,,,,,,,,,,,,,,,,,,,,,,,,,,,,,,,,,,,,,,,,,
"22/08/2024","8h00",8.05,25.5,53.8,37.66,0.17,8.02,23,,,0.66,8.02,23.1,,,0.41,8,22.5,,,0.05,8,22.4,,,0.04,8,22.2,53.7,37.59,0.01,8,22.1,53.7,37.59,0.02,6.57,22.5,532,292.6,0,7.96,22.9,583,320.65,0.8,0.01
"22/08/2024","10h30",,,,,,,,,,,,,,,,,,,,,,,,,,,,,,,,,,,,,,,,,,,,,,
"22/08/2024","15h30",,,,,,,,,,,,,,,,,,,,,,,,,,,,,,,,,,,,,,,,,,,,,,
"23/08/2024","8h00",8.08,22.5,53.6,37.52,0.1,8.05,21.5,,,0.3,8.04,21.6,,,0.41,8.03,21.4,,,0,8.02,21.3,,,0,8,21.4,53.6,37.52,0,8,21.4,53.6,37.52,0,6.64,22,287,157.85,0,8.15,22.7,494,271.7,0.8,0.06
"23/08/2024","10h30",,,,,,,,,,,,,,,,,,,,,,,,,,,,,,,,,,,,,,,,,,,,,,
"23/08/2024","15h30",,,,,,,,,,,,,,,,,,,,,,,,,,,,,,,,,,,,,,,,,,,,,,
"24/08/2024","8h00",8.08,23.2,53.6,37.52,0.1,8.05,22.8,,,0.52,8.04,22.8,,,0.41,8.03,21.7,,,0,8.02,21.7,,,0,8,22.4,53.6,37.52,0,8,22.4,53.6,37.52,0,6.64,23,287,157.85,0,7.96,23.2,502,276.1,0.9,0.02
"24/08/2024","10h30",,,,,,,,,,,,,,,,,,,,,,,,,,,,,,,,,,,,,,,,,,,,,,
"24/08/2024","15h30",,,,,,,,,,,,,,,,,,,,,,,,,,,,,,,,,,,,,,,,,,,,,,
"25/08/2024","8h00",8.01,25.1,53.6,37.52,0.17,8,22.9,,,0.29,8,22.9,,,0.42,8,22.8,,,0.07,8,22.6,,,0.05,7.99,22.6,53.6,37.52,0.01,7.99,22.7,53.6,37.52,0.01,6.71,22.6,514,282.7,0.01,8.03,23.4,500,275,,0.02
"25/08/2024","10h30",,,,,,,,,,,,,,,,,,,,,,,,,,,,,,,,,,,,,,,,,,,,,,
"25/08/2024","15h30",,,,,,,,,,,,,,,,,,,,,,,,,,,,,,,,,,,,,,,,,,,,,,
"26/08/2024","8h00",8.06,24.9,53.7,37.59,0.22,8.02,23.8,,,0.51,8.02,23.7,,,0.52,8,23.4,,,0,8,23.3,,,0,7.97,23.3,53.6,37.52,0,7.98,23.3,53.6,37.52,0,6.65,24.6,401,220.55,0,8.02,24.9,557,306.35,,0.01
"26/08/2024","10h30",,,,,,,,,,,,,,,,,,,,,,,,,,,,,,,,,,,,,,,,,,,,,,
"26/08/2024","15h30",,,,,,,,,,,,,,,,,,,,,,,,,,,,,,,,,,,,,,,,,,,,,,
"27/08/2024","8h00",8.07,25.3,53.7,37.59,0.18,8.05,24.4,,,0.36,8.05,24.4,,,0.41,8.02,24.3,,,0,8.02,24.3,,,0,8,24.1,53.6,37.52,0,8,24.1,53.6,37.52,0,6.61,24.9,707,388.85,0,8.07,25.1,576,316.8,0.8,0
"27/08/2024","10h30",,,,,,,,,,,,,,,,,,,,,,,,,,,,,,,,,,,,,,,,,,,,,,
"27/08/2024","15h30",,,,,,,,,,,,,,,,,,,,,,,,,,,,,,,,,,,,,,,,,,,,,,
"28/08/2024","8h00",8.02,24.4,53.9,37.73,0.1,8,23.3,,,0.49,8,23.2,,,0.23,8,23.4,,,0,8,23.3,,,0,7.98,23.4,53.9,37.73,0,7.98,23.4,53.9,37.73,0,6.66,23.9,360,198,0,8.08,25,564,310.2,0.7,0.15
"28/08/2024","10h30",,,,,,,,,,,,,,,,,,,,,,,,,,,,,,,,,,,,,,,,,,,,,,
"28/08/2024","15h30",,,,,,,,,,,,,,,,,,,,,,,,,,,,,,,,,,,,,,,,,,,,,,
"29/08/2024","8h00",8.08,23.2,53.6,37.52,0.18,8.07,21.2,,,0.31,8.07,21.2,,,0.12,8,21.4,,,0,8,21.4,,,0,7.96,21.3,53.5,37.45,0,7.99,21.3,53.5,37.45,0,6.67,21.6,372,204.6,0,8.06,22.3,518,284.9,0.7,0.08
"31/08/2024","8h00",8.02,23.4,53.4,37.38,0.21,8,22.3,,,0.61,8,22.4,,,0.22,8,22,,,0.01,8,22,,,0.01,7.96,21.4,53.4,37.38,0,7.98,21.4,53.4,37.38,0,6.77,21.5,397,218.35,0,8.06,22.1,485,266.75,0.7,0.1
"31/08/2024","10h30",,,,,,,,,,,,,,,,,,,,,,,,,,,,,,,,,,,,,,,,,,,,,,
"31/08/2024","15h30",,,,,,,,,,,,,,,,,,,,,,,,,,,,,,,,,,,,,,,,,,,,,,
"1/9/2024","8h00",8.08,23.6,53.8,37.66,0.24,8.05,21,,,0.52,8.05,20.9,,,0.56,8.02,20.8,,,0,8.02,20.8,,,0,8,20.8,53.7,37.59,0,8,20.7,53.7,37.59,0,6.66,21.3,289,158.95,0,8.11,22.1,480,264,0.9,0
"1/9/2024","10h30",,,,,,,,,,,,,,,,,,,,,,,,,,,,,,,,,,,,,,,,,,,,,,
"1/9/2024","15h30",,,,,,,,,,,,,,,,,,,,,,,,,,,,,,,,,,,,,,,,,,,,,,
"2/9/2024","8h00",8.08,24.2,53.9,37.73,0.22,8.05,23.8,,,0.5,8.05,23.8,,,0.62,8.03,23.3,,,0.02,8.03,23.4,,,0.03,8,23.7,53.8,37.66,0.01,8,23.6,53.8,37.66,0.01,6.57,22.9,497,273.35,0.01,8.25,23.3,499,274.45,0.9,0.01
"2/9/2024","10h30",,,,,,,,,,,,,,,,,,,,,,,,,,,,,,,,,,,,,,,,,,,,,,
"2/9/2024","15h30",,,,,,,,,,,,,,,,,,,,,,,,,,,,,,,,,,,,,,,,,,,,,,
"3/9/2024","8h00",8.06,24.6,53.8,37.66,0.14,8.04,22.9,,,0.45,8.02,22.6,,,0.39,8,22.4,,,0.1,8,22.4,,,0.08,8,22.6,53.7,37.59,0,8,22.6,53.7,37.59,0,6.69,22.8,350,192.5,0,8.34,24.1,622,342.1,0.7,0.2
"3/9/2024","10h30",,,,,,,,,,,,,,,,,,,,,,,,,,,,,,,,,,,,,,,,,,,,,,
"3/9/2024","15h30",,,,,,,,,,,,,,,,,,,,,,,,,,,,,,,,,,,,,,,,,,,,,,
"4/9/2024","8h00",8.08,25.3,53.8,37.66,0.42,8.06,23.8,,,0.58,8.06,23.8,,,0.44,8.04,23.9,,,0.1,8.03,23.9,,,0.12,8,24,53.7,37.59,0.06,8,24,53.7,37.59,0.05,6.45,24.6,473,260.15,0.06,8.31,24.9,599,329.45,1,0.2
"4/9/2024","10h30",,,,,,,,,,,,,,,,,,,,,,,,,,,,,,,,,,,,,,,,,,,,,,
"4/9/2024","15h30",,,,,,,,,,,,,,,,,,,,,,,,,,,,,,,,,,,,,,,,,,,,,,
"5/9/2024","8h00",8.08,24.2,53.8,37.66,0.35,8.07,24.1,,,0.55,8.07,24.1,,,0.62,8.06,23.7,,,0,8.06,23.7,,,0,8.02,23.8,53.7,37.59,0,8.02,23.8,53.7,37.59,0,6.69,24,388,213.4,0,8.08,25,660,363,0.9,0
"5/9/2024","10h30",,,,,,,,,,,,,,,,,,,,,,,,,,,,,,,,,,,,,,,,,,,,,,
"5/9/2024","15h30",,,,,,,,,,,,,,,,,,,,,,,,,,,,,,,,,,,,,,,,,,,,,,
"6/9/2024","8h00",8.07,27.5,53.9,37.73,0.2,8.04,25.4,,,0.84,8.04,25.2,,,0.81,8.01,25.3,,,0.08,8.01,25.1,,,0.06,8,25,53.8,37.66,0.05,8,25,53.8,37.66,0.07,6.62,25.3,391,215.05,0.09,8.04,25.4,619,340.45,0.8,0.18
"6/9/2024","10h30",,,,,,,,,,,,,,,,,,,,,,,,,,,,,,,,,,,,,,,,,,,,,,
"6/9/2024","15h30",,,,,,,,,,,,,,,,,,,,,,,,,,,,,,,,,,,,,,,,,,,,,,
"7/9/2024","8h00",8.09,27,53.8,37.66,0.39,8.06,25.4,,,1.02,8.06,25.4,,,0.82,8.04,24.9,,,0.1,8.04,24.8,,,0,8,24.8,53.8,37.66,0,8,24.8,53.8,37.66,0,6.48,25.4,416,228.8,0,8,24.6,590,324.5,0.8,0.12
"7/9/2024","10h30",,,,,,,,,,,,,,,,,,,,,,,,,,,,,,,,,,,,,,,,,,,,,,
"7/9/2024","15h30",,,,,,,,,,,,,,,,,,,,,,,,,,,,,,,,,,,,,,,,,,,,,,
"8/9/2024","8h00",8.06,26.8,53.9,37.73,0.15,,26.2,,,0.47,8.04,26.1,,,0.5,8,26.2,,,0,8,26.1,,,0,8,26.2,53.9,37.73,0,8,26.2,53.9,37.73,0,6.62,26.5,763,419.65,0.08,8.1,26.7,674,370.7,0.9,0.2
"8/9/2024","10h30",,,,,,,,,,,,,,,,,,,,,,,,,,,,,,,,,,,,,,,,,,,,,,
"8/9/2024","15h30",,,,,,,,,,,,,,,,,,,,,,,,,,,,,,,,,,,,,,,,,,,,,,
"9/9/2024","8h00",8.08,27.3,54,37.8,0.21,8.05,27,,,0.85,8.01,27,,,0.72,8.01,26.8,,,0.05,8,26.8,,,0.03,8,26.9,54,37.8,0,8,26.9,54,37.8,0,6.58,27,474,260.7,0.06,8.2,27.1,700,385,0.8,0.29
"9/9/2024","10h30",,,,,,,,,,,,,,,,,,,,,,,,,,,,,,,,,,,,,,,,,,,,,,
"9/9/2024","15h30",,,,,,,,,,,,,,,,,,,,,,,,,,,,,,,,,,,,,,,,,,,,,,
"10/9/2024","8h00",8.05,26.5,53.9,37.73,0.59,8.02,26.2,,,0.5,8.02,26.3,,,0.68,8,26.1,,,0,7.99,26,,,0,7.91,26,54,37.8,0,,,,,,,26.6,615,338.25,,8.2,27.5,740,407,0.9,0.1
"10/9/2024","10h30",,,,,,,,,,,,,,,,,,,,,,,,,,,,,,,,,,,,,,,,,,,,,,
"10/9/2024","15h30",,,,,,,,,,,,,,,,,,,,,,,,,,,,,,,,,,,,,,,,,,,,,,
"11/9/2024","8h00",8.04,26.5,53.9,37.73,0.76,8.02,26.2,,,1.6,8.03,26.2,,,1.39,8,26.4,,,0.07,8,26.4,,,0.09,7.99,25.3,53.9,37.73,0.06,7.98,25.3,53.9,37.73,0.07,6.68,26.8,678,372.9,0.11,8.34,27,774,425.7,1,0.15
"11/9/2024","10h30",,,,,,,,,,,,,,,,,,,,,,,,,,,,,,,,,,,,,,,,,,,,,,
"11/9/2024","15h30",,,,,,,,,,,,,,,,,,,,,,,,,,,,,,,,,,,,,,,,,,,,,,
"12/9/2024","8h00",8.04,25.8,53.9,37.73,0.54,8.03,25.2,,,0.42,8.02,25.1,,,0.65,8,25.1,,,0.08,8.01,25.3,,,0.12,8.03,25.2,53.9,37.73,0.06,8.05,25.2,53.8,37.66,0.07,6.71,25.5,565,310.75,0.08,8.26,26.6,765,420.75,1,0.17
"12/9/2024","10h30",,,,,,,,,,,,,,,,,,,,,,,,,,,,,,,,,,,,,,,,,,,,,,
"12/9/2024","15h30",,,,,,,,,,,,,,,,,,,,,,,,,,,,,,,,,,,,,,,,,,,,,,
"13/09/2024","8h00",,,,,,,,,,,,,,,,,,,,,,,,,,,,,,,,,,,,,,,,,,,,,,
"13/09/2024","10h30",,,,,,,,,,,,,,,,,,,,,,,,,,,,,,,,,,,,,,,,,,,,,,
"13/09/2024","15h30",,,,,,,,,,,,,,,,,,,,,,,,,,,,,,,,,,,,,,,,,,,,,,
"14/09/2024","8h00",7.95,23.8,53.3,37.31,0.53,7.92,23.3,,,1.33,7.93,23.3,,,1.69,7.92,23.1,,,0.12,7.91,23.1,,,0.1,7.9,22.8,53.3,37.31,0.08,7.9,22.9,53.3,37.31,0.09,6.67,23.6,574,315.7,0.11,8.21,24.2,713,392.15,1,0.2
"14/09/2024","10h30",,,,,,,,,,,,,,,,,,,,,,,,,,,,,,,,,,,,,,,,,,,,,,
"14/09/2024","15h30",,,,,,,,,,,,,,,,,,,,,,,,,,,,,,,,,,,,,,,,,,,,,,
"15/09/2024","8h00",7.9,23.1,53.4,37.38,2.83,7.88,21.5,,,4.52,7.89,21.4,,,4.44,7.86,21.1,,,0.17,7.86,21.1,,,0.17,7.84,21.3,53.3,37.31,0.08,7.85,21.3,53.3,37.31,0.09,6.51,21.6,415,228.25,0.1,7.96,22,608,334.4,0.8,0.44
"15/09/2024","10h30",,,,,,,,,,,,,,,,,,,,,,,,,,,,,,,,,,,,,,,,,,,,,,
"15/09/2024","15h30",,,,,,,,,,,,,,,,,,,,,,,,,,,,,,,,,,,,,,,,,,,,,,
"16/09/2024","8h00",7.93,24.9,53.8,37.66,0.26,7.92,23.5,,,1.11,7.93,23.6,,,0.74,7.91,23.6,,,0.05,7.91,23.6,,,0.04,7.96,23.1,53.8,37.66,0.03,7.95,23.2,53.8,37.66,0.02,6.65,23.7,507,278.85,0.05,8.05,24.1,654,359.7,1,0.09
"16/09/2024","10h30",,,,,,,,,,,,,,,,,,,,,,,,,,,,,,,,,,,,,,,,,,,,,,
"16/09/2024","15h30",,,,,,,,,,,,,,,,,,,,,,,,,,,,,,,,,,,,,,,,,,,,,,
"17/09/2024","8h00",7.95,24.9,54.1,37.87,0.38,7.92,24.2,,,0.95,7.93,24.1,,,1.05,7.9,24.1,,,0.09,7.92,24.1,,,0.15,7.89,23.7,54.1,37.87,0.07,7.89,23.9,54.1,37.87,0.11,6.67,24.3,527,289.85,0.13,8.06,24.3,699,384.45,1,0.18
"17/09/2024","10h30",,,,,,,,,,,,,,,,,,,,,,,,,,,,,,,,,,,,,,,,,,,,,,
"17/09/2024","15h30",,,,,,,,,,,,,,,,,,,,,,,,,,,,,,,,,,,,,,,,,,,,,,
"18/09/2024","8h00",7.9,24.3,54,37.8,0.51,7.89,23.5,,,1.38,7.89,23.7,,,1.31,7.92,23.3,,,0.13,7.92,23.2,,,0.13,7.83,23.6,54,37.8,0.16,7.88,23.3,54,37.8,0.18,6.55,24.2,491,270.05,0.16,7.98,24.7,682,375.1,1,0.21
"20/09/2024","8h00",7.9,24.3,53.9,37.73,0.3,7.89,23.5,,,1.08,7.9,23.5,,,0.98,7.91,23.3,,,0.26,7.9,23.3,,,0.14,7.86,23.2,53.8,37.66,0.1,7.87,23.3,53.8,37.66,0.12,6.7,23.9,692,380.6,0.16,8.03,24.2,637,350.35,1,0.17
"20/09/2024","10h30",,,,,,,,,,,,,,,,,,,,,,,,,,,,,,,,,,,,,,,,,,,,,,
"20/09/2024","15h30",,,,,,,,,,,,,,,,,,,,,,,,,,,,,,,,,,,,,,,,,,,,,,
"21/09/2024","8h00",8.01,22.3,53.5,37.45,0.43,7.99,21.5,,,0.8,7.99,21.6,,,0.61,7.97,21.6,,,0.05,7.96,21.5,,,0.11,7.95,21.3,53.3,37.31,0.07,7.95,21.3,53.3,37.31,0.06,6.7,22.1,337,185.35,0.07,8.1,22.5,587,322.85,0.9,0.2
"21/09/2024","10h30",,,,,,,,,,,,,,,,,,,,,,,,,,,,,,,,,,,,,,,,,,,,,,
"21/09/2024","15h30",,,,,,,,,,,,,,,,,,,,,,,,,,,,,,,,,,,,,,,,,,,,,,
"22/09/2024","8h00",7.99,23.3,53.2,37.24,0.29,7.99,22,,,0.33,7.98,22,,,0.26,7.96,22.1,,,0,7.98,22.1,,,0,7.97,22.2,53.2,37.24,0,7.95,22,53.2,37.24,0,,22.5,395,217.25,0,8.1,22.9,580,319,1,0
"22/09/2024","10h30",,,,,,,,,,,,,,,,,,,,,,,,,,,,,,,,,,,,,,,,,,,,,,
"22/09/2024","15h30",,,,,,,,,,,,,,,,,,,,,,,,,,,,,,,,,,,,,,,,,,,,,,
"23/09/2024","8h00",8,24.9,53.4,37.38,0,7.98,22.7,,,0.25,7.97,22.6,,,0.31,7.96,22.5,,,0,7.96,22.5,,,0,7.94,22.3,53.3,37.31,0,7.94,22.4,53.3,37.31,0,6.65,23.1,529,290.95,0,7.93,23.2,594,326.7,0.9,0
"23/09/2024","10h30",,,,,,,,,,,,,,,,,,,,,,,,,,,,,,,,,,,,,,,,,,,,,,
"23/09/2024","15h30",,,,,,,,,,,,,,,,,,,,,,,,,,,,,,,,,,,,,,,,,,,,,,
"24/09/2024","8h00",7.99,23.3,53.3,37.31,0.01,7.96,21.5,,,0.08,7.96,21.5,,,0.12,7.94,21.5,,,0,7.95,21.4,,,0,7.93,20.7,53.3,37.31,0,7.93,20.8,53.3,37.31,0,6.67,21.4,527,289.85,0,8.03,22.5,610,335.5,1,0
"24/09/2024","10h30",,,,,,,,,,,,,,,,,,,,,,,,,,,,,,,,,,,,,,,,,,,,,,
"24/09/2024","15h30",,,,,,,,,,,,,,,,,,,,,,,,,,,,,,,,,,,,,,,,,,,,,,
"25/09/2024","8h00",7.99,23.6,53.2,37.24,0.01,7.98,22.5,,,0.14,7.97,22.6,,,0.1,7.95,22.4,,,0,7.95,22.4,,,0,7.92,21.9,53.1,37.17,0,7.93,22,53.1,37.17,0,6.58,22.5,463,254.65,0,8.04,23.3,629,345.95,1,0
"25/09/2024","10h30",,,,,,,,,,,,,,,,,,,,,,,,,,,,,,,,,,,,,,,,,,,,,,
"25/09/2024","15h30",,,,,,,,,,,,,,,,,,,,,,,,,,,,,,,,,,,,,,,,,,,,,,
"26/09/2024","8h00",8.01,24.5,53.4,37.38,0.01,8,23.5,,,0.36,8.01,23.5,,,0.19,7.99,23.3,,,0,7.99,23.3,,,0,7.98,23.2,53.4,37.38,0,7.97,23.4,53.4,37.38,0,6.73,23.8,607,333.85,0,8.4,24.2,662,364.1,1,0
"26/09/2024","10h30",,,,,,,,,,,,,,,,,,,,,,,,,,,,,,,,,,,,,,,,,,,,,,
"26/09/2024","15h30",,,,,,,,,,,,,,,,,,,,,,,,,,,,,,,,,,,,,,,,,,,,,,
"27/09/2024","8h00",8.02,24.8,53.3,37.31,0.01,8,23.6,,,0.01,8,23.6,,,0.01,8,23.5,,,0,8,23.5,,,0,7.98,23.5,53.3,37.31,0,7.98,23.5,53.3,37.31,0,6.45,24,587,322.85,0,8.14,24.1,710,390.5,1,0
"27/09/2024","10h30",,,,,,,,,,,,,,,,,,,,,,,,,,,,,,,,,,,,,,,,,,,,,,
"27/09/2024","15h30",,,,,,,,,,,,,,,,,,,,,,,,,,,,,,,,,,,,,,,,,,,,,,
"28/09/2024","8h00",7.98,24.7,53.3,37.31,0.01,8,23.7,,,0.19,8,23.7,,,0.15,8.01,23.6,,,0,8.02,23.5,,,0,7.99,23.4,53.2,37.24,0,8,23.5,53.2,37.24,0,6.58,24.4,529,290.95,0,8.15,24.3,670,368.5,1,0
"28/09/2024","10h30",,,,,,,,,,,,,,,,,,,,,,,,,,,,,,,,,,,,,,,,,,,,,,
"28/09/2024","15h30",,,,,,,,,,,,,,,,,,,,,,,,,,,,,,,,,,,,,,,,,,,,,,
"29/09/2024","8h00",8.05,24.3,53,37.1,2.63,8.03,23,,,3.62,8.06,23.1,,,4.64,8.07,23,,,0,8.07,22.9,,,0,7.99,23.1,53,37.1,0,8,23.1,53,37.1,0,6.82,23.7,729,400.95,0,8.13,24.2,671,369.05,1,0
"29/09/2024","10h30",,,,,,,,,,,,,,,,,,,,,,,,,,,,,,,,,,,,,,,,,,,,,,
"29/09/2024","15h30",,,,,,,,,,,,,,,,,,,,,,,,,,,,,,,,,,,,,,,,,,,,,,
"30/09/2024","8h00",8.05,24,53,37.1,0.12,8.03,22.6,,,1.08,8.02,22.6,,,1.19,8.01,22.4,,,0,8.01,22.4,,,0,7.98,22.4,53,37.1,0,7.99,22.4,53,37.1,0,6.69,22.8,384,211.2,0,8.17,23.4,641,352.55,1,0
"01/10/24","10h00",8.03,24.6,53,37.1,,8,22.4,,,0.45,8.01,22.4,,,0.3,7.98,22.2,,,0,7.98,22.2,,,0,8.03,21.9,53,37.1,0,8.04,21.9,53,37.1,0,6.78,22.4,630,346.5,0,8.16,22.9,640,352,1,0
"02/10/24","10h00",8.02,25.4,53.3,37.31,0,8.06,23.1,,,0.22,8.07,23.1,,,0.35,8.05,23,,,0,8.05,23,,,0,7.99,23.1,53.3,37.31,0,8,23.1,53.3,37.31,0,6.77,23.3,619,340.45,0,8.23,23.1,646,355.3,1,0
"03/10/24","10h00",8.05,23.4,53.1,37.17,0,8.02,23.1,,,0.14,8.02,23.1,,,0.04,8,23,,,0,8.01,23,,,0,8.04,22.9,53.1,37.17,0,8.04,22.9,53.1,37.17,0,6.72,23.2,578,317.9,0,8.19,23.8,668,367.4,1,0
"04/10/24","10h00",,,,,,,,,,,,,,,,,,,,,,,,,,,,,,,,,,,,,,,,,8.2,23.5,664,365.2,1,0
"05/10/24","10h00",8.1,23.8,54,37.8,0.15,8.08,23,,,0.14,8.08,23,,,0.17,8.07,23.9,,,0,8.07,23.9,,,0,8.05,23.5,54,37.8,0,8.05,23.5,54,37.8,0,6.67,23.4,437,240.35,0,8.14,23.1,632,347.6,1,0
"06/10/24","10h00",8.05,24.7,53.1,37.17,0,8.03,23.1,,,1.02,8.04,23.1,,,0.91,8.07,23,,,0,8.07,23,,,0,8,22.9,53,37.1,0,8.01,23,53,37.1,0,6.71,23.5,675,371.25,0,8.14,23.9,710,390.5,1,0
"07/10/24","10h00",8.03,25.2,53.2,37.24,0.22,8.08,23.5,,,0.45,8.07,23.5,,,0.23,8.07,23.3,,,0,8.07,23.3,,,0,8.04,25,53.1,37.17,0,8.05,23,53.1,37.17,0,6.72,23.5,672,369.6,0,8.29,24.2,724,398.2,1,0
"08/10/24","10h00",8.05,24.4,53.1,37.17,0.21,8.06,23,,,0.6,8.06,23,,,0.64,8.05,22.9,,,0,8.05,22.9,,,0,8.03,22.9,53,37.1,0,8.03,22.9,53,37.1,0,6.74,23.6,658,361.9,0,8.13,23.3,695,382.25,1,0
"09/10/24","10h00",8.03,25.3,53.2,37.24,0.01,8,23.6,,,0.95,8.01,23.6,,,1.04,8,23.5,,,0,8,23.5,,,0,7.99,23.2,53,37.1,0,7.99,23.2,53,37.1,0,6.75,23.8,413,227,0,8.01,24.5,672,369.6,1,0
"10/10/24","10h00",,,,,,,,,,,,,,,,,,,,,,,,,,,,,,,,,,,,,,,,,,,,,,
"11/10/24","10h00",,,,,,,,,,,,,,,,,,,,,,,,,,,,,,,,,,,,,,,,,,,,,,
"12/10/24","10h00",8.06,25.1,53.6,37.52,0.16,8.05,24.9,,,0.88,8.05,24.9,,,0.73,8.04,24.8,,,0,8.04,24.8,,,0,8,24.4,53.5,37.45,0,8,24.4,53.5,37.45,0,6.72,24.1,362,199,0,7.96,24.3,670,368.5,0.9,0
"13/10/2024","10h00",8.11,25.7,53.4,37.38,0.01,8.12,23.8,,,0.76,8.1,23.6,,,0.22,8.1,23.6,,,0,8.1,23.6,,,0,8.06,23.5,53.4,37.38,0,8.09,23.5,53.3,37.31,0,6.68,23.9,481,265,0,8.3,24.5,681,374.55,0.9,0
"14/10/2024","10h00",8.04,26.7,53.3,37.31,0.01,8.03,24,,,0.83,8.04,24,,,0.56,8.02,24.1,,,0,8.02,24.2,,,0,8,23.4,53.4,37.38,0,7.98,23.4,53.4,37.38,0,6.74,24.1,431,237,0,8,24.7,675,371.25,0.9,0
"15/10/2024","10h00",8.08,24.8,53.5,37.45,0.01,8.07,23.5,,,0.47,8.07,23.5,,,0.5,8.06,23.5,,,0,8.06,23.5,,,0,8.05,23.2,53.5,37.45,0,8.04,23.3,53.5,37.45,0,6.7,23.9,427,235,0,8.06,24.4,669,367.95,0.9,0
"16/10/2024","10h00",8.06,26.3,53.6,,0.09,8.08,24,,,0.31,8.09,24,,,0.33,8.07,23.9,,,0,8.07,23.9,,,0,8.07,23.5,53.4,37.38,0,8.08,23.5,53.4,37.38,0,6.75,23.9,560,308,0,8.04,24.6,663,364.65,0.9,0
"17/10/2024","10h00",8.13,25.2,53.7,37.59,0.14,8.12,24.4,,,0.12,8.1,24.2,,,0.17,8.08,24.3,,,0,8.05,24.3,,,0,7.99,24.4,53.6,37.52,0,7.99,24.4,53.6,37.52,0,6.71,24.5,401,220.55,0,8.26,24.7,789,433.95,1,0
"18/10/2024","10h00",,,,,,,,,,,,,,,,,,,,,,,,,,,,,,,,,,,,,,,,,,,,,,
"19/10/2024","10h00",8.09,22.6,53.6,37.52,0.13,8.08,22.2,,,0.84,8.08,22.3,,,0.61,8.06,22.4,,,0,8.06,22.4,,,0,8,22.8,53.4,37.38,0,8,22.9,53.4,37.38,0,6.78,23.5,418,229.9,0,8.01,23.6,613,337.15,1,0
"20/10/2024","10h00",8.1,24.1,53.4,37.38,0.1,8.08,23.4,,,0.13,8.09,23.3,,,0.12,8.06,23.2,,,0,8.06,23.4,,,0,8.02,23.2,53.4,37.38,0,8.02,23.4,53.4,37.38,0,6.61,23.5,653,359.15,0,8.06,23.6,633,348.15,1,0
"21/10/2024","10h00",8.1,23.3,53.1,37.17,0.01,8.09,22.7,,,0.52,8.09,22.7,,,0.42,8.06,22.5,,,0,8.06,22.5,,,0,8.15,22.3,53.1,37.17,0,8.14,22.4,53.1,37.17,0,6.75,22.8,683,375.65,0,8.27,20.7,604,332.2,1,0
"22/10/2024","10h00",8.09,23.1,53,37.1,0.01,8.08,22.3,,,0.24,8.07,22.3,,,0.15,8.07,22.1,,,0,8.07,22.1,,,0,8.06,22,53,37.1,0,8.07,22.1,53,37.1,0,6.61,22.6,432,237.6,0,8.01,23.2,592,325.6,1,0
"23/10/2024","10h00",8.1,23.7,53.3,37.31,0.01,8.09,22.5,,,0.37,8.08,22.5,,,0.36,8.07,22.2,,,0,8.07,22.2,,,0,8.05,22.1,53.1,37.17,0,8.06,22.2,53.1,37.17,0,6.68,22.6,626,344.3,0,8,23,595,327.25,1,0
"24/10/2024","10h00",8.07,23.2,53.2,37.24,0.01,8.05,22.4,,,0.09,8.06,22.4,,,0.13,8.03,23.3,,,0,8.03,,,,0,8.02,22,53.2,37.24,0,8.02,22,53.2,37.24,0,6.75,22.6,458,251.9,0,7.98,21.8,598,328.9,1,0
"25/10/2024","10h00",,,,,,,,,,,,,,,,,,,,,,,,,,,,,,,,,,,,,,,,,,,,,,
"26/10/2024","10h00",8.1,22.1,53.1,37.17,0.11,8.08,22,,,0.12,8.08,22.1,,,0.14,8.08,22.2,,,0,8.06,22.2,,,0,8.02,22.2,53.1,37.17,0,8.02,22.1,53.1,37.17,0,6.87,22.9,645,354.75,0,8.07,23.1,591,325.05,1,0
"27/10/2024","10h00",8.1,23,53,37.1,0.16,8.09,22.8,,,0.41,8.08,23,,,0.31,8.06,22.8,,,0,8.06,22.6,,,0,8.06,22.4,53,37.1,0,8.06,22.6,53,37.1,0,6.65,22.4,416,228.8,0,8.08,22.3,591,325.05,1,0
"28/10/2024","10h00",8.17,24.5,53.1,37.17,0.01,8.16,21.9,,,0.53,8.16,21.9,,,0.39,8.14,21.8,,,0,8.14,21.9,,,0,8.12,21.9,53.1,37.17,0,8.12,21.9,53.1,37.17,0,6.69,22.3,494,271.7,0,8.02,22,561,308.55,0.9,0
"29/10/2024","10h00",8.19,24.2,53,37.1,0.01,8.17,22,,,1.02,8.16,22,,,0.98,8.14,22,,,0,8.14,22,,,0,8.13,21.7,53,37.1,0,8.13,21.7,53,37.1,0,6.64,22.3,643,353.65,0,8.09,22.7,550,302.5,1,0
"30/10/2024","10h00",8.14,24.4,53.3,37.31,0.02,8.13,22.4,,,0.75,8.13,22.4,,,0.83,8.11,22.2,,,0,8.11,22.2,,,0,8.09,21.9,53.3,37.31,0,8.09,21.9,53.3,37.31,0,6.65,22.2,471,259.05,0,8.03,23,551,303.05,1,0
"31/10/2024","10h00",8.16,23.5,53.3,37.31,,8.14,21.9,,,,8.14,21.9,,,,8.13,21.9,,,0,8.13,21.9,,,0,8.11,21.7,53.1,37.17,0,8.4,21.8,53.1,37.17,0,6.62,22.2,361,198.55,0,7.99,22.5,553,304.15,1,0
"01/11/24","10h00",8.16,23.8,53,37.1,0.17,8.16,22.5,,,0.2,8.15,22.5,,,0.18,8.11,22.4,,,0,8.14,22.4,,,0,8.13,22.3,53,37.1,0,8.12,22.3,53,37.1,0,6.72,22.2,327,179.85,0,8.02,22.5,553,304.15,1,0
"02/11/24","10h00",8.19,23.5,53.1,37.17,0.18,8.18,22.5,,,0.52,8.18,22.5,,,0.41,8.15,22.4,,,0,8.15,22.5,,,0,8.16,22.2,53.1,37.17,0,8.15,22.3,53.1,37.17,0,6.62,22.6,423,232.65,0,8.05,22.9,542,298.1,1,0
"03/11/24","10h00",8.13,23.7,53.2,37.24,0.05,8.12,22.2,,,0.22,8.12,22.2,,,0.17,8.1,22,,,0,8.1,22,,,0,8.11,21.5,53.2,37.24,0,8.11,21.5,53.2,37.24,0,6.65,22.3,410,225.5,0,8.06,22.7,516,283.8,1,0
"04/11/24","10h00",8.02,24,53.3,37.31,0.01,8,22.6,,,0.24,8,22.6,,,,7.99,22.5,,,0,7.99,22.5,,,0,7.97,22.3,53.1,37.17,0,7.97,22.3,53.1,37.17,0,6.44,22.4,449,246.95,0,8.17,22.4,520,286,1,0
"05/11/24","10h00",8,23.5,53.3,37.31,0.01,7.97,22.1,,,0.29,7.98,22,,,0.16,7.95,21.9,,,0,7.94,21.9,,,0,7.92,21.8,53.2,37.24,0,7.92,21.8,53.2,37.24,0,6.49,22.3,467,256.85,0,8.06,22.5,515,283.25,1,0
"06/11/24","10h00",8.02,22.2,53.1,37.17,0.01,8,21.8,,,0.28,8,21.8,,,0.17,7.97,21.7,,,0,7.98,21.7,,,0,7.95,21.7,53.1,37.17,0,7.95,21.8,53.1,37.17,0,6.45,22.2,419,230.45,0,8.2,22.3,516,283.8,1,0
"07/11/24","10h00",,,,,,,,,,,,,,,,,,,,,,,,,,,,,,,,,,,,,,,,,,,,,,
"08/11/24","10h00",8.06,22.2,53.1,37.17,0.08,8,21.8,,,0.3,8,21.8,,,0.38,8,21.7,,,0,8,21.7,,,0,8,21.2,53.1,37.17,0,8,21,53.1,37.17,0,6.42,22.2,418,229.9,0,8.34,22.3,518,284.9,1,0
"09/11/24","10h00",8.1,23.1,53,37.1,0.19,8.1,22.5,,,0.33,8.1,22.5,,,0.43,8.08,22.4,,,0,8.08,22.4,,,0,8.05,22.3,53,37.1,0,8.05,22.3,53,37.1,0,6.63,22.2,440,242,0,8.4,22.4,529,290.95,1,0
"10/11/24","10h00",8.05,21.5,53.1,37.17,0.46,8.03,21.4,,,0.4,8.03,21.4,,,0.26,8,21.3,,,0,8,21.3,,,0,7.98,21.4,53.1,37.17,0,7.98,21.4,53.1,37.17,0,6.58,21.9,405,222.75,0,8.19,21.3,526,289.3,1,0
"11/11/24","10h00",8.08,21.3,53.1,37.17,0.98,8.06,21.3,,,3.98,8.06,21.3,,,2.27,8,21.3,,,0,8,21.2,,,0,7.93,21.2,53,37.1,0,7.93,21.2,53,37.1,0,6.6,21.4,397,218.35,0,8.49,22,504,277.2,1,0
"12/11/24","10h00",8.04,20.5,52.9,37.03,12,7.98,20.6,,,7.13,7.98,20.6,,,7.82,7.95,20.7,,,0,7.95,20.7,,,0,7.93,20.9,52.9,37.03,0,7.93,20.9,52.9,37.03,0,6.65,21.4,396,217.8,0,8.33,20.8,503,276.65,1,0
"13/11/2024","10h00",8.07,21.4,53.1,37.17,3.34,8,21.3,,,2.34,8,21.2,,,2.27,7.94,21,,,0,7.94,21,,,0,7.97,20.6,53,37.1,0,7.96,20.6,53,37.1,0,6.76,21.3,345,189.75,0,8.31,21.9,500,275,1,0
"14/11/2024","10h00",8.06,21.7,53.2,37.24,2.62,8.04,20.9,,,2.87,8.05,20.9,,,2.93,8.01,20.9,,,0,8.01,20.9,,,0,7.94,20.6,53,37.1,0,7.95,20.7,53,37.1,0,6.69,21.1,402,221.1,0,8.4,20.9,495,272.25,1,0
"15/11/2024","10h00",8.09,21.9,53,37.1,0.98,8.08,21.6,,,0.99,8.08,21.6,,,1,8.07,21.5,,,0,8.07,21.5,,,0,8.03,21.4,53,37.1,0,8.03,21.3,53,37.1,0,6.72,21.4,407,223.85,0,8.4,21.9,485,266.75,1,0
"16/11/2024","10h00",8.03,21.3,53,37.1,0.52,8.02,20.5,,,1.28,8.02,20.5,,,1.33,8,20.6,,,0,8,20.6,,,0,8,20.3,53.1,37.17,0,8,20.3,53.1,37.17,0,6.6,20.4,435,239.25,0,8.34,21.2,483,265.65,1,0
"17/11/2024","10h00",8.05,22.5,53.2,37.24,0.29,8.03,21,,,1.44,8.03,21,,,1.14,8.01,20.9,,,0,8.01,20.9,,,0,7.98,20.5,53.2,37.24,0,7.98,20.5,53.2,37.24,0,6.62,21.1,397,218.35,0,8.26,21.5,481,264.55,1,0
"18/11/2024","10h00",8.04,21.2,53.3,37.31,0.29,8,20.8,,,1.44,8,20.8,,,1.14,7.99,20.7,,,0,7.99,20.7,,,0,7.96,20.6,53,37.1,0,7.97,20.6,53,37.1,0,6.58,21.3,392,215.6,0,8.18,21.8,489,268.95,1,0
"19/11/2024","10h00",8.04,20.9,53.3,37.31,0.43,8,20.7,,,0.37,8,20.7,,,0.33,7.98,20.6,,,0,7.98,20.6,,,0,7.95,20.7,53.3,37.31,0,7.96,20.7,53.3,37.31,0,6.55,21.2,377,207.35,0,8.12,21.6,484,266.2,1,0
"20/11/2024","10h00",8.13,21.3,53.2,37.24,0.45,8.11,20.8,,,0.1,8.12,20.8,,,0.15,8.1,20.7,,,0,8.1,20.7,,,0,8.09,20.6,53.2,37.24,0,8.09,20.6,53.2,37.24,0,6.55,21.2,333,183.15,0,8.22,21.4,483,265.65,1,0
"21/11/2024","10h00",8.18,20.8,53.1,37.17,0.48,8.12,20.7,,,0.45,8.12,20.7,,,0.28,8.1,20.7,,,0,8.1,20.7,,,0,8.08,20.8,53,37.1,0,8.08,20.8,53,37.1,0,6.72,20.9,386,212.3,0,8.33,21.2,484,266.2,1,0
"22/11/2024","10h00",8.13,19.9,53.2,37.24,1.85,8.11,20.1,,,0.78,,20.2,,,0.55,8.06,20.1,,,0,8,20.1,,,0,8,20.2,53.1,37.17,0,8,20.2,53.1,37.17,0,6.61,20.6,370,203.5,0,8.38,20.8,478,262.9,1,0
"23/11/2024","10h00",8.13,20.8,53,37.1,0.53,8.1,20.4,,,1.61,8.1,20.4,,,0.96,8.09,20.5,,,0,8.09,20.5,,,0,8.08,20.6,53,37.1,0,8.08,20.6,53,37.1,0,6.68,21.1,346,190.3,0,8.25,21.3,468,257.4,1,0
"24/11/2024","10h00",8.13,20,53.4,37.38,0.01,8.08,19.9,,,0.76,,20,,,0.68,8.07,20,,,0,8.07,20,,,0,8.06,19.7,53.4,37.38,0,8.06,19.7,53.4,37.38,0,6.6,20.3,355,195.25,0,8.1,20.8,466,256.3,1,0
"25/11/2024","10h00",8.12,20.6,53.3,37.31,0.01,8.11,20.1,,,0.78,8.1,20.1,,,0.55,8.09,20,,,0,8.08,20,,,0,8.06,19.8,53.2,37.24,0,,,,,,,,,,,8.47,21,459,252.45,0.2,0
"26/11/2024","10h00",8.1,20.4,53.4,37.38,0.01,8.09,20.4,,,0.88,8.08,20.4,,,0.79,8.06,20.4,,,0,8.05,20.4,,,0,8.03,20.7,53.4,37.38,0,8.03,20.5,53.4,37.38,0,6.4,20.7,317,174.35,0,8.19,21.3,459,252.45,1,0
"27/11/2024","10h00",8.12,20,53.4,37.38,0.29,8.1,20.2,,,0.74,8.1,20.1,,,0.62,8.1,20.1,,,0,8.08,20.1,,,0,8.08,20.1,53.4,37.38,0,8.05,20.1,53.4,37.38,0,6.48,20.5,404,222.2,0,8.18,21,465,255.75,1,0
"28/11/2024","10h00",8.11,20.7,53.5,37.45,0.01,8.1,20.2,,,0.46,8.9,20.2,,,0.35,8.07,20.1,,,0,8.07,20.1,,,0,8.06,20,53.5,37.45,0,8.06,20.1,53.5,37.45,0,6.4,20.4,354,194.7,0,8.47,21,462,254.1,1,0
"29/11/2024","10h00",8.13,20.6,53.2,37.24,0.44,8.1,19.8,,,0.32,8.1,19.8,,,0.27,8.08,19.9,,,0,8.08,19.9,,,0,8.07,20,53.1,37.17,0,8.07,20,53.1,37.17,0,6.44,20.2,346,190.3,0,8.48,20.8,462,254.1,1,0
"30/11/2024","10h00",8.13,19.9,53.5,37.45,0.15,8.12,19.4,,,0.19,8.12,19.4,,,0.25,8.11,19.3,,,0,8.11,19.3,,,0,8.1,19.3,53.4,37.38,0,8.1,19.3,53.4,37.38,0,6.47,20.2,342,188.1,0,8.37,20.9,472,259.6,1,0
"01/12/24","10h00",8.1,19.9,53.4,37.38,0.01,8.05,19.5,,,0.17,8.05,19.5,,,0.12,8.02,19.5,,,0,8.03,19.5,,,0,8,19.6,53.2,37.24,0,8,19.7,53.2,37.24,0,6.3,20.2,347,190.85,0,8.37,20.4,455,250.25,1,0
"02/12/24","10h00",8.06,19.5,53.4,37.38,0.01,8.03,19.6,,,0.25,8.03,19.5,,,0.23,8,19.4,,,0,8.01,19.4,,,0,7.98,19.3,53.4,37.38,0,7.98,19.4,53.4,37.38,0,6.4,20.1,348,191.4,0,8.12,20.5,458,251.9,1,0
"03/12/24","10h00",8,19.2,53.4,37.38,0.01,7.97,19.3,,,0.17,7.97,19.3,,,0.25,7.95,19.3,,,0,7.95,19.2,,,0,7.94,19.2,53.4,37.38,0,7.94,19.2,53.4,37.38,0,6.38,19.8,343,188.65,0,8.48,20.4,452,248.6,1,0
"04/12/24","10h00",8.01,18.8,53.5,37.45,0.01,7.99,19,,,0.42,7.99,19,,,0.34,7.96,19.1,,,0,7.96,19.1,,,0,7.94,18.9,53.5,37.45,0,7.94,18.9,53.5,37.45,0,6.32,19.2,345,189.75,0,8.35,20,451,248.05,1,0
"05/12/24","10h00",7.99,18.7,53.4,37.38,3.77,7.95,18.6,,,2.77,7.95,18.6,,,2.3,7.93,18.5,,,0,7.93,18.5,,,0,7.93,18.7,53.3,37.31,0,7.92,18.7,53.3,37.31,0,6.3,19.5,330,181.5,0,8.3,19.6,442,243.1,1,0
"06/12/24","10h00",8,18,53.4,37.38,1.8,7.98,18.2,,,1.7,7.98,18.2,,,1.66,7.98,18.2,,,0.01,7.98,18.2,,,0.01,7.96,18.2,53.4,37.38,0,7.96,18.2,53.4,37.38,0,6.31,19.6,330,181.5,0,8.34,19.4,443,243.65,1,0
"07/12/24","10h00",7.99,18.8,53.2,37.24,0.72,7.98,19,,,0.46,7.98,19,,,0.38,7.97,19.1,,,0,7.97,19.1,,,0,7.97,18.9,53.2,37.24,0,7.98,19,53.2,37.24,0,6.33,19.2,340,187,0,8.31,19.5,445,244.75,1,0
"08/12/24","10h00",8,18.7,53.3,37.31,5.25,7.98,18.6,,,4.53,7.99,18.5,,,4.29,7.96,18.5,,,0,7.96,18.6,,,0,7.95,18.6,53.1,37.17,0,7.95,18.8,53.2,37.24,0,6.46,18.9,335,184.25,0,8.2,19.2,438,240.9,1.1,0
"09/12/24","10h00",8.02,18.1,53.5,37.45,10.9,7.97,17.9,,,5.43,7.96,17.9,,,6.14,7.96,17.9,,,0,7.98,17.7,,,0,7.94,18,53.4,37.38,0,7.94,18.1,53.4,37.38,0,6.47,18.6,325,178.75,0,8.5,19.4,428,235.4,1,0
"10/12/24","10h00",,,,,,,,,,,,,,,,,,,,,,,,,,,,,,,,,,,,6.45,18.3,315,173.25,0,8.23,18.8,425,233.75,1.1,0.23
"11/12/24","10h00",8.01,17,53.5,,0.33,7.98,17.5,,,1.66,7.98,17.5,,,1.33,7.96,17.5,,,0,7.96,17.5,,,0,7.93,17.4,53.5,,0,7.93,17.4,53.5,,0,6.3,18.1,310,170.5,0,8.23,18.6,422,232.1,1,0.04
"12/12/24","10h00",8.01,17.5,53.5,37.45,0.41,7.98,17.9,,,0.81,7.98,17.9,,,0.58,7.95,17.7,,,0,7.94,17.7,,,0,7.92,17.6,53.5,,0,7.92,17.6,53.5,,0,6.3,18.4,312,171.6,0,8.18,19,415,228.25,1,0
"13/12/2024","10h00",8.05,17.9,53.5,37.45,0.52,8.02,17.5,,,0.62,8.02,17.5,,,0.44,8,17.9,,,0,8,17.9,,,0,7.99,17.8,53.5,,0,7.99,17.8,53.5,,0,6.24,18.5,310,170.5,0,8.33,18.7,416,228.8,1,0.05
"14/12/2024","10h00",8.05,17.8,53.5,37.45,0.62,7.97,17.5,,,1.17,7.97,17.5,,,0.92,7.96,17.6,,,0,7.96,17.6,,,0,7.95,17.8,53.5,,0,7.95,17.8,53.5,,0,6.32,18,281,154.55,0,8.2,18.4,411,226.05,1,0.02
"15/12/2024","10h00",8.04,17.1,53.5,37.45,0.01,8.02,17.5,,,0.58,8.02,17.5,,,0.45,7.99,17.4,,,0,7.99,17.4,,,0,7.96,17.4,53.4,37.38,0,7.97,17.4,53.4,37.38,0,6.37,18,302,166.1,0,8.27,18.5,408,224.4,1,0.07
"16/12/2024","10h00",8,17.5,53.6,37.52,0.15,8,17.4,,,1.14,8.03,17.2,,,1.65,8.04,17.5,,,0,8.04,17.7,,,0,8.04,17.8,53.3,37.31,0,8.03,17.7,53.4,37.38,0,6.33,17.8,390,214.5,0,8.4,18.2,405,222.75,1,0
"17/12/2024","10h00",7.99,17.1,53.7,37.59,0.1,7.96,17.4,,,1.23,7.96,17.3,,,0.9,7.95,17.1,,,0,7.95,17.1,,,0,7.93,17.1,53.7,37.59,0,7.93,17.1,53.6,37.52,0,6.42,17.6,298,163.9,0,8.17,18.1,405,222.75,1,0.33
"18/12/2024","10h00",8,16.5,53.8,37.66,0.12,7.98,16.8,,,0.92,7.98,16.8,,,0.88,7.95,16.9,,,0,7.95,16.9,,,0,7.93,17.2,53.8,37.66,0,7.92,17.2,53.8,37.66,0,6.4,17.6,297,163.35,0,8.18,18.1,398,218.9,1,0
"19/12/2024","10h00",8,17.1,53.6,37.52,0.01,7.98,17.2,,,0.62,7.98,17.2,,,0.48,7.95,17.2,,,0,7.95,17.2,,,0,7.94,17.3,53.6,37.52,0,7.93,17.3,53.6,37.52,0,6.35,17.7,296,162.8,0,8.13,17.8,400,220,1,0
"20/12/2024","10h00",,,,,,,,,,,,,,,,,,,,,,,,,,,,,,,,,,,,,,,,,8.27,18.6,403,221.65,1,0.4
"21/12/2024","10h00",7.99,17.1,53.6,,0.75,7.97,18.6,,,1.34,8.01,18.5,,,1.28,8.01,17.2,,,0,8,17.5,,,0,8,17.2,53.6,,0,7.99,17.3,53.6,37.52,0,6.5,17.3,300,165,0,8.15,18,395,217.25,1,0
"22/12/2024","10h00",8.04,16.4,55.9,,1.03,8.02,16.6,,,0.85,8.02,16.6,,,0.72,8.01,16.6,,,0,8,16.6,,,0,7.96,16.8,55.3,,0,7.97,16.8,55.9,39.13,0,6.33,17.5,300,165,0,8.45,18.1,413,227.15,1,0
"23/12/2024","10h00",8.01,16.8,55.9,39.13,1.08,7.99,17,,,0.9,7.98,17,,,0.62,7.97,17,,,0,7.97,17,,,0,7.94,17.1,55.9,39.13,0,7.95,17.1,55.9,39.13,0,6.45,17.7,298,163.9,0,8.25,18,409,224.95,1,0.15
"24/12/2024","10h00",7.99,17,56.1,,4.05,7.97,16.9,,,2.62,7.97,16.9,,,3.11,7.96,17,,,0,7.95,17,,,0,7.94,17,55.9,39.13,0,7.94,17,55.9,39.13,0,6.62,17.3,298,163.9,0,8.43,17.9,411,226.05,1,0
"25/12/2024","10h00",8,16.6,56,39.2,1.71,7.98,16.7,,,2.39,7.97,16.7,,,2.58,7.94,16.6,,,0.13,7.95,16.6,,,0.03,7.93,17,55.9,39.13,0.03,7.93,17,55.9,39.13,0.04,6.65,17.7,296,162.8,0,8.4,17.7,405,222.75,1,0.11
"26/12/2024","10h00",8.02,16.6,55.8,39.06,0.94,7.98,16.7,,,1.36,7.97,16.7,,,1.25,7.95,16.7,,,0,7.95,16.7,,,0,7.95,16.7,55.8,39.06,0,7.93,16.7,55.8,39.06,0,6.45,16.9,310,170.5,0,8.47,17.7,410,287,1,0.13
"27/12/2024","10h00",8.02,16.7,56.1,39.27,0.63,7.98,16.7,,,0.94,7.99,16.7,,,0.97,7.96,16.6,,,0.08,7.95,16.6,,,0.05,7.94,16.6,56.1,39.27,0.66,7.94,16.6,56,39.2,0.42,6.4,17.2,298,163.9,0.02,8.22,17.9,405,283.5,1,0.19
"28/12/2024","10h00",8.06,16.9,56.2,39.34,0.52,8.02,16.6,,,0.94,8.01,16.6,,,0.69,7.97,16.6,,,0.07,7.97,16.6,,,0.07,7.95,16.8,56.1,39.27,0.03,7.94,16.8,56.1,39.27,0.02,6.33,17.4,293,161.15,0.01,8.36,17.5,408,285.6,1,0.26
"29/12/2024","10h00",8.04,16.4,56,39.2,1.32,7.97,16.4,,,0.69,7.97,16.4,,,0.94,7.94,16.3,,,0.06,7.94,16.3,,,0.09,7.98,16.3,56,39.2,0,7.99,16.3,56,39.2,0,6.52,17.1,290,159.5,0,8.28,17.9,410,287,1,0.4
"30/12/2024","10h00",8.01,16.1,56.2,39.34,0.45,8,16.3,,,0.77,8,16.3,,,0.76,7.98,16.3,,,0.22,7.97,16.3,,,0.19,8.02,16.3,56.2,39.34,0.15,8.02,16.3,56.2,39.34,0.14,6.55,17,290,159.5,0,8.27,17.9,431,301.7,1,0.47
"31/12/2024","10h00",8.09,16.5,56.2,39.34,0.67,8.02,16.6,,,0.65,8.02,16.5,,,0.56,8,16.5,,,0.06,7.99,16.5,,,0.05,7.96,16.5,56.1,39.27,0.06,7.96,16.5,56.1,39.27,0.03,6.5,17.5,291,160.05,0,8.27,17.9,407,223.85,1,0.31
"1/1/2025","8h00",8.06,16.1,56,39.2,0.67,8.02,16.4,,,0.9,8.02,16.4,,,0.69,8.01,16.4,,,0.08,8.01,16.5,,,0.09,8,16.5,56,39.2,0.02,8,16.5,56,39.2,0.01,6.52,17.3,276,151.8,0.01,8.39,17.1,405,222.75,1,0.32
"1/1/2025","10h00",8.02,16.2,56,39.2,0.74,8.03,16.3,,,1.02,8.03,16.3,,,0.85,8.02,16.3,,,0.06,8.02,16.3,,,0.05,8.02,17,56,39.2,0.01,8.02,17,56,39.2,0.01,6.54,17.5,276,151.8,0.01,8.25,17.7,404,222.2,1,0.23
"1/1/2025","14h00",8.04,16.8,56,39.2,0.72,8.03,17.5,,,0.92,8.03,17.5,,,0.85,8.02,17.6,,,0.03,8.02,17.6,,,0.03,8.01,17.7,56,39.2,0.01,8.01,17.7,56,39.2,0.01,6.35,18,296,162.8,0.01,8.27,18.2,404,222.2,1,0.2
"2/1/2025","8h00",8.02,15.8,56,39.2,0.48,7.96,16.2,,,0.69,7.96,16.2,,,0.82,7.95,16.5,,,0.03,7.95,16.5,,,0.03,7.94,17,56,39.2,0.01,7.94,17,56,39.2,0.01,6.32,17.4,296,162.8,0.01,8.12,17.5,404,222.2,1,0.12
"2/1/2025","10h00",8.01,16.4,56.2,39.34,0.52,7.99,16.4,,,0.76,8,16.4,,,0.72,7.99,16.4,,,0.13,7.97,16.6,,,0.14,7.97,16.6,56,39.2,0.06,7.95,16.6,56,39.2,0.08,6.53,17.2,289,158.95,0.01,8.34,17.5,394,216.7,1,0.26
"2/1/2025","14h00",7.99,17.3,56.2,39.34,0.78,7.99,17.1,,,0.44,7.98,17.1,,,0.4,7.97,17,,,0.03,7.96,17.1,,,0.11,7.95,17.2,56.1,39.27,0.06,7.94,17.3,56,39.2,0.02,6.53,17.2,289,158.95,0.01,7.59,17.8,489,268.95,1,0.37
"3/1/2025","8h00",8.05,15.9,56,39.2,1.53,8,16.2,,,0.94,8,16.2,,,1.16,8,16.5,,,0.28,8,16.4,,,0.25,7.98,16.5,56,39.2,0.1,7.96,16.5,56,39.2,0.12,6.31,17,296,162.8,0.06,7.5,17.3,451,248.05,1,0.26
"3/1/2025","10h00",,,,,,,,,,,,,,,,,,,,,,,,,,,,,,,,,,,,,,,,,7.8,17.7,414,227.7,1,0.35
"4/1/2025","8h00",8.08,16,56.1,39.27,0.93,8,16.5,,,0.7,8,16.5,,,1.01,8,16.8,,,0.09,8,16.8,,,0.08,7.98,16.6,56,39.2,0.06,7.96,16.7,56,39.2,0.07,6.22,16.9,349,191.95,0.06,8.48,17,403,221.65,1,0.23
"4/1/2025","10h00",,,,,,,,,,,,,,,,,,,,,,,,,,,,,,,,,,,,,,,,,8.38,17.5,423,232.65,1,0.19
"5/1/2025","8h00",8.07,15.9,56.6,39.62,0.72,8.02,16.6,,,0.59,8.02,16.6,,,0.75,8,16.6,,,0.05,8,16.6,,,0.03,7.99,16.7,56.5,39.55,0.02,7.99,16.7,56.5,39.55,0.02,6.52,17,269,147.95,0.01,,,,,,
"5/1/2025","10h00",8.01,16.4,56.2,39.34,0.52,7.99,16.4,,,0.76,8,16.4,,,0.72,7.99,16.4,,,0.13,7.97,16.6,,,0.14,7.97,16.6,56,39.2,0.06,7.95,16.6,56,39.2,0.08,6.53,17.2,289,158.95,0.01,8.29,18.2,406,223.3,1,0.24
"5/1/2025","14h00",7.99,17.3,56.2,39.34,0.78,7.99,17.1,,,0.44,7.98,17.1,,,0.4,7.97,17,,,0.03,7.96,17.1,,,0.11,7.95,17.2,56.1,39.27,0.06,7.94,17.3,56,39.2,0.02,6.48,17.5,426,234.3,0.01,,,,,,
"6/1/2025","8h00",8,16,56,39.2,0.7,7.97,16.7,,,0.62,7.96,16.7,,,0.89,7.94,16.7,,,0.12,7.93,16.7,,,0.14,7.93,16.7,56,39.2,0.07,7.93,16.7,56,39.2,0.1,6.32,16.9,280,154,0.09,8.27,18.5,402,221.1,1,0.09
"6/1/2025","10h00",8.04,16.1,56,39.2,0.74,8.03,16.4,,,1.02,,,,,,8.01,16.4,,,0.06,,,,,,8,16.5,56,39.2,0.01,,,,,,,,,,,,,,,,
"6/1/2025","14h00",8.04,16.8,56,39.2,0.72,8.03,17.5,,,0.92,,,,,,8.02,17.6,,,0.03,,,,,,8.01,17.7,56,39.2,0.01,,,,,,,,,,,,,,,,
"7/1/2025","8h00",8.08,17.3,56,39.2,0.69,8.02,16.5,,,0.49,,,,,,8,16.6,,,0.19,,,,,,8,16.5,56,39.2,0.12,,,,,,6.31,17.9,279,153.45,0.15,7.87,18.6,692,380.6,1,0.39
"7/1/2025","10h00",8.04,17.2,56,39.2,0.72,8.02,16.8,,,0.65,,,,,,,16.8,,,0.08,,,,,,,16.8,56,39.2,0.11,,,,,,,,,,,7.97,18.7,531,292.05,1,0.11
"7/1/2025","14h00",8.04,16.9,56,39.2,0.66,8.03,17.6,,,0.52,,,," ",,8.02,17.6,,,0.08,,,,,,8.01,17.7,56,39.2,0.02,,,,,,,,,,,,,,,,
"8/1/2025","8h00",8.02,16.9,55.9,39.13,0.88,8.02,16.6,,,0.64,,,,,,7.99,16.8,,,0.24,,,,,,8.01,17.6,55.9,39.13,0.35,,,,,,6.21,17.7,274,150.7,0.17,8.08,18.4,466,256.3,1,0.38
"8/1/2025","10h00",8.06,17,55.9,39.13,0.91,,,,,,8.05,16.9,,,0.88,,,,,,8.02,16.7,,,0.37,,,,,,8.02,17.7,55.8,39.06,0.12,6.4,17.7,302,166.1,0.31,,,,,,
"8/1/2025","14h00",8,17.3,55.9,39.13,0.76,,17.2,,,,7.99,17.2,,,0.44,,,,,,7.98,17.1,,,0.14,,,,,,7.98,17.8,55.9,39.13,0.09,,,,,,,,,,,
"9/1/2025","8h00",8.02,17,55.9,39.13,0.72,8.02,16.8,,,0.58,,,,,,7.99,16.8,,,0.18,,,,,,8.01,17.6,55.9,39.13,0.1,,,,,,,,,,,8.23,18.3,456,250.8,1,0.51
"9/1/2025","10h00",8.04,17,55.9,39.13,0.67,8,16.7,,,0.22,,,,,,8,16.8,,,0.09,,,,,,8,17.6,,,0.08,,,,,,6.53,17.6,290,159.5,0.08,,,,,,
"9/1/2024","14h00",8,17.3,55.9,39.13,0.76,,17.2,,,,7.99,17.2,,,0.44,7.99,17.2,,,,7.98,17.1,,,0.14,8,17.7,55.9,39.13,0.11,,,,,,,,,,,,,,,,
"10/1/2024","8h00",8,17,56,39.2,0.77,,,,,,,,,,,,,,,,,,,,,,,,,,,,,,,,,,,,8.28,17.9,495,272.25,1,0.32
"10/1/2024","10h00",,,,,,,,,,,,,,,,,,,,,,,,,,,,,,,,,,,,6.46,17.6,350,192.5,0.08,,,,,,
"11/1/2025","8h00",8.02,17.1,56,39.2,0.89,,,,,,,,,,,,,,,,,,,,,,,,,,,,,,,6.56,17.7,311,171.05,0.09,8.35,17.7,495,272.25,1,0.65
"12/1/2025","8h00",8.08,17,55.9,39.13,1.22,,,,,,,,,,,,,,,,,,,,,,,,,,,,,,,,,,,,8.2,17.7,472,259.6,1,0.18
"12/1/2025","10h00",,,,,,,,,,,,,,,,,,,,,,,,,,,,,,,,,,,,6.48,17.5,426,234.3,0.01,,,,,,
"13/01/2025","8h00",,,,,,,,,,,,,,,,,,,,,,,,,,,,,,,,,,,,,,,,,8.26,17.5,444,244.2,1,0.26
"14/01/2025","8h00",,,,,,,,,,,,,,,,,,,,,,,,,,,,,,,,,,,,,,,,,8.29,16.7,457,251.35,1,0.14
"15/01/2025","8h00",,,,,,,,,,,,,,,,,,,,,,,,,,,,,,,,,,,,,,,,,8.32,16.9,404,222.2,1.2,0.21
"16/01/2025","8h00",8.04,15.4,56.1,39.27,1.04,8.02,16.1,,,1.44,8.02,16.1,,,1.18,8,16.2,,,0.02,8,16.2,,,0.03,7.99,16.3,56.2,39.34,0.01,7.99,16.3,56.2,39.34,0.01,6.5,16.6,273,150.15,0.01,8.09,17,540,297,0.9,0.2
"16/01/2025","10h00",8.12,15.5,55.6,38.92,0.31,8.1,16,,,1,8.11,16.1,,,1.15,8.12,16,,,0.01,8.12,16,,,0.01,8.13,16,55.6,38.92,0.01,8.11,16,55.6,38.92,0.01,7.11,16.9,323,177.65,0.01,8.07,17.1,427,234.85,0.9,0.29
"16/01/2025","14h00",8.12,16,55.6,38.92,0.35,8.1,16.3,,,1.02,8.11,16.3,,,1.17,8.12,16.3,,,0.01,8.11,16.3,,,0.01,8.03,16.6,56.1,39.27,0.01,8.06,16.7,56,39.2,0.01,7.18,16.8,248,136.4,0.01,8.4,17.3,416,228.8,1,0.15
"17/01/2025","14h00",8.12,16,55.6,38.92,0.35,8.1,16.3,,,1.02,8.11,16.3,,,1.17,8.12,16.3,,,0.01,8.11,16.3,,,0.01,8.03,16.6,56.1,39.27,0.01,8.06,16.7,56,39.2,0.01,7.18,16.8,248,136.4,0.01,8.4,17.3,416,228.8,,0.15
"18/01/2025","8h00",8.15,15.4,56.9,39.83,0.45,8.13,16.1,,,1.33,8.13,16.1,,,2.1,8.12,16.2,,,0.02,8.12,16.2,,,0.01,8.1,16.3,56.6,39.62,0.01,8.1,16.3,56.6,39.62,0.01,7.12,16.6,259,142.45,0.01,8.24,16.7,480,264,1,0.07
"18/01/2025","10h00",8.14,15.4,56.6,39.62,1.45,8.13,15.8,,,1.57,8.13,15.8,,,2.08,8.12,16.2,,,0.03,8.12,16.2,,,0.03,8.09,16.4,56.6,39.62,0.01,8.1,16.4,56.6,39.62,0.01,7.13,16.4,245,134.75,0.01,8.19,16.9,417,229.35,1,0.07
"18/01/2025","14h00",8.17,15.4,55.5,38.85,8.62,8.16,15.9,,,9,8.16,15.9,,,7.79,8.15,15.9,,,0.04,8.15,15.9,,,0.02,8.13,16,55.4,38.78,0.02,8.13,16,55.4,38.78,0.01,7.18,16.6,280,154,0.01,8.21,17.1,418,229.9,,0.09
"19/01/2025","8h00",8.15,15.6,54.7,38.29,10.3,8.11,15.5,,,10.1,8.1,15.5,,,10,8,15.7,,,0.21,8.01,15.7,,,0.22,7.97,15.7,55.1,38.57,0.1,7.96,15.7,55,38.5,0.09,6.86,16.2,413,227.15,0.07,8.47,16.5,482,265.1,0.9,0.44
"19/01/2025","10h00",8.14,16,54.1,37.87,12.8,8.07,15.6,,,10.3,8.07,15.6,,,9.41,8.02,15.3,,,0.31,8.02,15.9,,,0.48,7.95,16,54.7,38.29,0.1,7.99,16,54.7,38.29,0.11,6.5,16.2,260,143,0.05,8.4,17.7,482,265.1,0.9,0.15
"19/01/2025","14h00",8.09,16.3,55.1,38.57,10.3,8.02,16.1,,,10.3,8.04,16.1,,,8.62,8.04,16.1,,,0.91,8.04,16.1,,,0.91,8.04,16,54.9,38.43,0.22,8.04,16.1,54.9,38.43,0.21,6.6,16.4,253,139.15,0.06,8.25,16.7,394,216.7,0.9,0.01
"20/01/2025","8h00",8.1,15.1,55.8,39.06,7.5,8.08,15,,,5.28,8.08,15,,,5.3,8,15,,,0.21,8,15,,,0.22,7.99,15,55.8,39.06,0.2,7.98,15.1,55.7,38.99,0.19,6.3,16.4,289,158.95,0,8.35,16.5,384,211.2,1,0.13
"20/01/2025","10h00",8.06,16.3,55.8,39.06,7.36,8.03,16,,,5.96,8.04,15.8,,,5.87,8.03,15.7,,,0.33,8.02,15.6,,,0.19,8.06,15.9,55.8,39.06,0,8.05,15.9,55.7,38.99,0,6.55,16.3,289,158.95,0,8.37,17.2,384,211.2,1.1,0
"20/01/2025","14h00",8.08,17.2,55.7,38.99,10.1,8.02,15.7,,,3.34,8.01,15.7,,,3.3,7.98,15.8,,,0.18,7.97,15.7,,,0.15,8.08,16.1,55.7,38.99,0.01,8.07,16.1,55.7,38.99,0.01,6.63,16.6,267,146.85,0.01,8.21,17,390,214.5,1,0.01
"21/01/2025","8h00",8.14,16.5,55.4,38.78,4.34,8.09,16.1,,,3.86,8.09,16.1,,,3.22,8.1,16,,,0,8.1,16,,,0,8.08,16,55.4,38.78,0,8.08,16,55.4,38.78,0,6.72,16.4,260,143,0,8.34,16.9,540,297,1.1,0.9
"21/01/2025","10h00",8.1,17,55.9,39.13,5.29,8.09,16.3,,,4.32,8.09,16.3,,,4.82,8.06,16.3,,,0,8.06,16.3,,,0,8.04,16.6,55.8,39.06,0,8.04,16.6,55.8,39.06,0,6.75,16.7,282,155.1,0,8.19,17.1,509,279.95,1.2,0
"21/01/2025","14h00",8.1,19.1,55.9,39.13,1.85,8.08,18,,,4.55,8.08,18,,,4.22,8.07,18,,,0,8.07,18,,,0,8.07,17.3,55.9,39.13,0,8.07,17.3,55.9,39.13,0,6.86,17.3,280,154,0,8.23,17.6,443,243.65,1,0
"22/01/2025","8h00",8.17,16.3,55.4,38.78,1.82,8.12,16,,,3.2,8.12,16,,,2.99,8.1,16,,,0,8.1,16,,,0,8.08,16.1,55.4,38.78,0,8.08,16.1,55.4,38.78,0,6.77,16.4,276,151.8,0,8.46,17,410,225.5,1.1,0.62
"22/01/2025","10h00",8.19,17.1,55.5,38.85,2.64,8.18,16.3,,,2.28,8.17,16.3,,,2.01,8.09,16.4,,,0,8.09,16.4,,,0,8.14,16.4,55.4,38.78,0,8.18,16.4,55.4,38.78,0,6.83,16.9,300,165,0,8.47,17.5,392,215.6,1,0.07
"22/01/2025","14h00",8.14,20.1,55.9,39.13,1.31,8.04,17.8,,,2.18,8.03,17.8,,,2,8.09,17.7,,,0,8.08,17.7,,,0,8.08,17.1,55.5,38.85,0,8.08,17.2,55.5,38.85,0,6.39,17.3,241,132.55,0,8.36,17.7,395,217.25,1,0
"23/01/2025","8h00",8.1,17.6,54.9,38.43,0.4,8.08,16.4,,,2.4,8.07,16.4,,,2.3,8.07,16.5,,,0,8.01,16.5,,,0,8,16.5,54.8,38.36,0,6,16.6,54.8,38.36,0,6.5,16.7,380,209,0,8.37,17,387,212.85,1,0.07
"23/01/2025","10h00",8.1,17.7,54.5,38.15,0.35,8.08,16.4,,,2.33,8.08,16.4,,,2.21,8.07,16.5,,,0,8.07,16.5,,,0,8.06,16.5,54.5,38.15,0,8.06,16.5,54.5,38.15,0,6.76,16.7,350,192.5,0,8.45,17.5,390,214.5,1,0.08
"23/01/2025","14h00",8.06,18.5,55.4,38.78,1.59,8.1,16.8,,,2.32,8.1,16.8,,,2.19,8.09,16.8,,,0,8.09,16.8,,,0,8.08,16.8,55.6,38.92,0,8.08,16.9,55.6,38.92,0,6.68,17.5,269,147.95,0,8.47,17.6,412,226.6,1,0.1
"24/01/2025","8h00",8.11,17.1,55.8,39.06,0.3,8.08,16.5,,,0.96,8.07,16.5,,,0.9,8.04,16.5,,,0.31,8.04,16.5,,,0.3,8.03,16.4,55.9,39.13,0,8.02,16.4,55.8,39.06,0,6.5,17,490,269.5,0,8.47,17.2,394,216.7,1.1,0
"24/01/2025","10h00",8.11,16.6,55.9,30.74,0.39,8.1,16.5,,,1.01,8.1,16.5,,,0.96,8.08,16.5,,,0.28,8.08,16.5,,,0.22,8.01,16.4,55.2,,0,8.02,16.3,55.3,38.71,0,6.54,17.1,286,157.3,0,8.45,17.1,390,214.5,1,0
"24/01/2025","14h00",,,,,,,,,,,,,,,,,,,,0,,,,,0,,,,,0,,,,,0,,,,0,0,,,,0,1,
"25/01/2025","8h00",8.12,17.2,55.9,39.13,0.83,8.09,16.6,,,0.77,8.1,16.5,,,0.7,8.08,16.5,,,0,8.07,16.5,,,0,8.02,16.3,55.8,39.06,0,8.01,16.3,55.7,38.99,0,7,17.1,340,187,0,8.37,17,396,217.8,1.1,0
"25/01/2025","10h00",8.15,17.2,55.9,30.74,0.8,8.1,16.6,,,0.53,8.1,16.5,,,0.52,8.07,16.5,,,0.1,8.07,16.5,,,0.11,8.05,16.7,55.8,,0,8.06,16.7,55.7,38.99,0,6.57,17.2,279,153.45,0,8.39,17.7,394,216.7,1.1,0.01
"25/01/2025","14h00",8.1,18.4,55.6,38.92,0.3,8.08,16.5,,,1.12,8.07,16.6,,,1.01,8.06,16.7,,,0.09,8.06,16.7,,,0.06,8,16.8,55.4,38.78,0,8.01,16.8,55.5,38.85,0,6.5,17.2,277,152.35,0,8.4,17.1,501,275.55,1,0.02
"26/01/2025","8h00",8.11,17,55.9,39.13,0.73,8.09,16.5,,,0.62,8.09,16.5,,,0.55,8.08,16.5,,,0,8.08,16.5,,,0,8.08,16.3,55.8,39.06,0,8.08,16.3,55.7,38.99,0,7,16.5,300,165,0,8.35,17.2,395,217.25,1,0.08
"26/01/2025","10h00",8.27,17.1,55.8,39.06,1.44,8.16,16.7,,,1.15,8.18,16.4,,,1.15,8.19,16.4,,,0,8.21,16.6,,,0,8.21,16.7,55.6,38.92,0,8.24,16.6,55.7,38.99,0,6.37,16.9,284,156.2,0,8.38,17.3,419,230.45,1,0.03
"26/01/2025","14h00",8.13,18.6,55.6,38.92,0.41,8.16,17,,,1.66,8.19,17.2,,,0.63,8.2,17.4,,,0,8.2,17.4,,,0,8.21,17.1,55.6,38.92,0,8.22,17.1,55.6,,0,6.59,17.5,272,149.6,0,8.36,17.9,395,217.25,1,0.15
"27/01/2025","8h00",8.12,16.4,55.6,38.92,0.62,8.1,16.5,,,0.92,8.1,16.5,,,0.82,8.1,16.5,,,0,8.09,16.5,,,0,8.09,16.6,55.6,38.92,0,8.09,16.6,55.6,38.92,0,6.59,16.7,279,153.45,0,8.34,16.8,394,216.7,1,0.09
"27/01/2025","10h00",8.15,17,55.6,38.92,0.21,8.12,16.5,,,0.59,8.13,16.5,,,0.43,8.1,16.4,,,0,8.1,16.4,,,0,8.11,16.7,55.5,38.85,0,8.13,16.7,55.5,38.85,0,6.6,17,274,150.7,0,8.3,17.9,399,219.45,1,0.14
"27/01/2025","14h00",8.15,20.4,55.5,38.85,0.28,8.1,18.2,,,0.64,8.09,18.2,,,0.6,8.08,17.5,,,0.22,8.08,17.5,,,0.23,8.13,17.7,55.4,38.78,0,8.17,17.4,55.4,38.78,0,6.8,17.5,292,160.6,0,8,17.1,552,303.6,1,0.19
"28/01/2025","8h00",8.2,17.7,55.6,38.92,0.62,8.13,17.4,,,0.92,8.12,17.2,,,0.82,8.1,16.6,,,0,8.07,16.4,,,0,8.06,16.7,55.6,38.92,0,8.07,16.7,55.6,38.92,0,6.52,17.3,279,153.45,0,8.21,17,396,217.8,1,0.01
"28/01/2025","10h00",8.2,17.9,55.4,38.78,4.42,8.24,16.8,,,1.9,8.25,16.9,,,1.85,8.24,16.9,,,0,8.18,17,,,0,8.18,17,55.7,38.99,0,8.18,17,55.7,38.99,0,6.57,17.4,272,149.6,0,8.4,18,394,216.7,1,0.03
"28/01/2025","14h00",8.21,18.4,55.5,38.85,2.75,8.12,17.2,,,2.04,8.13,17.2,,,2.02,8.1,16.8,,,0.04,8.09,16.9,,,0.02,8.08,16.9,55.4,38.78,0,8.09,16.9,55.6,38.92,0,6.5,17.5,275,151.25,0,8.32,17.1,395,217.25,1,0.06
"29/01/2025","10h00",8.17,17.2,,,0.62,8.12,16.51,,,1.11,8.14,16.4,,,1.06,8.14,16.4,,,0.01,8.18,16.4,,,0.08,8.15,16.7,55.5,38.85,0,8.15,16.7,55.5,38.85,0,6.89,16.8,280,154,0,8.44,17.7,417,229.35,1,0
"30/01/2025","8h00",8.17,16.1,55.5,38.85,0.67,8.15,16.3,,,1.02,8.15,16.3,,,1.11,8.15,16.3,,,0,8.15,16.3,,,0,8.1,16.4,55.5,38.85,0,8.1,16.4,55.5,38.85,0,6.68,16.4,250,137.5,0,8.39,16.8,399,219.45,0.9,0
"30/01/2025","10h00",8.15,16.9,55.9,39.13,0.49,8.16,16.4,,,0.78,8.17,16.3,,,0.83,8.18,16.5,,,0,8.2,16.3,,,0,8.21,16.6,55.9,39.13,0,8.23,16.6,55.9,39.13,0,6.9,16.9,279,153.45,0,8.45,17.7,385,211.75,1,0
"30/01/2025","14h00",8.12,16.8,55.2,38.64,1.2,8.1,16.2,,,0.96,8.1,16.2,,,0.88,8.08,16.3,,,0,8.08,16.3,,,0,8.07,16.4,55.5,38.85,0,,,,,,6.62,16.8,290,159.5,0,8.47,17.7,383,210.65,,0
"31/01/2025","8h00",8.17,16.2,55.6,38.92,0.99,8.15,16.5,,,0.8,8.15,16.5,,,0.7,8.15,16.4,,,0,8.13,16.4,,,0,8.13,16.4,55.5,38.85,0,8.1,16.4,55.5,38.85,0,6.72,16.6,250,137.5,0,8.22,17.4,416,228.8,1,0
"31/01/2025","10h00",8.15,16.9,55.6,38.92,0.98,8.16,16.4,,,0.92,8.17,16.3,,,0.75,8.18,16.5,,,0,8.2,16.3,,,0,8.21,16.6,55.6,38.92,0,8.23,16.6,55.6,38.92,0,6.9,16.9,279,153.45,0,8.39,17.4,385,211.75,1,0.07
