date,thetao_median,thetao_n_points,thetao_dist_min_km,thetao_dist_median_km,thetao_dist_max_km,so_median,so_n_points,so_dist_min_km,so_dist_median_km,so_dist_max_km,uo_median,uo_n_points,uo_dist_min_km,uo_dist_median_km,uo_dist_max_km,vo_median,vo_n_points,vo_dist_min_km,vo_dist_median_km,vo_dist_max_km,zos_median,zos_n_points,zos_dist_min_km,zos_dist_median_km,zos_dist_max_km,VHM0_median,VHM0_n_points,VHM0_dist_min_km,VHM0_dist_median_km,VHM0_dist_max_km,eastward_wind_median,eastward_wind_n_points,eastward_wind_dist_min_km,eastward_wind_dist_median_km,eastward_wind_dist_max_km,northward_wind_median,northward_wind_n_points,northward_wind_dist_min_km,northward_wind_dist_median_km,northward_wind_dist_max_km,TUR_median,TUR_n_points,TUR_dist_min_km,TUR_dist_median_km,TUR_dist_max_km,SPM_median,SPM_n_points,SPM_dist_min_km,SPM_dist_median_km,SPM_dist_max_km,ph_median,ph_n_points,ph_dist_min_km,ph_dist_median_km,ph_dist_max_km,dissic_median,dissic_n_points,dissic_dist_min_km,dissic_dist_median_km,dissic_dist_max_km,o2_median,o2_n_points,o2_dist_min_km,o2_dist_median_km,o2_dist_max_km,chl_median,chl_n_points,chl_dist_min_km,chl_dist_median_km,chl_dist_max_km,phyc_median,phyc_n_points,phyc_dist_min_km,phyc_dist_median_km,phyc_dist_max_km
2024-02-01,16.35339641571045,52,2.0797980279792667,18.649134501336313,22.49864944036456,36.65212059020996,52,2.0797980279792667,18.649134501336313,22.49864944036456,0.1408766210079193,52,2.0797980279792667,18.649134501336313,22.49864944036456,-0.009550400078296661,52,2.0797980279792667,18.649134501336313,22.49864944036456,-0.3113822340965271,13,2.0797980279792667,18.649134501336313,22.49864944036456,0.23,128,7.711546198681338,41.21199946489436,55.49704268963926,-1.185,624,6.953248491503427,23.546747099200253,34.749131349410796,-0.505,624,6.953248491503427,23.546747099200253,34.749131349410796,,,,,,,,,,,8.108189582824707,44,28.306411434744845,55.852195301984636,67.95450828154688,2.2159507274627686,44,28.306411434744845,55.852195301984636,67.95450828154688,247.42559051513672,44,28.306411434744845,55.852195301984636,67.95450828154688,0.3176184892654419,44,28.306411434744845,55.852195301984636,67.95450828154688,1.7687337398529053,44,28.306411434744845,55.852195301984636,67.95450828154688
2024-02-02,16.318092346191406,52,2.0797980279792667,18.649134501336313,22.49864944036456,36.6188907623291,52,2.0797980279792667,18.649134501336313,22.49864944036456,0.038365162909030914,52,2.0797980279792667,18.649134501336313,22.49864944036456,-0.030878489837050438,52,2.0797980279792667,18.649134501336313,22.49864944036456,-0.3081686198711395,13,2.0797980279792667,18.649134501336313,22.49864944036456,0.21,128,7.711546198681338,41.21199946489436,55.49704268963926,0.01,624,6.953248491503427,23.546747099200253,34.749131349410796,-0.41500000000000004,624,6.953248491503427,23.546747099200253,34.749131349410796,,,,,,,,,,,8.107290267944336,44,28.306411434744845,55.852195301984636,67.95450828154688,2.2152175903320312,44,28.306411434744845,55.852195301984636,67.95450828154688,247.36227416992188,44,28.306411434744845,55.852195301984636,67.95450828154688,0.33539073169231415,44,28.306411434744845,55.852195301984636,67.95450828154688,1.7641996145248413,44,28.306411434744845,55.852195301984636,67.95450828154688
2024-02-03,16.277377128601074,52,2.0797980279792667,18.649134501336313,22.49864944036456,36.600290298461914,52,2.0797980279792667,18.649134501336313,22.49864944036456,-0.0665840320289135,52,2.0797980279792667,18.649134501336313,22.49864944036456,0.004890206037089229,52,2.0797980279792667,18.649134501336313,22.49864944036456,-0.32920971512794495,13,2.0797980279792667,18.649134501336313,22.49864944036456,0.74,128,7.711546198681338,41.21199946489436,55.49704268963926,-1.8650000000000002,624,6.953248491503427,23.546747099200253,34.749131349410796,-0.07,624,6.953248491503427,23.546747099200253,34.749131349410796,,,,,,,,,,,8.107939720153809,44,28.306411434744845,55.852195301984636,67.95450828154688,2.215884804725647,44,28.306411434744845,55.852195301984636,67.95450828154688,246.95382690429688,44,28.306411434744845,55.852195301984636,67.95450828154688,0.3638644367456436,44,28.306411434744845,55.852195301984636,67.95450828154688,1.81024169921875,44,28.306411434744845,55.852195301984636,67.95450828154688
2024-02-04,16.215035438537598,52,2.0797980279792667,18.649134501336313,22.49864944036456,36.58897590637207,52,2.0797980279792667,18.649134501336313,22.49864944036456,-0.04967443272471428,52,2.0797980279792667,18.649134501336313,22.49864944036456,0.013216476421803236,52,2.0797980279792667,18.649134501336313,22.49864944036456,-0.35905930399894714,13,2.0797980279792667,18.649134501336313,22.49864944036456,0.23,128,7.711546198681338,41.21199946489436,55.49704268963926,-0.54,624,6.953248491503427,23.546747099200253,34.749131349410796,0.805,624,6.953248491503427,23.546747099200253,34.749131349410796,,,,,,,,,,,8.108309268951416,44,28.306411434744845,55.852195301984636,67.95450828154688,2.216373562812805,44,28.306411434744845,55.852195301984636,67.95450828154688,246.9709701538086,44,28.306411434744845,55.852195301984636,67.95450828154688,0.38674476742744446,44,28.306411434744845,55.852195301984636,67.95450828154688,2.0082316398620605,44,28.306411434744845,55.852195301984636,67.95450828154688
2024-02-05,16.18509864807129,52,2.0797980279792667,18.649134501336313,22.49864944036456,36.573577880859375,52,2.0797980279792667,18.649134501336313,22.49864944036456,0.007046026643365622,52,2.0797980279792667,18.649134501336313,22.49864944036456,0.008973216637969017,52,2.0797980279792667,18.649134501336313,22.49864944036456,-0.3500988781452179,13,2.0797980279792667,18.649134501336313,22.49864944036456,0.09,128,7.711546198681338,41.21199946489436,55.49704268963926,-0.36,624,6.953248491503427,23.546747099200253,34.749131349410796,1.085,624,6.953248491503427,23.546747099200253,34.749131349410796,,,,,,,,,,,8.108707427978516,44,28.306411434744845,55.852195301984636,67.95450828154688,2.216757893562317,44,28.306411434744845,55.852195301984636,67.95450828154688,247.1214141845703,44,28.306411434744845,55.852195301984636,67.95450828154688,0.37723082304000854,44,28.306411434744845,55.852195301984636,67.95450828154688,2.128093719482422,44,28.306411434744845,55.852195301984636,67.95450828154688
2024-02-06,16.115129470825195,52,2.0797980279792667,18.649134501336313,22.49864944036456,36.56721878051758,52,2.0797980279792667,18.649134501336313,22.49864944036456,0.11786914616823196,52,2.0797980279792667,18.649134501336313,22.49864944036456,0.0027669540140777826,52,2.0797980279792667,18.649134501336313,22.49864944036456,-0.32375288009643555,13,2.0797980279792667,18.649134501336313,22.49864944036456,0.21,128,7.711546198681338,41.21199946489436,55.49704268963926,0.9500000000000001,624,6.953248491503427,23.546747099200253,34.749131349410796,2.06,624,6.953248491503427,23.546747099200253,34.749131349410796,,,,,,,,,,,8.109685897827148,44,28.306411434744845,55.852195301984636,67.95450828154688,2.2159522771835327,44,28.306411434744845,55.852195301984636,67.95450828154688,247.11048889160156,44,28.306411434744845,55.852195301984636,67.95450828154688,0.36753860116004944,44,28.306411434744845,55.852195301984636,67.95450828154688,2.027124047279358,44,28.306411434744845,55.852195301984636,67.95450828154688
2024-02-07,16.06344699859619,52,2.0797980279792667,18.649134501336313,22.49864944036456,36.57408142089844,52,2.0797980279792667,18.649134501336313,22.49864944036456,0.21323449909687042,52,2.0797980279792667,18.649134501336313,22.49864944036456,-0.0007930784486234188,52,2.0797980279792667,18.649134501336313,22.49864944036456,-0.3046835660934448,13,2.0797980279792667,18.649134501336313,22.49864944036456,0.98,128,7.711546198681338,41.21199946489436,55.49704268963926,4.465,624,6.953248491503427,23.546747099200253,34.749131349410796,1.755,624,6.953248491503427,23.546747099200253,34.749131349410796,,,,,,,,,,,8.110572814941406,44,28.306411434744845,55.852195301984636,67.95450828154688,2.2149993181228638,44,28.306411434744845,55.852195301984636,67.95450828154688,247.03164672851562,44,28.306411434744845,55.852195301984636,67.95450828154688,0.35483862459659576,44,28.306411434744845,55.852195301984636,67.95450828154688,1.8609585762023926,44,28.306411434744845,55.852195301984636,67.95450828154688
2024-02-08,16.12111759185791,52,2.0797980279792667,18.649134501336313,22.49864944036456,36.57892036437988,52,2.0797980279792667,18.649134501336313,22.49864944036456,0.2005944848060608,52,2.0797980279792667,18.649134501336313,22.49864944036456,0.006374898366630077,52,2.0797980279792667,18.649134501336313,22.49864944036456,-0.2933003902435303,13,2.0797980279792667,18.649134501336313,22.49864944036456,0.76,128,7.711546198681338,41.21199946489436,55.49704268963926,0.78,624,6.953248491503427,23.546747099200253,34.749131349410796,2.13,624,6.953248491503427,23.546747099200253,34.749131349410796,,,,,,,,,,,8.110679149627686,44,28.306411434744845,55.852195301984636,67.95450828154688,2.2146438360214233,44,28.306411434744845,55.852195301984636,67.95450828154688,247.2191925048828,44,28.306411434744845,55.852195301984636,67.95450828154688,0.3340124785900116,44,28.306411434744845,55.852195301984636,67.95450828154688,1.8174986243247986,44,28.306411434744845,55.852195301984636,67.95450828154688
2024-02-09,16.053927421569824,52,2.0797980279792667,18.649134501336313,22.49864944036456,36.571977615356445,52,2.0797980279792667,18.649134501336313,22.49864944036456,0.21678125113248825,52,2.0797980279792667,18.649134501336313,22.49864944036456,0.01916704699397087,52,2.0797980279792667,18.649134501336313,22.49864944036456,-0.23909683525562286,13,2.0797980279792667,18.649134501336313,22.49864944036456,0.65,128,7.711546198681338,41.21199946489436,55.49704268963926,1.165,624,6.953248491503427,23.546747099200253,34.749131349410796,3.88,624,6.953248491503427,23.546747099200253,34.749131349410796,,,,,,,,,,,8.110620498657227,44,28.306411434744845,55.852195301984636,67.95450828154688,2.2144447565078735,44,28.306411434744845,55.852195301984636,67.95450828154688,247.24103546142578,44,28.306411434744845,55.852195301984636,67.95450828154688,0.31066393852233887,44,28.306411434744845,55.852195301984636,67.95450828154688,1.649606168270111,44,28.306411434744845,55.852195301984636,67.95450828154688
2024-02-10,16.014272689819336,52,2.0797980279792667,18.649134501336313,22.49864944036456,36.57524299621582,52,2.0797980279792667,18.649134501336313,22.49864944036456,0.36005236208438873,52,2.0797980279792667,18.649134501336313,22.49864944036456,-0.026355737820267677,52,2.0797980279792667,18.649134501336313,22.49864944036456,-0.20114754140377045,13,2.0797980279792667,18.649134501336313,22.49864944036456,2.96,128,7.711546198681338,41.21199946489436,55.49704268963926,8.895,624,6.953248491503427,23.546747099200253,34.749131349410796,2.925,624,6.953248491503427,23.546747099200253,34.749131349410796,,,,,,,,,,,8.109479427337646,44,28.306411434744845,55.852195301984636,67.95450828154688,2.2149059772491455,44,28.306411434744845,55.852195301984636,67.95450828154688,246.29558563232422,44,28.306411434744845,55.852195301984636,67.95450828154688,0.3360559791326523,44,28.306411434744845,55.852195301984636,67.95450828154688,1.4646186828613281,44,28.306411434744845,55.852195301984636,67.95450828154688
2024-02-11,15.954133987426758,52,2.0797980279792667,18.649134501336313,22.49864944036456,36.567047119140625,52,2.0797980279792667,18.649134501336313,22.49864944036456,0.49474622309207916,52,2.0797980279792667,18.649134501336313,22.49864944036456,-0.03139877691864967,52,2.0797980279792667,18.649134501336313,22.49864944036456,-0.19001339375972748,13,2.0797980279792667,18.649134501336313,22.49864944036456,2.26,128,7.711546198681338,41.21199946489436,55.49704268963926,7.945,624,6.953248491503427,23.546747099200253,34.749131349410796,-0.755,624,6.953248491503427,23.546747099200253,34.749131349410796,,,,,,,,,,,8.109550476074219,44,28.306411434744845,55.852195301984636,67.95450828154688,2.21443247795105,44,28.306411434744845,55.852195301984636,67.95450828154688,245.92303466796875,44,28.306411434744845,55.852195301984636,67.95450828154688,0.39105838537216187,44,28.306411434744845,55.852195301984636,67.95450828154688,1.6198971271514893,44,28.306411434744845,55.852195301984636,67.95450828154688
2024-02-12,16.038586616516113,52,2.0797980279792667,18.649134501336313,22.49864944036456,36.55398178100586,52,2.0797980279792667,18.649134501336313,22.49864944036456,0.5207051336765289,52,2.0797980279792667,18.649134501336313,22.49864944036456,0.0014372165314853191,52,2.0797980279792667,18.649134501336313,22.49864944036456,-0.17850780487060547,13,2.0797980279792667,18.649134501336313,22.49864944036456,1.7650000000000001,128,7.711546198681338,41.21199946489436,55.49704268963926,6.99,624,6.953248491503427,23.546747099200253,34.749131349410796,1.495,624,6.953248491503427,23.546747099200253,34.749131349410796,,,,,,,,,,,8.110424518585205,44,28.306411434744845,55.852195301984636,67.95450828154688,2.2122256755828857,44,28.306411434744845,55.852195301984636,67.95450828154688,246.24761199951172,44,28.306411434744845,55.852195301984636,67.95450828154688,0.43129099905490875,44,28.306411434744845,55.852195301984636,67.95450828154688,1.7747729420661926,44,28.306411434744845,55.852195301984636,67.95450828154688
2024-02-13,16.279817581176758,52,2.0797980279792667,18.649134501336313,22.49864944036456,36.52798271179199,52,2.0797980279792667,18.649134501336313,22.49864944036456,0.5103691220283508,52,2.0797980279792667,18.649134501336313,22.49864944036456,-0.006411491893231869,52,2.0797980279792667,18.649134501336313,22.49864944036456,-0.18592479825019836,13,2.0797980279792667,18.649134501336313,22.49864944036456,1.0,128,7.711546198681338,41.21199946489436,55.49704268963926,2.88,624,6.953248491503427,23.546747099200253,34.749131349410796,0.34,624,6.953248491503427,23.546747099200253,34.749131349410796,,,,,,,,,,,8.110076904296875,44,28.306411434744845,55.852195301984636,67.95450828154688,2.209291934967041,44,28.306411434744845,55.852195301984636,67.95450828154688,246.7456283569336,44,28.306411434744845,55.852195301984636,67.95450828154688,0.49258366227149963,44,28.306411434744845,55.852195301984636,67.95450828154688,2.110988736152649,44,28.306411434744845,55.852195301984636,67.95450828154688
2024-02-14,16.38387966156006,52,2.0797980279792667,18.649134501336313,22.49864944036456,36.50557899475098,52,2.0797980279792667,18.649134501336313,22.49864944036456,0.3571862131357193,52,2.0797980279792667,18.649134501336313,22.49864944036456,0.05169531889259815,52,2.0797980279792667,18.649134501336313,22.49864944036456,-0.20891262590885162,13,2.0797980279792667,18.649134501336313,22.49864944036456,0.61,128,7.711546198681338,41.21199946489436,55.49704268963926,-1.2850000000000001,624,6.953248491503427,23.546747099200253,34.749131349410796,0.4,624,6.953248491503427,23.546747099200253,34.749131349410796,,,,,,,,,,,8.109780311584473,44,28.306411434744845,55.852195301984636,67.95450828154688,2.205702304840088,44,28.306411434744845,55.852195301984636,67.95450828154688,247.88082885742188,44,28.306411434744845,55.852195301984636,67.95450828154688,0.5408868789672852,44,28.306411434744845,55.852195301984636,67.95450828154688,2.695156693458557,44,28.306411434744845,55.852195301984636,67.95450828154688
2024-02-15,16.420564651489258,52,2.0797980279792667,18.649134501336313,22.49864944036456,36.50128364562988,52,2.0797980279792667,18.649134501336313,22.49864944036456,0.3059198707342148,52,2.0797980279792667,18.649134501336313,22.49864944036456,0.08873714506626129,52,2.0797980279792667,18.649134501336313,22.49864944036456,-0.22832538187503815,13,2.0797980279792667,18.649134501336313,22.49864944036456,0.515,128,7.711546198681338,41.21199946489436,55.49704268963926,-0.435,624,6.953248491503427,23.546747099200253,34.749131349410796,1.58,624,6.953248491503427,23.546747099200253,34.749131349410796,,,,,,,,,,,8.110036373138428,44,28.306411434744845,55.852195301984636,67.95450828154688,2.2036430835723877,44,28.306411434744845,55.852195301984636,67.95450828154688,248.93760681152344,44,28.306411434744845,55.852195301984636,67.95450828154688,0.5344894528388977,44,28.306411434744845,55.852195301984636,67.95450828154688,2.8345839977264404,44,28.306411434744845,55.852195301984636,67.95450828154688
2024-02-16,16.32563018798828,52,2.0797980279792667,18.649134501336313,22.49864944036456,36.53841590881348,52,2.0797980279792667,18.649134501336313,22.49864944036456,0.2922763079404831,52,2.0797980279792667,18.649134501336313,22.49864944036456,0.024962086230516434,52,2.0797980279792667,18.649134501336313,22.49864944036456,-0.22372300922870636,13,2.0797980279792667,18.649134501336313,22.49864944036456,1.03,128,7.711546198681338,41.21199946489436,55.49704268963926,5.335000000000001,624,6.953248491503427,23.546747099200253,34.749131349410796,0.24,624,6.953248491503427,23.546747099200253,34.749131349410796,,,,,,,,,,,8.110152244567871,44,28.306411434744845,55.852195301984636,67.95450828154688,2.2013672590255737,44,28.306411434744845,55.852195301984636,67.95450828154688,248.97840881347656,44,28.306411434744845,55.852195301984636,67.95450828154688,0.5268178284168243,44,28.306411434744845,55.852195301984636,67.95450828154688,2.513723850250244,44,28.306411434744845,55.852195301984636,67.95450828154688
2024-02-17,16.258553504943848,52,2.0797980279792667,18.649134501336313,22.49864944036456,36.57854461669922,52,2.0797980279792667,18.649134501336313,22.49864944036456,0.14732345193624496,52,2.0797980279792667,18.649134501336313,22.49864944036456,0.05572398751974106,52,2.0797980279792667,18.649134501336313,22.49864944036456,-0.24568599462509155,13,2.0797980279792667,18.649134501336313,22.49864944036456,2.05,128,7.711546198681338,41.21199946489436,55.49704268963926,1.31,624,6.953248491503427,23.546747099200253,34.749131349410796,-5.68,624,6.953248491503427,23.546747099200253,34.749131349410796,,,,,,,,,,,8.109974384307861,44,28.306411434744845,55.852195301984636,67.95450828154688,2.20136559009552,44,28.306411434744845,55.852195301984636,67.95450828154688,248.29476928710938,44,28.306411434744845,55.852195301984636,67.95450828154688,0.4586396962404251,44,28.306411434744845,55.852195301984636,67.95450828154688,1.9927284121513367,44,28.306411434744845,55.852195301984636,67.95450828154688
2024-02-18,16.323970794677734,52,2.0797980279792667,18.649134501336313,22.49864944036456,36.55692481994629,52,2.0797980279792667,18.649134501336313,22.49864944036456,0.0928608775138855,52,2.0797980279792667,18.649134501336313,22.49864944036456,0.09588379040360451,52,2.0797980279792667,18.649134501336313,22.49864944036456,-0.29810699820518494,13,2.0797980279792667,18.649134501336313,22.49864944036456,1.03,128,7.711546198681338,41.21199946489436,55.49704268963926,-1.1500000000000001,624,6.953248491503427,23.546747099200253,34.749131349410796,-1.6,624,6.953248491503427,23.546747099200253,34.749131349410796,,,,,,,,,,,8.109911441802979,44,28.306411434744845,55.852195301984636,67.95450828154688,2.201244831085205,44,28.306411434744845,55.852195301984636,67.95450828154688,248.3074722290039,44,28.306411434744845,55.852195301984636,67.95450828154688,0.4769878536462784,44,28.306411434744845,55.852195301984636,67.95450828154688,2.0286999940872192,44,28.306411434744845,55.852195301984636,67.95450828154688
2024-02-19,16.361217498779297,52,2.0797980279792667,18.649134501336313,22.49864944036456,36.52536201477051,52,2.0797980279792667,18.649134501336313,22.49864944036456,0.04744138941168785,52,2.0797980279792667,18.649134501336313,22.49864944036456,0.04413691908121109,52,2.0797980279792667,18.649134501336313,22.49864944036456,-0.3368048071861267,13,2.0797980279792667,18.649134501336313,22.49864944036456,0.29,128,7.711546198681338,41.21199946489436,55.49704268963926,0.265,624,6.953248491503427,23.546747099200253,34.749131349410796,0.35000000000000003,624,6.953248491503427,23.546747099200253,34.749131349410796,,,,,,,,,,,8.110382080078125,44,28.306411434744845,55.852195301984636,67.95450828154688,2.202151298522949,44,28.306411434744845,55.852195301984636,67.95450828154688,249.11795806884766,44,28.306411434744845,55.852195301984636,67.95450828154688,0.5538537502288818,44,28.306411434744845,55.852195301984636,67.95450828154688,2.512236714363098,44,28.306411434744845,55.852195301984636,67.95450828154688
2024-02-20,16.400108337402344,52,2.0797980279792667,18.649134501336313,22.49864944036456,36.51786422729492,52,2.0797980279792667,18.649134501336313,22.49864944036456,-0.005175480269826949,52,2.0797980279792667,18.649134501336313,22.49864944036456,0.023080289363861084,52,2.0797980279792667,18.649134501336313,22.49864944036456,-0.3470478355884552,13,2.0797980279792667,18.649134501336313,22.49864944036456,0.55,128,7.711546198681338,41.21199946489436,55.49704268963926,0.41000000000000003,624,6.953248491503427,23.546747099200253,34.749131349410796,-0.685,624,6.953248491503427,23.546747099200253,34.749131349410796,,,,,,,,,,,8.11064624786377,44,28.306411434744845,55.852195301984636,67.95450828154688,2.202791929244995,44,28.306411434744845,55.852195301984636,67.95450828154688,250.19597625732422,44,28.306411434744845,55.852195301984636,67.95450828154688,0.5667466521263123,44,28.306411434744845,55.852195301984636,67.95450828154688,2.8280850648880005,44,28.306411434744845,55.852195301984636,67.95450828154688
2024-02-21,16.46797466278076,52,2.0797980279792667,18.649134501336313,22.49864944036456,36.533607482910156,52,2.0797980279792667,18.649134501336313,22.49864944036456,-0.12154155224561691,52,2.0797980279792667,18.649134501336313,22.49864944036456,0.0286167124286294,52,2.0797980279792667,18.649134501336313,22.49864944036456,-0.3407076895236969,13,2.0797980279792667,18.649134501336313,22.49864944036456,0.8150000000000001,128,7.711546198681338,41.21199946489436,55.49704268963926,0.33,624,6.953248491503427,23.546747099200253,34.749131349410796,0.14500000000000002,624,6.953248491503427,23.546747099200253,34.749131349410796,,,,,,,,,,,8.111247062683105,44,28.306411434744845,55.852195301984636,67.95450828154688,2.2031290531158447,44,28.306411434744845,55.852195301984636,67.95450828154688,250.72154998779297,44,28.306411434744845,55.852195301984636,67.95450828154688,0.49869275093078613,44,28.306411434744845,55.852195301984636,67.95450828154688,2.6277886629104614,44,28.306411434744845,55.852195301984636,67.95450828154688
2024-02-22,16.53840160369873,52,2.0797980279792667,18.649134501336313,22.49864944036456,36.53250694274902,52,2.0797980279792667,18.649134501336313,22.49864944036456,-0.17624317854642868,52,2.0797980279792667,18.649134501336313,22.49864944036456,0.02947151940315962,52,2.0797980279792667,18.649134501336313,22.49864944036456,-0.3496139347553253,13,2.0797980279792667,18.649134501336313,22.49864944036456,0.44,128,7.711546198681338,41.21199946489436,55.49704268963926,1.155,624,6.953248491503427,23.546747099200253,34.749131349410796,2.4050000000000002,624,6.953248491503427,23.546747099200253,34.749131349410796,,,,,,,,,,,8.11082649230957,44,28.306411434744845,55.852195301984636,67.95450828154688,2.203488349914551,44,28.306411434744845,55.852195301984636,67.95450828154688,250.44265747070312,44,28.306411434744845,55.852195301984636,67.95450828154688,0.4425896853208542,44,28.306411434744845,55.852195301984636,67.95450828154688,2.3725703954696655,44,28.306411434744845,55.852195301984636,67.95450828154688
2024-02-23,16.42569351196289,52,2.0797980279792667,18.649134501336313,22.49864944036456,36.578073501586914,52,2.0797980279792667,18.649134501336313,22.49864944036456,-0.08595358952879906,52,2.0797980279792667,18.649134501336313,22.49864944036456,0.001004917488899082,52,2.0797980279792667,18.649134501336313,22.49864944036456,-0.33544066548347473,13,2.0797980279792667,18.649134501336313,22.49864944036456,2.25,128,7.711546198681338,41.21199946489436,55.49704268963926,6.565,624,6.953248491503427,23.546747099200253,34.749131349410796,1.9000000000000001,624,6.953248491503427,23.546747099200253,34.749131349410796,,,,,,,,,,,8.109720230102539,44,28.306411434744845,55.852195301984636,67.95450828154688,2.204150438308716,44,28.306411434744845,55.852195301984636,67.95450828154688,248.9413604736328,44,28.306411434744845,55.852195301984636,67.95450828154688,0.41961388289928436,44,28.306411434744845,55.852195301984636,67.95450828154688,1.9246420860290527,44,28.306411434744845,55.852195301984636,67.95450828154688
2024-02-24,16.321300506591797,52,2.0797980279792667,18.649134501336313,22.49864944036456,36.604923248291016,52,2.0797980279792667,18.649134501336313,22.49864944036456,0.09599856287240982,52,2.0797980279792667,18.649134501336313,22.49864944036456,0.005084417760372162,52,2.0797980279792667,18.649134501336313,22.49864944036456,-0.31789448857307434,13,2.0797980279792667,18.649134501336313,22.49864944036456,1.955,128,7.711546198681338,41.21199946489436,55.49704268963926,6.29,624,6.953248491503427,23.546747099200253,34.749131349410796,0.755,624,6.953248491503427,23.546747099200253,34.749131349410796,,,,,,,,,,,8.110657215118408,44,28.306411434744845,55.852195301984636,67.95450828154688,2.2040497064590454,44,28.306411434744845,55.852195301984636,67.95450828154688,248.23410034179688,44,28.306411434744845,55.852195301984636,67.95450828154688,0.41417863965034485,44,28.306411434744845,55.852195301984636,67.95450828154688,1.828207552433014,44,28.306411434744845,55.852195301984636,67.95450828154688
2024-02-25,16.254565238952637,52,2.0797980279792667,18.649134501336313,22.49864944036456,36.58440971374512,52,2.0797980279792667,18.649134501336313,22.49864944036456,0.2176579311490059,52,2.0797980279792667,18.649134501336313,22.49864944036456,0.006944688968360424,52,2.0797980279792667,18.649134501336313,22.49864944036456,-0.3337007761001587,13,2.0797980279792667,18.649134501336313,22.49864944036456,1.77,128,7.711546198681338,41.21199946489436,55.49704268963926,6.07,624,6.953248491503427,23.546747099200253,34.749131349410796,2.18,624,6.953248491503427,23.546747099200253,34.749131349410796,,,,,,,,,,,8.11156415939331,44,28.306411434744845,55.852195301984636,67.95450828154688,2.203884243965149,44,28.306411434744845,55.852195301984636,67.95450828154688,248.08816528320312,44,28.306411434744845,55.852195301984636,67.95450828154688,0.44348113238811493,44,28.306411434744845,55.852195301984636,67.95450828154688,1.8613651394844055,44,28.306411434744845,55.852195301984636,67.95450828154688
2024-02-26,16.215770721435547,52,2.0797980279792667,18.649134501336313,22.49864944036456,36.59482002258301,52,2.0797980279792667,18.649134501336313,22.49864944036456,0.35696056485176086,52,2.0797980279792667,18.649134501336313,22.49864944036456,0.004084580112248659,52,2.0797980279792667,18.649134501336313,22.49864944036456,-0.2724190354347229,13,2.0797980279792667,18.649134501336313,22.49864944036456,2.61,128,7.711546198681338,41.21199946489436,55.49704268963926,7.19,624,6.953248491503427,23.546747099200253,34.749131349410796,3.425,624,6.953248491503427,23.546747099200253,34.749131349410796,,,,,,,,,,,8.111618041992188,44,28.306411434744845,55.852195301984636,67.95450828154688,2.2048064470291138,44,28.306411434744845,55.852195301984636,67.95450828154688,247.8040771484375,44,28.306411434744845,55.852195301984636,67.95450828154688,0.4553368538618088,44,28.306411434744845,55.852195301984636,67.95450828154688,1.8880348801612854,44,28.306411434744845,55.852195301984636,67.95450828154688
2024-02-27,16.18403148651123,52,2.0797980279792667,18.649134501336313,22.49864944036456,36.5846061706543,52,2.0797980279792667,18.649134501336313,22.49864944036456,0.5380241572856903,52,2.0797980279792667,18.649134501336313,22.49864944036456,-0.0016820847522467375,52,2.0797980279792667,18.649134501336313,22.49864944036456,-0.24366545677185059,13,2.0797980279792667,18.649134501336313,22.49864944036456,1.92,128,7.711546198681338,41.21199946489436,55.49704268963926,5.95,624,6.953248491503427,23.546747099200253,34.749131349410796,-0.26,624,6.953248491503427,23.546747099200253,34.749131349410796,,,,,,,,,,,8.11152696609497,44,28.306411434744845,55.852195301984636,67.95450828154688,2.2051647901535034,44,28.306411434744845,55.852195301984636,67.95450828154688,247.99459075927734,44,28.306411434744845,55.852195301984636,67.95450828154688,0.4728700965642929,44,28.306411434744845,55.852195301984636,67.95450828154688,1.944090485572815,44,28.306411434744845,55.852195301984636,67.95450828154688
2024-02-28,16.10296058654785,52,2.0797980279792667,18.649134501336313,22.49864944036456,36.55112075805664,52,2.0797980279792667,18.649134501336313,22.49864944036456,0.3590189814567566,52,2.0797980279792667,18.649134501336313,22.49864944036456,-0.012242558877915144,52,2.0797980279792667,18.649134501336313,22.49864944036456,-0.28410059213638306,13,2.0797980279792667,18.649134501336313,22.49864944036456,2.0949999999999998,128,7.711546198681338,41.21199946489436,55.49704268963926,4.55,624,6.953248491503427,23.546747099200253,34.749131349410796,-2.9699999999999998,624,6.953248491503427,23.546747099200253,34.749131349410796,,,,,,,,,,,8.11228084564209,44,28.306411434744845,55.852195301984636,67.95450828154688,2.2029857635498047,44,28.306411434744845,55.852195301984636,67.95450828154688,247.8368148803711,44,28.306411434744845,55.852195301984636,67.95450828154688,0.46409772336483,44,28.306411434744845,55.852195301984636,67.95450828154688,1.8826638460159302,44,28.306411434744845,55.852195301984636,67.95450828154688
2024-02-29,16.080544471740723,52,2.0797980279792667,18.649134501336313,22.49864944036456,36.57659721374512,52,2.0797980279792667,18.649134501336313,22.49864944036456,0.23300658911466599,52,2.0797980279792667,18.649134501336313,22.49864944036456,0.0896853655576706,52,2.0797980279792667,18.649134501336313,22.49864944036456,-0.3058648407459259,13,2.0797980279792667,18.649134501336313,22.49864944036456,2.62,128,7.711546198681338,41.21199946489436,55.49704268963926,6.08,624,6.953248491503427,23.546747099200253,34.749131349410796,-2.94,624,6.953248491503427,23.546747099200253,34.749131349410796,,,,,,,,,,,8.112267971038818,44,28.306411434744845,55.852195301984636,67.95450828154688,2.2026281356811523,44,28.306411434744845,55.852195301984636,67.95450828154688,247.86758422851562,44,28.306411434744845,55.852195301984636,67.95450828154688,0.45529554784297943,44,28.306411434744845,55.852195301984636,67.95450828154688,1.8201276659965515,44,28.306411434744845,55.852195301984636,67.95450828154688
2024-03-01,16.01548480987549,52,2.0797980279792667,18.649134501336313,22.49864944036456,36.59792518615723,52,2.0797980279792667,18.649134501336313,22.49864944036456,0.20231341570615768,52,2.0797980279792667,18.649134501336313,22.49864944036456,0.10539399832487106,52,2.0797980279792667,18.649134501336313,22.49864944036456,-0.34152036905288696,13,2.0797980279792667,18.649134501336313,22.49864944036456,2.135,128,7.711546198681338,41.21199946489436,55.49704268963926,6.32,624,6.953248491503427,23.546747099200253,34.749131349410796,-0.645,624,6.953248491503427,23.546747099200253,34.749131349410796,,,,,,,,,,,8.111266136169434,44,28.306411434744845,55.852195301984636,67.95450828154688,2.2032310962677,44,28.306411434744845,55.852195301984636,67.95450828154688,247.40496063232422,44,28.306411434744845,55.852195301984636,67.95450828154688,0.4718771278858185,44,28.306411434744845,55.852195301984636,67.95450828154688,1.8779053688049316,44,28.306411434744845,55.852195301984636,67.95450828154688
2024-03-02,15.965986728668213,52,2.0797980279792667,18.649134501336313,22.49864944036456,36.610116958618164,52,2.0797980279792667,18.649134501336313,22.49864944036456,0.18410193175077438,52,2.0797980279792667,18.649134501336313,22.49864944036456,0.08510018140077591,52,2.0797980279792667,18.649134501336313,22.49864944036456,-0.3795693814754486,13,2.0797980279792667,18.649134501336313,22.49864944036456,1.085,128,7.711546198681338,41.21199946489436,55.49704268963926,1.52,624,6.953248491503427,23.546747099200253,34.749131349410796,2.23,624,6.953248491503427,23.546747099200253,34.749131349410796,,,,,,,,,,,8.111080646514893,44,28.306411434744845,55.852195301984636,67.95450828154688,2.203485608100891,44,28.306411434744845,55.852195301984636,67.95450828154688,247.58112335205078,44,28.306411434744845,55.852195301984636,67.95450828154688,0.5035333931446075,44,28.306411434744845,55.852195301984636,67.95450828154688,2.0292036533355713,44,28.306411434744845,55.852195301984636,67.95450828154688
2024-03-03,15.824922561645508,52,2.0797980279792667,18.649134501336313,22.49864944036456,36.65569496154785,52,2.0797980279792667,18.649134501336313,22.49864944036456,0.202907994389534,52,2.0797980279792667,18.649134501336313,22.49864944036456,0.05243063159286976,52,2.0797980279792667,18.649134501336313,22.49864944036456,-0.35131514072418213,13,2.0797980279792667,18.649134501336313,22.49864944036456,2.625,128,7.711546198681338,41.21199946489436,55.49704268963926,6.62,624,6.953248491503427,23.546747099200253,34.749131349410796,0.035,624,6.953248491503427,23.546747099200253,34.749131349410796,,,,,,,,,,,8.11048412322998,44,28.306411434744845,55.852195301984636,67.95450828154688,2.2050126791000366,44,28.306411434744845,55.852195301984636,67.95450828154688,247.2940902709961,44,28.306411434744845,55.852195301984636,67.95450828154688,0.515718400478363,44,28.306411434744845,55.852195301984636,67.95450828154688,2.0691146850585938,44,28.306411434744845,55.852195301984636,67.95450828154688
2024-03-04,15.773728370666504,52,2.0797980279792667,18.649134501336313,22.49864944036456,36.73625373840332,52,2.0797980279792667,18.649134501336313,22.49864944036456,0.25538407266139984,52,2.0797980279792667,18.649134501336313,22.49864944036456,0.0246660765260458,52,2.0797980279792667,18.649134501336313,22.49864944036456,-0.36827993392944336,13,2.0797980279792667,18.649134501336313,22.49864944036456,2.2700000000000005,128,7.711546198681338,41.21199946489436,55.49704268963926,6.545,624,6.953248491503427,23.546747099200253,34.749131349410796,-0.775,624,6.953248491503427,23.546747099200253,34.749131349410796,,,,,,,,,,,8.109877109527588,44,28.306411434744845,55.852195301984636,67.95450828154688,2.2072255611419678,44,28.306411434744845,55.852195301984636,67.95450828154688,246.83220672607422,44,28.306411434744845,55.852195301984636,67.95450828154688,0.49973171949386597,44,28.306411434744845,55.852195301984636,67.95450828154688,1.9997197985649109,44,28.306411434744845,55.852195301984636,67.95450828154688
2024-03-05,15.818583011627197,52,2.0797980279792667,18.649134501336313,22.49864944036456,36.75344467163086,52,2.0797980279792667,18.649134501336313,22.49864944036456,0.14203428477048874,52,2.0797980279792667,18.649134501336313,22.49864944036456,0.019313696771860123,52,2.0797980279792667,18.649134501336313,22.49864944036456,-0.3592297434806824,13,2.0797980279792667,18.649134501336313,22.49864944036456,1.0950000000000002,128,7.711546198681338,41.21199946489436,55.49704268963926,3.3100000000000005,624,6.953248491503427,23.546747099200253,34.749131349410796,0.395,624,6.953248491503427,23.546747099200253,34.749131349410796,,,,,,,,,,,8.108598709106445,44,28.306411434744845,55.852195301984636,67.95450828154688,2.207733631134033,44,28.306411434744845,55.852195301984636,67.95450828154688,246.6204833984375,44,28.306411434744845,55.852195301984636,67.95450828154688,0.5068839490413666,44,28.306411434744845,55.852195301984636,67.95450828154688,2.069862484931946,44,28.306411434744845,55.852195301984636,67.95450828154688
2024-03-06,15.888927936553955,52,2.0797980279792667,18.649134501336313,22.49864944036456,36.717491149902344,52,2.0797980279792667,18.649134501336313,22.49864944036456,0.01778787188231945,52,2.0797980279792667,18.649134501336313,22.49864944036456,0.08105095475912094,52,2.0797980279792667,18.649134501336313,22.49864944036456,-0.37240782380104065,13,2.0797980279792667,18.649134501336313,22.49864944036456,0.68,128,7.711546198681338,41.21199946489436,55.49704268963926,-1.8850000000000002,624,6.953248491503427,23.546747099200253,34.749131349410796,0.08,624,6.953248491503427,23.546747099200253,34.749131349410796,,,,,,,,,,,8.10814094543457,44,28.306411434744845,55.852195301984636,67.95450828154688,2.2076817750930786,44,28.306411434744845,55.852195301984636,67.95450828154688,247.02581024169922,44,28.306411434744845,55.852195301984636,67.95450828154688,0.5409760475158691,44,28.306411434744845,55.852195301984636,67.95450828154688,2.2279528379440308,44,28.306411434744845,55.852195301984636,67.95450828154688
2024-03-07,16.020456314086914,52,2.0797980279792667,18.649134501336313,22.49864944036456,36.67893028259277,52,2.0797980279792667,18.649134501336313,22.49864944036456,-0.10084322094917297,52,2.0797980279792667,18.649134501336313,22.49864944036456,0.053391577675938606,52,2.0797980279792667,18.649134501336313,22.49864944036456,-0.3750648498535156,13,2.0797980279792667,18.649134501336313,22.49864944036456,0.605,128,7.711546198681338,41.21199946489436,55.49704268963926,-0.97,624,6.953248491503427,23.546747099200253,34.749131349410796,1.07,624,6.953248491503427,23.546747099200253,34.749131349410796,,,,,,,,,,,8.108086109161377,44,28.306411434744845,55.852195301984636,67.95450828154688,2.20786452293396,44,28.306411434744845,55.852195301984636,67.95450828154688,247.32755279541016,44,28.306411434744845,55.852195301984636,67.95450828154688,0.5722487270832062,44,28.306411434744845,55.852195301984636,67.95450828154688,2.4262499809265137,44,28.306411434744845,55.852195301984636,67.95450828154688
2024-03-08,15.94941234588623,52,2.0797980279792667,18.649134501336313,22.49864944036456,36.67293739318848,52,2.0797980279792667,18.649134501336313,22.49864944036456,-0.0805571861565113,52,2.0797980279792667,18.649134501336313,22.49864944036456,0.01714756991714239,52,2.0797980279792667,18.649134501336313,22.49864944036456,-0.35781317949295044,13,2.0797980279792667,18.649134501336313,22.49864944036456,1.26,128,7.711546198681338,41.21199946489436,55.49704268963926,3.98,624,6.953248491503427,23.546747099200253,34.749131349410796,0.96,624,6.953248491503427,23.546747099200253,34.749131349410796,,,,,,,,,,,8.108285903930664,44,28.306411434744845,55.852195301984636,67.95450828154688,2.2085636854171753,44,28.306411434744845,55.852195301984636,67.95450828154688,247.27777099609375,44,28.306411434744845,55.852195301984636,67.95450828154688,0.502103328704834,44,28.306411434744845,55.852195301984636,67.95450828154688,2.0260093212127686,44,28.306411434744845,55.852195301984636,67.95450828154688
2024-03-09,16.038207054138184,52,2.0797980279792667,18.649134501336313,22.49864944036456,36.67424392700195,52,2.0797980279792667,18.649134501336313,22.49864944036456,-0.11747508123517036,52,2.0797980279792667,18.649134501336313,22.49864944036456,0.017326881177723408,52,2.0797980279792667,18.649134501336313,22.49864944036456,-0.33491238951683044,13,2.0797980279792667,18.649134501336313,22.49864944036456,1.25,128,7.711546198681338,41.21199946489436,55.49704268963926,0.405,624,6.953248491503427,23.546747099200253,34.749131349410796,2.82,624,6.953248491503427,23.546747099200253,34.749131349410796,,,,,,,,,,,8.108289241790771,44,28.306411434744845,55.852195301984636,67.95450828154688,2.209009051322937,44,28.306411434744845,55.852195301984636,67.95450828154688,247.43728637695312,44,28.306411434744845,55.852195301984636,67.95450828154688,0.491809606552124,44,28.306411434744845,55.852195301984636,67.95450828154688,1.9590129852294922,44,28.306411434744845,55.852195301984636,67.95450828154688
2024-03-10,15.971664905548096,52,2.0797980279792667,18.649134501336313,22.49864944036456,36.676618576049805,52,2.0797980279792667,18.649134501336313,22.49864944036456,0.021282603964209557,52,2.0797980279792667,18.649134501336313,22.49864944036456,-0.02391590178012848,52,2.0797980279792667,18.649134501336313,22.49864944036456,-0.3110349476337433,13,2.0797980279792667,18.649134501336313,22.49864944036456,2.54,128,7.711546198681338,41.21199946489436,55.49704268963926,7.075,624,6.953248491503427,23.546747099200253,34.749131349410796,3.295,624,6.953248491503427,23.546747099200253,34.749131349410796,,,,,,,,,,,8.108164310455322,44,28.306411434744845,55.852195301984636,67.95450828154688,2.2107248306274414,44,28.306411434744845,55.852195301984636,67.95450828154688,247.24365997314453,44,28.306411434744845,55.852195301984636,67.95450828154688,0.48855967819690704,44,28.306411434744845,55.852195301984636,67.95450828154688,1.914471447467804,44,28.306411434744845,55.852195301984636,67.95450828154688
2024-03-11,15.960512161254883,52,2.0797980279792667,18.649134501336313,22.49864944036456,36.69091796875,52,2.0797980279792667,18.649134501336313,22.49864944036456,0.07468559220433235,52,2.0797980279792667,18.649134501336313,22.49864944036456,-0.046968238428235054,52,2.0797980279792667,18.649134501336313,22.49864944036456,-0.30423107743263245,13,2.0797980279792667,18.649134501336313,22.49864944036456,2.13,128,7.711546198681338,41.21199946489436,55.49704268963926,7.105,624,6.953248491503427,23.546747099200253,34.749131349410796,0.85,624,6.953248491503427,23.546747099200253,34.749131349410796,,,,,,,,,,,8.108757972717285,44,28.306411434744845,55.852195301984636,67.95450828154688,2.2115925550460815,44,28.306411434744845,55.852195301984636,67.95450828154688,247.4419403076172,44,28.306411434744845,55.852195301984636,67.95450828154688,0.49761630594730377,44,28.306411434744845,55.852195301984636,67.95450828154688,1.9561195373535156,44,28.306411434744845,55.852195301984636,67.95450828154688
2024-03-12,16.065770149230957,52,2.0797980279792667,18.649134501336313,22.49864944036456,36.691043853759766,52,2.0797980279792667,18.649134501336313,22.49864944036456,0.05565847083926201,52,2.0797980279792667,18.649134501336313,22.49864944036456,-0.03766573779284954,52,2.0797980279792667,18.649134501336313,22.49864944036456,-0.3154289722442627,13,2.0797980279792667,18.649134501336313,22.49864944036456,0.92,128,7.711546198681338,41.21199946489436,55.49704268963926,1.22,624,6.953248491503427,23.546747099200253,34.749131349410796,0.45,624,6.953248491503427,23.546747099200253,34.749131349410796,,,,,,,,,,,8.108657836914062,44,28.306411434744845,55.852195301984636,67.95450828154688,2.2112350463867188,44,28.306411434744845,55.852195301984636,67.95450828154688,248.17632293701172,44,28.306411434744845,55.852195301984636,67.95450828154688,0.5225349366664886,44,28.306411434744845,55.852195301984636,67.95450828154688,2.1886874437332153,44,28.306411434744845,55.852195301984636,67.95450828154688
2024-03-13,16.102625846862793,52,2.0797980279792667,18.649134501336313,22.49864944036456,36.677825927734375,52,2.0797980279792667,18.649134501336313,22.49864944036456,-0.005169822834432125,52,2.0797980279792667,18.649134501336313,22.49864944036456,0.01139574171975255,52,2.0797980279792667,18.649134501336313,22.49864944036456,-0.3263610005378723,13,2.0797980279792667,18.649134501336313,22.49864944036456,0.905,128,7.711546198681338,41.21199946489436,55.49704268963926,-2.9699999999999998,624,6.953248491503427,23.546747099200253,34.749131349410796,-0.38,624,6.953248491503427,23.546747099200253,34.749131349410796,,,,,,,,,,,8.109144687652588,44,28.306411434744845,55.852195301984636,67.95450828154688,2.210597038269043,44,28.306411434744845,55.852195301984636,67.95450828154688,249.13976287841797,44,28.306411434744845,55.852195301984636,67.95450828154688,0.5151348412036896,44,28.306411434744845,55.852195301984636,67.95450828154688,2.46681809425354,44,28.306411434744845,55.852195301984636,67.95450828154688
2024-03-14,16.17796802520752,52,2.0797980279792667,18.649134501336313,22.49864944036456,36.67424774169922,52,2.0797980279792667,18.649134501336313,22.49864944036456,-0.032211193814873695,52,2.0797980279792667,18.649134501336313,22.49864944036456,-0.0332645196467638,52,2.0797980279792667,18.649134501336313,22.49864944036456,-0.3372679352760315,13,2.0797980279792667,18.649134501336313,22.49864944036456,0.505,128,7.711546198681338,41.21199946489436,55.49704268963926,0.885,624,6.953248491503427,23.546747099200253,34.749131349410796,-0.16,624,6.953248491503427,23.546747099200253,34.749131349410796,,,,,,,,,,,8.109584331512451,44,28.306411434744845,55.852195301984636,67.95450828154688,2.210172176361084,44,28.306411434744845,55.852195301984636,67.95450828154688,249.9292221069336,44,28.306411434744845,55.852195301984636,67.95450828154688,0.46542420983314514,44,28.306411434744845,55.852195301984636,67.95450828154688,2.5374014377593994,44,28.306411434744845,55.852195301984636,67.95450828154688
2024-03-15,16.298961639404297,52,2.0797980279792667,18.649134501336313,22.49864944036456,36.68330383300781,52,2.0797980279792667,18.649134501336313,22.49864944036456,-0.035266066901385784,52,2.0797980279792667,18.649134501336313,22.49864944036456,-0.017224027775228024,52,2.0797980279792667,18.649134501336313,22.49864944036456,-0.3513353765010834,13,2.0797980279792667,18.649134501336313,22.49864944036456,0.26,128,7.711546198681338,41.21199946489436,55.49704268963926,1.19,624,6.953248491503427,23.546747099200253,34.749131349410796,0.8150000000000001,624,6.953248491503427,23.546747099200253,34.749131349410796,,,,,,,,,,,8.10892629623413,44,28.306411434744845,55.852195301984636,67.95450828154688,2.209955930709839,44,28.306411434744845,55.852195301984636,67.95450828154688,250.42974090576172,44,28.306411434744845,55.852195301984636,67.95450828154688,0.41063404083251953,44,28.306411434744845,55.852195301984636,67.95450828154688,2.5081775188446045,44,28.306411434744845,55.852195301984636,67.95450828154688
2024-03-16,16.465845108032227,52,2.0797980279792667,18.649134501336313,22.49864944036456,36.70928192138672,52,2.0797980279792667,18.649134501336313,22.49864944036456,0.01195134362205863,52,2.0797980279792667,18.649134501336313,22.49864944036456,0.0005736055318266153,52,2.0797980279792667,18.649134501336313,22.49864944036456,-0.36677107214927673,13,2.0797980279792667,18.649134501336313,22.49864944036456,0.27,128,7.711546198681338,41.21199946489436,55.49704268963926,0.63,624,6.953248491503427,23.546747099200253,34.749131349410796,0.525,624,6.953248491503427,23.546747099200253,34.749131349410796,,,,,,,,,,,8.107260704040527,44,28.306411434744845,55.852195301984636,67.95450828154688,2.210116744041443,44,28.306411434744845,55.852195301984636,67.95450828154688,250.72246551513672,44,28.306411434744845,55.852195301984636,67.95450828154688,0.3607749938964844,44,28.306411434744845,55.852195301984636,67.95450828154688,2.4623448848724365,44,28.306411434744845,55.852195301984636,67.95450828154688
2024-03-17,16.572875022888184,52,2.0797980279792667,18.649134501336313,22.49864944036456,36.70001220703125,52,2.0797980279792667,18.649134501336313,22.49864944036456,-0.03013117704540491,52,2.0797980279792667,18.649134501336313,22.49864944036456,0.04286868870258331,52,2.0797980279792667,18.649134501336313,22.49864944036456,-0.377680242061615,13,2.0797980279792667,18.649134501336313,22.49864944036456,0.16,128,7.711546198681338,41.21199946489436,55.49704268963926,-1.295,624,6.953248491503427,23.546747099200253,34.749131349410796,0.675,624,6.953248491503427,23.546747099200253,34.749131349410796,,,,,,,,,,,8.105157852172852,44,28.306411434744845,55.852195301984636,67.95450828154688,2.2105441093444824,44,28.306411434744845,55.852195301984636,67.95450828154688,250.82083892822266,44,28.306411434744845,55.852195301984636,67.95450828154688,0.32105617225170135,44,28.306411434744845,55.852195301984636,67.95450828154688,2.333328604698181,44,28.306411434744845,55.852195301984636,67.95450828154688
2024-03-18,16.696080207824707,52,2.0797980279792667,18.649134501336313,22.49864944036456,36.687692642211914,52,2.0797980279792667,18.649134501336313,22.49864944036456,0.015107505954802036,52,2.0797980279792667,18.649134501336313,22.49864944036456,-0.010435010772198439,52,2.0797980279792667,18.649134501336313,22.49864944036456,-0.37042972445487976,13,2.0797980279792667,18.649134501336313,22.49864944036456,0.3,128,7.711546198681338,41.21199946489436,55.49704268963926,0.74,624,6.953248491503427,23.546747099200253,34.749131349410796,0.47000000000000003,624,6.953248491503427,23.546747099200253,34.749131349410796,,,,,,,,,,,8.104426383972168,44,28.306411434744845,55.852195301984636,67.95450828154688,2.212220788002014,44,28.306411434744845,55.852195301984636,67.95450828154688,250.7960662841797,44,28.306411434744845,55.852195301984636,67.95450828154688,0.2912682443857193,44,28.306411434744845,55.852195301984636,67.95450828154688,2.159226894378662,44,28.306411434744845,55.852195301984636,67.95450828154688
2024-03-19,16.831796646118164,52,2.0797980279792667,18.649134501336313,22.49864944036456,36.674848556518555,52,2.0797980279792667,18.649134501336313,22.49864944036456,0.04052448831498623,52,2.0797980279792667,18.649134501336313,22.49864944036456,0.024841628037393093,52,2.0797980279792667,18.649134501336313,22.49864944036456,-0.37125924229621887,13,2.0797980279792667,18.649134501336313,22.49864944036456,0.15,128,7.711546198681338,41.21199946489436,55.49704268963926,-0.425,624,6.953248491503427,23.546747099200253,34.749131349410796,-0.12,624,6.953248491503427,23.546747099200253,34.749131349410796,,,,,,,,,,,8.103183269500732,44,28.306411434744845,55.852195301984636,67.95450828154688,2.212494730949402,44,28.306411434744845,55.852195301984636,67.95450828154688,250.8196563720703,44,28.306411434744845,55.852195301984636,67.95450828154688,0.2724249064922333,44,28.306411434744845,55.852195301984636,67.95450828154688,2.0798933506011963,44,28.306411434744845,55.852195301984636,67.95450828154688
2024-03-20,16.92768096923828,52,2.0797980279792667,18.649134501336313,22.49864944036456,36.67969512939453,52,2.0797980279792667,18.649134501336313,22.49864944036456,0.028955889865756035,52,2.0797980279792667,18.649134501336313,22.49864944036456,0.03836699575185776,52,2.0797980279792667,18.649134501336313,22.49864944036456,-0.3594494163990021,13,2.0797980279792667,18.649134501336313,22.49864944036456,0.51,128,7.711546198681338,41.21199946489436,55.49704268963926,-2.86,624,6.953248491503427,23.546747099200253,34.749131349410796,0.19,624,6.953248491503427,23.546747099200253,34.749131349410796,,,,,,,,,,,8.10192060470581,44,28.306411434744845,55.852195301984636,67.95450828154688,2.2123836278915405,44,28.306411434744845,55.852195301984636,67.95450828154688,250.52861785888672,44,28.306411434744845,55.852195301984636,67.95450828154688,0.27743974328041077,44,28.306411434744845,55.852195301984636,67.95450828154688,2.0019259452819824,44,28.306411434744845,55.852195301984636,67.95450828154688
2024-03-21,16.953312873840332,52,2.0797980279792667,18.649134501336313,22.49864944036456,36.700069427490234,52,2.0797980279792667,18.649134501336313,22.49864944036456,0.01287792343646288,52,2.0797980279792667,18.649134501336313,22.49864944036456,0.0381862036883831,52,2.0797980279792667,18.649134501336313,22.49864944036456,-0.37208014726638794,13,2.0797980279792667,18.649134501336313,22.49864944036456,0.9500000000000001,128,7.711546198681338,41.21199946489436,55.49704268963926,-2.575,624,6.953248491503427,23.546747099200253,34.749131349410796,0.46,624,6.953248491503427,23.546747099200253,34.749131349410796,,,,,,,,,,,8.102311134338379,44,28.306411434744845,55.852195301984636,67.95450828154688,2.2126976251602173,44,28.306411434744845,55.852195301984636,67.95450828154688,249.98094177246094,44,28.306411434744845,55.852195301984636,67.95450828154688,0.28095169365406036,44,28.306411434744845,55.852195301984636,67.95450828154688,1.9419408440589905,44,28.306411434744845,55.852195301984636,67.95450828154688
2024-03-22,16.954448699951172,52,2.0797980279792667,18.649134501336313,22.49864944036456,36.72745323181152,52,2.0797980279792667,18.649134501336313,22.49864944036456,-0.017820065841078758,52,2.0797980279792667,18.649134501336313,22.49864944036456,0.0636424869298935,52,2.0797980279792667,18.649134501336313,22.49864944036456,-0.39123836159706116,13,2.0797980279792667,18.649134501336313,22.49864944036456,0.86,128,7.711546198681338,41.21199946489436,55.49704268963926,-3.0,624,6.953248491503427,23.546747099200253,34.749131349410796,-0.6900000000000001,624,6.953248491503427,23.546747099200253,34.749131349410796,,,,,,,,,,,8.102551460266113,44,28.306411434744845,55.852195301984636,67.95450828154688,2.2124969959259033,44,28.306411434744845,55.852195301984636,67.95450828154688,249.77373504638672,44,28.306411434744845,55.852195301984636,67.95450828154688,0.28320300579071045,44,28.306411434744845,55.852195301984636,67.95450828154688,1.9076205492019653,44,28.306411434744845,55.852195301984636,67.95450828154688
2024-03-23,16.896177291870117,52,2.0797980279792667,18.649134501336313,22.49864944036456,36.76358413696289,52,2.0797980279792667,18.649134501336313,22.49864944036456,-0.10083749517798424,52,2.0797980279792667,18.649134501336313,22.49864944036456,0.03572571277618408,52,2.0797980279792667,18.649134501336313,22.49864944036456,-0.40086984634399414,13,2.0797980279792667,18.649134501336313,22.49864944036456,0.685,128,7.711546198681338,41.21199946489436,55.49704268963926,-3.415,624,6.953248491503427,23.546747099200253,34.749131349410796,-1.27,624,6.953248491503427,23.546747099200253,34.749131349410796,,,,,,,,,,,8.102047443389893,44,28.306411434744845,55.852195301984636,67.95450828154688,2.212449789047241,44,28.306411434744845,55.852195301984636,67.95450828154688,249.46783447265625,44,28.306411434744845,55.852195301984636,67.95450828154688,0.27821050584316254,44,28.306411434744845,55.852195301984636,67.95450828154688,1.9047491550445557,44,28.306411434744845,55.852195301984636,67.95450828154688
2024-03-24,16.85503101348877,52,2.0797980279792667,18.649134501336313,22.49864944036456,36.790205001831055,52,2.0797980279792667,18.649134501336313,22.49864944036456,-0.18985752016305923,52,2.0797980279792667,18.649134501336313,22.49864944036456,0.03347126767039299,52,2.0797980279792667,18.649134501336313,22.49864944036456,-0.4330413341522217,13,2.0797980279792667,18.649134501336313,22.49864944036456,0.875,128,7.711546198681338,41.21199946489436,55.49704268963926,-2.365,624,6.953248491503427,23.546747099200253,34.749131349410796,-0.05500000000000001,624,6.953248491503427,23.546747099200253,34.749131349410796,,,,,,,,,,,8.101678848266602,44,28.306411434744845,55.852195301984636,67.95450828154688,2.2132811546325684,44,28.306411434744845,55.852195301984636,67.95450828154688,249.25936889648438,44,28.306411434744845,55.852195301984636,67.95450828154688,0.2698834538459778,44,28.306411434744845,55.852195301984636,67.95450828154688,1.8762928247451782,44,28.306411434744845,55.852195301984636,67.95450828154688
2024-03-25,16.820789337158203,52,2.0797980279792667,18.649134501336313,22.49864944036456,36.80305862426758,52,2.0797980279792667,18.649134501336313,22.49864944036456,-0.11130141466856003,52,2.0797980279792667,18.649134501336313,22.49864944036456,0.0001552352332510054,52,2.0797980279792667,18.649134501336313,22.49864944036456,-0.42096632719039917,13,2.0797980279792667,18.649134501336313,22.49864944036456,1.3800000000000001,128,7.711546198681338,41.21199946489436,55.49704268963926,0.20500000000000002,624,6.953248491503427,23.546747099200253,34.749131349410796,0.745,624,6.953248491503427,23.546747099200253,34.749131349410796,,,,,,,,,,,8.102130889892578,44,28.306411434744845,55.852195301984636,67.95450828154688,2.2137829065322876,44,28.306411434744845,55.852195301984636,67.95450828154688,249.15475463867188,44,28.306411434744845,55.852195301984636,67.95450828154688,0.2819524258375168,44,28.306411434744845,55.852195301984636,67.95450828154688,1.8703826069831848,44,28.306411434744845,55.852195301984636,67.95450828154688
2024-03-26,16.751105308532715,52,2.0797980279792667,18.649134501336313,22.49864944036456,36.8370246887207,52,2.0797980279792667,18.649134501336313,22.49864944036456,0.04838435910642147,52,2.0797980279792667,18.649134501336313,22.49864944036456,-0.001872885215561837,52,2.0797980279792667,18.649134501336313,22.49864944036456,-0.38540196418762207,13,2.0797980279792667,18.649134501336313,22.49864944036456,1.3450000000000002,128,7.711546198681338,41.21199946489436,55.49704268963926,5.2,624,6.953248491503427,23.546747099200253,34.749131349410796,2.82,624,6.953248491503427,23.546747099200253,34.749131349410796,,,,,,,,,,,8.102707862854004,44,28.306411434744845,55.852195301984636,67.95450828154688,2.213261127471924,44,28.306411434744845,55.852195301984636,67.95450828154688,248.92892456054688,44,28.306411434744845,55.852195301984636,67.95450828154688,0.33967384696006775,44,28.306411434744845,55.852195301984636,67.95450828154688,1.9267230033874512,44,28.306411434744845,55.852195301984636,67.95450828154688
2024-03-27,16.488609313964844,52,2.0797980279792667,18.649134501336313,22.49864944036456,36.855873107910156,52,2.0797980279792667,18.649134501336313,22.49864944036456,0.31243935227394104,52,2.0797980279792667,18.649134501336313,22.49864944036456,-0.0030734484316781163,52,2.0797980279792667,18.649134501336313,22.49864944036456,-0.32649803161621094,13,2.0797980279792667,18.649134501336313,22.49864944036456,3.6,128,7.711546198681338,41.21199946489436,55.49704268963926,8.57,624,6.953248491503427,23.546747099200253,34.749131349410796,2.83,624,6.953248491503427,23.546747099200253,34.749131349410796,,,,,,,,,,,8.103740215301514,44,28.306411434744845,55.852195301984636,67.95450828154688,2.213363528251648,44,28.306411434744845,55.852195301984636,67.95450828154688,248.2367935180664,44,28.306411434744845,55.852195301984636,67.95450828154688,0.4804838001728058,44,28.306411434744845,55.852195301984636,67.95450828154688,2.1559704542160034,44,28.306411434744845,55.852195301984636,67.95450828154688
2024-03-28,16.53654193878174,52,2.0797980279792667,18.649134501336313,22.49864944036456,36.84159278869629,52,2.0797980279792667,18.649134501336313,22.49864944036456,0.44756266474723816,52,2.0797980279792667,18.649134501336313,22.49864944036456,-0.0038537979125976562,52,2.0797980279792667,18.649134501336313,22.49864944036456,-0.23399858176708221,13,2.0797980279792667,18.649134501336313,22.49864944036456,1.92,128,7.711546198681338,41.21199946489436,55.49704268963926,1.1500000000000001,624,6.953248491503427,23.546747099200253,34.749131349410796,2.375,624,6.953248491503427,23.546747099200253,34.749131349410796,,,,,,,,,,,8.105703830718994,44,28.306411434744845,55.852195301984636,67.95450828154688,2.212640166282654,44,28.306411434744845,55.852195301984636,67.95450828154688,248.2923355102539,44,28.306411434744845,55.852195301984636,67.95450828154688,0.5757744908332825,44,28.306411434744845,55.852195301984636,67.95450828154688,2.664274215698242,44,28.306411434744845,55.852195301984636,67.95450828154688
2024-03-29,16.499788284301758,52,2.0797980279792667,18.649134501336313,22.49864944036456,36.81874084472656,52,2.0797980279792667,18.649134501336313,22.49864944036456,0.32368195056915283,52,2.0797980279792667,18.649134501336313,22.49864944036456,-0.02214101329445839,52,2.0797980279792667,18.649134501336313,22.49864944036456,-0.18362589180469513,13,2.0797980279792667,18.649134501336313,22.49864944036456,1.1,128,7.711546198681338,41.21199946489436,55.49704268963926,-0.13,624,6.953248491503427,23.546747099200253,34.749131349410796,3.565,624,6.953248491503427,23.546747099200253,34.749131349410796,,,,,,,,,,,8.106212139129639,44,28.306411434744845,55.852195301984636,67.95450828154688,2.2104907035827637,44,28.306411434744845,55.852195301984636,67.95450828154688,249.12165069580078,44,28.306411434744845,55.852195301984636,67.95450828154688,0.6024596691131592,44,28.306411434744845,55.852195301984636,67.95450828154688,2.9878249168395996,44,28.306411434744845,55.852195301984636,67.95450828154688
2024-03-30,16.43931770324707,52,2.0797980279792667,18.649134501336313,22.49864944036456,36.832271575927734,52,2.0797980279792667,18.649134501336313,22.49864944036456,0.1689584031701088,52,2.0797980279792667,18.649134501336313,22.49864944036456,-0.013834680430591106,52,2.0797980279792667,18.649134501336313,22.49864944036456,-0.16027161478996277,13,2.0797980279792667,18.649134501336313,22.49864944036456,1.1500000000000001,128,7.711546198681338,41.21199946489436,55.49704268963926,0.87,624,6.953248491503427,23.546747099200253,34.749131349410796,1.08,624,6.953248491503427,23.546747099200253,34.749131349410796,,,,,,,,,,,8.106744766235352,44,28.306411434744845,55.852195301984636,67.95450828154688,2.2102208137512207,44,28.306411434744845,55.852195301984636,67.95450828154688,249.4254379272461,44,28.306411434744845,55.852195301984636,67.95450828154688,0.547325849533081,44,28.306411434744845,55.852195301984636,67.95450828154688,2.968279480934143,44,28.306411434744845,55.852195301984636,67.95450828154688
2024-03-31,16.512911796569824,52,2.0797980279792667,18.649134501336313,22.49864944036456,36.82453536987305,52,2.0797980279792667,18.649134501336313,22.49864944036456,0.16132144629955292,52,2.0797980279792667,18.649134501336313,22.49864944036456,-0.008530954597517848,52,2.0797980279792667,18.649134501336313,22.49864944036456,-0.17152784764766693,13,2.0797980279792667,18.649134501336313,22.49864944036456,1.105,128,7.711546198681338,41.21199946489436,55.49704268963926,1.47,624,6.953248491503427,23.546747099200253,34.749131349410796,2.56,624,6.953248491503427,23.546747099200253,34.749131349410796,,,,,,,,,,,8.106047630310059,44,28.306411434744845,55.852195301984636,67.95450828154688,2.2100837230682373,44,28.306411434744845,55.852195301984636,67.95450828154688,249.4017791748047,44,28.306411434744845,55.852195301984636,67.95450828154688,0.4841853827238083,44,28.306411434744845,55.852195301984636,67.95450828154688,2.813604474067688,44,28.306411434744845,55.852195301984636,67.95450828154688
2024-04-01,16.365002632141113,52,2.0797980279792667,18.649134501336313,22.49864944036456,36.835397720336914,52,2.0797980279792667,18.649134501336313,22.49864944036456,0.1820671185851097,52,2.0797980279792667,18.649134501336313,22.49864944036456,-0.07443683221936226,52,2.0797980279792667,18.649134501336313,22.49864944036456,-0.18423248827457428,13,2.0797980279792667,18.649134501336313,22.49864944036456,1.7650000000000001,128,7.711546198681338,41.21199946489436,55.49704268963926,5.745,624,6.953248491503427,23.546747099200253,34.749131349410796,0.76,624,6.953248491503427,23.546747099200253,34.749131349410796,,,,,,,,,,,8.106299877166748,44,28.306411434744845,55.852195301984636,67.95450828154688,2.209359288215637,44,28.306411434744845,55.852195301984636,67.95450828154688,249.48340606689453,44,28.306411434744845,55.852195301984636,67.95450828154688,0.4347575157880783,44,28.306411434744845,55.852195301984636,67.95450828154688,2.3798413276672363,44,28.306411434744845,55.852195301984636,67.95450828154688
2024-04-02,16.422127723693848,52,2.0797980279792667,18.649134501336313,22.49864944036456,36.80462646484375,52,2.0797980279792667,18.649134501336313,22.49864944036456,0.15866202861070633,52,2.0797980279792667,18.649134501336313,22.49864944036456,-0.019513561390340328,52,2.0797980279792667,18.649134501336313,22.49864944036456,-0.21131964027881622,13,2.0797980279792667,18.649134501336313,22.49864944036456,0.785,128,7.711546198681338,41.21199946489436,55.49704268963926,-0.665,624,6.953248491503427,23.546747099200253,34.749131349410796,0.43,624,6.953248491503427,23.546747099200253,34.749131349410796,,,,,,,,,,,8.106363296508789,44,28.306411434744845,55.852195301984636,67.95450828154688,2.2086000442504883,44,28.306411434744845,55.852195301984636,67.95450828154688,249.5301055908203,44,28.306411434744845,55.852195301984636,67.95450828154688,0.4039010852575302,44,28.306411434744845,55.852195301984636,67.95450828154688,2.266822099685669,44,28.306411434744845,55.852195301984636,67.95450828154688
2024-04-03,16.537442207336426,52,2.0797980279792667,18.649134501336313,22.49864944036456,36.77217102050781,52,2.0797980279792667,18.649134501336313,22.49864944036456,0.11255785822868347,52,2.0797980279792667,18.649134501336313,22.49864944036456,-0.04463483393192291,52,2.0797980279792667,18.649134501336313,22.49864944036456,-0.2504732310771942,13,2.0797980279792667,18.649134501336313,22.49864944036456,0.3,128,7.711546198681338,41.21199946489436,55.49704268963926,1.645,624,6.953248491503427,23.546747099200253,34.749131349410796,0.07500000000000001,624,6.953248491503427,23.546747099200253,34.749131349410796,,,,,,,,,,,8.104891300201416,44,28.306411434744845,55.852195301984636,67.95450828154688,2.208246111869812,44,28.306411434744845,55.852195301984636,67.95450828154688,249.57372283935547,44,28.306411434744845,55.852195301984636,67.95450828154688,0.3466305732727051,44,28.306411434744845,55.852195301984636,67.95450828154688,2.1675052642822266,44,28.306411434744845,55.852195301984636,67.95450828154688
2024-04-04,16.666125297546387,52,2.0797980279792667,18.649134501336313,22.49864944036456,36.75101852416992,52,2.0797980279792667,18.649134501336313,22.49864944036456,-0.00507212826050818,52,2.0797980279792667,18.649134501336313,22.49864944036456,0.02228150423616171,52,2.0797980279792667,18.649134501336313,22.49864944036456,-0.2977948784828186,13,2.0797980279792667,18.649134501336313,22.49864944036456,0.19,128,7.711546198681338,41.21199946489436,55.49704268963926,-1.475,624,6.953248491503427,23.546747099200253,34.749131349410796,-0.245,624,6.953248491503427,23.546747099200253,34.749131349410796,,,,,,,,,,,8.10307264328003,44,28.306411434744845,55.852195301984636,67.95450828154688,2.2083288431167603,44,28.306411434744845,55.852195301984636,67.95450828154688,249.42638397216797,44,28.306411434744845,55.852195301984636,67.95450828154688,0.2991953343153,44,28.306411434744845,55.852195301984636,67.95450828154688,2.0948188304901123,44,28.306411434744845,55.852195301984636,67.95450828154688
2024-04-05,16.862348556518555,52,2.0797980279792667,18.649134501336313,22.49864944036456,36.74287796020508,52,2.0797980279792667,18.649134501336313,22.49864944036456,-0.07702725753188133,52,2.0797980279792667,18.649134501336313,22.49864944036456,0.05855710431933403,52,2.0797980279792667,18.649134501336313,22.49864944036456,-0.324485182762146,13,2.0797980279792667,18.649134501336313,22.49864944036456,0.34,128,7.711546198681338,41.21199946489436,55.49704268963926,-1.1500000000000001,624,6.953248491503427,23.546747099200253,34.749131349410796,1.23,624,6.953248491503427,23.546747099200253,34.749131349410796,,,,,,,,,,,8.101041793823242,44,28.306411434744845,55.852195301984636,67.95450828154688,2.2088502645492554,44,28.306411434744845,55.852195301984636,67.95450828154688,248.99354553222656,44,28.306411434744845,55.852195301984636,67.95450828154688,0.2712770700454712,44,28.306411434744845,55.852195301984636,67.95450828154688,2.017550468444824,44,28.306411434744845,55.852195301984636,67.95450828154688
2024-04-06,17.032153129577637,52,2.0797980279792667,18.649134501336313,22.49864944036456,36.736549377441406,52,2.0797980279792667,18.649134501336313,22.49864944036456,-0.07512727379798889,52,2.0797980279792667,18.649134501336313,22.49864944036456,0.05122056044638157,52,2.0797980279792667,18.649134501336313,22.49864944036456,-0.3366708755493164,13,2.0797980279792667,18.649134501336313,22.49864944036456,0.52,128,7.711546198681338,41.21199946489436,55.49704268963926,-1.32,624,6.953248491503427,23.546747099200253,34.749131349410796,3.31,624,6.953248491503427,23.546747099200253,34.749131349410796,,,,,,,,,,,8.099019527435303,44,28.306411434744845,55.852195301984636,67.95450828154688,2.209462881088257,44,28.306411434744845,55.852195301984636,67.95450828154688,248.4272918701172,44,28.306411434744845,55.852195301984636,67.95450828154688,0.25253917276859283,44,28.306411434744845,55.852195301984636,67.95450828154688,1.9988287091255188,44,28.306411434744845,55.852195301984636,67.95450828154688
2024-04-07,17.16734218597412,52,2.0797980279792667,18.649134501336313,22.49864944036456,36.73294448852539,52,2.0797980279792667,18.649134501336313,22.49864944036456,-0.15071739256381989,52,2.0797980279792667,18.649134501336313,22.49864944036456,0.032372163608670235,52,2.0797980279792667,18.649134501336313,22.49864944036456,-0.34717506170272827,13,2.0797980279792667,18.649134501336313,22.49864944036456,0.625,128,7.711546198681338,41.21199946489436,55.49704268963926,-1.19,624,6.953248491503427,23.546747099200253,34.749131349410796,3.38,624,6.953248491503427,23.546747099200253,34.749131349410796,,,,,,,,,,,8.096964836120605,44,28.306411434744845,55.852195301984636,67.95450828154688,2.2104064226150513,44,28.306411434744845,55.852195301984636,67.95450828154688,247.5493621826172,44,28.306411434744845,55.852195301984636,67.95450828154688,0.24091694504022598,44,28.306411434744845,55.852195301984636,67.95450828154688,1.892068862915039,44,28.306411434744845,55.852195301984636,67.95450828154688
2024-04-08,17.202518463134766,52,2.0797980279792667,18.649134501336313,22.49864944036456,36.72328186035156,52,2.0797980279792667,18.649134501336313,22.49864944036456,-0.20023983716964722,52,2.0797980279792667,18.649134501336313,22.49864944036456,0.016875281929969788,52,2.0797980279792667,18.649134501336313,22.49864944036456,-0.3488054573535919,13,2.0797980279792667,18.649134501336313,22.49864944036456,0.78,128,7.711546198681338,41.21199946489436,55.49704268963926,1.475,624,6.953248491503427,23.546747099200253,34.749131349410796,0.5650000000000001,624,6.953248491503427,23.546747099200253,34.749131349410796,,,,,,,,,,,8.094841003417969,44,28.306411434744845,55.852195301984636,67.95450828154688,2.2112892866134644,44,28.306411434744845,55.852195301984636,67.95450828154688,247.0715560913086,44,28.306411434744845,55.852195301984636,67.95450828154688,0.23249436914920807,44,28.306411434744845,55.852195301984636,67.95450828154688,1.8762316703796387,44,28.306411434744845,55.852195301984636,67.95450828154688
2024-04-09,17.136216163635254,52,2.0797980279792667,18.649134501336313,22.49864944036456,36.720285415649414,52,2.0797980279792667,18.649134501336313,22.49864944036456,-0.046983761712908745,52,2.0797980279792667,18.649134501336313,22.49864944036456,-0.00848247017711401,52,2.0797980279792667,18.649134501336313,22.49864944036456,-0.3530527651309967,13,2.0797980279792667,18.649134501336313,22.49864944036456,1.59,128,7.711546198681338,41.21199946489436,55.49704268963926,2.6100000000000003,624,6.953248491503427,23.546747099200253,34.749131349410796,-1.69,624,6.953248491503427,23.546747099200253,34.749131349410796,,,,,,,,,,,8.094233512878418,44,28.306411434744845,55.852195301984636,67.95450828154688,2.2119812965393066,44,28.306411434744845,55.852195301984636,67.95450828154688,247.07720184326172,44,28.306411434744845,55.852195301984636,67.95450828154688,0.22014395892620087,44,28.306411434744845,55.852195301984636,67.95450828154688,1.7959684133529663,44,28.306411434744845,55.852195301984636,67.95450828154688
2024-04-10,17.209611892700195,52,2.0797980279792667,18.649134501336313,22.49864944036456,36.72563934326172,52,2.0797980279792667,18.649134501336313,22.49864944036456,0.068393025547266,52,2.0797980279792667,18.649134501336313,22.49864944036456,-0.028799320571124554,52,2.0797980279792667,18.649134501336313,22.49864944036456,-0.39364495873451233,13,2.0797980279792667,18.649134501336313,22.49864944036456,1.09,128,7.711546198681338,41.21199946489436,55.49704268963926,1.57,624,6.953248491503427,23.546747099200253,34.749131349410796,-0.28,624,6.953248491503427,23.546747099200253,34.749131349410796,,,,,,,,,,,8.093852996826172,44,28.306411434744845,55.852195301984636,67.95450828154688,2.2123477458953857,44,28.306411434744845,55.852195301984636,67.95450828154688,247.05490112304688,44,28.306411434744845,55.852195301984636,67.95450828154688,0.21302994340658188,44,28.306411434744845,55.852195301984636,67.95450828154688,1.7590288519859314,44,28.306411434744845,55.852195301984636,67.95450828154688
2024-04-11,17.164201736450195,52,2.0797980279792667,18.649134501336313,22.49864944036456,36.74418640136719,52,2.0797980279792667,18.649134501336313,22.49864944036456,-0.02026466652750969,52,2.0797980279792667,18.649134501336313,22.49864944036456,-0.011187512427568436,52,2.0797980279792667,18.649134501336313,22.49864944036456,-0.3904852271080017,13,2.0797980279792667,18.649134501336313,22.49864944036456,1.705,128,7.711546198681338,41.21199946489436,55.49704268963926,-0.325,624,6.953248491503427,23.546747099200253,34.749131349410796,-3.6950000000000003,624,6.953248491503427,23.546747099200253,34.749131349410796,,,,,,,,,,,8.09431791305542,44,28.306411434744845,55.852195301984636,67.95450828154688,2.2124063968658447,44,28.306411434744845,55.852195301984636,67.95450828154688,247.06495666503906,44,28.306411434744845,55.852195301984636,67.95450828154688,0.21020395308732986,44,28.306411434744845,55.852195301984636,67.95450828154688,1.7178749442100525,44,28.306411434744845,55.852195301984636,67.95450828154688
2024-04-12,17.14760398864746,52,2.0797980279792667,18.649134501336313,22.49864944036456,36.748931884765625,52,2.0797980279792667,18.649134501336313,22.49864944036456,-0.01683796476572752,52,2.0797980279792667,18.649134501336313,22.49864944036456,0.013930803630501032,52,2.0797980279792667,18.649134501336313,22.49864944036456,-0.4128493070602417,13,2.0797980279792667,18.649134501336313,22.49864944036456,1.145,128,7.711546198681338,41.21199946489436,55.49704268963926,-1.705,624,6.953248491503427,23.546747099200253,34.749131349410796,-1.6600000000000001,624,6.953248491503427,23.546747099200253,34.749131349410796,,,,,,,,,,,8.094449996948242,44,28.306411434744845,55.852195301984636,67.95450828154688,2.213082432746887,44,28.306411434744845,55.852195301984636,67.95450828154688,246.95092010498047,44,28.306411434744845,55.852195301984636,67.95450828154688,0.2112533301115036,44,28.306411434744845,55.852195301984636,67.95450828154688,1.723726749420166,44,28.306411434744845,55.852195301984636,67.95450828154688
2024-04-13,17.30006694793701,52,2.0797980279792667,18.649134501336313,22.49864944036456,36.74530601501465,52,2.0797980279792667,18.649134501336313,22.49864944036456,-0.004678272642195225,52,2.0797980279792667,18.649134501336313,22.49864944036456,0.007265301188454032,52,2.0797980279792667,18.649134501336313,22.49864944036456,-0.4256461560726166,13,2.0797980279792667,18.649134501336313,22.49864944036456,0.41000000000000003,128,7.711546198681338,41.21199946489436,55.49704268963926,-2.375,624,6.953248491503427,23.546747099200253,34.749131349410796,-1.6400000000000001,624,6.953248491503427,23.546747099200253,34.749131349410796,,,,,,,,,,,8.093367099761963,44,28.306411434744845,55.852195301984636,67.95450828154688,2.2137482166290283,44,28.306411434744845,55.852195301984636,67.95450828154688,246.94005584716797,44,28.306411434744845,55.852195301984636,67.95450828154688,0.21307707577943802,44,28.306411434744845,55.852195301984636,67.95450828154688,1.7875422239303589,44,28.306411434744845,55.852195301984636,67.95450828154688
2024-04-14,17.459733963012695,52,2.0797980279792667,18.649134501336313,22.49864944036456,36.738176345825195,52,2.0797980279792667,18.649134501336313,22.49864944036456,-0.045817961916327477,52,2.0797980279792667,18.649134501336313,22.49864944036456,0.024034962058067322,52,2.0797980279792667,18.649134501336313,22.49864944036456,-0.42703795433044434,13,2.0797980279792667,18.649134501336313,22.49864944036456,0.38,128,7.711546198681338,41.21199946489436,55.49704268963926,-2.72,624,6.953248491503427,23.546747099200253,34.749131349410796,-1.9050000000000002,624,6.953248491503427,23.546747099200253,34.749131349410796,,,,,,,,,,,8.091032981872559,44,28.306411434744845,55.852195301984636,67.95450828154688,2.214239716529846,44,28.306411434744845,55.852195301984636,67.95450828154688,246.62460327148438,44,28.306411434744845,55.852195301984636,67.95450828154688,0.21786638349294662,44,28.306411434744845,55.852195301984636,67.95450828154688,1.870764970779419,44,28.306411434744845,55.852195301984636,67.95450828154688
2024-04-15,17.67818832397461,52,2.0797980279792667,18.649134501336313,22.49864944036456,36.73280715942383,52,2.0797980279792667,18.649134501336313,22.49864944036456,0.006178871961310506,52,2.0797980279792667,18.649134501336313,22.49864944036456,0.017262091860175133,52,2.0797980279792667,18.649134501336313,22.49864944036456,-0.40566134452819824,13,2.0797980279792667,18.649134501336313,22.49864944036456,0.44,128,7.711546198681338,41.21199946489436,55.49704268963926,0.98,624,6.953248491503427,23.546747099200253,34.749131349410796,-0.59,624,6.953248491503427,23.546747099200253,34.749131349410796,,,,,,,,,,,8.0882887840271,44,28.306411434744845,55.852195301984636,67.95450828154688,2.2143067121505737,44,28.306411434744845,55.852195301984636,67.95450828154688,246.2851791381836,44,28.306411434744845,55.852195301984636,67.95450828154688,0.22238244116306305,44,28.306411434744845,55.852195301984636,67.95450828154688,1.9719434976577759,44,28.306411434744845,55.852195301984636,67.95450828154688
2024-04-16,17.804896354675293,52,2.0797980279792667,18.649134501336313,22.49864944036456,36.72575759887695,52,2.0797980279792667,18.649134501336313,22.49864944036456,0.12711192667484283,52,2.0797980279792667,18.649134501336313,22.49864944036456,-0.007414134684950113,52,2.0797980279792667,18.649134501336313,22.49864944036456,-0.3969983160495758,13,2.0797980279792667,18.649134501336313,22.49864944036456,0.28500000000000003,128,7.711546198681338,41.21199946489436,55.49704268963926,0.74,624,6.953248491503427,23.546747099200253,34.749131349410796,0.12,624,6.953248491503427,23.546747099200253,34.749131349410796,,,,,,,,,,,8.085465431213379,44,28.306411434744845,55.852195301984636,67.95450828154688,2.214257597923279,44,28.306411434744845,55.852195301984636,67.95450828154688,246.42877960205078,44,28.306411434744845,55.852195301984636,67.95450828154688,0.221403568983078,44,28.306411434744845,55.852195301984636,67.95450828154688,2.0005221366882324,44,28.306411434744845,55.852195301984636,67.95450828154688
2024-04-17,17.80681610107422,52,2.0797980279792667,18.649134501336313,22.49864944036456,36.72894859313965,52,2.0797980279792667,18.649134501336313,22.49864944036456,0.0999610424041748,52,2.0797980279792667,18.649134501336313,22.49864944036456,0.0554539579898119,52,2.0797980279792667,18.649134501336313,22.49864944036456,-0.40042924880981445,13,2.0797980279792667,18.649134501336313,22.49864944036456,1.025,128,7.711546198681338,41.21199946489436,55.49704268963926,-3.145,624,6.953248491503427,23.546747099200253,34.749131349410796,-1.0950000000000002,624,6.953248491503427,23.546747099200253,34.749131349410796,,,,,,,,,,,8.084942817687988,44,28.306411434744845,55.852195301984636,67.95450828154688,2.2138670682907104,44,28.306411434744845,55.852195301984636,67.95450828154688,246.14500427246094,44,28.306411434744845,55.852195301984636,67.95450828154688,0.20740629732608795,44,28.306411434744845,55.852195301984636,67.95450828154688,1.9163113832473755,44,28.306411434744845,55.852195301984636,67.95450828154688
2024-04-18,17.736897468566895,52,2.0797980279792667,18.649134501336313,22.49864944036456,36.751909255981445,52,2.0797980279792667,18.649134501336313,22.49864944036456,0.04139934852719307,52,2.0797980279792667,18.649134501336313,22.49864944036456,0.035937219858169556,52,2.0797980279792667,18.649134501336313,22.49864944036456,-0.36290767788887024,13,2.0797980279792667,18.649134501336313,22.49864944036456,1.105,128,7.711546198681338,41.21199946489436,55.49704268963926,-3.21,624,6.953248491503427,23.546747099200253,34.749131349410796,-1.55,624,6.953248491503427,23.546747099200253,34.749131349410796,,,,,,,,,,,8.086339473724365,44,28.306411434744845,55.852195301984636,67.95450828154688,2.213340640068054,44,28.306411434744845,55.852195301984636,67.95450828154688,245.5789566040039,44,28.306411434744845,55.852195301984636,67.95450828154688,0.19160504639148712,44,28.306411434744845,55.852195301984636,67.95450828154688,1.8045322895050049,44,28.306411434744845,55.852195301984636,67.95450828154688
2024-04-19,17.654574394226074,52,2.0797980279792667,18.649134501336313,22.49864944036456,36.77128219604492,52,2.0797980279792667,18.649134501336313,22.49864944036456,-0.06989594548940659,52,2.0797980279792667,18.649134501336313,22.49864944036456,0.029362698085606098,52,2.0797980279792667,18.649134501336313,22.49864944036456,-0.3744228780269623,13,2.0797980279792667,18.649134501336313,22.49864944036456,1.6300000000000001,128,7.711546198681338,41.21199946489436,55.49704268963926,-5.08,624,6.953248491503427,23.546747099200253,34.749131349410796,-2.3899999999999997,624,6.953248491503427,23.546747099200253,34.749131349410796,,,,,,,,,,,8.088445663452148,44,28.306411434744845,55.852195301984636,67.95450828154688,2.2133047580718994,44,28.306411434744845,55.852195301984636,67.95450828154688,245.6075210571289,44,28.306411434744845,55.852195301984636,67.95450828154688,0.1810399740934372,44,28.306411434744845,55.852195301984636,67.95450828154688,1.7253499031066895,44,28.306411434744845,55.852195301984636,67.95450828154688
2024-04-20,17.572379112243652,52,2.0797980279792667,18.649134501336313,22.49864944036456,36.8051700592041,52,2.0797980279792667,18.649134501336313,22.49864944036456,-0.09298975393176079,52,2.0797980279792667,18.649134501336313,22.49864944036456,0.027392739430069923,52,2.0797980279792667,18.649134501336313,22.49864944036456,-0.352156400680542,13,2.0797980279792667,18.649134501336313,22.49864944036456,1.1,128,7.711546198681338,41.21199946489436,55.49704268963926,-4.535,624,6.953248491503427,23.546747099200253,34.749131349410796,-1.7,624,6.953248491503427,23.546747099200253,34.749131349410796,,,,,,,,,,,8.090399265289307,44,28.306411434744845,55.852195301984636,67.95450828154688,2.2133116722106934,44,28.306411434744845,55.852195301984636,67.95450828154688,246.00225067138672,44,28.306411434744845,55.852195301984636,67.95450828154688,0.17920809239149094,44,28.306411434744845,55.852195301984636,67.95450828154688,1.6436151266098022,44,28.306411434744845,55.852195301984636,67.95450828154688
2024-04-21,17.397910118103027,52,2.0797980279792667,18.649134501336313,22.49864944036456,36.838802337646484,52,2.0797980279792667,18.649134501336313,22.49864944036456,-0.16608494520187378,52,2.0797980279792667,18.649134501336313,22.49864944036456,0.021971283480525017,52,2.0797980279792667,18.649134501336313,22.49864944036456,-0.3754776120185852,13,2.0797980279792667,18.649134501336313,22.49864944036456,1.225,128,7.711546198681338,41.21199946489436,55.49704268963926,-3.85,624,6.953248491503427,23.546747099200253,34.749131349410796,-2.19,624,6.953248491503427,23.546747099200253,34.749131349410796,,,,,,,,,,,8.091323852539062,44,28.306411434744845,55.852195301984636,67.95450828154688,2.2151618003845215,44,28.306411434744845,55.852195301984636,67.95450828154688,245.6570053100586,44,28.306411434744845,55.852195301984636,67.95450828154688,0.17687267810106277,44,28.306411434744845,55.852195301984636,67.95450828154688,1.601692795753479,44,28.306411434744845,55.852195301984636,67.95450828154688
2024-04-22,17.504630088806152,52,2.0797980279792667,18.649134501336313,22.49864944036456,36.886953353881836,52,2.0797980279792667,18.649134501336313,22.49864944036456,-0.2774457186460495,52,2.0797980279792667,18.649134501336313,22.49864944036456,0.04283570498228073,52,2.0797980279792667,18.649134501336313,22.49864944036456,-0.373501181602478,13,2.0797980279792667,18.649134501336313,22.49864944036456,0.91,128,7.711546198681338,41.21199946489436,55.49704268963926,-3.375,624,6.953248491503427,23.546747099200253,34.749131349410796,-1.78,624,6.953248491503427,23.546747099200253,34.749131349410796,,,,,,,,,,,8.091236591339111,44,28.306411434744845,55.852195301984636,67.95450828154688,2.215601086616516,44,28.306411434744845,55.852195301984636,67.95450828154688,245.45674896240234,44,28.306411434744845,55.852195301984636,67.95450828154688,0.1687755435705185,44,28.306411434744845,55.852195301984636,67.95450828154688,1.6076017618179321,44,28.306411434744845,55.852195301984636,67.95450828154688
2024-04-23,17.337393760681152,52,2.0797980279792667,18.649134501336313,22.49864944036456,36.90786170959473,52,2.0797980279792667,18.649134501336313,22.49864944036456,-0.4510793089866638,52,2.0797980279792667,18.649134501336313,22.49864944036456,-0.001974618760868907,52,2.0797980279792667,18.649134501336313,22.49864944036456,-0.39102670550346375,13,2.0797980279792667,18.649134501336313,22.49864944036456,1.245,128,7.711546198681338,41.21199946489436,55.49704268963926,-0.745,624,6.953248491503427,23.546747099200253,34.749131349410796,-0.97,624,6.953248491503427,23.546747099200253,34.749131349410796,,,,,,,,,,,8.091047286987305,44,28.306411434744845,55.852195301984636,67.95450828154688,2.2136706113815308,44,28.306411434744845,55.852195301984636,67.95450828154688,245.47701263427734,44,28.306411434744845,55.852195301984636,67.95450828154688,0.1663135662674904,44,28.306411434744845,55.852195301984636,67.95450828154688,1.6094442009925842,44,28.306411434744845,55.852195301984636,67.95450828154688
2024-04-24,17.443493843078613,52,2.0797980279792667,18.649134501336313,22.49864944036456,36.87128257751465,52,2.0797980279792667,18.649134501336313,22.49864944036456,-0.5354638695716858,52,2.0797980279792667,18.649134501336313,22.49864944036456,-0.02737687062472105,52,2.0797980279792667,18.649134501336313,22.49864944036456,-0.3633027672767639,13,2.0797980279792667,18.649134501336313,22.49864944036456,0.9,128,7.711546198681338,41.21199946489436,55.49704268963926,0.11499999999999999,624,6.953248491503427,23.546747099200253,34.749131349410796,-1.56,624,6.953248491503427,23.546747099200253,34.749131349410796,,,,,,,,,,,8.090178489685059,44,28.306411434744845,55.852195301984636,67.95450828154688,2.21468186378479,44,28.306411434744845,55.852195301984636,67.95450828154688,245.7439956665039,44,28.306411434744845,55.852195301984636,67.95450828154688,0.17325370013713837,44,28.306411434744845,55.852195301984636,67.95450828154688,1.6744177341461182,44,28.306411434744845,55.852195301984636,67.95450828154688
2024-04-25,17.498966217041016,52,2.0797980279792667,18.649134501336313,22.49864944036456,36.92533874511719,52,2.0797980279792667,18.649134501336313,22.49864944036456,-0.5933746695518494,52,2.0797980279792667,18.649134501336313,22.49864944036456,-0.006471713073551655,52,2.0797980279792667,18.649134501336313,22.49864944036456,-0.3573933243751526,13,2.0797980279792667,18.649134501336313,22.49864944036456,0.8,128,7.711546198681338,41.21199946489436,55.49704268963926,-1.22,624,6.953248491503427,23.546747099200253,34.749131349410796,-0.03,624,6.953248491503427,23.546747099200253,34.749131349410796,,,,,,,,,,,8.089636325836182,44,28.306411434744845,55.852195301984636,67.95450828154688,2.214630603790283,44,28.306411434744845,55.852195301984636,67.95450828154688,245.94344329833984,44,28.306411434744845,55.852195301984636,67.95450828154688,0.17677853256464005,44,28.306411434744845,55.852195301984636,67.95450828154688,1.7470726370811462,44,28.306411434744845,55.852195301984636,67.95450828154688
2024-04-26,17.656289100646973,52,2.0797980279792667,18.649134501336313,22.49864944036456,36.91374588012695,52,2.0797980279792667,18.649134501336313,22.49864944036456,-0.49816733598709106,52,2.0797980279792667,18.649134501336313,22.49864944036456,-0.05890965461730957,52,2.0797980279792667,18.649134501336313,22.49864944036456,-0.33052024245262146,13,2.0797980279792667,18.649134501336313,22.49864944036456,0.5,128,7.711546198681338,41.21199946489436,55.49704268963926,0.595,624,6.953248491503427,23.546747099200253,34.749131349410796,0.615,624,6.953248491503427,23.546747099200253,34.749131349410796,,,,,,,,,,,8.088328838348389,44,28.306411434744845,55.852195301984636,67.95450828154688,2.214185953140259,44,28.306411434744845,55.852195301984636,67.95450828154688,245.79881286621094,44,28.306411434744845,55.852195301984636,67.95450828154688,0.18199888616800308,44,28.306411434744845,55.852195301984636,67.95450828154688,1.8126431703567505,44,28.306411434744845,55.852195301984636,67.95450828154688
2024-04-27,17.859307289123535,52,2.0797980279792667,18.649134501336313,22.49864944036456,36.86409568786621,52,2.0797980279792667,18.649134501336313,22.49864944036456,-0.3212540000677109,52,2.0797980279792667,18.649134501336313,22.49864944036456,-0.10030743107199669,52,2.0797980279792667,18.649134501336313,22.49864944036456,-0.30027487874031067,13,2.0797980279792667,18.649134501336313,22.49864944036456,0.635,128,7.711546198681338,41.21199946489436,55.49704268963926,0.88,624,6.953248491503427,23.546747099200253,34.749131349410796,0.445,624,6.953248491503427,23.546747099200253,34.749131349410796,,,,,,,,,,,8.08519697189331,44,28.306411434744845,55.852195301984636,67.95450828154688,2.21297550201416,44,28.306411434744845,55.852195301984636,67.95450828154688,245.60906982421875,44,28.306411434744845,55.852195301984636,67.95450828154688,0.18959614634513855,44,28.306411434744845,55.852195301984636,67.95450828154688,1.8878028392791748,44,28.306411434744845,55.852195301984636,67.95450828154688
2024-04-28,17.943016052246094,52,2.0797980279792667,18.649134501336313,22.49864944036456,36.80078125,52,2.0797980279792667,18.649134501336313,22.49864944036456,-0.04965498298406601,52,2.0797980279792667,18.649134501336313,22.49864944036456,-0.046641210094094276,52,2.0797980279792667,18.649134501336313,22.49864944036456,-0.281899094581604,13,2.0797980279792667,18.649134501336313,22.49864944036456,0.93,128,7.711546198681338,41.21199946489436,55.49704268963926,-0.08,624,6.953248491503427,23.546747099200253,34.749131349410796,-2.035,624,6.953248491503427,23.546747099200253,34.749131349410796,,,,,,,,,,,8.082172393798828,44,28.306411434744845,55.852195301984636,67.95450828154688,2.211905002593994,44,28.306411434744845,55.852195301984636,67.95450828154688,245.35511779785156,44,28.306411434744845,55.852195301984636,67.95450828154688,0.187430277466774,44,28.306411434744845,55.852195301984636,67.95450828154688,1.879585087299347,44,28.306411434744845,55.852195301984636,67.95450828154688
2024-04-29,17.852981567382812,52,2.0797980279792667,18.649134501336313,22.49864944036456,36.73655319213867,52,2.0797980279792667,18.649134501336313,22.49864944036456,0.17068680375814438,52,2.0797980279792667,18.649134501336313,22.49864944036456,-0.06720877438783646,52,2.0797980279792667,18.649134501336313,22.49864944036456,-0.2771243155002594,13,2.0797980279792667,18.649134501336313,22.49864944036456,0.9400000000000001,128,7.711546198681338,41.21199946489436,55.49704268963926,3.395,624,6.953248491503427,23.546747099200253,34.749131349410796,-0.81,624,6.953248491503427,23.546747099200253,34.749131349410796,,,,,,,,,,,8.082161903381348,44,28.306411434744845,55.852195301984636,67.95450828154688,2.211805820465088,44,28.306411434744845,55.852195301984636,67.95450828154688,244.88311004638672,44,28.306411434744845,55.852195301984636,67.95450828154688,0.16625632345676422,44,28.306411434744845,55.852195301984636,67.95450828154688,1.670882523059845,44,28.306411434744845,55.852195301984636,67.95450828154688
2024-04-30,17.62836742401123,52,2.0797980279792667,18.649134501336313,22.49864944036456,36.79793739318848,52,2.0797980279792667,18.649134501336313,22.49864944036456,0.22218375653028488,52,2.0797980279792667,18.649134501336313,22.49864944036456,-0.031976666301488876,52,2.0797980279792667,18.649134501336313,22.49864944036456,-0.27702903747558594,13,2.0797980279792667,18.649134501336313,22.49864944036456,0.92,128,7.711546198681338,41.21199946489436,55.49704268963926,4.97,624,6.953248491503427,23.546747099200253,34.749131349410796,0.09,624,6.953248491503427,23.546747099200253,34.749131349410796,,,,,,,,,,,8.083802223205566,44,28.306411434744845,55.852195301984636,67.95450828154688,2.212115526199341,44,28.306411434744845,55.852195301984636,67.95450828154688,244.28953552246094,44,28.306411434744845,55.852195301984636,67.95450828154688,0.15560954809188843,44,28.306411434744845,55.852195301984636,67.95450828154688,1.5207975506782532,44,28.306411434744845,55.852195301984636,67.95450828154688
2024-05-01,17.506543159484863,52,2.0797980279792667,18.649134501336313,22.49864944036456,36.79107856750488,52,2.0797980279792667,18.649134501336313,22.49864944036456,0.26902925968170166,52,2.0797980279792667,18.649134501336313,22.49864944036456,-0.0345302764326334,52,2.0797980279792667,18.649134501336313,22.49864944036456,-0.28233373165130615,13,2.0797980279792667,18.649134501336313,22.49864944036456,1.78,128,7.711546198681338,41.21199946489436,55.49704268963926,6.01,624,6.953248491503427,23.546747099200253,34.749131349410796,2.965,624,6.953248491503427,23.546747099200253,34.749131349410796,,,,,,,,,,,8.08452033996582,44,28.306411434744845,55.852195301984636,67.95450828154688,2.2128677368164062,44,28.306411434744845,55.852195301984636,67.95450828154688,243.8930892944336,44,28.306411434744845,55.852195301984636,67.95450828154688,0.15529147535562515,44,28.306411434744845,55.852195301984636,67.95450828154688,1.4614125490188599,44,28.306411434744845,55.852195301984636,67.95450828154688
2024-05-02,17.361916542053223,52,2.0797980279792667,18.649134501336313,22.49864944036456,36.795223236083984,52,2.0797980279792667,18.649134501336313,22.49864944036456,0.3296179324388504,52,2.0797980279792667,18.649134501336313,22.49864944036456,-0.02941838651895523,52,2.0797980279792667,18.649134501336313,22.49864944036456,-0.2563919723033905,13,2.0797980279792667,18.649134501336313,22.49864944036456,1.585,128,7.711546198681338,41.21199946489436,55.49704268963926,4.345000000000001,624,6.953248491503427,23.546747099200253,34.749131349410796,1.565,624,6.953248491503427,23.546747099200253,34.749131349410796,,,,,,,,,,,8.085007667541504,44,28.306411434744845,55.852195301984636,67.95450828154688,2.213512659072876,44,28.306411434744845,55.852195301984636,67.95450828154688,243.5539779663086,44,28.306411434744845,55.852195301984636,67.95450828154688,0.15299522876739502,44,28.306411434744845,55.852195301984636,67.95450828154688,1.4347363114356995,44,28.306411434744845,55.852195301984636,67.95450828154688
2024-05-03,17.45817756652832,52,2.0797980279792667,18.649134501336313,22.49864944036456,36.745243072509766,52,2.0797980279792667,18.649134501336313,22.49864944036456,0.1765897274017334,52,2.0797980279792667,18.649134501336313,22.49864944036456,-0.01717966515570879,52,2.0797980279792667,18.649134501336313,22.49864944036456,-0.2766900360584259,13,2.0797980279792667,18.649134501336313,22.49864944036456,0.5700000000000001,128,7.711546198681338,41.21199946489436,55.49704268963926,0.01,624,6.953248491503427,23.546747099200253,34.749131349410796,-0.015,624,6.953248491503427,23.546747099200253,34.749131349410796,,,,,,,,,,,8.084192752838135,44,28.306411434744845,55.852195301984636,67.95450828154688,2.2136555910110474,44,28.306411434744845,55.852195301984636,67.95450828154688,243.5483169555664,44,28.306411434744845,55.852195301984636,67.95450828154688,0.15155131369829178,44,28.306411434744845,55.852195301984636,67.95450828154688,1.4398017525672913,44,28.306411434744845,55.852195301984636,67.95450828154688
2024-05-04,17.64118003845215,52,2.0797980279792667,18.649134501336313,22.49864944036456,36.76311492919922,52,2.0797980279792667,18.649134501336313,22.49864944036456,0.09699292853474617,52,2.0797980279792667,18.649134501336313,22.49864944036456,0.002279348613228649,52,2.0797980279792667,18.649134501336313,22.49864944036456,-0.30024978518486023,13,2.0797980279792667,18.649134501336313,22.49864944036456,0.235,128,7.711546198681338,41.21199946489436,55.49704268963926,-0.505,624,6.953248491503427,23.546747099200253,34.749131349410796,-0.055,624,6.953248491503427,23.546747099200253,34.749131349410796,,,,,,,,,,,8.081780433654785,44,28.306411434744845,55.852195301984636,67.95450828154688,2.2136765718460083,44,28.306411434744845,55.852195301984636,67.95450828154688,243.49353790283203,44,28.306411434744845,55.852195301984636,67.95450828154688,0.15897288918495178,44,28.306411434744845,55.852195301984636,67.95450828154688,1.5386884212493896,44,28.306411434744845,55.852195301984636,67.95450828154688
2024-05-05,17.893851280212402,52,2.0797980279792667,18.649134501336313,22.49864944036456,36.800636291503906,52,2.0797980279792667,18.649134501336313,22.49864944036456,0.06405983865261078,52,2.0797980279792667,18.649134501336313,22.49864944036456,-0.016977393068373203,52,2.0797980279792667,18.649134501336313,22.49864944036456,-0.3138984143733978,13,2.0797980279792667,18.649134501336313,22.49864944036456,0.15,128,7.711546198681338,41.21199946489436,55.49704268963926,0.305,624,6.953248491503427,23.546747099200253,34.749131349410796,0.265,624,6.953248491503427,23.546747099200253,34.749131349410796,,,,,,,,,,,8.079753875732422,44,28.306411434744845,55.852195301984636,67.95450828154688,2.2131564617156982,44,28.306411434744845,55.852195301984636,67.95450828154688,243.39588165283203,44,28.306411434744845,55.852195301984636,67.95450828154688,0.17187094688415527,44,28.306411434744845,55.852195301984636,67.95450828154688,1.6748177409172058,44,28.306411434744845,55.852195301984636,67.95450828154688
2024-05-06,18.087846755981445,52,2.0797980279792667,18.649134501336313,22.49864944036456,36.84367561340332,52,2.0797980279792667,18.649134501336313,22.49864944036456,0.04799068160355091,52,2.0797980279792667,18.649134501336313,22.49864944036456,-0.03098909091204405,52,2.0797980279792667,18.649134501336313,22.49864944036456,-0.3277788758277893,13,2.0797980279792667,18.649134501336313,22.49864944036456,0.4,128,7.711546198681338,41.21199946489436,55.49704268963926,1.42,624,6.953248491503427,23.546747099200253,34.749131349410796,0.05,624,6.953248491503427,23.546747099200253,34.749131349410796,,,,,,,,,,,8.077185153961182,44,28.306411434744845,55.852195301984636,67.95450828154688,2.212755799293518,44,28.306411434744845,55.852195301984636,67.95450828154688,243.08567810058594,44,28.306411434744845,55.852195301984636,67.95450828154688,0.17992031574249268,44,28.306411434744845,55.852195301984636,67.95450828154688,1.7433727383613586,44,28.306411434744845,55.852195301984636,67.95450828154688
2024-05-07,18.260403633117676,52,2.0797980279792667,18.649134501336313,22.49864944036456,36.886274337768555,52,2.0797980279792667,18.649134501336313,22.49864944036456,0.008529516402631998,52,2.0797980279792667,18.649134501336313,22.49864944036456,0.004821604699827731,52,2.0797980279792667,18.649134501336313,22.49864944036456,-0.3497726321220398,13,2.0797980279792667,18.649134501336313,22.49864944036456,0.59,128,7.711546198681338,41.21199946489436,55.49704268963926,-0.21000000000000002,624,6.953248491503427,23.546747099200253,34.749131349410796,-1.44,624,6.953248491503427,23.546747099200253,34.749131349410796,,,,,,,,,,,8.075531959533691,44,28.306411434744845,55.852195301984636,67.95450828154688,2.21242356300354,44,28.306411434744845,55.852195301984636,67.95450828154688,242.62020874023438,44,28.306411434744845,55.852195301984636,67.95450828154688,0.17876014113426208,44,28.306411434744845,55.852195301984636,67.95450828154688,1.7703539729118347,44,28.306411434744845,55.852195301984636,67.95450828154688
2024-05-08,18.394289016723633,52,2.0797980279792667,18.649134501336313,22.49864944036456,36.90424728393555,52,2.0797980279792667,18.649134501336313,22.49864944036456,0.0011600223369896412,52,2.0797980279792667,18.649134501336313,22.49864944036456,-0.0015803425339981914,52,2.0797980279792667,18.649134501336313,22.49864944036456,-0.3669220209121704,13,2.0797980279792667,18.649134501336313,22.49864944036456,0.585,128,7.711546198681338,41.21199946489436,55.49704268963926,0.11,624,6.953248491503427,23.546747099200253,34.749131349410796,-1.79,624,6.953248491503427,23.546747099200253,34.749131349410796,,,,,,,,,,,8.073524951934814,44,28.306411434744845,55.852195301984636,67.95450828154688,2.2125505208969116,44,28.306411434744845,55.852195301984636,67.95450828154688,242.212158203125,44,28.306411434744845,55.852195301984636,67.95450828154688,0.17912254482507706,44,28.306411434744845,55.852195301984636,67.95450828154688,1.826008379459381,44,28.306411434744845,55.852195301984636,67.95450828154688
2024-05-09,18.585776329040527,52,2.0797980279792667,18.649134501336313,22.49864944036456,36.93391418457031,52,2.0797980279792667,18.649134501336313,22.49864944036456,-0.02548087015748024,52,2.0797980279792667,18.649134501336313,22.49864944036456,-0.008740656077861786,52,2.0797980279792667,18.649134501336313,22.49864944036456,-0.38415631651878357,13,2.0797980279792667,18.649134501336313,22.49864944036456,0.59,128,7.711546198681338,41.21199946489436,55.49704268963926,-0.685,624,6.953248491503427,23.546747099200253,34.749131349410796,-0.595,624,6.953248491503427,23.546747099200253,34.749131349410796,,,,,,,,,,,8.071476936340332,44,28.306411434744845,55.852195301984636,67.95450828154688,2.212534546852112,44,28.306411434744845,55.852195301984636,67.95450828154688,241.99542236328125,44,28.306411434744845,55.852195301984636,67.95450828154688,0.17750494927167892,44,28.306411434744845,55.852195301984636,67.95450828154688,1.8654091358184814,44,28.306411434744845,55.852195301984636,67.95450828154688
2024-05-10,18.53288459777832,52,2.0797980279792667,18.649134501336313,22.49864944036456,36.946828842163086,52,2.0797980279792667,18.649134501336313,22.49864944036456,-0.16011770069599152,52,2.0797980279792667,18.649134501336313,22.49864944036456,0.05109100788831711,52,2.0797980279792667,18.649134501336313,22.49864944036456,-0.3988415598869324,13,2.0797980279792667,18.649134501336313,22.49864944036456,0.605,128,7.711546198681338,41.21199946489436,55.49704268963926,-3.8200000000000003,624,6.953248491503427,23.546747099200253,34.749131349410796,-1.2,624,6.953248491503427,23.546747099200253,34.749131349410796,,,,,,,,,,,8.070854663848877,44,28.306411434744845,55.852195301984636,67.95450828154688,2.2124217748641968,44,28.306411434744845,55.852195301984636,67.95450828154688,241.5782699584961,44,28.306411434744845,55.852195301984636,67.95450828154688,0.16664619743824005,44,28.306411434744845,55.852195301984636,67.95450828154688,1.7984528541564941,44,28.306411434744845,55.852195301984636,67.95450828154688
2024-05-11,18.413789749145508,52,2.0797980279792667,18.649134501336313,22.49864944036456,36.953495025634766,52,2.0797980279792667,18.649134501336313,22.49864944036456,-0.23268773406744003,52,2.0797980279792667,18.649134501336313,22.49864944036456,0.03002876602113247,52,2.0797980279792667,18.649134501336313,22.49864944036456,-0.4172348082065582,13,2.0797980279792667,18.649134501336313,22.49864944036456,0.765,128,7.711546198681338,41.21199946489436,55.49704268963926,-3.4850000000000003,624,6.953248491503427,23.546747099200253,34.749131349410796,-1.4,624,6.953248491503427,23.546747099200253,34.749131349410796,,,,,,,,,,,8.071784496307373,44,28.306411434744845,55.852195301984636,67.95450828154688,2.212913990020752,44,28.306411434744845,55.852195301984636,67.95450828154688,240.8401107788086,44,28.306411434744845,55.852195301984636,67.95450828154688,0.15530681610107422,44,28.306411434744845,55.852195301984636,67.95450828154688,1.706225335597992,44,28.306411434744845,55.852195301984636,67.95450828154688
2024-05-12,18.633874893188477,52,2.0797980279792667,18.649134501336313,22.49864944036456,36.978803634643555,52,2.0797980279792667,18.649134501336313,22.49864944036456,-0.22721371799707413,52,2.0797980279792667,18.649134501336313,22.49864944036456,0.02537753526121378,52,2.0797980279792667,18.649134501336313,22.49864944036456,-0.4210498631000519,13,2.0797980279792667,18.649134501336313,22.49864944036456,0.73,128,7.711546198681338,41.21199946489436,55.49704268963926,-1.665,624,6.953248491503427,23.546747099200253,34.749131349410796,-0.72,624,6.953248491503427,23.546747099200253,34.749131349410796,,,,,,,,,,,8.07005262374878,44,28.306411434744845,55.852195301984636,67.95450828154688,2.2135528326034546,44,28.306411434744845,55.852195301984636,67.95450828154688,240.1397933959961,44,28.306411434744845,55.852195301984636,67.95450828154688,0.15182679146528244,44,28.306411434744845,55.852195301984636,67.95450828154688,1.6754273772239685,44,28.306411434744845,55.852195301984636,67.95450828154688
2024-05-13,18.904824256896973,52,2.0797980279792667,18.649134501336313,22.49864944036456,37.00910568237305,52,2.0797980279792667,18.649134501336313,22.49864944036456,-0.12981204688549042,52,2.0797980279792667,18.649134501336313,22.49864944036456,-0.06093594804406166,52,2.0797980279792667,18.649134501336313,22.49864944036456,-0.4207877516746521,13,2.0797980279792667,18.649134501336313,22.49864944036456,0.46,128,7.711546198681338,41.21199946489436,55.49704268963926,1.22,624,6.953248491503427,23.546747099200253,34.749131349410796,-0.535,624,6.953248491503427,23.546747099200253,34.749131349410796,,,,,,,,,,,8.067073822021484,44,28.306411434744845,55.852195301984636,67.95450828154688,2.2137163877487183,44,28.306411434744845,55.852195301984636,67.95450828154688,239.65166473388672,44,28.306411434744845,55.852195301984636,67.95450828154688,0.14921095967292786,44,28.306411434744845,55.852195301984636,67.95450828154688,1.6888282299041748,44,28.306411434744845,55.852195301984636,67.95450828154688
2024-05-14,19.160103797912598,52,2.0797980279792667,18.649134501336313,22.49864944036456,37.04599189758301,52,2.0797980279792667,18.649134501336313,22.49864944036456,0.03296626824885607,52,2.0797980279792667,18.649134501336313,22.49864944036456,-0.04065573960542679,52,2.0797980279792667,18.649134501336313,22.49864944036456,-0.4223977327346802,13,2.0797980279792667,18.649134501336313,22.49864944036456,0.38,128,7.711546198681338,41.21199946489436,55.49704268963926,1.34,624,6.953248491503427,23.546747099200253,34.749131349410796,0.39,624,6.953248491503427,23.546747099200253,34.749131349410796,,,,,,,,,,,8.06485366821289,44,28.306411434744845,55.852195301984636,67.95450828154688,2.214103102684021,44,28.306411434744845,55.852195301984636,67.95450828154688,239.4173812866211,44,28.306411434744845,55.852195301984636,67.95450828154688,0.14307230710983276,44,28.306411434744845,55.852195301984636,67.95450828154688,1.651613712310791,44,28.306411434744845,55.852195301984636,67.95450828154688
2024-05-15,19.174985885620117,52,2.0797980279792667,18.649134501336313,22.49864944036456,37.08407974243164,52,2.0797980279792667,18.649134501336313,22.49864944036456,0.2142539769411087,52,2.0797980279792667,18.649134501336313,22.49864944036456,-0.05220828950405121,52,2.0797980279792667,18.649134501336313,22.49864944036456,-0.4132107198238373,13,2.0797980279792667,18.649134501336313,22.49864944036456,1.375,128,7.711546198681338,41.21199946489436,55.49704268963926,3.285,624,6.953248491503427,23.546747099200253,34.749131349410796,0.5,624,6.953248491503427,23.546747099200253,34.749131349410796,,,,,,,,,,,8.063698768615723,44,28.306411434744845,55.852195301984636,67.95450828154688,2.21416175365448,44,28.306411434744845,55.852195301984636,67.95450828154688,239.30843353271484,44,28.306411434744845,55.852195301984636,67.95450828154688,0.1316075176000595,44,28.306411434744845,55.852195301984636,67.95450828154688,1.5477650165557861,44,28.306411434744845,55.852195301984636,67.95450828154688
2024-05-16,19.17197322845459,52,2.0797980279792667,18.649134501336313,22.49864944036456,37.0870304107666,52,2.0797980279792667,18.649134501336313,22.49864944036456,0.3655634671449661,52,2.0797980279792667,18.649134501336313,22.49864944036456,-0.03958544321358204,52,2.0797980279792667,18.649134501336313,22.49864944036456,-0.39874669909477234,13,2.0797980279792667,18.649134501336313,22.49864944036456,1.0950000000000002,128,7.711546198681338,41.21199946489436,55.49704268963926,1.85,624,6.953248491503427,23.546747099200253,34.749131349410796,0.48,624,6.953248491503427,23.546747099200253,34.749131349410796,,,,,,,,,,,8.064023971557617,44,28.306411434744845,55.852195301984636,67.95450828154688,2.2138593196868896,44,28.306411434744845,55.852195301984636,67.95450828154688,238.80026245117188,44,28.306411434744845,55.852195301984636,67.95450828154688,0.1257791891694069,44,28.306411434744845,55.852195301984636,67.95450828154688,1.5049800276756287,44,28.306411434744845,55.852195301984636,67.95450828154688
2024-05-17,19.292959213256836,52,2.0797980279792667,18.649134501336313,22.49864944036456,37.07801055908203,52,2.0797980279792667,18.649134501336313,22.49864944036456,0.3122468590736389,52,2.0797980279792667,18.649134501336313,22.49864944036456,-0.027600130066275597,52,2.0797980279792667,18.649134501336313,22.49864944036456,-0.3741842210292816,13,2.0797980279792667,18.649134501336313,22.49864944036456,0.71,128,7.711546198681338,41.21199946489436,55.49704268963926,-0.7000000000000001,624,6.953248491503427,23.546747099200253,34.749131349410796,-0.19,624,6.953248491503427,23.546747099200253,34.749131349410796,,,,,,,,,,,8.061826229095459,44,28.306411434744845,55.852195301984636,67.95450828154688,2.2128432989120483,44,28.306411434744845,55.852195301984636,67.95450828154688,238.4917755126953,44,28.306411434744845,55.852195301984636,67.95450828154688,0.12508069351315498,44,28.306411434744845,55.852195301984636,67.95450828154688,1.5033534169197083,44,28.306411434744845,55.852195301984636,67.95450828154688
2024-05-18,19.534530639648438,52,2.0797980279792667,18.649134501336313,22.49864944036456,37.07371520996094,52,2.0797980279792667,18.649134501336313,22.49864944036456,0.2752540558576584,52,2.0797980279792667,18.649134501336313,22.49864944036456,-0.053404415026307106,52,2.0797980279792667,18.649134501336313,22.49864944036456,-0.3559863865375519,13,2.0797980279792667,18.649134501336313,22.49864944036456,0.525,128,7.711546198681338,41.21199946489436,55.49704268963926,0.125,624,6.953248491503427,23.546747099200253,34.749131349410796,-0.745,624,6.953248491503427,23.546747099200253,34.749131349410796,,,,,,,,,,,8.05829906463623,44,28.306411434744845,55.852195301984636,67.95450828154688,2.2123541831970215,44,28.306411434744845,55.852195301984636,67.95450828154688,238.14678192138672,44,28.306411434744845,55.852195301984636,67.95450828154688,0.13401725143194199,44,28.306411434744845,55.852195301984636,67.95450828154688,1.553082525730133,44,28.306411434744845,55.852195301984636,67.95450828154688
2024-05-19,19.714412689208984,52,2.0797980279792667,18.649134501336313,22.49864944036456,37.078277587890625,52,2.0797980279792667,18.649134501336313,22.49864944036456,0.2445918247103691,52,2.0797980279792667,18.649134501336313,22.49864944036456,-0.05845609866082668,52,2.0797980279792667,18.649134501336313,22.49864944036456,-0.34214282035827637,13,2.0797980279792667,18.649134501336313,22.49864944036456,0.46,128,7.711546198681338,41.21199946489436,55.49704268963926,0.5,624,6.953248491503427,23.546747099200253,34.749131349410796,-0.64,624,6.953248491503427,23.546747099200253,34.749131349410796,,,,,,,,,,,8.05495023727417,44,28.306411434744845,55.852195301984636,67.95450828154688,2.2110646963119507,44,28.306411434744845,55.852195301984636,67.95450828154688,237.63336944580078,44,28.306411434744845,55.852195301984636,67.95450828154688,0.14225706458091736,44,28.306411434744845,55.852195301984636,67.95450828154688,1.6228821873664856,44,28.306411434744845,55.852195301984636,67.95450828154688
2024-05-20,19.587714195251465,52,2.0797980279792667,18.649134501336313,22.49864944036456,37.04288673400879,52,2.0797980279792667,18.649134501336313,22.49864944036456,0.26473070681095123,52,2.0797980279792667,18.649134501336313,22.49864944036456,-0.08816846087574959,52,2.0797980279792667,18.649134501336313,22.49864944036456,-0.3335669934749603,13,2.0797980279792667,18.649134501336313,22.49864944036456,0.85,128,7.711546198681338,41.21199946489436,55.49704268963926,2.83,624,6.953248491503427,23.546747099200253,34.749131349410796,0.44,624,6.953248491503427,23.546747099200253,34.749131349410796,,,,,,,,,,,8.054750919342041,44,28.306411434744845,55.852195301984636,67.95450828154688,2.210273504257202,44,28.306411434744845,55.852195301984636,67.95450828154688,236.73542022705078,44,28.306411434744845,55.852195301984636,67.95450828154688,0.13071127235889435,44,28.306411434744845,55.852195301984636,67.95450828154688,1.5626371502876282,44,28.306411434744845,55.852195301984636,67.95450828154688
2024-05-21,19.493950843811035,52,2.0797980279792667,18.649134501336313,22.49864944036456,37.07174110412598,52,2.0797980279792667,18.649134501336313,22.49864944036456,0.29345105588436127,52,2.0797980279792667,18.649134501336313,22.49864944036456,-0.05438855476677418,52,2.0797980279792667,18.649134501336313,22.49864944036456,-0.3336475193500519,13,2.0797980279792667,18.649134501336313,22.49864944036456,1.2149999999999999,128,7.711546198681338,41.21199946489436,55.49704268963926,2.535,624,6.953248491503427,23.546747099200253,34.749131349410796,0.87,624,6.953248491503427,23.546747099200253,34.749131349410796,,,,,,,,,,,8.055766582489014,44,28.306411434744845,55.852195301984636,67.95450828154688,2.2096258401870728,44,28.306411434744845,55.852195301984636,67.95450828154688,236.01949310302734,44,28.306411434744845,55.852195301984636,67.95450828154688,0.12715500593185425,44,28.306411434744845,55.852195301984636,67.95450828154688,1.5391525030136108,44,28.306411434744845,55.852195301984636,67.95450828154688
2024-05-22,19.649126052856445,52,2.0797980279792667,18.649134501336313,22.49864944036456,37.059669494628906,52,2.0797980279792667,18.649134501336313,22.49864944036456,0.2536960542201996,52,2.0797980279792667,18.649134501336313,22.49864944036456,-0.047371162101626396,52,2.0797980279792667,18.649134501336313,22.49864944036456,-0.312253475189209,13,2.0797980279792667,18.649134501336313,22.49864944036456,0.905,128,7.711546198681338,41.21199946489436,55.49704268963926,0.155,624,6.953248491503427,23.546747099200253,34.749131349410796,0.26,624,6.953248491503427,23.546747099200253,34.749131349410796,,,,,,,,,,,8.055011749267578,44,28.306411434744845,55.852195301984636,67.95450828154688,2.2075663805007935,44,28.306411434744845,55.852195301984636,67.95450828154688,235.825927734375,44,28.306411434744845,55.852195301984636,67.95450828154688,0.12750564515590668,44,28.306411434744845,55.852195301984636,67.95450828154688,1.5396475195884705,44,28.306411434744845,55.852195301984636,67.95450828154688
2024-05-23,19.67454433441162,52,2.0797980279792667,18.649134501336313,22.49864944036456,37.03340148925781,52,2.0797980279792667,18.649134501336313,22.49864944036456,0.10142644867300987,52,2.0797980279792667,18.649134501336313,22.49864944036456,-0.018726696260273457,52,2.0797980279792667,18.649134501336313,22.49864944036456,-0.3264458477497101,13,2.0797980279792667,18.649134501336313,22.49864944036456,0.67,128,7.711546198681338,41.21199946489436,55.49704268963926,-3.64,624,6.953248491503427,23.546747099200253,34.749131349410796,-0.875,624,6.953248491503427,23.546747099200253,34.749131349410796,,,,,,,,,,,8.054252624511719,44,28.306411434744845,55.852195301984636,67.95450828154688,2.2061702013015747,44,28.306411434744845,55.852195301984636,67.95450828154688,235.45552825927734,44,28.306411434744845,55.852195301984636,67.95450828154688,0.1293128877878189,44,28.306411434744845,55.852195301984636,67.95450828154688,1.5498770475387573,44,28.306411434744845,55.852195301984636,67.95450828154688
2024-05-24,19.843480110168457,52,2.0797980279792667,18.649134501336313,22.49864944036456,37.01269340515137,52,2.0797980279792667,18.649134501336313,22.49864944036456,0.02739093266427517,52,2.0797980279792667,18.649134501336313,22.49864944036456,-0.029117013327777386,52,2.0797980279792667,18.649134501336313,22.49864944036456,-0.33069750666618347,13,2.0797980279792667,18.649134501336313,22.49864944036456,0.885,128,7.711546198681338,41.21199946489436,55.49704268963926,-2.165,624,6.953248491503427,23.546747099200253,34.749131349410796,-0.605,624,6.953248491503427,23.546747099200253,34.749131349410796,,,,,,,,,,,8.053771018981934,44,28.306411434744845,55.852195301984636,67.95450828154688,2.2041354179382324,44,28.306411434744845,55.852195301984636,67.95450828154688,234.95293426513672,44,28.306411434744845,55.852195301984636,67.95450828154688,0.13149244338274002,44,28.306411434744845,55.852195301984636,67.95450828154688,1.5574769973754883,44,28.306411434744845,55.852195301984636,67.95450828154688
2024-05-25,20.18070697784424,52,2.0797980279792667,18.649134501336313,22.49864944036456,37.01980972290039,52,2.0797980279792667,18.649134501336313,22.49864944036456,0.10287940874695778,52,2.0797980279792667,18.649134501336313,22.49864944036456,-0.05241859145462513,52,2.0797980279792667,18.649134501336313,22.49864944036456,-0.33089715242385864,13,2.0797980279792667,18.649134501336313,22.49864944036456,0.67,128,7.711546198681338,41.21199946489436,55.49704268963926,1.3450000000000002,624,6.953248491503427,23.546747099200253,34.749131349410796,-0.63,624,6.953248491503427,23.546747099200253,34.749131349410796,,,,,,,,,,,8.051787376403809,44,28.306411434744845,55.852195301984636,67.95450828154688,2.202767014503479,44,28.306411434744845,55.852195301984636,67.95450828154688,234.63289642333984,44,28.306411434744845,55.852195301984636,67.95450828154688,0.13696122914552689,44,28.306411434744845,55.852195301984636,67.95450828154688,1.6118632555007935,44,28.306411434744845,55.852195301984636,67.95450828154688
2024-05-26,20.395609855651855,52,2.0797980279792667,18.649134501336313,22.49864944036456,37.01806449890137,52,2.0797980279792667,18.649134501336313,22.49864944036456,0.09711511060595512,52,2.0797980279792667,18.649134501336313,22.49864944036456,-0.018685467541217804,52,2.0797980279792667,18.649134501336313,22.49864944036456,-0.3349946141242981,13,2.0797980279792667,18.649134501336313,22.49864944036456,0.495,128,7.711546198681338,41.21199946489436,55.49704268963926,-1.7850000000000001,624,6.953248491503427,23.546747099200253,34.749131349410796,-0.335,624,6.953248491503427,23.546747099200253,34.749131349410796,,,,,,,,,,,8.048708438873291,44,28.306411434744845,55.852195301984636,67.95450828154688,2.2028281688690186,44,28.306411434744845,55.852195301984636,67.95450828154688,234.13673400878906,44,28.306411434744845,55.852195301984636,67.95450828154688,0.1463049203157425,44,28.306411434744845,55.852195301984636,67.95450828154688,1.6515068411827087,44,28.306411434744845,55.852195301984636,67.95450828154688
2024-05-27,20.693182945251465,52,2.0797980279792667,18.649134501336313,22.49864944036456,37.01523399353027,52,2.0797980279792667,18.649134501336313,22.49864944036456,0.18469544500112534,52,2.0797980279792667,18.649134501336313,22.49864944036456,-0.07545582950115204,52,2.0797980279792667,18.649134501336313,22.49864944036456,-0.32401469349861145,13,2.0797980279792667,18.649134501336313,22.49864944036456,0.51,128,7.711546198681338,41.21199946489436,55.49704268963926,2.285,624,6.953248491503427,23.546747099200253,34.749131349410796,-0.255,624,6.953248491503427,23.546747099200253,34.749131349410796,,,,,,,,,,,8.0451340675354,44,28.306411434744845,55.852195301984636,67.95450828154688,2.202183961868286,44,28.306411434744845,55.852195301984636,67.95450828154688,233.21282196044922,44,28.306411434744845,55.852195301984636,67.95450828154688,0.15221312642097473,44,28.306411434744845,55.852195301984636,67.95450828154688,1.6951395273208618,44,28.306411434744845,55.852195301984636,67.95450828154688
2024-05-28,20.91301727294922,52,2.0797980279792667,18.649134501336313,22.49864944036456,37.00004768371582,52,2.0797980279792667,18.649134501336313,22.49864944036456,0.1195298284292221,52,2.0797980279792667,18.649134501336313,22.49864944036456,-0.038678646087646484,52,2.0797980279792667,18.649134501336313,22.49864944036456,-0.32334256172180176,13,2.0797980279792667,18.649134501336313,22.49864944036456,0.74,128,7.711546198681338,41.21199946489436,55.49704268963926,-0.71,624,6.953248491503427,23.546747099200253,34.749131349410796,-1.8,624,6.953248491503427,23.546747099200253,34.749131349410796,,,,,,,,,,,8.041851997375488,44,28.306411434744845,55.852195301984636,67.95450828154688,2.2016704082489014,44,28.306411434744845,55.852195301984636,67.95450828154688,232.35189056396484,44,28.306411434744845,55.852195301984636,67.95450828154688,0.15042665600776672,44,28.306411434744845,55.852195301984636,67.95450828154688,1.7562206387519836,44,28.306411434744845,55.852195301984636,67.95450828154688
2024-05-29,21.00889015197754,52,2.0797980279792667,18.649134501336313,22.49864944036456,36.97610092163086,52,2.0797980279792667,18.649134501336313,22.49864944036456,0.04442468285560608,52,2.0797980279792667,18.649134501336313,22.49864944036456,-0.012469128705561161,52,2.0797980279792667,18.649134501336313,22.49864944036456,-0.34602150321006775,13,2.0797980279792667,18.649134501336313,22.49864944036456,0.81,128,7.711546198681338,41.21199946489436,55.49704268963926,-3.41,624,6.953248491503427,23.546747099200253,34.749131349410796,-1.5,624,6.953248491503427,23.546747099200253,34.749131349410796,,,,,,,,,,,8.04060173034668,44,28.306411434744845,55.852195301984636,67.95450828154688,2.203085780143738,44,28.306411434744845,55.852195301984636,67.95450828154688,231.87102508544922,44,28.306411434744845,55.852195301984636,67.95450828154688,0.14609042555093765,44,28.306411434744845,55.852195301984636,67.95450828154688,1.7845999598503113,44,28.306411434744845,55.852195301984636,67.95450828154688
2024-05-30,21.24305248260498,52,2.0797980279792667,18.649134501336313,22.49864944036456,36.96859550476074,52,2.0797980279792667,18.649134501336313,22.49864944036456,0.0043366767931729555,52,2.0797980279792667,18.649134501336313,22.49864944036456,-0.011338353157043457,52,2.0797980279792667,18.649134501336313,22.49864944036456,-0.355331689119339,13,2.0797980279792667,18.649134501336313,22.49864944036456,0.545,128,7.711546198681338,41.21199946489436,55.49704268963926,-2.415,624,6.953248491503427,23.546747099200253,34.749131349410796,-1.025,624,6.953248491503427,23.546747099200253,34.749131349410796,,,,,,,,,,,8.039385318756104,44,28.306411434744845,55.852195301984636,67.95450828154688,2.204836368560791,44,28.306411434744845,55.852195301984636,67.95450828154688,231.46551513671875,44,28.306411434744845,55.852195301984636,67.95450828154688,0.1474025547504425,44,28.306411434744845,55.852195301984636,67.95450828154688,1.846030354499817,44,28.306411434744845,55.852195301984636,67.95450828154688
2024-05-31,21.133211135864258,52,2.0797980279792667,18.649134501336313,22.49864944036456,36.96844673156738,52,2.0797980279792667,18.649134501336313,22.49864944036456,-0.10759676247835159,52,2.0797980279792667,18.649134501336313,22.49864944036456,-0.008866586722433567,52,2.0797980279792667,18.649134501336313,22.49864944036456,-0.3589995801448822,13,2.0797980279792667,18.649134501336313,22.49864944036456,1.6550000000000002,128,7.711546198681338,41.21199946489436,55.49704268963926,-5.47,624,6.953248491503427,23.546747099200253,34.749131349410796,-3.0500000000000003,624,6.953248491503427,23.546747099200253,34.749131349410796,,,,,,,,,,,8.040648937225342,44,28.306411434744845,55.852195301984636,67.95450828154688,2.206874132156372,44,28.306411434744845,55.852195301984636,67.95450828154688,232.65125274658203,44,28.306411434744845,55.852195301984636,67.95450828154688,0.13339314609766006,44,28.306411434744845,55.852195301984636,67.95450828154688,1.6424320936203003,44,28.306411434744845,55.852195301984636,67.95450828154688
2024-06-01,20.66982364654541,52,2.0797980279792667,18.649134501336313,22.49864944036456,36.971731185913086,52,2.0797980279792667,18.649134501336313,22.49864944036456,-0.2221149057149887,52,2.0797980279792667,18.649134501336313,22.49864944036456,-0.016775737516582012,52,2.0797980279792667,18.649134501336313,22.49864944036456,-0.3819546401500702,13,2.0797980279792667,18.649134501336313,22.49864944036456,1.69,128,7.711546198681338,41.21199946489436,55.49704268963926,-6.23,624,6.953248491503427,23.546747099200253,34.749131349410796,-2.73,624,6.953248491503427,23.546747099200253,34.749131349410796,,,,,,,,,,,8.045240879058838,44,28.306411434744845,55.852195301984636,67.95450828154688,2.208651900291443,44,28.306411434744845,55.852195301984636,67.95450828154688,233.17144012451172,44,28.306411434744845,55.852195301984636,67.95450828154688,0.12408612295985222,44,28.306411434744845,55.852195301984636,67.95450828154688,1.5342703461647034,44,28.306411434744845,55.852195301984636,67.95450828154688
2024-06-02,20.319315910339355,52,2.0797980279792667,18.649134501336313,22.49864944036456,36.989036560058594,52,2.0797980279792667,18.649134501336313,22.49864944036456,-0.31610530614852905,52,2.0797980279792667,18.649134501336313,22.49864944036456,-0.022658303380012512,52,2.0797980279792667,18.649134501336313,22.49864944036456,-0.40811800956726074,13,2.0797980279792667,18.649134501336313,22.49864944036456,1.32,128,7.711546198681338,41.21199946489436,55.49704268963926,-5.97,624,6.953248491503427,23.546747099200253,34.749131349410796,-2.265,624,6.953248491503427,23.546747099200253,34.749131349410796,,,,,,,,,,,8.049030303955078,44,28.306411434744845,55.852195301984636,67.95450828154688,2.209854483604431,44,28.306411434744845,55.852195301984636,67.95450828154688,232.58236694335938,44,28.306411434744845,55.852195301984636,67.95450828154688,0.12270450219511986,44,28.306411434744845,55.852195301984636,67.95450828154688,1.518259048461914,44,28.306411434744845,55.852195301984636,67.95450828154688
2024-06-03,20.008734703063965,52,2.0797980279792667,18.649134501336313,22.49864944036456,36.98618698120117,52,2.0797980279792667,18.649134501336313,22.49864944036456,-0.3418652415275574,52,2.0797980279792667,18.649134501336313,22.49864944036456,-0.016302446834743023,52,2.0797980279792667,18.649134501336313,22.49864944036456,-0.43248429894447327,13,2.0797980279792667,18.649134501336313,22.49864944036456,1.1400000000000001,128,7.711546198681338,41.21199946489436,55.49704268963926,-5.145,624,6.953248491503427,23.546747099200253,34.749131349410796,-1.995,624,6.953248491503427,23.546747099200253,34.749131349410796,,,,,,,,,,,8.05010986328125,44,28.306411434744845,55.852195301984636,67.95450828154688,2.210694432258606,44,28.306411434744845,55.852195301984636,67.95450828154688,232.19995880126953,44,28.306411434744845,55.852195301984636,67.95450828154688,0.12097415700554848,44,28.306411434744845,55.852195301984636,67.95450828154688,1.5253353118896484,44,28.306411434744845,55.852195301984636,67.95450828154688
2024-06-04,19.99089813232422,52,2.0797980279792667,18.649134501336313,22.49864944036456,36.9929141998291,52,2.0797980279792667,18.649134501336313,22.49864944036456,-0.27184219658374786,52,2.0797980279792667,18.649134501336313,22.49864944036456,-0.008322597481310368,52,2.0797980279792667,18.649134501336313,22.49864944036456,-0.41431427001953125,13,2.0797980279792667,18.649134501336313,22.49864944036456,0.835,128,7.711546198681338,41.21199946489436,55.49704268963926,-3.755,624,6.953248491503427,23.546747099200253,34.749131349410796,-1.7349999999999999,624,6.953248491503427,23.546747099200253,34.749131349410796,,,,,,,,,,,8.048913478851318,44,28.306411434744845,55.852195301984636,67.95450828154688,2.210897207260132,44,28.306411434744845,55.852195301984636,67.95450828154688,232.121826171875,44,28.306411434744845,55.852195301984636,67.95450828154688,0.12140989676117897,44,28.306411434744845,55.852195301984636,67.95450828154688,1.521276831626892,44,28.306411434744845,55.852195301984636,67.95450828154688
2024-06-05,20.33078670501709,52,2.0797980279792667,18.649134501336313,22.49864944036456,37.016632080078125,52,2.0797980279792667,18.649134501336313,22.49864944036456,-0.18866011500358582,52,2.0797980279792667,18.649134501336313,22.49864944036456,-0.028946188278496265,52,2.0797980279792667,18.649134501336313,22.49864944036456,-0.40468528866767883,13,2.0797980279792667,18.649134501336313,22.49864944036456,0.55,128,7.711546198681338,41.21199946489436,55.49704268963926,-3.285,624,6.953248491503427,23.546747099200253,34.749131349410796,-1.04,624,6.953248491503427,23.546747099200253,34.749131349410796,,,,,,,,,,,8.046207427978516,44,28.306411434744845,55.852195301984636,67.95450828154688,2.210465669631958,44,28.306411434744845,55.852195301984636,67.95450828154688,231.7797622680664,44,28.306411434744845,55.852195301984636,67.95450828154688,0.12181831151247025,44,28.306411434744845,55.852195301984636,67.95450828154688,1.5415810346603394,44,28.306411434744845,55.852195301984636,67.95450828154688
2024-06-06,20.50982666015625,52,2.0797980279792667,18.649134501336313,22.49864944036456,37.02065849304199,52,2.0797980279792667,18.649134501336313,22.49864944036456,0.04092315025627613,52,2.0797980279792667,18.649134501336313,22.49864944036456,-0.0011580655118450522,52,2.0797980279792667,18.649134501336313,22.49864944036456,-0.3978155553340912,13,2.0797980279792667,18.649134501336313,22.49864944036456,0.77,128,7.711546198681338,41.21199946489436,55.49704268963926,-3.04,624,6.953248491503427,23.546747099200253,34.749131349410796,-1.01,624,6.953248491503427,23.546747099200253,34.749131349410796,,,,,,,,,,,8.043927192687988,44,28.306411434744845,55.852195301984636,67.95450828154688,2.209107995033264,44,28.306411434744845,55.852195301984636,67.95450828154688,231.25692749023438,44,28.306411434744845,55.852195301984636,67.95450828154688,0.12352151796221733,44,28.306411434744845,55.852195301984636,67.95450828154688,1.5820778012275696,44,28.306411434744845,55.852195301984636,67.95450828154688
2024-06-07,20.848193168640137,52,2.0797980279792667,18.649134501336313,22.49864944036456,37.026838302612305,52,2.0797980279792667,18.649134501336313,22.49864944036456,0.04192194528877735,52,2.0797980279792667,18.649134501336313,22.49864944036456,-0.018878242000937462,52,2.0797980279792667,18.649134501336313,22.49864944036456,-0.38738587498664856,13,2.0797980279792667,18.649134501336313,22.49864944036456,0.89,128,7.711546198681338,41.21199946489436,55.49704268963926,-3.6799999999999997,624,6.953248491503427,23.546747099200253,34.749131349410796,0.53,624,6.953248491503427,23.546747099200253,34.749131349410796,,,,,,,,,,,8.042155265808105,44,28.306411434744845,55.852195301984636,67.95450828154688,2.2078022956848145,44,28.306411434744845,55.852195301984636,67.95450828154688,230.58343505859375,44,28.306411434744845,55.852195301984636,67.95450828154688,0.12506333738565445,44,28.306411434744845,55.852195301984636,67.95450828154688,1.605260968208313,44,28.306411434744845,55.852195301984636,67.95450828154688
2024-06-08,20.991652488708496,52,2.0797980279792667,18.649134501336313,22.49864944036456,37.075979232788086,52,2.0797980279792667,18.649134501336313,22.49864944036456,0.05486608296632767,52,2.0797980279792667,18.649134501336313,22.49864944036456,-0.09135992079973221,52,2.0797980279792667,18.649134501336313,22.49864944036456,-0.3602425456047058,13,2.0797980279792667,18.649134501336313,22.49864944036456,1.19,128,7.711546198681338,41.21199946489436,55.49704268963926,3.25,624,6.953248491503427,23.546747099200253,34.749131349410796,-0.15,624,6.953248491503427,23.546747099200253,34.749131349410796,,,,,,,,,,,8.041091918945312,44,28.306411434744845,55.852195301984636,67.95450828154688,2.207710027694702,44,28.306411434744845,55.852195301984636,67.95450828154688,230.0448226928711,44,28.306411434744845,55.852195301984636,67.95450828154688,0.1249377653002739,44,28.306411434744845,55.852195301984636,67.95450828154688,1.6022383570671082,44,28.306411434744845,55.852195301984636,67.95450828154688
2024-06-09,21.130528450012207,52,2.0797980279792667,18.649134501336313,22.49864944036456,37.08328437805176,52,2.0797980279792667,18.649134501336313,22.49864944036456,0.12635893747210503,52,2.0797980279792667,18.649134501336313,22.49864944036456,-0.1039375551044941,52,2.0797980279792667,18.649134501336313,22.49864944036456,-0.32015150785446167,13,2.0797980279792667,18.649134501336313,22.49864944036456,1.5,128,7.711546198681338,41.21199946489436,55.49704268963926,4.865,624,6.953248491503427,23.546747099200253,34.749131349410796,0.615,624,6.953248491503427,23.546747099200253,34.749131349410796,,,,,,,,,,,8.04073429107666,44,28.306411434744845,55.852195301984636,67.95450828154688,2.2068241834640503,44,28.306411434744845,55.852195301984636,67.95450828154688,229.95619201660156,44,28.306411434744845,55.852195301984636,67.95450828154688,0.1232590451836586,44,28.306411434744845,55.852195301984636,67.95450828154688,1.5584882497787476,44,28.306411434744845,55.852195301984636,67.95450828154688
2024-06-10,21.50497055053711,52,2.0797980279792667,18.649134501336313,22.49864944036456,37.00512886047363,52,2.0797980279792667,18.649134501336313,22.49864944036456,0.16551179438829422,52,2.0797980279792667,18.649134501336313,22.49864944036456,-0.045237546786665916,52,2.0797980279792667,18.649134501336313,22.49864944036456,-0.29564690589904785,13,2.0797980279792667,18.649134501336313,22.49864944036456,0.9400000000000001,128,7.711546198681338,41.21199946489436,55.49704268963926,-0.635,624,6.953248491503427,23.546747099200253,34.749131349410796,-0.49,624,6.953248491503427,23.546747099200253,34.749131349410796,,,,,,,,,,,8.038372993469238,44,28.306411434744845,55.852195301984636,67.95450828154688,2.205512762069702,44,28.306411434744845,55.852195301984636,67.95450828154688,229.40638732910156,44,28.306411434744845,55.852195301984636,67.95450828154688,0.12506024539470673,44,28.306411434744845,55.852195301984636,67.95450828154688,1.5716888904571533,44,28.306411434744845,55.852195301984636,67.95450828154688
2024-06-11,21.835983276367188,52,2.0797980279792667,18.649134501336313,22.49864944036456,36.92801284790039,52,2.0797980279792667,18.649134501336313,22.49864944036456,0.08210024610161781,52,2.0797980279792667,18.649134501336313,22.49864944036456,-0.07762013003230095,52,2.0797980279792667,18.649134501336313,22.49864944036456,-0.29305949807167053,13,2.0797980279792667,18.649134501336313,22.49864944036456,0.6950000000000001,128,7.711546198681338,41.21199946489436,55.49704268963926,1.795,624,6.953248491503427,23.546747099200253,34.749131349410796,-1.1150000000000002,624,6.953248491503427,23.546747099200253,34.749131349410796,,,,,,,,,,,8.033961296081543,44,28.306411434744845,55.852195301984636,67.95450828154688,2.2047570943832397,44,28.306411434744845,55.852195301984636,67.95450828154688,228.7859115600586,44,28.306411434744845,55.852195301984636,67.95450828154688,0.13266634196043015,44,28.306411434744845,55.852195301984636,67.95450828154688,1.6463422775268555,44,28.306411434744845,55.852195301984636,67.95450828154688
2024-06-12,22.059770584106445,52,2.0797980279792667,18.649134501336313,22.49864944036456,36.91358184814453,52,2.0797980279792667,18.649134501336313,22.49864944036456,0.06598152592778206,52,2.0797980279792667,18.649134501336313,22.49864944036456,-0.06482697650790215,52,2.0797980279792667,18.649134501336313,22.49864944036456,-0.294533371925354,13,2.0797980279792667,18.649134501336313,22.49864944036456,0.58,128,7.711546198681338,41.21199946489436,55.49704268963926,1.6500000000000001,624,6.953248491503427,23.546747099200253,34.749131349410796,-0.625,624,6.953248491503427,23.546747099200253,34.749131349410796,,,,,,,,,,,8.030016899108887,44,28.306411434744845,55.852195301984636,67.95450828154688,2.2041996717453003,44,28.306411434744845,55.852195301984636,67.95450828154688,228.0711669921875,44,28.306411434744845,55.852195301984636,67.95450828154688,0.14315830171108246,44,28.306411434744845,55.852195301984636,67.95450828154688,1.7453387379646301,44,28.306411434744845,55.852195301984636,67.95450828154688
2024-06-13,22.20238494873047,52,2.0797980279792667,18.649134501336313,22.49864944036456,36.905813217163086,52,2.0797980279792667,18.649134501336313,22.49864944036456,0.029750973917543888,52,2.0797980279792667,18.649134501336313,22.49864944036456,-0.019085844047367573,52,2.0797980279792667,18.649134501336313,22.49864944036456,-0.3212921917438507,13,2.0797980279792667,18.649134501336313,22.49864944036456,0.51,128,7.711546198681338,41.21199946489436,55.49704268963926,-0.8200000000000001,624,6.953248491503427,23.546747099200253,34.749131349410796,-0.92,624,6.953248491503427,23.546747099200253,34.749131349410796,,,,,,,,,,,8.026121139526367,44,28.306411434744845,55.852195301984636,67.95450828154688,2.204094648361206,44,28.306411434744845,55.852195301984636,67.95450828154688,227.66897583007812,44,28.306411434744845,55.852195301984636,67.95450828154688,0.14910712093114853,44,28.306411434744845,55.852195301984636,67.95450828154688,1.7954126596450806,44,28.306411434744845,55.852195301984636,67.95450828154688
2024-06-14,22.26290798187256,52,2.0797980279792667,18.649134501336313,22.49864944036456,36.91215515136719,52,2.0797980279792667,18.649134501336313,22.49864944036456,0.02804577723145485,52,2.0797980279792667,18.649134501336313,22.49864944036456,0.0077092028222978115,52,2.0797980279792667,18.649134501336313,22.49864944036456,-0.33837735652923584,13,2.0797980279792667,18.649134501336313,22.49864944036456,0.59,128,7.711546198681338,41.21199946489436,55.49704268963926,-2.6500000000000004,624,6.953248491503427,23.546747099200253,34.749131349410796,-0.035,624,6.953248491503427,23.546747099200253,34.749131349410796,,,,,,,,,,,8.0248441696167,44,28.306411434744845,55.852195301984636,67.95450828154688,2.202859401702881,44,28.306411434744845,55.852195301984636,67.95450828154688,227.11884307861328,44,28.306411434744845,55.852195301984636,67.95450828154688,0.1451663374900818,44,28.306411434744845,55.852195301984636,67.95450828154688,1.7502577304840088,44,28.306411434744845,55.852195301984636,67.95450828154688
2024-06-15,22.383543014526367,52,2.0797980279792667,18.649134501336313,22.49864944036456,36.9247989654541,52,2.0797980279792667,18.649134501336313,22.49864944036456,0.10941465198993683,52,2.0797980279792667,18.649134501336313,22.49864944036456,-0.04231100715696812,52,2.0797980279792667,18.649134501336313,22.49864944036456,-0.3502289354801178,13,2.0797980279792667,18.649134501336313,22.49864944036456,0.61,128,7.711546198681338,41.21199946489436,55.49704268963926,1.775,624,6.953248491503427,23.546747099200253,34.749131349410796,-0.3,624,6.953248491503427,23.546747099200253,34.749131349410796,,,,,,,,,,,8.024539470672607,44,28.306411434744845,55.852195301984636,67.95450828154688,2.201235055923462,44,28.306411434744845,55.852195301984636,67.95450828154688,226.3043670654297,44,28.306411434744845,55.852195301984636,67.95450828154688,0.1452513337135315,44,28.306411434744845,55.852195301984636,67.95450828154688,1.818521797657013,44,28.306411434744845,55.852195301984636,67.95450828154688
2024-06-16,22.71593475341797,52,2.0797980279792667,18.649134501336313,22.49864944036456,36.93630790710449,52,2.0797980279792667,18.649134501336313,22.49864944036456,0.09449850767850876,52,2.0797980279792667,18.649134501336313,22.49864944036456,-0.028921828605234623,52,2.0797980279792667,18.649134501336313,22.49864944036456,-0.36178624629974365,13,2.0797980279792667,18.649134501336313,22.49864944036456,0.52,128,7.711546198681338,41.21199946489436,55.49704268963926,-0.465,624,6.953248491503427,23.546747099200253,34.749131349410796,-0.185,624,6.953248491503427,23.546747099200253,34.749131349410796,,,,,,,,,,,8.020318508148193,44,28.306411434744845,55.852195301984636,67.95450828154688,2.1989697217941284,44,28.306411434744845,55.852195301984636,67.95450828154688,226.06533813476562,44,28.306411434744845,55.852195301984636,67.95450828154688,0.15186432749032974,44,28.306411434744845,55.852195301984636,67.95450828154688,1.9453936219215393,44,28.306411434744845,55.852195301984636,67.95450828154688
2024-06-17,23.05941390991211,52,2.0797980279792667,18.649134501336313,22.49864944036456,36.94377326965332,52,2.0797980279792667,18.649134501336313,22.49864944036456,0.08829694986343384,52,2.0797980279792667,18.649134501336313,22.49864944036456,-0.004480902571231127,52,2.0797980279792667,18.649134501336313,22.49864944036456,-0.35084962844848633,13,2.0797980279792667,18.649134501336313,22.49864944036456,0.475,128,7.711546198681338,41.21199946489436,55.49704268963926,-0.02,624,6.953248491503427,23.546747099200253,34.749131349410796,-1.3,624,6.953248491503427,23.546747099200253,34.749131349410796,,,,,,,,,,,8.014483451843262,44,28.306411434744845,55.852195301984636,67.95450828154688,2.197733521461487,44,28.306411434744845,55.852195301984636,67.95450828154688,225.98726654052734,44,28.306411434744845,55.852195301984636,67.95450828154688,0.16302420943975449,44,28.306411434744845,55.852195301984636,67.95450828154688,2.062302350997925,44,28.306411434744845,55.852195301984636,67.95450828154688
2024-06-18,23.08353614807129,52,2.0797980279792667,18.649134501336313,22.49864944036456,36.956092834472656,52,2.0797980279792667,18.649134501336313,22.49864944036456,0.1177585981786251,52,2.0797980279792667,18.649134501336313,22.49864944036456,-0.04513775371015072,52,2.0797980279792667,18.649134501336313,22.49864944036456,-0.3451871871948242,13,2.0797980279792667,18.649134501336313,22.49864944036456,0.53,128,7.711546198681338,41.21199946489436,55.49704268963926,2.875,624,6.953248491503427,23.546747099200253,34.749131349410796,0.095,624,6.953248491503427,23.546747099200253,34.749131349410796,,,,,,,,,,,8.010733604431152,44,28.306411434744845,55.852195301984636,67.95450828154688,2.1965678930282593,44,28.306411434744845,55.852195301984636,67.95450828154688,225.47747039794922,44,28.306411434744845,55.852195301984636,67.95450828154688,0.16154909878969193,44,28.306411434744845,55.852195301984636,67.95450828154688,2.0820876359939575,44,28.306411434744845,55.852195301984636,67.95450828154688
2024-06-19,23.055975914001465,52,2.0797980279792667,18.649134501336313,22.49864944036456,36.940935134887695,52,2.0797980279792667,18.649134501336313,22.49864944036456,0.2362765148282051,52,2.0797980279792667,18.649134501336313,22.49864944036456,-0.05050257220864296,52,2.0797980279792667,18.649134501336313,22.49864944036456,-0.3348734974861145,13,2.0797980279792667,18.649134501336313,22.49864944036456,0.79,128,7.711546198681338,41.21199946489436,55.49704268963926,2.1900000000000004,624,6.953248491503427,23.546747099200253,34.749131349410796,-0.055,624,6.953248491503427,23.546747099200253,34.749131349410796,,,,,,,,,,,8.010131359100342,44,28.306411434744845,55.852195301984636,67.95450828154688,2.1942412853240967,44,28.306411434744845,55.852195301984636,67.95450828154688,225.1602325439453,44,28.306411434744845,55.852195301984636,67.95450828154688,0.15441927313804626,44,28.306411434744845,55.852195301984636,67.95450828154688,1.9777988195419312,44,28.306411434744845,55.852195301984636,67.95450828154688
2024-06-20,22.92697811126709,52,2.0797980279792667,18.649134501336313,22.49864944036456,36.89466667175293,52,2.0797980279792667,18.649134501336313,22.49864944036456,0.3397803455591202,52,2.0797980279792667,18.649134501336313,22.49864944036456,-0.06781741604208946,52,2.0797980279792667,18.649134501336313,22.49864944036456,-0.3000820577144623,13,2.0797980279792667,18.649134501336313,22.49864944036456,1.155,128,7.711546198681338,41.21199946489436,55.49704268963926,2.6950000000000003,624,6.953248491503427,23.546747099200253,34.749131349410796,0.17,624,6.953248491503427,23.546747099200253,34.749131349410796,,,,,,,,,,,8.012574672698975,44,28.306411434744845,55.852195301984636,67.95450828154688,2.1920617818832397,44,28.306411434744845,55.852195301984636,67.95450828154688,225.07057189941406,44,28.306411434744845,55.852195301984636,67.95450828154688,0.14671165496110916,44,28.306411434744845,55.852195301984636,67.95450828154688,1.8969778418540955,44,28.306411434744845,55.852195301984636,67.95450828154688
2024-06-21,22.880288124084473,52,2.0797980279792667,18.649134501336313,22.49864944036456,36.86928939819336,52,2.0797980279792667,18.649134501336313,22.49864944036456,0.4176621437072754,52,2.0797980279792667,18.649134501336313,22.49864944036456,-0.04099000804126263,52,2.0797980279792667,18.649134501336313,22.49864944036456,-0.28849244117736816,13,2.0797980279792667,18.649134501336313,22.49864944036456,0.91,128,7.711546198681338,41.21199946489436,55.49704268963926,0.135,624,6.953248491503427,23.546747099200253,34.749131349410796,-0.8300000000000001,624,6.953248491503427,23.546747099200253,34.749131349410796,,,,,,,,,,,8.015023708343506,44,28.306411434744845,55.852195301984636,67.95450828154688,2.1925954818725586,44,28.306411434744845,55.852195301984636,67.95450828154688,224.94429779052734,44,28.306411434744845,55.852195301984636,67.95450828154688,0.14401724934577942,44,28.306411434744845,55.852195301984636,67.95450828154688,1.8727085590362549,44,28.306411434744845,55.852195301984636,67.95450828154688
2024-06-22,22.861205101013184,52,2.0797980279792667,18.649134501336313,22.49864944036456,36.860904693603516,52,2.0797980279792667,18.649134501336313,22.49864944036456,0.3450174480676651,52,2.0797980279792667,18.649134501336313,22.49864944036456,-0.005094969877973199,52,2.0797980279792667,18.649134501336313,22.49864944036456,-0.3108662962913513,13,2.0797980279792667,18.649134501336313,22.49864944036456,0.36,128,7.711546198681338,41.21199946489436,55.49704268963926,-1.84,624,6.953248491503427,23.546747099200253,34.749131349410796,-1.0950000000000002,624,6.953248491503427,23.546747099200253,34.749131349410796,,,,,,,,,,,8.013749599456787,44,28.306411434744845,55.852195301984636,67.95450828154688,2.1928277015686035,44,28.306411434744845,55.852195301984636,67.95450828154688,224.86504364013672,44,28.306411434744845,55.852195301984636,67.95450828154688,0.14571117609739304,44,28.306411434744845,55.852195301984636,67.95450828154688,1.886078119277954,44,28.306411434744845,55.852195301984636,67.95450828154688
2024-06-23,22.749666213989258,52,2.0797980279792667,18.649134501336313,22.49864944036456,36.64847946166992,52,2.0797980279792667,18.649134501336313,22.49864944036456,0.21659980714321136,52,2.0797980279792667,18.649134501336313,22.49864944036456,0.011602578219026327,52,2.0797980279792667,18.649134501336313,22.49864944036456,-0.3263973593711853,13,2.0797980279792667,18.649134501336313,22.49864944036456,0.41000000000000003,128,7.711546198681338,41.21199946489436,55.49704268963926,-2.5549999999999997,624,6.953248491503427,23.546747099200253,34.749131349410796,-2.0250000000000004,624,6.953248491503427,23.546747099200253,34.749131349410796,,,,,,,,,,,8.012274265289307,44,28.306411434744845,55.852195301984636,67.95450828154688,2.1913119554519653,44,28.306411434744845,55.852195301984636,67.95450828154688,224.41927337646484,44,28.306411434744845,55.852195301984636,67.95450828154688,0.14687194675207138,44,28.306411434744845,55.852195301984636,67.95450828154688,1.8882693648338318,44,28.306411434744845,55.852195301984636,67.95450828154688
2024-06-24,22.639657974243164,52,2.0797980279792667,18.649134501336313,22.49864944036456,36.51982307434082,52,2.0797980279792667,18.649134501336313,22.49864944036456,0.0010391536634415388,52,2.0797980279792667,18.649134501336313,22.49864944036456,0.0460942555218935,52,2.0797980279792667,18.649134501336313,22.49864944036456,-0.3473483622074127,13,2.0797980279792667,18.649134501336313,22.49864944036456,1.05,128,7.711546198681338,41.21199946489436,55.49704268963926,-4.925,624,6.953248491503427,23.546747099200253,34.749131349410796,-1.8850000000000002,624,6.953248491503427,23.546747099200253,34.749131349410796,,,,,,,,,,,8.012339115142822,44,28.306411434744845,55.852195301984636,67.95450828154688,2.1918554306030273,44,28.306411434744845,55.852195301984636,67.95450828154688,224.2297134399414,44,28.306411434744845,55.852195301984636,67.95450828154688,0.1455124169588089,44,28.306411434744845,55.852195301984636,67.95450828154688,1.8547448515892029,44,28.306411434744845,55.852195301984636,67.95450828154688
2024-06-25,22.659358024597168,52,2.0797980279792667,18.649134501336313,22.49864944036456,36.5731201171875,52,2.0797980279792667,18.649134501336313,22.49864944036456,-0.1498490869998932,52,2.0797980279792667,18.649134501336313,22.49864944036456,0.02549058571457863,52,2.0797980279792667,18.649134501336313,22.49864944036456,-0.3666532039642334,13,2.0797980279792667,18.649134501336313,22.49864944036456,0.64,128,7.711546198681338,41.21199946489436,55.49704268963926,-3.6550000000000002,624,6.953248491503427,23.546747099200253,34.749131349410796,-1.0750000000000002,624,6.953248491503427,23.546747099200253,34.749131349410796,,,,,,,,,,,8.014506340026855,44,28.306411434744845,55.852195301984636,67.95450828154688,2.192668318748474,44,28.306411434744845,55.852195301984636,67.95450828154688,223.7291488647461,44,28.306411434744845,55.852195301984636,67.95450828154688,0.14333432912826538,44,28.306411434744845,55.852195301984636,67.95450828154688,1.8694674968719482,44,28.306411434744845,55.852195301984636,67.95450828154688
2024-06-26,22.54203224182129,52,2.0797980279792667,18.649134501336313,22.49864944036456,36.72908401489258,52,2.0797980279792667,18.649134501336313,22.49864944036456,-0.2401658594608307,52,2.0797980279792667,18.649134501336313,22.49864944036456,0.037830621004104614,52,2.0797980279792667,18.649134501336313,22.49864944036456,-0.3780152499675751,13,2.0797980279792667,18.649134501336313,22.49864944036456,1.26,128,7.711546198681338,41.21199946489436,55.49704268963926,-5.555,624,6.953248491503427,23.546747099200253,34.749131349410796,-1.315,624,6.953248491503427,23.546747099200253,34.749131349410796,,,,,,,,,,,8.017451763153076,44,28.306411434744845,55.852195301984636,67.95450828154688,2.1931774616241455,44,28.306411434744845,55.852195301984636,67.95450828154688,224.08623504638672,44,28.306411434744845,55.852195301984636,67.95450828154688,0.13961206376552582,44,28.306411434744845,55.852195301984636,67.95450828154688,1.7759020924568176,44,28.306411434744845,55.852195301984636,67.95450828154688
2024-06-27,22.455723762512207,52,2.0797980279792667,18.649134501336313,22.49864944036456,36.7984619140625,52,2.0797980279792667,18.649134501336313,22.49864944036456,-0.12680422514677048,52,2.0797980279792667,18.649134501336313,22.49864944036456,-0.02319577056914568,52,2.0797980279792667,18.649134501336313,22.49864944036456,-0.36477458477020264,13,2.0797980279792667,18.649134501336313,22.49864944036456,0.9,128,7.711546198681338,41.21199946489436,55.49704268963926,1.42,624,6.953248491503427,23.546747099200253,34.749131349410796,-1.01,624,6.953248491503427,23.546747099200253,34.749131349410796,,,,,,,,,,,8.020472526550293,44,28.306411434744845,55.852195301984636,67.95450828154688,2.1940163373947144,44,28.306411434744845,55.852195301984636,67.95450828154688,224.0483856201172,44,28.306411434744845,55.852195301984636,67.95450828154688,0.13396340608596802,44,28.306411434744845,55.852195301984636,67.95450828154688,1.7219523787498474,44,28.306411434744845,55.852195301984636,67.95450828154688
2024-06-28,22.723981857299805,52,2.0797980279792667,18.649134501336313,22.49864944036456,36.812137603759766,52,2.0797980279792667,18.649134501336313,22.49864944036456,0.17767224460840225,52,2.0797980279792667,18.649134501336313,22.49864944036456,-0.05693758837878704,52,2.0797980279792667,18.649134501336313,22.49864944036456,-0.3248383700847626,13,2.0797980279792667,18.649134501336313,22.49864944036456,0.675,128,7.711546198681338,41.21199946489436,55.49704268963926,1.9849999999999999,624,6.953248491503427,23.546747099200253,34.749131349410796,-0.465,624,6.953248491503427,23.546747099200253,34.749131349410796,,,,,,,,,,,8.018415451049805,44,28.306411434744845,55.852195301984636,67.95450828154688,2.196143865585327,44,28.306411434744845,55.852195301984636,67.95450828154688,223.49613189697266,44,28.306411434744845,55.852195301984636,67.95450828154688,0.13773535192012787,44,28.306411434744845,55.852195301984636,67.95450828154688,1.7776907682418823,44,28.306411434744845,55.852195301984636,67.95450828154688
2024-06-29,22.651618003845215,52,2.0797980279792667,18.649134501336313,22.49864944036456,36.69063186645508,52,2.0797980279792667,18.649134501336313,22.49864944036456,0.2391444593667984,52,2.0797980279792667,18.649134501336313,22.49864944036456,-0.08149702847003937,52,2.0797980279792667,18.649134501336313,22.49864944036456,-0.28595906496047974,13,2.0797980279792667,18.649134501336313,22.49864944036456,1.03,128,7.711546198681338,41.21199946489436,55.49704268963926,2.715,624,6.953248491503427,23.546747099200253,34.749131349410796,0.72,624,6.953248491503427,23.546747099200253,34.749131349410796,,,,,,,,,,,8.013254642486572,44,28.306411434744845,55.852195301984636,67.95450828154688,2.198292851448059,44,28.306411434744845,55.852195301984636,67.95450828154688,222.83917999267578,44,28.306411434744845,55.852195301984636,67.95450828154688,0.13782715052366257,44,28.306411434744845,55.852195301984636,67.95450828154688,1.8064607381820679,44,28.306411434744845,55.852195301984636,67.95450828154688
2024-06-30,22.839743614196777,52,2.0797980279792667,18.649134501336313,22.49864944036456,36.57626724243164,52,2.0797980279792667,18.649134501336313,22.49864944036456,0.19803202897310257,52,2.0797980279792667,18.649134501336313,22.49864944036456,-0.006697031436488032,52,2.0797980279792667,18.649134501336313,22.49864944036456,-0.2595946490764618,13,2.0797980279792667,18.649134501336313,22.49864944036456,0.64,128,7.711546198681338,41.21199946489436,55.49704268963926,-0.9400000000000001,624,6.953248491503427,23.546747099200253,34.749131349410796,-1.55,624,6.953248491503427,23.546747099200253,34.749131349410796,,,,,,,,,,,8.010584831237793,44,28.306411434744845,55.852195301984636,67.95450828154688,2.1998093128204346,44,28.306411434744845,55.852195301984636,67.95450828154688,222.25072479248047,44,28.306411434744845,55.852195301984636,67.95450828154688,0.13886357843875885,44,28.306411434744845,55.852195301984636,67.95450828154688,1.8226971626281738,44,28.306411434744845,55.852195301984636,67.95450828154688
2024-07-01,23.195116996765137,52,2.0797980279792667,18.649134501336313,22.49864944036456,36.49408531188965,52,2.0797980279792667,18.649134501336313,22.49864944036456,0.20796243846416473,52,2.0797980279792667,18.649134501336313,22.49864944036456,-0.07527248188853264,52,2.0797980279792667,18.649134501336313,22.49864944036456,-0.24963593482971191,13,2.0797980279792667,18.649134501336313,22.49864944036456,0.465,128,7.711546198681338,41.21199946489436,55.49704268963926,2.92,624,6.953248491503427,23.546747099200253,34.749131349410796,-0.26,624,6.953248491503427,23.546747099200253,34.749131349410796,,,,,,,,,,,8.006721019744873,44,28.306411434744845,55.852195301984636,67.95450828154688,2.200742244720459,44,28.306411434744845,55.852195301984636,67.95450828154688,221.57916259765625,44,28.306411434744845,55.852195301984636,67.95450828154688,0.143136166036129,44,28.306411434744845,55.852195301984636,67.95450828154688,1.8693821430206299,44,28.306411434744845,55.852195301984636,67.95450828154688
2024-07-02,23.507575035095215,52,2.0797980279792667,18.649134501336313,22.49864944036456,36.4959659576416,52,2.0797980279792667,18.649134501336313,22.49864944036456,0.10155873000621796,52,2.0797980279792667,18.649134501336313,22.49864944036456,-0.03090396337211132,52,2.0797980279792667,18.649134501336313,22.49864944036456,-0.2848527431488037,13,2.0797980279792667,18.649134501336313,22.49864944036456,0.71,128,7.711546198681338,41.21199946489436,55.49704268963926,-0.86,624,6.953248491503427,23.546747099200253,34.749131349410796,-1.155,624,6.953248491503427,23.546747099200253,34.749131349410796,,,,,,,,,,,8.003111839294434,44,28.306411434744845,55.852195301984636,67.95450828154688,2.200502634048462,44,28.306411434744845,55.852195301984636,67.95450828154688,221.066650390625,44,28.306411434744845,55.852195301984636,67.95450828154688,0.14838765561580658,44,28.306411434744845,55.852195301984636,67.95450828154688,1.9332984685897827,44,28.306411434744845,55.852195301984636,67.95450828154688
2024-07-03,23.791001319885254,52,2.0797980279792667,18.649134501336313,22.49864944036456,36.48092460632324,52,2.0797980279792667,18.649134501336313,22.49864944036456,0.05563941039144993,52,2.0797980279792667,18.649134501336313,22.49864944036456,-0.009327939711511135,52,2.0797980279792667,18.649134501336313,22.49864944036456,-0.2922077476978302,13,2.0797980279792667,18.649134501336313,22.49864944036456,0.76,128,7.711546198681338,41.21199946489436,55.49704268963926,-0.865,624,6.953248491503427,23.546747099200253,34.749131349410796,-0.665,624,6.953248491503427,23.546747099200253,34.749131349410796,,,,,,,,,,,7.999512434005737,44,28.306411434744845,55.852195301984636,67.95450828154688,2.1989775896072388,44,28.306411434744845,55.852195301984636,67.95450828154688,221.03731536865234,44,28.306411434744845,55.852195301984636,67.95450828154688,0.15262823551893234,44,28.306411434744845,55.852195301984636,67.95450828154688,1.9918991923332214,44,28.306411434744845,55.852195301984636,67.95450828154688
2024-07-04,23.74130916595459,52,2.0797980279792667,18.649134501336313,22.49864944036456,36.512834548950195,52,2.0797980279792667,18.649134501336313,22.49864944036456,-0.01219563651829958,52,2.0797980279792667,18.649134501336313,22.49864944036456,-0.0006870749348308891,52,2.0797980279792667,18.649134501336313,22.49864944036456,-0.30646583437919617,13,2.0797980279792667,18.649134501336313,22.49864944036456,0.73,128,7.711546198681338,41.21199946489436,55.49704268963926,-3.335,624,6.953248491503427,23.546747099200253,34.749131349410796,-1.1300000000000001,624,6.953248491503427,23.546747099200253,34.749131349410796,,,,,,,,,,,7.997563362121582,44,28.306411434744845,55.852195301984636,67.95450828154688,2.1982579231262207,44,28.306411434744845,55.852195301984636,67.95450828154688,221.018310546875,44,28.306411434744845,55.852195301984636,67.95450828154688,0.1447463482618332,44,28.306411434744845,55.852195301984636,67.95450828154688,1.9155545234680176,44,28.306411434744845,55.852195301984636,67.95450828154688
2024-07-05,23.760870933532715,52,2.0797980279792667,18.649134501336313,22.49864944036456,36.609066009521484,52,2.0797980279792667,18.649134501336313,22.49864944036456,-0.16775650531053543,52,2.0797980279792667,18.649134501336313,22.49864944036456,0.012950691394507885,52,2.0797980279792667,18.649134501336313,22.49864944036456,-0.33173927664756775,13,2.0797980279792667,18.649134501336313,22.49864944036456,1.4100000000000001,128,7.711546198681338,41.21199946489436,55.49704268963926,-4.575,624,6.953248491503427,23.546747099200253,34.749131349410796,-1.6300000000000001,624,6.953248491503427,23.546747099200253,34.749131349410796,,,,,,,,,,,8.000278949737549,44,28.306411434744845,55.852195301984636,67.95450828154688,2.1964601278305054,44,28.306411434744845,55.852195301984636,67.95450828154688,221.00493621826172,44,28.306411434744845,55.852195301984636,67.95450828154688,0.1315673589706421,44,28.306411434744845,55.852195301984636,67.95450828154688,1.728949248790741,44,28.306411434744845,55.852195301984636,67.95450828154688
2024-07-06,23.88537883758545,52,2.0797980279792667,18.649134501336313,22.49864944036456,36.70683479309082,52,2.0797980279792667,18.649134501336313,22.49864944036456,-0.13285429775714874,52,2.0797980279792667,18.649134501336313,22.49864944036456,-0.0348176434636116,52,2.0797980279792667,18.649134501336313,22.49864944036456,-0.3326089382171631,13,2.0797980279792667,18.649134501336313,22.49864944036456,1.0950000000000002,128,7.711546198681338,41.21199946489436,55.49704268963926,4.365,624,6.953248491503427,23.546747099200253,34.749131349410796,-0.07,624,6.953248491503427,23.546747099200253,34.749131349410796,,,,,,,,,,,8.002594470977783,44,28.306411434744845,55.852195301984636,67.95450828154688,2.197312116622925,44,28.306411434744845,55.852195301984636,67.95450828154688,220.14873504638672,44,28.306411434744845,55.852195301984636,67.95450828154688,0.12615922838449478,44,28.306411434744845,55.852195301984636,67.95450828154688,1.7023158073425293,44,28.306411434744845,55.852195301984636,67.95450828154688
2024-07-07,24.04804229736328,52,2.0797980279792667,18.649134501336313,22.49864944036456,36.77864074707031,52,2.0797980279792667,18.649134501336313,22.49864944036456,-0.03992240130901337,52,2.0797980279792667,18.649134501336313,22.49864944036456,0.010937295854091644,52,2.0797980279792667,18.649134501336313,22.49864944036456,-0.3249940276145935,13,2.0797980279792667,18.649134501336313,22.49864944036456,0.79,128,7.711546198681338,41.21199946489436,55.49704268963926,-1.55,624,6.953248491503427,23.546747099200253,34.749131349410796,-1.5750000000000002,624,6.953248491503427,23.546747099200253,34.749131349410796,,,,,,,,,,,8.000794410705566,44,28.306411434744845,55.852195301984636,67.95450828154688,2.19563889503479,44,28.306411434744845,55.852195301984636,67.95450828154688,219.9644775390625,44,28.306411434744845,55.852195301984636,67.95450828154688,0.12667462974786758,44,28.306411434744845,55.852195301984636,67.95450828154688,1.7188409566879272,44,28.306411434744845,55.852195301984636,67.95450828154688
2024-07-08,24.009806632995605,52,2.0797980279792667,18.649134501336313,22.49864944036456,36.74285316467285,52,2.0797980279792667,18.649134501336313,22.49864944036456,0.03469507209956646,52,2.0797980279792667,18.649134501336313,22.49864944036456,0.03510051593184471,52,2.0797980279792667,18.649134501336313,22.49864944036456,-0.30973419547080994,13,2.0797980279792667,18.649134501336313,22.49864944036456,0.7000000000000001,128,7.711546198681338,41.21199946489436,55.49704268963926,-2.285,624,6.953248491503427,23.546747099200253,34.749131349410796,-1.775,624,6.953248491503427,23.546747099200253,34.749131349410796,,,,,,,,,,,7.997517347335815,44,28.306411434744845,55.852195301984636,67.95450828154688,2.194665551185608,44,28.306411434744845,55.852195301984636,67.95450828154688,219.2739486694336,44,28.306411434744845,55.852195301984636,67.95450828154688,0.12971961498260498,44,28.306411434744845,55.852195301984636,67.95450828154688,1.7598931789398193,44,28.306411434744845,55.852195301984636,67.95450828154688
2024-07-09,24.03227138519287,52,2.0797980279792667,18.649134501336313,22.49864944036456,36.64889907836914,52,2.0797980279792667,18.649134501336313,22.49864944036456,0.12104534357786179,52,2.0797980279792667,18.649134501336313,22.49864944036456,0.030472871847450733,52,2.0797980279792667,18.649134501336313,22.49864944036456,-0.3051184415817261,13,2.0797980279792667,18.649134501336313,22.49864944036456,0.445,128,7.711546198681338,41.21199946489436,55.49704268963926,-0.9550000000000001,624,6.953248491503427,23.546747099200253,34.749131349410796,-1.59,624,6.953248491503427,23.546747099200253,34.749131349410796,,,,,,,,,,,7.994742393493652,44,28.306411434744845,55.852195301984636,67.95450828154688,2.193734645843506,44,28.306411434744845,55.852195301984636,67.95450828154688,218.62954711914062,44,28.306411434744845,55.852195301984636,67.95450828154688,0.13410747051239014,44,28.306411434744845,55.852195301984636,67.95450828154688,1.8245543241500854,44,28.306411434744845,55.852195301984636,67.95450828154688
2024-07-10,24.077028274536133,52,2.0797980279792667,18.649134501336313,22.49864944036456,36.646114349365234,52,2.0797980279792667,18.649134501336313,22.49864944036456,0.15702331066131592,52,2.0797980279792667,18.649134501336313,22.49864944036456,-0.007329277694225311,52,2.0797980279792667,18.649134501336313,22.49864944036456,-0.30306172370910645,13,2.0797980279792667,18.649134501336313,22.49864944036456,0.32,128,7.711546198681338,41.21199946489436,55.49704268963926,1.1350000000000002,624,6.953248491503427,23.546747099200253,34.749131349410796,-0.885,624,6.953248491503427,23.546747099200253,34.749131349410796,,,,,,,,,,,7.991167306900024,44,28.306411434744845,55.852195301984636,67.95450828154688,2.1934551000595093,44,28.306411434744845,55.852195301984636,67.95450828154688,217.91736602783203,44,28.306411434744845,55.852195301984636,67.95450828154688,0.1415879726409912,44,28.306411434744845,55.852195301984636,67.95450828154688,1.9016965627670288,44,28.306411434744845,55.852195301984636,67.95450828154688
2024-07-11,24.115066528320312,52,2.0797980279792667,18.649134501336313,22.49864944036456,36.566415786743164,52,2.0797980279792667,18.649134501336313,22.49864944036456,0.1284923404455185,52,2.0797980279792667,18.649134501336313,22.49864944036456,0.038831278681755066,52,2.0797980279792667,18.649134501336313,22.49864944036456,-0.3162232041358948,13,2.0797980279792667,18.649134501336313,22.49864944036456,0.255,128,7.711546198681338,41.21199946489436,55.49704268963926,-1.28,624,6.953248491503427,23.546747099200253,34.749131349410796,-1.1500000000000001,624,6.953248491503427,23.546747099200253,34.749131349410796,,,,,,,,,,,7.988706350326538,44,28.306411434744845,55.852195301984636,67.95450828154688,2.1934638023376465,44,28.306411434744845,55.852195301984636,67.95450828154688,217.2616195678711,44,28.306411434744845,55.852195301984636,67.95450828154688,0.1463424488902092,44,28.306411434744845,55.852195301984636,67.95450828154688,1.963788092136383,44,28.306411434744845,55.852195301984636,67.95450828154688
2024-07-12,24.490946769714355,52,2.0797980279792667,18.649134501336313,22.49864944036456,36.50241470336914,52,2.0797980279792667,18.649134501336313,22.49864944036456,0.10703535750508308,52,2.0797980279792667,18.649134501336313,22.49864944036456,0.006878256797790527,52,2.0797980279792667,18.649134501336313,22.49864944036456,-0.31996509432792664,13,2.0797980279792667,18.649134501336313,22.49864944036456,0.11,128,7.711546198681338,41.21199946489436,55.49704268963926,-0.03,624,6.953248491503427,23.546747099200253,34.749131349410796,-0.775,624,6.953248491503427,23.546747099200253,34.749131349410796,,,,,,,,,,,7.984890460968018,44,28.306411434744845,55.852195301984636,67.95450828154688,2.193471670150757,44,28.306411434744845,55.852195301984636,67.95450828154688,216.9409942626953,44,28.306411434744845,55.852195301984636,67.95450828154688,0.15089935064315796,44,28.306411434744845,55.852195301984636,67.95450828154688,2.0364603996276855,44,28.306411434744845,55.852195301984636,67.95450828154688
2024-07-13,24.627559661865234,52,2.0797980279792667,18.649134501336313,22.49864944036456,36.45840072631836,52,2.0797980279792667,18.649134501336313,22.49864944036456,0.07108183950185776,52,2.0797980279792667,18.649134501336313,22.49864944036456,0.05298603139817715,52,2.0797980279792667,18.649134501336313,22.49864944036456,-0.3238030970096588,13,2.0797980279792667,18.649134501336313,22.49864944036456,0.56,128,7.711546198681338,41.21199946489436,55.49704268963926,-1.8900000000000001,624,6.953248491503427,23.546747099200253,34.749131349410796,-1.55,624,6.953248491503427,23.546747099200253,34.749131349410796,,,,,,,,,,,7.98111891746521,44,28.306411434744845,55.852195301984636,67.95450828154688,2.193183183670044,44,28.306411434744845,55.852195301984636,67.95450828154688,216.39332580566406,44,28.306411434744845,55.852195301984636,67.95450828154688,0.15256010740995407,44,28.306411434744845,55.852195301984636,67.95450828154688,2.037343144416809,44,28.306411434744845,55.852195301984636,67.95450828154688
2024-07-14,24.867658615112305,52,2.0797980279792667,18.649134501336313,22.49864944036456,36.44201850891113,52,2.0797980279792667,18.649134501336313,22.49864944036456,0.06924963742494583,52,2.0797980279792667,18.649134501336313,22.49864944036456,0.006049057701602578,52,2.0797980279792667,18.649134501336313,22.49864944036456,-0.3148607313632965,13,2.0797980279792667,18.649134501336313,22.49864944036456,0.555,128,7.711546198681338,41.21199946489436,55.49704268963926,0.055,624,6.953248491503427,23.546747099200253,34.749131349410796,-1.01,624,6.953248491503427,23.546747099200253,34.749131349410796,,,,,,,,,,,7.977588891983032,44,28.306411434744845,55.852195301984636,67.95450828154688,2.192910671234131,44,28.306411434744845,55.852195301984636,67.95450828154688,215.69505310058594,44,28.306411434744845,55.852195301984636,67.95450828154688,0.1527315303683281,44,28.306411434744845,55.852195301984636,67.95450828154688,2.0542314052581787,44,28.306411434744845,55.852195301984636,67.95450828154688
2024-07-15,25.06234836578369,52,2.0797980279792667,18.649134501336313,22.49864944036456,36.45058059692383,52,2.0797980279792667,18.649134501336313,22.49864944036456,0.1344924122095108,52,2.0797980279792667,18.649134501336313,22.49864944036456,0.028237350285053253,52,2.0797980279792667,18.649134501336313,22.49864944036456,-0.2986803650856018,13,2.0797980279792667,18.649134501336313,22.49864944036456,0.19,128,7.711546198681338,41.21199946489436,55.49704268963926,-0.11,624,6.953248491503427,23.546747099200253,34.749131349410796,-0.5800000000000001,624,6.953248491503427,23.546747099200253,34.749131349410796,,,,,,,,,,,7.973057270050049,44,28.306411434744845,55.852195301984636,67.95450828154688,2.1924400329589844,44,28.306411434744845,55.852195301984636,67.95450828154688,215.623291015625,44,28.306411434744845,55.852195301984636,67.95450828154688,0.1513645201921463,44,28.306411434744845,55.852195301984636,67.95450828154688,2.107393741607666,44,28.306411434744845,55.852195301984636,67.95450828154688
2024-07-16,25.224063873291016,52,2.0797980279792667,18.649134501336313,22.49864944036456,36.47434616088867,52,2.0797980279792667,18.649134501336313,22.49864944036456,0.11758978292346,52,2.0797980279792667,18.649134501336313,22.49864944036456,0.014171538408845663,52,2.0797980279792667,18.649134501336313,22.49864944036456,-0.28664156794548035,13,2.0797980279792667,18.649134501336313,22.49864944036456,0.25,128,7.711546198681338,41.21199946489436,55.49704268963926,-0.9400000000000001,624,6.953248491503427,23.546747099200253,34.749131349410796,-0.795,624,6.953248491503427,23.546747099200253,34.749131349410796,,,,,,,,,,,7.9685893058776855,44,28.306411434744845,55.852195301984636,67.95450828154688,2.1913009881973267,44,28.306411434744845,55.852195301984636,67.95450828154688,215.44607543945312,44,28.306411434744845,55.852195301984636,67.95450828154688,0.14726179838180542,44,28.306411434744845,55.852195301984636,67.95450828154688,2.066991686820984,44,28.306411434744845,55.852195301984636,67.95450828154688
2024-07-17,25.012402534484863,52,2.0797980279792667,18.649134501336313,22.49864944036456,36.4881591796875,52,2.0797980279792667,18.649134501336313,22.49864944036456,-0.001542461512144655,52,2.0797980279792667,18.649134501336313,22.49864944036456,0.055275093764066696,52,2.0797980279792667,18.649134501336313,22.49864944036456,-0.29277440905570984,13,2.0797980279792667,18.649134501336313,22.49864944036456,0.785,128,7.711546198681338,41.21199946489436,55.49704268963926,-3.045,624,6.953248491503427,23.546747099200253,34.749131349410796,-2.18,624,6.953248491503427,23.546747099200253,34.749131349410796,,,,,,,,,,,7.968869924545288,44,28.306411434744845,55.852195301984636,67.95450828154688,2.1891673803329468,44,28.306411434744845,55.852195301984636,67.95450828154688,214.80902862548828,44,28.306411434744845,55.852195301984636,67.95450828154688,0.13924916088581085,44,28.306411434744845,55.852195301984636,67.95450828154688,1.932725191116333,44,28.306411434744845,55.852195301984636,67.95450828154688
2024-07-18,25.09354591369629,52,2.0797980279792667,18.649134501336313,22.49864944036456,36.53310585021973,52,2.0797980279792667,18.649134501336313,22.49864944036456,0.01328153908252716,52,2.0797980279792667,18.649134501336313,22.49864944036456,0.049509359523653984,52,2.0797980279792667,18.649134501336313,22.49864944036456,-0.30683445930480957,13,2.0797980279792667,18.649134501336313,22.49864944036456,0.78,128,7.711546198681338,41.21199946489436,55.49704268963926,-2.2199999999999998,624,6.953248491503427,23.546747099200253,34.749131349410796,-1.6500000000000001,624,6.953248491503427,23.546747099200253,34.749131349410796,,,,,,,,,,,7.971167802810669,44,28.306411434744845,55.852195301984636,67.95450828154688,2.188302516937256,44,28.306411434744845,55.852195301984636,67.95450828154688,213.0712890625,44,28.306411434744845,55.852195301984636,67.95450828154688,0.13831336051225662,44,28.306411434744845,55.852195301984636,67.95450828154688,1.8700379729270935,44,28.306411434744845,55.852195301984636,67.95450828154688
2024-07-19,25.566096305847168,52,2.0797980279792667,18.649134501336313,22.49864944036456,36.6102294921875,52,2.0797980279792667,18.649134501336313,22.49864944036456,0.03056705091148615,52,2.0797980279792667,18.649134501336313,22.49864944036456,-0.0018530276138335466,52,2.0797980279792667,18.649134501336313,22.49864944036456,-0.31649094820022583,13,2.0797980279792667,18.649134501336313,22.49864944036456,0.51,128,7.711546198681338,41.21199946489436,55.49704268963926,1.8800000000000001,624,6.953248491503427,23.546747099200253,34.749131349410796,-0.365,624,6.953248491503427,23.546747099200253,34.749131349410796,,,,,,,,,,,7.9694719314575195,44,28.306411434744845,55.852195301984636,67.95450828154688,2.1887989044189453,44,28.306411434744845,55.852195301984636,67.95450828154688,212.5572738647461,44,28.306411434744845,55.852195301984636,67.95450828154688,0.13808707147836685,44,28.306411434744845,55.852195301984636,67.95450828154688,1.8638175129890442,44,28.306411434744845,55.852195301984636,67.95450828154688
2024-07-20,25.995070457458496,52,2.0797980279792667,18.649134501336313,22.49864944036456,36.65902328491211,52,2.0797980279792667,18.649134501336313,22.49864944036456,-0.0121879861690104,52,2.0797980279792667,18.649134501336313,22.49864944036456,0.029096371494233608,52,2.0797980279792667,18.649134501336313,22.49864944036456,-0.3056538701057434,13,2.0797980279792667,18.649134501336313,22.49864944036456,0.2,128,7.711546198681338,41.21199946489436,55.49704268963926,-0.3,624,6.953248491503427,23.546747099200253,34.749131349410796,-0.18,624,6.953248491503427,23.546747099200253,34.749131349410796,,,,,,,,,,,7.966049671173096,44,28.306411434744845,55.852195301984636,67.95450828154688,2.1889950037002563,44,28.306411434744845,55.852195301984636,67.95450828154688,212.3691177368164,44,28.306411434744845,55.852195301984636,67.95450828154688,0.13888952881097794,44,28.306411434744845,55.852195301984636,67.95450828154688,1.9069166779518127,44,28.306411434744845,55.852195301984636,67.95450828154688
2024-07-21,25.895383834838867,52,2.0797980279792667,18.649134501336313,22.49864944036456,36.67812156677246,52,2.0797980279792667,18.649134501336313,22.49864944036456,-0.023838983848690987,52,2.0797980279792667,18.649134501336313,22.49864944036456,-0.06471242383122444,52,2.0797980279792667,18.649134501336313,22.49864944036456,-0.28710508346557617,13,2.0797980279792667,18.649134501336313,22.49864944036456,0.92,128,7.711546198681338,41.21199946489436,55.49704268963926,2.2350000000000003,624,6.953248491503427,23.546747099200253,34.749131349410796,-0.71,624,6.953248491503427,23.546747099200253,34.749131349410796,,,,,,,,,,,7.965891122817993,44,28.306411434744845,55.852195301984636,67.95450828154688,2.188718557357788,44,28.306411434744845,55.852195301984636,67.95450828154688,212.63214111328125,44,28.306411434744845,55.852195301984636,67.95450828154688,0.13238538801670074,44,28.306411434744845,55.852195301984636,67.95450828154688,1.8349215388298035,44,28.306411434744845,55.852195301984636,67.95450828154688
2024-07-22,25.82223129272461,52,2.0797980279792667,18.649134501336313,22.49864944036456,36.70423889160156,52,2.0797980279792667,18.649134501336313,22.49864944036456,-0.07053958252072334,52,2.0797980279792667,18.649134501336313,22.49864944036456,0.06290067173540592,52,2.0797980279792667,18.649134501336313,22.49864944036456,-0.30830422043800354,13,2.0797980279792667,18.649134501336313,22.49864944036456,1.25,128,7.711546198681338,41.21199946489436,55.49704268963926,-4.1899999999999995,624,6.953248491503427,23.546747099200253,34.749131349410796,-1.9000000000000001,624,6.953248491503427,23.546747099200253,34.749131349410796,,,,,,,,,,,7.969712018966675,44,28.306411434744845,55.852195301984636,67.95450828154688,2.1882675886154175,44,28.306411434744845,55.852195301984636,67.95450828154688,212.22376251220703,44,28.306411434744845,55.852195301984636,67.95450828154688,0.1286456659436226,44,28.306411434744845,55.852195301984636,67.95450828154688,1.783219039440155,44,28.306411434744845,55.852195301984636,67.95450828154688
2024-07-23,25.53795051574707,52,2.0797980279792667,18.649134501336313,22.49864944036456,36.66144943237305,52,2.0797980279792667,18.649134501336313,22.49864944036456,-0.05011117272078991,52,2.0797980279792667,18.649134501336313,22.49864944036456,0.040128154680132866,52,2.0797980279792667,18.649134501336313,22.49864944036456,-0.3160548210144043,13,2.0797980279792667,18.649134501336313,22.49864944036456,0.72,128,7.711546198681338,41.21199946489436,55.49704268963926,-3.56,624,6.953248491503427,23.546747099200253,34.749131349410796,-0.81,624,6.953248491503427,23.546747099200253,34.749131349410796,,,,,,,,,,,7.971260070800781,44,28.306411434744845,55.852195301984636,67.95450828154688,2.1886954307556152,44,28.306411434744845,55.852195301984636,67.95450828154688,211.94207000732422,44,28.306411434744845,55.852195301984636,67.95450828154688,0.12799296528100967,44,28.306411434744845,55.852195301984636,67.95450828154688,1.7502750158309937,44,28.306411434744845,55.852195301984636,67.95450828154688
2024-07-24,25.638800621032715,52,2.0797980279792667,18.649134501336313,22.49864944036456,36.70697212219238,52,2.0797980279792667,18.649134501336313,22.49864944036456,0.043742746114730835,52,2.0797980279792667,18.649134501336313,22.49864944036456,0.030480370856821537,52,2.0797980279792667,18.649134501336313,22.49864944036456,-0.3082939684391022,13,2.0797980279792667,18.649134501336313,22.49864944036456,0.505,128,7.711546198681338,41.21199946489436,55.49704268963926,-2.94,624,6.953248491503427,23.546747099200253,34.749131349410796,-0.9,624,6.953248491503427,23.546747099200253,34.749131349410796,,,,,,,,,,,7.971886396408081,44,28.306411434744845,55.852195301984636,67.95450828154688,2.18955397605896,44,28.306411434744845,55.852195301984636,67.95450828154688,211.51687622070312,44,28.306411434744845,55.852195301984636,67.95450828154688,0.1243571788072586,44,28.306411434744845,55.852195301984636,67.95450828154688,1.7338680624961853,44,28.306411434744845,55.852195301984636,67.95450828154688
2024-07-25,25.676483154296875,52,2.0797980279792667,18.649134501336313,22.49864944036456,36.716976165771484,52,2.0797980279792667,18.649134501336313,22.49864944036456,0.051998445764184,52,2.0797980279792667,18.649134501336313,22.49864944036456,0.022689773701131344,52,2.0797980279792667,18.649134501336313,22.49864944036456,-0.29315152764320374,13,2.0797980279792667,18.649134501336313,22.49864944036456,0.56,128,7.711546198681338,41.21199946489436,55.49704268963926,-1.5350000000000001,624,6.953248491503427,23.546747099200253,34.749131349410796,-0.86,624,6.953248491503427,23.546747099200253,34.749131349410796,,,,,,,,,,,7.971330881118774,44,28.306411434744845,55.852195301984636,67.95450828154688,2.190095543861389,44,28.306411434744845,55.852195301984636,67.95450828154688,210.96485137939453,44,28.306411434744845,55.852195301984636,67.95450828154688,0.1190764456987381,44,28.306411434744845,55.852195301984636,67.95450828154688,1.6925414204597473,44,28.306411434744845,55.852195301984636,67.95450828154688
2024-07-26,25.659250259399414,52,2.0797980279792667,18.649134501336313,22.49864944036456,36.72160339355469,52,2.0797980279792667,18.649134501336313,22.49864944036456,0.036520302295684814,52,2.0797980279792667,18.649134501336313,22.49864944036456,0.03080802597105503,52,2.0797980279792667,18.649134501336313,22.49864944036456,-0.2797071933746338,13,2.0797980279792667,18.649134501336313,22.49864944036456,0.965,128,7.711546198681338,41.21199946489436,55.49704268963926,-3.0,624,6.953248491503427,23.546747099200253,34.749131349410796,-1.48,624,6.953248491503427,23.546747099200253,34.749131349410796,,,,,,,,,,,7.971604824066162,44,28.306411434744845,55.852195301984636,67.95450828154688,2.190302014350891,44,28.306411434744845,55.852195301984636,67.95450828154688,210.85784912109375,44,28.306411434744845,55.852195301984636,67.95450828154688,0.1165669783949852,44,28.306411434744845,55.852195301984636,67.95450828154688,1.6705831289291382,44,28.306411434744845,55.852195301984636,67.95450828154688
2024-07-27,25.922207832336426,52,2.0797980279792667,18.649134501336313,22.49864944036456,36.73801040649414,52,2.0797980279792667,18.649134501336313,22.49864944036456,0.0927678756415844,52,2.0797980279792667,18.649134501336313,22.49864944036456,0.013412391766905785,52,2.0797980279792667,18.649134501336313,22.49864944036456,-0.2755526304244995,13,2.0797980279792667,18.649134501336313,22.49864944036456,0.6,128,7.711546198681338,41.21199946489436,55.49704268963926,-1.4100000000000001,624,6.953248491503427,23.546747099200253,34.749131349410796,-1.34,624,6.953248491503427,23.546747099200253,34.749131349410796,,,,,,,,,,,7.971707582473755,44,28.306411434744845,55.852195301984636,67.95450828154688,2.1906139850616455,44,28.306411434744845,55.852195301984636,67.95450828154688,211.0221176147461,44,28.306411434744845,55.852195301984636,67.95450828154688,0.11483587697148323,44,28.306411434744845,55.852195301984636,67.95450828154688,1.6729509830474854,44,28.306411434744845,55.852195301984636,67.95450828154688
2024-07-28,26.161056518554688,52,2.0797980279792667,18.649134501336313,22.49864944036456,36.768232345581055,52,2.0797980279792667,18.649134501336313,22.49864944036456,0.12667964398860931,52,2.0797980279792667,18.649134501336313,22.49864944036456,-0.0047568767331540585,52,2.0797980279792667,18.649134501336313,22.49864944036456,-0.27848416566848755,13,2.0797980279792667,18.649134501336313,22.49864944036456,0.78,128,7.711546198681338,41.21199946489436,55.49704268963926,-0.46,624,6.953248491503427,23.546747099200253,34.749131349410796,-0.55,624,6.953248491503427,23.546747099200253,34.749131349410796,,,,,,,,,,,7.970273733139038,44,28.306411434744845,55.852195301984636,67.95450828154688,2.190465807914734,44,28.306411434744845,55.852195301984636,67.95450828154688,210.64382934570312,44,28.306411434744845,55.852195301984636,67.95450828154688,0.11535803228616714,44,28.306411434744845,55.852195301984636,67.95450828154688,1.6880881786346436,44,28.306411434744845,55.852195301984636,67.95450828154688
2024-07-29,25.80551242828369,52,2.0797980279792667,18.649134501336313,22.49864944036456,36.79786491394043,52,2.0797980279792667,18.649134501336313,22.49864944036456,0.07006362453103065,52,2.0797980279792667,18.649134501336313,22.49864944036456,0.020335642620921135,52,2.0797980279792667,18.649134501336313,22.49864944036456,-0.29092052578926086,13,2.0797980279792667,18.649134501336313,22.49864944036456,0.98,128,7.711546198681338,41.21199946489436,55.49704268963926,-3.7350000000000003,624,6.953248491503427,23.546747099200253,34.749131349410796,-1.55,624,6.953248491503427,23.546747099200253,34.749131349410796,,,,,,,,,,,7.970833778381348,44,28.306411434744845,55.852195301984636,67.95450828154688,2.189380645751953,44,28.306411434744845,55.852195301984636,67.95450828154688,210.697509765625,44,28.306411434744845,55.852195301984636,67.95450828154688,0.11444884538650513,44,28.306411434744845,55.852195301984636,67.95450828154688,1.680284321308136,44,28.306411434744845,55.852195301984636,67.95450828154688
2024-07-30,25.484530448913574,52,2.0797980279792667,18.649134501336313,22.49864944036456,36.81031608581543,52,2.0797980279792667,18.649134501336313,22.49864944036456,-0.0010513047454878688,52,2.0797980279792667,18.649134501336313,22.49864944036456,0.027194103226065636,52,2.0797980279792667,18.649134501336313,22.49864944036456,-0.29151588678359985,13,2.0797980279792667,18.649134501336313,22.49864944036456,0.855,128,7.711546198681338,41.21199946489436,55.49704268963926,-3.745,624,6.953248491503427,23.546747099200253,34.749131349410796,-0.8300000000000001,624,6.953248491503427,23.546747099200253,34.749131349410796,,,,,,,,,,,7.974561929702759,44,28.306411434744845,55.852195301984636,67.95450828154688,2.18889319896698,44,28.306411434744845,55.852195301984636,67.95450828154688,210.57650756835938,44,28.306411434744845,55.852195301984636,67.95450828154688,0.11220645532011986,44,28.306411434744845,55.852195301984636,67.95450828154688,1.6555024981498718,44,28.306411434744845,55.852195301984636,67.95450828154688
2024-07-31,25.68997573852539,52,2.0797980279792667,18.649134501336313,22.49864944036456,36.860002517700195,52,2.0797980279792667,18.649134501336313,22.49864944036456,0.016559076495468616,52,2.0797980279792667,18.649134501336313,22.49864944036456,-0.03146995138376951,52,2.0797980279792667,18.649134501336313,22.49864944036456,-0.29366400837898254,13,2.0797980279792667,18.649134501336313,22.49864944036456,0.495,128,7.711546198681338,41.21199946489436,55.49704268963926,0.625,624,6.953248491503427,23.546747099200253,34.749131349410796,-0.215,624,6.953248491503427,23.546747099200253,34.749131349410796,,,,,,,,,,,7.9757771492004395,44,28.306411434744845,55.852195301984636,67.95450828154688,2.1886836290359497,44,28.306411434744845,55.852195301984636,67.95450828154688,210.35276794433594,44,28.306411434744845,55.852195301984636,67.95450828154688,0.11162705719470978,44,28.306411434744845,55.852195301984636,67.95450828154688,1.6545698642730713,44,28.306411434744845,55.852195301984636,67.95450828154688
2024-08-01,26.267966270446777,52,2.0797980279792667,18.649134501336313,22.49864944036456,36.95996856689453,52,2.0797980279792667,18.649134501336313,22.49864944036456,0.0737912580370903,52,2.0797980279792667,18.649134501336313,22.49864944036456,-0.03477274440228939,52,2.0797980279792667,18.649134501336313,22.49864944036456,-0.26025423407554626,13,2.0797980279792667,18.649134501336313,22.49864944036456,0.3,128,7.711546198681338,41.21199946489436,55.49704268963926,0.91,624,6.953248491503427,23.546747099200253,34.749131349410796,-0.48,624,6.953248491503427,23.546747099200253,34.749131349410796,,,,,,,,,,,7.971137046813965,44,28.306411434744845,55.852195301984636,67.95450828154688,2.187800407409668,44,28.306411434744845,55.852195301984636,67.95450828154688,209.59999084472656,44,28.306411434744845,55.852195301984636,67.95450828154688,0.11425421759486198,44,28.306411434744845,55.852195301984636,67.95450828154688,1.6914809346199036,44,28.306411434744845,55.852195301984636,67.95450828154688
2024-08-02,26.703506469726562,52,2.0797980279792667,18.649134501336313,22.49864944036456,37.08088493347168,52,2.0797980279792667,18.649134501336313,22.49864944036456,0.043162256479263306,52,2.0797980279792667,18.649134501336313,22.49864944036456,-0.046741217374801636,52,2.0797980279792667,18.649134501336313,22.49864944036456,-0.26480233669281006,13,2.0797980279792667,18.649134501336313,22.49864944036456,0.18,128,7.711546198681338,41.21199946489436,55.49704268963926,1.27,624,6.953248491503427,23.546747099200253,34.749131349410796,-0.165,624,6.953248491503427,23.546747099200253,34.749131349410796,,,,,,,,,,,7.9656453132629395,44,28.306411434744845,55.852195301984636,67.95450828154688,2.1875494718551636,44,28.306411434744845,55.852195301984636,67.95450828154688,208.78984832763672,44,28.306411434744845,55.852195301984636,67.95450828154688,0.11608805134892464,44,28.306411434744845,55.852195301984636,67.95450828154688,1.7078511118888855,44,28.306411434744845,55.852195301984636,67.95450828154688
2024-08-03,27.119943618774414,52,2.0797980279792667,18.649134501336313,22.49864944036456,37.17523384094238,52,2.0797980279792667,18.649134501336313,22.49864944036456,0.006939095910638571,52,2.0797980279792667,18.649134501336313,22.49864944036456,-0.024798749014735222,52,2.0797980279792667,18.649134501336313,22.49864944036456,-0.2712539732456207,13,2.0797980279792667,18.649134501336313,22.49864944036456,0.65,128,7.711546198681338,41.21199946489436,55.49704268963926,-0.56,624,6.953248491503427,23.546747099200253,34.749131349410796,-0.96,624,6.953248491503427,23.546747099200253,34.749131349410796,,,,,,,,,,,7.963532447814941,44,28.306411434744845,55.852195301984636,67.95450828154688,2.1872202157974243,44,28.306411434744845,55.852195301984636,67.95450828154688,208.31517028808594,44,28.306411434744845,55.852195301984636,67.95450828154688,0.11419286206364632,44,28.306411434744845,55.852195301984636,67.95450828154688,1.6948692798614502,44,28.306411434744845,55.852195301984636,67.95450828154688
2024-08-04,26.888214111328125,52,2.0797980279792667,18.649134501336313,22.49864944036456,37.14272689819336,52,2.0797980279792667,18.649134501336313,22.49864944036456,0.0313795143738389,52,2.0797980279792667,18.649134501336313,22.49864944036456,0.03187424875795841,52,2.0797980279792667,18.649134501336313,22.49864944036456,-0.2925185561180115,13,2.0797980279792667,18.649134501336313,22.49864944036456,0.95,128,7.711546198681338,41.21199946489436,55.49704268963926,-3.295,624,6.953248491503427,23.546747099200253,34.749131349410796,-0.735,624,6.953248491503427,23.546747099200253,34.749131349410796,,,,,,,,,,,7.9635303020477295,44,28.306411434744845,55.852195301984636,67.95450828154688,2.187303066253662,44,28.306411434744845,55.852195301984636,67.95450828154688,208.11566162109375,44,28.306411434744845,55.852195301984636,67.95450828154688,0.11224710196256638,44,28.306411434744845,55.852195301984636,67.95450828154688,1.682581603527069,44,28.306411434744845,55.852195301984636,67.95450828154688
2024-08-05,26.41822052001953,52,2.0797980279792667,18.649134501336313,22.49864944036456,37.08552360534668,52,2.0797980279792667,18.649134501336313,22.49864944036456,0.06787034496665001,52,2.0797980279792667,18.649134501336313,22.49864944036456,0.03714224509894848,52,2.0797980279792667,18.649134501336313,22.49864944036456,-0.294029176235199,13,2.0797980279792667,18.649134501336313,22.49864944036456,0.7000000000000001,128,7.711546198681338,41.21199946489436,55.49704268963926,-2.97,624,6.953248491503427,23.546747099200253,34.749131349410796,-0.54,624,6.953248491503427,23.546747099200253,34.749131349410796,,,,,,,,,,,7.9643614292144775,44,28.306411434744845,55.852195301984636,67.95450828154688,2.1871691942214966,44,28.306411434744845,55.852195301984636,67.95450828154688,207.70915985107422,44,28.306411434744845,55.852195301984636,67.95450828154688,0.11065373942255974,44,28.306411434744845,55.852195301984636,67.95450828154688,1.6717514395713806,44,28.306411434744845,55.852195301984636,67.95450828154688
2024-08-06,25.891709327697754,52,2.0797980279792667,18.649134501336313,22.49864944036456,37.08151817321777,52,2.0797980279792667,18.649134501336313,22.49864944036456,0.04869837686419487,52,2.0797980279792667,18.649134501336313,22.49864944036456,0.022973177023231983,52,2.0797980279792667,18.649134501336313,22.49864944036456,-0.3038039207458496,13,2.0797980279792667,18.649134501336313,22.49864944036456,0.53,128,7.711546198681338,41.21199946489436,55.49704268963926,-2.835,624,6.953248491503427,23.546747099200253,34.749131349410796,-0.37,624,6.953248491503427,23.546747099200253,34.749131349410796,,,,,,,,,,,7.9648168087005615,44,28.306411434744845,55.852195301984636,67.95450828154688,2.1869059801101685,44,28.306411434744845,55.852195301984636,67.95450828154688,207.2648696899414,44,28.306411434744845,55.852195301984636,67.95450828154688,0.1095428392291069,44,28.306411434744845,55.852195301984636,67.95450828154688,1.6652274131774902,44,28.306411434744845,55.852195301984636,67.95450828154688
2024-08-07,25.482876777648926,52,2.0797980279792667,18.649134501336313,22.49864944036456,37.043453216552734,52,2.0797980279792667,18.649134501336313,22.49864944036456,0.06528131663799286,52,2.0797980279792667,18.649134501336313,22.49864944036456,0.03994608856737614,52,2.0797980279792667,18.649134501336313,22.49864944036456,-0.31362131237983704,13,2.0797980279792667,18.649134501336313,22.49864944036456,0.87,128,7.711546198681338,41.21199946489436,55.49704268963926,-2.335,624,6.953248491503427,23.546747099200253,34.749131349410796,-0.015,624,6.953248491503427,23.546747099200253,34.749131349410796,,,,,,,,,,,7.9664270877838135,44,28.306411434744845,55.852195301984636,67.95450828154688,2.1863882541656494,44,28.306411434744845,55.852195301984636,67.95450828154688,207.58108520507812,44,28.306411434744845,55.852195301984636,67.95450828154688,0.10916830971837044,44,28.306411434744845,55.852195301984636,67.95450828154688,1.6561280488967896,44,28.306411434744845,55.852195301984636,67.95450828154688
2024-08-08,25.65119743347168,52,2.0797980279792667,18.649134501336313,22.49864944036456,37.01813316345215,52,2.0797980279792667,18.649134501336313,22.49864944036456,0.1378823220729828,52,2.0797980279792667,18.649134501336313,22.49864944036456,-0.0440337210893631,52,2.0797980279792667,18.649134501336313,22.49864944036456,-0.30284613370895386,13,2.0797980279792667,18.649134501336313,22.49864944036456,0.72,128,7.711546198681338,41.21199946489436,55.49704268963926,1.23,624,6.953248491503427,23.546747099200253,34.749131349410796,-0.43,624,6.953248491503427,23.546747099200253,34.749131349410796,,,,,,,,,,,7.965433597564697,44,28.306411434744845,55.852195301984636,67.95450828154688,2.186625838279724,44,28.306411434744845,55.852195301984636,67.95450828154688,207.50008392333984,44,28.306411434744845,55.852195301984636,67.95450828154688,0.10934065654873848,44,28.306411434744845,55.852195301984636,67.95450828154688,1.6550347805023193,44,28.306411434744845,55.852195301984636,67.95450828154688
2024-08-09,26.482345581054688,52,2.0797980279792667,18.649134501336313,22.49864944036456,37.063175201416016,52,2.0797980279792667,18.649134501336313,22.49864944036456,0.08074775710701942,52,2.0797980279792667,18.649134501336313,22.49864944036456,-0.05216040834784508,52,2.0797980279792667,18.649134501336313,22.49864944036456,-0.3005360960960388,13,2.0797980279792667,18.649134501336313,22.49864944036456,0.6950000000000001,128,7.711546198681338,41.21199946489436,55.49704268963926,0.16,624,6.953248491503427,23.546747099200253,34.749131349410796,-0.6950000000000001,624,6.953248491503427,23.546747099200253,34.749131349410796,,,,,,,,,,,7.961947917938232,44,28.306411434744845,55.852195301984636,67.95450828154688,2.186355233192444,44,28.306411434744845,55.852195301984636,67.95450828154688,207.69940948486328,44,28.306411434744845,55.852195301984636,67.95450828154688,0.11042184382677078,44,28.306411434744845,55.852195301984636,67.95450828154688,1.6701140999794006,44,28.306411434744845,55.852195301984636,67.95450828154688
2024-08-10,26.257248878479004,52,2.0797980279792667,18.649134501336313,22.49864944036456,37.01753616333008,52,2.0797980279792667,18.649134501336313,22.49864944036456,0.030671521089971066,52,2.0797980279792667,18.649134501336313,22.49864944036456,0.03157528676092625,52,2.0797980279792667,18.649134501336313,22.49864944036456,-0.3109595477581024,13,2.0797980279792667,18.649134501336313,22.49864944036456,1.09,128,7.711546198681338,41.21199946489436,55.49704268963926,-4.64,624,6.953248491503427,23.546747099200253,34.749131349410796,-1.25,624,6.953248491503427,23.546747099200253,34.749131349410796,,,,,,,,,,,7.9626688957214355,44,28.306411434744845,55.852195301984636,67.95450828154688,2.185220718383789,44,28.306411434744845,55.852195301984636,67.95450828154688,209.40916442871094,44,28.306411434744845,55.852195301984636,67.95450828154688,0.11018343642354012,44,28.306411434744845,55.852195301984636,67.95450828154688,1.6571572422981262,44,28.306411434744845,55.852195301984636,67.95450828154688
2024-08-11,26.03287696838379,52,2.0797980279792667,18.649134501336313,22.49864944036456,36.96636390686035,52,2.0797980279792667,18.649134501336313,22.49864944036456,0.10712235793471336,52,2.0797980279792667,18.649134501336313,22.49864944036456,0.021412824280560017,52,2.0797980279792667,18.649134501336313,22.49864944036456,-0.3124848008155823,13,2.0797980279792667,18.649134501336313,22.49864944036456,0.845,128,7.711546198681338,41.21199946489436,55.49704268963926,-2.45,624,6.953248491503427,23.546747099200253,34.749131349410796,-1.51,624,6.953248491503427,23.546747099200253,34.749131349410796,,,,,,,,,,,7.9668052196502686,44,28.306411434744845,55.852195301984636,67.95450828154688,2.1848602294921875,44,28.306411434744845,55.852195301984636,67.95450828154688,209.41482543945312,44,28.306411434744845,55.852195301984636,67.95450828154688,0.11045275256037712,44,28.306411434744845,55.852195301984636,67.95450828154688,1.6532713174819946,44,28.306411434744845,55.852195301984636,67.95450828154688
2024-08-12,26.647193908691406,52,2.0797980279792667,18.649134501336313,22.49864944036456,36.94650077819824,52,2.0797980279792667,18.649134501336313,22.49864944036456,0.09789283573627472,52,2.0797980279792667,18.649134501336313,22.49864944036456,-0.04038908705115318,52,2.0797980279792667,18.649134501336313,22.49864944036456,-0.300778865814209,13,2.0797980279792667,18.649134501336313,22.49864944036456,0.615,128,7.711546198681338,41.21199946489436,55.49704268963926,1.75,624,6.953248491503427,23.546747099200253,34.749131349410796,-0.44,624,6.953248491503427,23.546747099200253,34.749131349410796,,,,,,,,,,,7.96485161781311,44,28.306411434744845,55.852195301984636,67.95450828154688,2.1855342388153076,44,28.306411434744845,55.852195301984636,67.95450828154688,208.7713623046875,44,28.306411434744845,55.852195301984636,67.95450828154688,0.11150022223591805,44,28.306411434744845,55.852195301984636,67.95450828154688,1.6703481674194336,44,28.306411434744845,55.852195301984636,67.95450828154688
2024-08-13,27.350927352905273,52,2.0797980279792667,18.649134501336313,22.49864944036456,37.002708435058594,52,2.0797980279792667,18.649134501336313,22.49864944036456,0.07815239205956459,52,2.0797980279792667,18.649134501336313,22.49864944036456,-0.00921561848372221,52,2.0797980279792667,18.649134501336313,22.49864944036456,-0.2901502251625061,13,2.0797980279792667,18.649134501336313,22.49864944036456,0.42,128,7.711546198681338,41.21199946489436,55.49704268963926,1.0550000000000002,624,6.953248491503427,23.546747099200253,34.749131349410796,-0.175,624,6.953248491503427,23.546747099200253,34.749131349410796,,,,,,,,,,,7.958958148956299,44,28.306411434744845,55.852195301984636,67.95450828154688,2.1866366863250732,44,28.306411434744845,55.852195301984636,67.95450828154688,207.94403839111328,44,28.306411434744845,55.852195301984636,67.95450828154688,0.11242536455392838,44,28.306411434744845,55.852195301984636,67.95450828154688,1.6910441517829895,44,28.306411434744845,55.852195301984636,67.95450828154688
2024-08-14,27.70870018005371,52,2.0797980279792667,18.649134501336313,22.49864944036456,36.99759292602539,52,2.0797980279792667,18.649134501336313,22.49864944036456,0.11024124175310135,52,2.0797980279792667,18.649134501336313,22.49864944036456,-0.025433631613850594,52,2.0797980279792667,18.649134501336313,22.49864944036456,-0.2829490303993225,13,2.0797980279792667,18.649134501336313,22.49864944036456,0.41500000000000004,128,7.711546198681338,41.21199946489436,55.49704268963926,1.745,624,6.953248491503427,23.546747099200253,34.749131349410796,0.18,624,6.953248491503427,23.546747099200253,34.749131349410796,,,,,,,,,,,7.9554197788238525,44,28.306411434744845,55.852195301984636,67.95450828154688,2.1869641542434692,44,28.306411434744845,55.852195301984636,67.95450828154688,207.41803741455078,44,28.306411434744845,55.852195301984636,67.95450828154688,0.11181054636836052,44,28.306411434744845,55.852195301984636,67.95450828154688,1.692140281200409,44,28.306411434744845,55.852195301984636,67.95450828154688
2024-08-15,27.339741706848145,52,2.0797980279792667,18.649134501336313,22.49864944036456,36.94346809387207,52,2.0797980279792667,18.649134501336313,22.49864944036456,0.24457888305187225,52,2.0797980279792667,18.649134501336313,22.49864944036456,-0.03640498220920563,52,2.0797980279792667,18.649134501336313,22.49864944036456,-0.27155429124832153,13,2.0797980279792667,18.649134501336313,22.49864944036456,0.75,128,7.711546198681338,41.21199946489436,55.49704268963926,2.725,624,6.953248491503427,23.546747099200253,34.749131349410796,-0.51,624,6.953248491503427,23.546747099200253,34.749131349410796,,,,,,,,,,,7.955805778503418,44,28.306411434744845,55.852195301984636,67.95450828154688,2.187682628631592,44,28.306411434744845,55.852195301984636,67.95450828154688,206.94464874267578,44,28.306411434744845,55.852195301984636,67.95450828154688,0.10787026211619377,44,28.306411434744845,55.852195301984636,67.95450828154688,1.6475138664245605,44,28.306411434744845,55.852195301984636,67.95450828154688
2024-08-16,27.238271713256836,52,2.0797980279792667,18.649134501336313,22.49864944036456,36.8471794128418,52,2.0797980279792667,18.649134501336313,22.49864944036456,0.2523672580718994,52,2.0797980279792667,18.649134501336313,22.49864944036456,-0.029097389429807663,52,2.0797980279792667,18.649134501336313,22.49864944036456,-0.28986823558807373,13,2.0797980279792667,18.649134501336313,22.49864944036456,0.64,128,7.711546198681338,41.21199946489436,55.49704268963926,1.36,624,6.953248491503427,23.546747099200253,34.749131349410796,-0.43,624,6.953248491503427,23.546747099200253,34.749131349410796,,,,,,,,,,,7.9586381912231445,44,28.306411434744845,55.852195301984636,67.95450828154688,2.1891924142837524,44,28.306411434744845,55.852195301984636,67.95450828154688,206.1942138671875,44,28.306411434744845,55.852195301984636,67.95450828154688,0.10694320127367973,44,28.306411434744845,55.852195301984636,67.95450828154688,1.648972511291504,44,28.306411434744845,55.852195301984636,67.95450828154688
2024-08-17,27.417677879333496,52,2.0797980279792667,18.649134501336313,22.49864944036456,36.85846138000488,52,2.0797980279792667,18.649134501336313,22.49864944036456,0.19501140713691711,52,2.0797980279792667,18.649134501336313,22.49864944036456,-0.03159316908568144,52,2.0797980279792667,18.649134501336313,22.49864944036456,-0.30312275886535645,13,2.0797980279792667,18.649134501336313,22.49864944036456,0.5,128,7.711546198681338,41.21199946489436,55.49704268963926,1.405,624,6.953248491503427,23.546747099200253,34.749131349410796,-0.9450000000000001,624,6.953248491503427,23.546747099200253,34.749131349410796,,,,,,,,,,,7.959298133850098,44,28.306411434744845,55.852195301984636,67.95450828154688,2.190886974334717,44,28.306411434744845,55.852195301984636,67.95450828154688,205.90727996826172,44,28.306411434744845,55.852195301984636,67.95450828154688,0.10708131268620491,44,28.306411434744845,55.852195301984636,67.95450828154688,1.664121925830841,44,28.306411434744845,55.852195301984636,67.95450828154688
2024-08-18,27.519969940185547,52,2.0797980279792667,18.649134501336313,22.49864944036456,36.83809852600098,52,2.0797980279792667,18.649134501336313,22.49864944036456,0.056693000718951225,52,2.0797980279792667,18.649134501336313,22.49864944036456,0.025712781585752964,52,2.0797980279792667,18.649134501336313,22.49864944036456,-0.32094353437423706,13,2.0797980279792667,18.649134501336313,22.49864944036456,0.34,128,7.711546198681338,41.21199946489436,55.49704268963926,-1.4849999999999999,624,6.953248491503427,23.546747099200253,34.749131349410796,-0.32,624,6.953248491503427,23.546747099200253,34.749131349410796,,,,,,,,,,,7.9586501121521,44,28.306411434744845,55.852195301984636,67.95450828154688,2.191835045814514,44,28.306411434744845,55.852195301984636,67.95450828154688,205.6316680908203,44,28.306411434744845,55.852195301984636,67.95450828154688,0.10779233649373055,44,28.306411434744845,55.852195301984636,67.95450828154688,1.684349536895752,44,28.306411434744845,55.852195301984636,67.95450828154688
2024-08-19,27.44847297668457,52,2.0797980279792667,18.649134501336313,22.49864944036456,36.84561729431152,52,2.0797980279792667,18.649134501336313,22.49864944036456,-0.04636051133275032,52,2.0797980279792667,18.649134501336313,22.49864944036456,0.06475625932216644,52,2.0797980279792667,18.649134501336313,22.49864944036456,-0.31960567831993103,13,2.0797980279792667,18.649134501336313,22.49864944036456,0.605,128,7.711546198681338,41.21199946489436,55.49704268963926,-3.24,624,6.953248491503427,23.546747099200253,34.749131349410796,-1.06,624,6.953248491503427,23.546747099200253,34.749131349410796,,,,,,,,,,,7.958429574966431,44,28.306411434744845,55.852195301984636,67.95450828154688,2.192283034324646,44,28.306411434744845,55.852195301984636,67.95450828154688,205.35047912597656,44,28.306411434744845,55.852195301984636,67.95450828154688,0.10810576379299164,44,28.306411434744845,55.852195301984636,67.95450828154688,1.6937944293022156,44,28.306411434744845,55.852195301984636,67.95450828154688
2024-08-20,27.115517616271973,52,2.0797980279792667,18.649134501336313,22.49864944036456,36.869041442871094,52,2.0797980279792667,18.649134501336313,22.49864944036456,-0.09868685528635979,52,2.0797980279792667,18.649134501336313,22.49864944036456,0.07036472111940384,52,2.0797980279792667,18.649134501336313,22.49864944036456,-0.32137441635131836,13,2.0797980279792667,18.649134501336313,22.49864944036456,0.8200000000000001,128,7.711546198681338,41.21199946489436,55.49704268963926,-3.105,624,6.953248491503427,23.546747099200253,34.749131349410796,-0.725,624,6.953248491503427,23.546747099200253,34.749131349410796,,,,,,,,,,,7.958777666091919,44,28.306411434744845,55.852195301984636,67.95450828154688,2.1925876140594482,44,28.306411434744845,55.852195301984636,67.95450828154688,205.35690307617188,44,28.306411434744845,55.852195301984636,67.95450828154688,0.107771847397089,44,28.306411434744845,55.852195301984636,67.95450828154688,1.69146066904068,44,28.306411434744845,55.852195301984636,67.95450828154688
2024-08-21,26.273435592651367,52,2.0797980279792667,18.649134501336313,22.49864944036456,36.86732292175293,52,2.0797980279792667,18.649134501336313,22.49864944036456,-0.12942150980234146,52,2.0797980279792667,18.649134501336313,22.49864944036456,0.1031232438981533,52,2.0797980279792667,18.649134501336313,22.49864944036456,-0.319352924823761,13,2.0797980279792667,18.649134501336313,22.49864944036456,0.76,128,7.711546198681338,41.21199946489436,55.49704268963926,-3.395,624,6.953248491503427,23.546747099200253,34.749131349410796,-1.185,624,6.953248491503427,23.546747099200253,34.749131349410796,,,,,,,,,,,7.960245609283447,44,28.306411434744845,55.852195301984636,67.95450828154688,2.192770004272461,44,28.306411434744845,55.852195301984636,67.95450828154688,205.8086929321289,44,28.306411434744845,55.852195301984636,67.95450828154688,0.1075575016438961,44,28.306411434744845,55.852195301984636,67.95450828154688,1.6853516101837158,44,28.306411434744845,55.852195301984636,67.95450828154688
2024-08-22,25.873770713806152,52,2.0797980279792667,18.649134501336313,22.49864944036456,36.83824157714844,52,2.0797980279792667,18.649134501336313,22.49864944036456,0.01279918709769845,52,2.0797980279792667,18.649134501336313,22.49864944036456,0.06921064481139183,52,2.0797980279792667,18.649134501336313,22.49864944036456,-0.3109729588031769,13,2.0797980279792667,18.649134501336313,22.49864944036456,0.77,128,7.711546198681338,41.21199946489436,55.49704268963926,-0.965,624,6.953248491503427,23.546747099200253,34.749131349410796,-0.3,624,6.953248491503427,23.546747099200253,34.749131349410796,,,,,,,,,,,7.9622955322265625,44,28.306411434744845,55.852195301984636,67.95450828154688,2.1929508447647095,44,28.306411434744845,55.852195301984636,67.95450828154688,205.731201171875,44,28.306411434744845,55.852195301984636,67.95450828154688,0.10809936746954918,44,28.306411434744845,55.852195301984636,67.95450828154688,1.6889451742172241,44,28.306411434744845,55.852195301984636,67.95450828154688
2024-08-23,26.23228168487549,52,2.0797980279792667,18.649134501336313,22.49864944036456,36.77488899230957,52,2.0797980279792667,18.649134501336313,22.49864944036456,0.11443444713950157,52,2.0797980279792667,18.649134501336313,22.49864944036456,0.004601243766956031,52,2.0797980279792667,18.649134501336313,22.49864944036456,-0.2856307029724121,13,2.0797980279792667,18.649134501336313,22.49864944036456,0.62,128,7.711546198681338,41.21199946489436,55.49704268963926,-0.62,624,6.953248491503427,23.546747099200253,34.749131349410796,-0.49,624,6.953248491503427,23.546747099200253,34.749131349410796,,,,,,,,,,,7.962544202804565,44,28.306411434744845,55.852195301984636,67.95450828154688,2.192414402961731,44,28.306411434744845,55.852195301984636,67.95450828154688,205.24021911621094,44,28.306411434744845,55.852195301984636,67.95450828154688,0.10937723889946938,44,28.306411434744845,55.852195301984636,67.95450828154688,1.706099808216095,44,28.306411434744845,55.852195301984636,67.95450828154688
2024-08-24,26.31880283355713,52,2.0797980279792667,18.649134501336313,22.49864944036456,36.65624237060547,52,2.0797980279792667,18.649134501336313,22.49864944036456,0.15123873203992844,52,2.0797980279792667,18.649134501336313,22.49864944036456,0.012611029669642448,52,2.0797980279792667,18.649134501336313,22.49864944036456,-0.2859862446784973,13,2.0797980279792667,18.649134501336313,22.49864944036456,0.6950000000000001,128,7.711546198681338,41.21199946489436,55.49704268963926,-0.75,624,6.953248491503427,23.546747099200253,34.749131349410796,0.065,624,6.953248491503427,23.546747099200253,34.749131349410796,,,,,,,,,,,7.962660074234009,44,28.306411434744845,55.852195301984636,67.95450828154688,2.1916046142578125,44,28.306411434744845,55.852195301984636,67.95450828154688,205.06417083740234,44,28.306411434744845,55.852195301984636,67.95450828154688,0.11175677552819252,44,28.306411434744845,55.852195301984636,67.95450828154688,1.7380945682525635,44,28.306411434744845,55.852195301984636,67.95450828154688
2024-08-25,26.584969520568848,52,2.0797980279792667,18.649134501336313,22.49864944036456,36.61735725402832,52,2.0797980279792667,18.649134501336313,22.49864944036456,0.13127512484788895,52,2.0797980279792667,18.649134501336313,22.49864944036456,0.031228303909301758,52,2.0797980279792667,18.649134501336313,22.49864944036456,-0.3009549081325531,13,2.0797980279792667,18.649134501336313,22.49864944036456,0.54,128,7.711546198681338,41.21199946489436,55.49704268963926,0.19,624,6.953248491503427,23.546747099200253,34.749131349410796,-1.025,624,6.953248491503427,23.546747099200253,34.749131349410796,,,,,,,,,,,7.962060928344727,44,28.306411434744845,55.852195301984636,67.95450828154688,2.190064787864685,44,28.306411434744845,55.852195301984636,67.95450828154688,205.23741149902344,44,28.306411434744845,55.852195301984636,67.95450828154688,0.11584390699863434,44,28.306411434744845,55.852195301984636,67.95450828154688,1.7792714834213257,44,28.306411434744845,55.852195301984636,67.95450828154688
2024-08-26,26.436251640319824,52,2.0797980279792667,18.649134501336313,22.49864944036456,36.639808654785156,52,2.0797980279792667,18.649134501336313,22.49864944036456,0.08703923225402832,52,2.0797980279792667,18.649134501336313,22.49864944036456,0.04859791323542595,52,2.0797980279792667,18.649134501336313,22.49864944036456,-0.32824039459228516,13,2.0797980279792667,18.649134501336313,22.49864944036456,1.07,128,7.711546198681338,41.21199946489436,55.49704268963926,-3.84,624,6.953248491503427,23.546747099200253,34.749131349410796,-2.495,624,6.953248491503427,23.546747099200253,34.749131349410796,,,,,,,,,,,7.964163303375244,44,28.306411434744845,55.852195301984636,67.95450828154688,2.1876126527786255,44,28.306411434744845,55.852195301984636,67.95450828154688,205.82515716552734,44,28.306411434744845,55.852195301984636,67.95450828154688,0.11919601261615753,44,28.306411434744845,55.852195301984636,67.95450828154688,1.798742413520813,44,28.306411434744845,55.852195301984636,67.95450828154688
2024-08-27,25.906189918518066,52,2.0797980279792667,18.649134501336313,22.49864944036456,36.64460372924805,52,2.0797980279792667,18.649134501336313,22.49864944036456,0.04270180128514767,52,2.0797980279792667,18.649134501336313,22.49864944036456,0.01892200391739607,52,2.0797980279792667,18.649134501336313,22.49864944036456,-0.3510415554046631,13,2.0797980279792667,18.649134501336313,22.49864944036456,0.92,128,7.711546198681338,41.21199946489436,55.49704268963926,-3.2,624,6.953248491503427,23.546747099200253,34.749131349410796,-1.21,624,6.953248491503427,23.546747099200253,34.749131349410796,,,,,,,,,,,7.971976280212402,44,28.306411434744845,55.852195301984636,67.95450828154688,2.186790108680725,44,28.306411434744845,55.852195301984636,67.95450828154688,206.89630126953125,44,28.306411434744845,55.852195301984636,67.95450828154688,0.12262853607535362,44,28.306411434744845,55.852195301984636,67.95450828154688,1.8145619630813599,44,28.306411434744845,55.852195301984636,67.95450828154688
2024-08-28,25.969582557678223,52,2.0797980279792667,18.649134501336313,22.49864944036456,36.723833084106445,52,2.0797980279792667,18.649134501336313,22.49864944036456,0.03204510919749737,52,2.0797980279792667,18.649134501336313,22.49864944036456,0.00553353875875473,52,2.0797980279792667,18.649134501336313,22.49864944036456,-0.3424747586250305,13,2.0797980279792667,18.649134501336313,22.49864944036456,0.8200000000000001,128,7.711546198681338,41.21199946489436,55.49704268963926,-3.33,624,6.953248491503427,23.546747099200253,34.749131349410796,-1.31,624,6.953248491503427,23.546747099200253,34.749131349410796,,,,,,,,,,,7.9806482791900635,44,28.306411434744845,55.852195301984636,67.95450828154688,2.1865686178207397,44,28.306411434744845,55.852195301984636,67.95450828154688,208.52628326416016,44,28.306411434744845,55.852195301984636,67.95450828154688,0.12325244024395943,44,28.306411434744845,55.852195301984636,67.95450828154688,1.8079621195793152,44,28.306411434744845,55.852195301984636,67.95450828154688
2024-08-29,25.79907512664795,52,2.0797980279792667,18.649134501336313,22.49864944036456,36.78742980957031,52,2.0797980279792667,18.649134501336313,22.49864944036456,0.01853342168033123,52,2.0797980279792667,18.649134501336313,22.49864944036456,0.0010769835789687932,52,2.0797980279792667,18.649134501336313,22.49864944036456,-0.3396851718425751,13,2.0797980279792667,18.649134501336313,22.49864944036456,0.97,128,7.711546198681338,41.21199946489436,55.49704268963926,-3.47,624,6.953248491503427,23.546747099200253,34.749131349410796,-1.815,624,6.953248491503427,23.546747099200253,34.749131349410796,,,,,,,,,,,7.987554311752319,44,28.306411434744845,55.852195301984636,67.95450828154688,2.1862891912460327,44,28.306411434744845,55.852195301984636,67.95450828154688,210.1850128173828,44,28.306411434744845,55.852195301984636,67.95450828154688,0.12281347811222076,44,28.306411434744845,55.852195301984636,67.95450828154688,1.7841246724128723,44,28.306411434744845,55.852195301984636,67.95450828154688
2024-08-30,26.59361171722412,52,2.0797980279792667,18.649134501336313,22.49864944036456,36.85772514343262,52,2.0797980279792667,18.649134501336313,22.49864944036456,-0.0019195463974028826,52,2.0797980279792667,18.649134501336313,22.49864944036456,-0.030301728285849094,52,2.0797980279792667,18.649134501336313,22.49864944036456,-0.34642723202705383,13,2.0797980279792667,18.649134501336313,22.49864944036456,0.8200000000000001,128,7.711546198681338,41.21199946489436,55.49704268963926,-2.95,624,6.953248491503427,23.546747099200253,34.749131349410796,-1.1749999999999998,624,6.953248491503427,23.546747099200253,34.749131349410796,,,,,,,,,,,7.9888596534729,44,28.306411434744845,55.852195301984636,67.95450828154688,2.1857705116271973,44,28.306411434744845,55.852195301984636,67.95450828154688,211.27652740478516,44,28.306411434744845,55.852195301984636,67.95450828154688,0.12314379960298538,44,28.306411434744845,55.852195301984636,67.95450828154688,1.7733431458473206,44,28.306411434744845,55.852195301984636,67.95450828154688
2024-08-31,26.985496520996094,52,2.0797980279792667,18.649134501336313,22.49864944036456,36.919511795043945,52,2.0797980279792667,18.649134501336313,22.49864944036456,-0.07893509790301323,52,2.0797980279792667,18.649134501336313,22.49864944036456,-0.022861122153699398,52,2.0797980279792667,18.649134501336313,22.49864944036456,-0.34774747490882874,13,2.0797980279792667,18.649134501336313,22.49864944036456,0.79,128,7.711546198681338,41.21199946489436,55.49704268963926,-3.385,624,6.953248491503427,23.546747099200253,34.749131349410796,-0.395,624,6.953248491503427,23.546747099200253,34.749131349410796,,,,,,,,,,,7.9848082065582275,44,28.306411434744845,55.852195301984636,67.95450828154688,2.185202479362488,44,28.306411434744845,55.852195301984636,67.95450828154688,211.13106536865234,44,28.306411434744845,55.852195301984636,67.95450828154688,0.12450524419546127,44,28.306411434744845,55.852195301984636,67.95450828154688,1.799542486667633,44,28.306411434744845,55.852195301984636,67.95450828154688
2024-09-01,27.229488372802734,52,2.0797980279792667,18.649134501336313,22.49864944036456,37.00381851196289,52,2.0797980279792667,18.649134501336313,22.49864944036456,-0.010711031500250101,52,2.0797980279792667,18.649134501336313,22.49864944036456,-0.06679357215762138,52,2.0797980279792667,18.649134501336313,22.49864944036456,-0.3402666747570038,13,2.0797980279792667,18.649134501336313,22.49864944036456,0.71,128,7.711546198681338,41.21199946489436,55.49704268963926,2.6550000000000002,624,6.953248491503427,23.546747099200253,34.749131349410796,0.035,624,6.953248491503427,23.546747099200253,34.749131349410796,,,,,,,,,,,7.98132586479187,44,28.306411434744845,55.852195301984636,67.95450828154688,2.1846693754196167,44,28.306411434744845,55.852195301984636,67.95450828154688,209.3597869873047,44,28.306411434744845,55.852195301984636,67.95450828154688,0.12303457781672478,44,28.306411434744845,55.852195301984636,67.95450828154688,1.8188803791999817,44,28.306411434744845,55.852195301984636,67.95450828154688
2024-09-02,27.703155517578125,52,2.0797980279792667,18.649134501336313,22.49864944036456,37.11932945251465,52,2.0797980279792667,18.649134501336313,22.49864944036456,0.05855839140713215,52,2.0797980279792667,18.649134501336313,22.49864944036456,-0.028023090213537216,52,2.0797980279792667,18.649134501336313,22.49864944036456,-0.31129345297813416,13,2.0797980279792667,18.649134501336313,22.49864944036456,0.32,128,7.711546198681338,41.21199946489436,55.49704268963926,1.48,624,6.953248491503427,23.546747099200253,34.749131349410796,-0.585,624,6.953248491503427,23.546747099200253,34.749131349410796,,,,,,,,,,,7.975550413131714,44,28.306411434744845,55.852195301984636,67.95450828154688,2.1844433546066284,44,28.306411434744845,55.852195301984636,67.95450828154688,208.303466796875,44,28.306411434744845,55.852195301984636,67.95450828154688,0.12316377460956573,44,28.306411434744845,55.852195301984636,67.95450828154688,1.8568536043167114,44,28.306411434744845,55.852195301984636,67.95450828154688
2024-09-03,27.6641206741333,52,2.0797980279792667,18.649134501336313,22.49864944036456,37.1701717376709,52,2.0797980279792667,18.649134501336313,22.49864944036456,0.10765360668301582,52,2.0797980279792667,18.649134501336313,22.49864944036456,0.0014656283892691135,52,2.0797980279792667,18.649134501336313,22.49864944036456,-0.28891250491142273,13,2.0797980279792667,18.649134501336313,22.49864944036456,0.22,128,7.711546198681338,41.21199946489436,55.49704268963926,-0.97,624,6.953248491503427,23.546747099200253,34.749131349410796,-0.465,624,6.953248491503427,23.546747099200253,34.749131349410796,,,,,,,,,,,7.971619367599487,44,28.306411434744845,55.852195301984636,67.95450828154688,2.1844152212142944,44,28.306411434744845,55.852195301984636,67.95450828154688,208.86870574951172,44,28.306411434744845,55.852195301984636,67.95450828154688,0.12865152209997177,44,28.306411434744845,55.852195301984636,67.95450828154688,1.9275067448616028,44,28.306411434744845,55.852195301984636,67.95450828154688
2024-09-04,27.345104217529297,52,2.0797980279792667,18.649134501336313,22.49864944036456,37.164751052856445,52,2.0797980279792667,18.649134501336313,22.49864944036456,0.1629631370306015,52,2.0797980279792667,18.649134501336313,22.49864944036456,-0.00696677784435451,52,2.0797980279792667,18.649134501336313,22.49864944036456,-0.2732187807559967,13,2.0797980279792667,18.649134501336313,22.49864944036456,0.31,128,7.711546198681338,41.21199946489436,55.49704268963926,0.09,624,6.953248491503427,23.546747099200253,34.749131349410796,-0.575,624,6.953248491503427,23.546747099200253,34.749131349410796,,,,,,,,,,,7.973574161529541,44,28.306411434744845,55.852195301984636,67.95450828154688,2.1831655502319336,44,28.306411434744845,55.852195301984636,67.95450828154688,210.09415435791016,44,28.306411434744845,55.852195301984636,67.95450828154688,0.1367538571357727,44,28.306411434744845,55.852195301984636,67.95450828154688,1.9683064818382263,44,28.306411434744845,55.852195301984636,67.95450828154688
2024-09-05,26.377196311950684,52,2.0797980279792667,18.649134501336313,22.49864944036456,36.96586799621582,52,2.0797980279792667,18.649134501336313,22.49864944036456,0.07665764167904854,52,2.0797980279792667,18.649134501336313,22.49864944036456,0.12402381747961044,52,2.0797980279792667,18.649134501336313,22.49864944036456,-0.282338947057724,13,2.0797980279792667,18.649134501336313,22.49864944036456,0.675,128,7.711546198681338,41.21199946489436,55.49704268963926,-1.96,624,6.953248491503427,23.546747099200253,34.749131349410796,-1.1,624,6.953248491503427,23.546747099200253,34.749131349410796,,,,,,,,,,,7.977003335952759,44,28.306411434744845,55.852195301984636,67.95450828154688,2.17837655544281,44,28.306411434744845,55.852195301984636,67.95450828154688,212.197509765625,44,28.306411434744845,55.852195301984636,67.95450828154688,0.1370178908109665,44,28.306411434744845,55.852195301984636,67.95450828154688,1.9305297136306763,44,28.306411434744845,55.852195301984636,67.95450828154688
2024-09-06,24.348685264587402,52,2.0797980279792667,18.649134501336313,22.49864944036456,36.6478157043457,52,2.0797980279792667,18.649134501336313,22.49864944036456,0.23899158835411072,52,2.0797980279792667,18.649134501336313,22.49864944036456,0.049592236056923866,52,2.0797980279792667,18.649134501336313,22.49864944036456,-0.2788263261318207,13,2.0797980279792667,18.649134501336313,22.49864944036456,0.87,128,7.711546198681338,41.21199946489436,55.49704268963926,0.235,624,6.953248491503427,23.546747099200253,34.749131349410796,1.275,624,6.953248491503427,23.546747099200253,34.749131349410796,,,,,,,,,,,7.9852824211120605,44,28.306411434744845,55.852195301984636,67.95450828154688,2.1743900775909424,44,28.306411434744845,55.852195301984636,67.95450828154688,212.15770721435547,44,28.306411434744845,55.852195301984636,67.95450828154688,0.1383160576224327,44,28.306411434744845,55.852195301984636,67.95450828154688,1.9154465794563293,44,28.306411434744845,55.852195301984636,67.95450828154688
2024-09-07,24.942508697509766,52,2.0797980279792667,18.649134501336313,22.49864944036456,36.615610122680664,52,2.0797980279792667,18.649134501336313,22.49864944036456,0.24819117784500122,52,2.0797980279792667,18.649134501336313,22.49864944036456,0.005477979313582182,52,2.0797980279792667,18.649134501336313,22.49864944036456,-0.2686390280723572,13,2.0797980279792667,18.649134501336313,22.49864944036456,0.385,128,7.711546198681338,41.21199946489436,55.49704268963926,-0.11,624,6.953248491503427,23.546747099200253,34.749131349410796,0.755,624,6.953248491503427,23.546747099200253,34.749131349410796,,,,,,,,,,,7.989115953445435,44,28.306411434744845,55.852195301984636,67.95450828154688,2.1734665632247925,44,28.306411434744845,55.852195301984636,67.95450828154688,213.13681030273438,44,28.306411434744845,55.852195301984636,67.95450828154688,0.14264637976884842,44,28.306411434744845,55.852195301984636,67.95450828154688,1.9502379298210144,44,28.306411434744845,55.852195301984636,67.95450828154688
2024-09-08,25.289913177490234,52,2.0797980279792667,18.649134501336313,22.49864944036456,36.56572914123535,52,2.0797980279792667,18.649134501336313,22.49864944036456,0.26076914370059967,52,2.0797980279792667,18.649134501336313,22.49864944036456,-0.03551697917282581,52,2.0797980279792667,18.649134501336313,22.49864944036456,-0.2468157559633255,13,2.0797980279792667,18.649134501336313,22.49864944036456,0.49,128,7.711546198681338,41.21199946489436,55.49704268963926,0.61,624,6.953248491503427,23.546747099200253,34.749131349410796,0.055,624,6.953248491503427,23.546747099200253,34.749131349410796,,,,,,,,,,,7.986979722976685,44,28.306411434744845,55.852195301984636,67.95450828154688,2.171683192253113,44,28.306411434744845,55.852195301984636,67.95450828154688,212.82657623291016,44,28.306411434744845,55.852195301984636,67.95450828154688,0.13998150080442429,44,28.306411434744845,55.852195301984636,67.95450828154688,1.8865976929664612,44,28.306411434744845,55.852195301984636,67.95450828154688
2024-09-09,25.48841667175293,52,2.0797980279792667,18.649134501336313,22.49864944036456,36.543569564819336,52,2.0797980279792667,18.649134501336313,22.49864944036456,0.2696121782064438,52,2.0797980279792667,18.649134501336313,22.49864944036456,-0.04596974141895771,52,2.0797980279792667,18.649134501336313,22.49864944036456,-0.2375776469707489,13,2.0797980279792667,18.649134501336313,22.49864944036456,0.88,128,7.711546198681338,41.21199946489436,55.49704268963926,2.435,624,6.953248491503427,23.546747099200253,34.749131349410796,0.21,624,6.953248491503427,23.546747099200253,34.749131349410796,,,,,,,,,,,7.988881826400757,44,28.306411434744845,55.852195301984636,67.95450828154688,2.1712554693222046,44,28.306411434744845,55.852195301984636,67.95450828154688,213.12933349609375,44,28.306411434744845,55.852195301984636,67.95450828154688,0.13286574184894562,44,28.306411434744845,55.852195301984636,67.95450828154688,1.8121129870414734,44,28.306411434744845,55.852195301984636,67.95450828154688
2024-09-10,25.769075393676758,52,2.0797980279792667,18.649134501336313,22.49864944036456,36.559566497802734,52,2.0797980279792667,18.649134501336313,22.49864944036456,0.2989266812801361,52,2.0797980279792667,18.649134501336313,22.49864944036456,0.026260352693498135,52,2.0797980279792667,18.649134501336313,22.49864944036456,-0.215998575091362,13,2.0797980279792667,18.649134501336313,22.49864944036456,0.96,128,7.711546198681338,41.21199946489436,55.49704268963926,1.01,624,6.953248491503427,23.546747099200253,34.749131349410796,-0.25,624,6.953248491503427,23.546747099200253,34.749131349410796,,,,,,,,,,,7.989279508590698,44,28.306411434744845,55.852195301984636,67.95450828154688,2.173027515411377,44,28.306411434744845,55.852195301984636,67.95450828154688,212.6542510986328,44,28.306411434744845,55.852195301984636,67.95450828154688,0.1301863119006157,44,28.306411434744845,55.852195301984636,67.95450828154688,1.7784383893013,44,28.306411434744845,55.852195301984636,67.95450828154688
2024-09-11,25.7141056060791,52,2.0797980279792667,18.649134501336313,22.49864944036456,36.54531478881836,52,2.0797980279792667,18.649134501336313,22.49864944036456,0.3114580512046814,52,2.0797980279792667,18.649134501336313,22.49864944036456,0.017018068581819534,52,2.0797980279792667,18.649134501336313,22.49864944036456,-0.19742731750011444,13,2.0797980279792667,18.649134501336313,22.49864944036456,0.8300000000000001,128,7.711546198681338,41.21199946489436,55.49704268963926,0.8200000000000001,624,6.953248491503427,23.546747099200253,34.749131349410796,-0.34500000000000003,624,6.953248491503427,23.546747099200253,34.749131349410796,,,,,,,,,,,7.990408897399902,44,28.306411434744845,55.852195301984636,67.95450828154688,2.172401785850525,44,28.306411434744845,55.852195301984636,67.95450828154688,212.39803314208984,44,28.306411434744845,55.852195301984636,67.95450828154688,0.1310359314084053,44,28.306411434744845,55.852195301984636,67.95450828154688,1.787506341934204,44,28.306411434744845,55.852195301984636,67.95450828154688
2024-09-12,25.564698219299316,52,2.0797980279792667,18.649134501336313,22.49864944036456,36.53728675842285,52,2.0797980279792667,18.649134501336313,22.49864944036456,0.3276577442884445,52,2.0797980279792667,18.649134501336313,22.49864944036456,0.012571956496685743,52,2.0797980279792667,18.649134501336313,22.49864944036456,-0.17969375848770142,13,2.0797980279792667,18.649134501336313,22.49864944036456,0.965,128,7.711546198681338,41.21199946489436,55.49704268963926,3.37,624,6.953248491503427,23.546747099200253,34.749131349410796,0.14500000000000002,624,6.953248491503427,23.546747099200253,34.749131349410796,,,,,,,,,,,7.990966081619263,44,28.306411434744845,55.852195301984636,67.95450828154688,2.1715391874313354,44,28.306411434744845,55.852195301984636,67.95450828154688,212.53156280517578,44,28.306411434744845,55.852195301984636,67.95450828154688,0.12796232104301453,44,28.306411434744845,55.852195301984636,67.95450828154688,1.7467032074928284,44,28.306411434744845,55.852195301984636,67.95450828154688
2024-09-13,25.491103172302246,52,2.0797980279792667,18.649134501336313,22.49864944036456,36.56304359436035,52,2.0797980279792667,18.649134501336313,22.49864944036456,0.17713109403848648,52,2.0797980279792667,18.649134501336313,22.49864944036456,0.027960067614912987,52,2.0797980279792667,18.649134501336313,22.49864944036456,-0.1988430768251419,13,2.0797980279792667,18.649134501336313,22.49864944036456,1.26,128,7.711546198681338,41.21199946489436,55.49704268963926,-3.925,624,6.953248491503427,23.546747099200253,34.749131349410796,-1.83,624,6.953248491503427,23.546747099200253,34.749131349410796,,,,,,,,,,,7.992029905319214,44,28.306411434744845,55.852195301984636,67.95450828154688,2.1712695360183716,44,28.306411434744845,55.852195301984636,67.95450828154688,212.5707550048828,44,28.306411434744845,55.852195301984636,67.95450828154688,0.12247996777296066,44,28.306411434744845,55.852195301984636,67.95450828154688,1.6738138794898987,44,28.306411434744845,55.852195301984636,67.95450828154688
2024-09-14,24.8057804107666,52,2.0797980279792667,18.649134501336313,22.49864944036456,36.57402229309082,52,2.0797980279792667,18.649134501336313,22.49864944036456,-0.20714344084262848,52,2.0797980279792667,18.649134501336313,22.49864944036456,0.023848899640142918,52,2.0797980279792667,18.649134501336313,22.49864944036456,-0.28446680307388306,13,2.0797980279792667,18.649134501336313,22.49864944036456,1.98,128,7.711546198681338,41.21199946489436,55.49704268963926,-6.77,624,6.953248491503427,23.546747099200253,34.749131349410796,-1.87,624,6.953248491503427,23.546747099200253,34.749131349410796,,,,,,,,,,,7.997319459915161,44,28.306411434744845,55.852195301984636,67.95450828154688,2.1694942712783813,44,28.306411434744845,55.852195301984636,67.95450828154688,213.45491790771484,44,28.306411434744845,55.852195301984636,67.95450828154688,0.11807764321565628,44,28.306411434744845,55.852195301984636,67.95450828154688,1.5831114053726196,44,28.306411434744845,55.852195301984636,67.95450828154688
2024-09-15,24.52162456512451,52,2.0797980279792667,18.649134501336313,22.49864944036456,36.61887168884277,52,2.0797980279792667,18.649134501336313,22.49864944036456,-0.3098292797803879,52,2.0797980279792667,18.649134501336313,22.49864944036456,-0.0008831983432173729,52,2.0797980279792667,18.649134501336313,22.49864944036456,-0.32395604252815247,13,2.0797980279792667,18.649134501336313,22.49864944036456,0.9500000000000001,128,7.711546198681338,41.21199946489436,55.49704268963926,-3.5700000000000003,624,6.953248491503427,23.546747099200253,34.749131349410796,-0.085,624,6.953248491503427,23.546747099200253,34.749131349410796,,,,,,,,,,,8.003974914550781,44,28.306411434744845,55.852195301984636,67.95450828154688,2.1675676107406616,44,28.306411434744845,55.852195301984636,67.95450828154688,214.01248168945312,44,28.306411434744845,55.852195301984636,67.95450828154688,0.11721712723374367,44,28.306411434744845,55.852195301984636,67.95450828154688,1.5524938702583313,44,28.306411434744845,55.852195301984636,67.95450828154688
2024-09-16,24.312353134155273,52,2.0797980279792667,18.649134501336313,22.49864944036456,36.673213958740234,52,2.0797980279792667,18.649134501336313,22.49864944036456,-0.34833450615406036,52,2.0797980279792667,18.649134501336313,22.49864944036456,-0.0026483526453375816,52,2.0797980279792667,18.649134501336313,22.49864944036456,-0.3520076274871826,13,2.0797980279792667,18.649134501336313,22.49864944036456,0.7050000000000001,128,7.711546198681338,41.21199946489436,55.49704268963926,-2.4450000000000003,624,6.953248491503427,23.546747099200253,34.749131349410796,-0.545,624,6.953248491503427,23.546747099200253,34.749131349410796,,,,,,,,,,,8.005073547363281,44,28.306411434744845,55.852195301984636,67.95450828154688,2.1686633825302124,44,28.306411434744845,55.852195301984636,67.95450828154688,214.07003784179688,44,28.306411434744845,55.852195301984636,67.95450828154688,0.11595159769058228,44,28.306411434744845,55.852195301984636,67.95450828154688,1.5587471723556519,44,28.306411434744845,55.852195301984636,67.95450828154688
2024-09-17,24.349903106689453,52,2.0797980279792667,18.649134501336313,22.49864944036456,36.696542739868164,52,2.0797980279792667,18.649134501336313,22.49864944036456,-0.422774076461792,52,2.0797980279792667,18.649134501336313,22.49864944036456,0.05675576068460941,52,2.0797980279792667,18.649134501336313,22.49864944036456,-0.3417723476886749,13,2.0797980279792667,18.649134501336313,22.49864944036456,1.1949999999999998,128,7.711546198681338,41.21199946489436,55.49704268963926,-3.9,624,6.953248491503427,23.546747099200253,34.749131349410796,-1.33,624,6.953248491503427,23.546747099200253,34.749131349410796,,,,,,,,,,,8.004157066345215,44,28.306411434744845,55.852195301984636,67.95450828154688,2.171557068824768,44,28.306411434744845,55.852195301984636,67.95450828154688,214.83512115478516,44,28.306411434744845,55.852195301984636,67.95450828154688,0.11572812870144844,44,28.306411434744845,55.852195301984636,67.95450828154688,1.5523899793624878,44,28.306411434744845,55.852195301984636,67.95450828154688
2024-09-18,24.385321617126465,52,2.0797980279792667,18.649134501336313,22.49864944036456,36.72918891906738,52,2.0797980279792667,18.649134501336313,22.49864944036456,-0.48765408992767334,52,2.0797980279792667,18.649134501336313,22.49864944036456,0.0562418382614851,52,2.0797980279792667,18.649134501336313,22.49864944036456,-0.3397522270679474,13,2.0797980279792667,18.649134501336313,22.49864944036456,1.06,128,7.711546198681338,41.21199946489436,55.49704268963926,-4.2,624,6.953248491503427,23.546747099200253,34.749131349410796,-0.9450000000000001,624,6.953248491503427,23.546747099200253,34.749131349410796,,,,,,,,,,,8.002309322357178,44,28.306411434744845,55.852195301984636,67.95450828154688,2.1748913526535034,44,28.306411434744845,55.852195301984636,67.95450828154688,214.99539947509766,44,28.306411434744845,55.852195301984636,67.95450828154688,0.11427810415625572,44,28.306411434744845,55.852195301984636,67.95450828154688,1.5251138806343079,44,28.306411434744845,55.852195301984636,67.95450828154688
2024-09-19,23.54736328125,52,2.0797980279792667,18.649134501336313,22.49864944036456,36.74588203430176,52,2.0797980279792667,18.649134501336313,22.49864944036456,-0.46321840584278107,52,2.0797980279792667,18.649134501336313,22.49864944036456,0.07800915092229843,52,2.0797980279792667,18.649134501336313,22.49864944036456,-0.3457818627357483,13,2.0797980279792667,18.649134501336313,22.49864944036456,1.28,128,7.711546198681338,41.21199946489436,55.49704268963926,-4.484999999999999,624,6.953248491503427,23.546747099200253,34.749131349410796,-0.74,624,6.953248491503427,23.546747099200253,34.749131349410796,,,,,,,,,,,8.003798484802246,44,28.306411434744845,55.852195301984636,67.95450828154688,2.175216317176819,44,28.306411434744845,55.852195301984636,67.95450828154688,215.62061309814453,44,28.306411434744845,55.852195301984636,67.95450828154688,0.11187086626887321,44,28.306411434744845,55.852195301984636,67.95450828154688,1.4751062989234924,44,28.306411434744845,55.852195301984636,67.95450828154688
2024-09-20,23.312999725341797,52,2.0797980279792667,18.649134501336313,22.49864944036456,36.76531982421875,52,2.0797980279792667,18.649134501336313,22.49864944036456,-0.25473861396312714,52,2.0797980279792667,18.649134501336313,22.49864944036456,0.03615863434970379,52,2.0797980279792667,18.649134501336313,22.49864944036456,-0.3170035183429718,13,2.0797980279792667,18.649134501336313,22.49864944036456,0.865,128,7.711546198681338,41.21199946489436,55.49704268963926,-2.2750000000000004,624,6.953248491503427,23.546747099200253,34.749131349410796,0.1,624,6.953248491503427,23.546747099200253,34.749131349410796,,,,,,,,,,,8.002410411834717,44,28.306411434744845,55.852195301984636,67.95450828154688,2.176754593849182,44,28.306411434744845,55.852195301984636,67.95450828154688,216.07394409179688,44,28.306411434744845,55.852195301984636,67.95450828154688,0.11092737317085266,44,28.306411434744845,55.852195301984636,67.95450828154688,1.4640239477157593,44,28.306411434744845,55.852195301984636,67.95450828154688
2024-09-21,23.169145584106445,52,2.0797980279792667,18.649134501336313,22.49864944036456,36.7613639831543,52,2.0797980279792667,18.649134501336313,22.49864944036456,0.07354236766695976,52,2.0797980279792667,18.649134501336313,22.49864944036456,0.04581193998456001,52,2.0797980279792667,18.649134501336313,22.49864944036456,-0.2842533588409424,13,2.0797980279792667,18.649134501336313,22.49864944036456,0.76,128,7.711546198681338,41.21199946489436,55.49704268963926,-0.895,624,6.953248491503427,23.546747099200253,34.749131349410796,0.995,624,6.953248491503427,23.546747099200253,34.749131349410796,,,,,,,,,,,8.001137256622314,44,28.306411434744845,55.852195301984636,67.95450828154688,2.17843234539032,44,28.306411434744845,55.852195301984636,67.95450828154688,215.83814239501953,44,28.306411434744845,55.852195301984636,67.95450828154688,0.11037060990929604,44,28.306411434744845,55.852195301984636,67.95450828154688,1.4572670459747314,44,28.306411434744845,55.852195301984636,67.95450828154688
2024-09-22,22.919893264770508,52,2.0797980279792667,18.649134501336313,22.49864944036456,36.7203254699707,52,2.0797980279792667,18.649134501336313,22.49864944036456,0.2787802219390869,52,2.0797980279792667,18.649134501336313,22.49864944036456,0.06359581649303436,52,2.0797980279792667,18.649134501336313,22.49864944036456,-0.2636842727661133,13,2.0797980279792667,18.649134501336313,22.49864944036456,0.5700000000000001,128,7.711546198681338,41.21199946489436,55.49704268963926,1.7850000000000001,624,6.953248491503427,23.546747099200253,34.749131349410796,0.915,624,6.953248491503427,23.546747099200253,34.749131349410796,,,,,,,,,,,7.999272346496582,44,28.306411434744845,55.852195301984636,67.95450828154688,2.1811262369155884,44,28.306411434744845,55.852195301984636,67.95450828154688,215.4849624633789,44,28.306411434744845,55.852195301984636,67.95450828154688,0.1139487735927105,44,28.306411434744845,55.852195301984636,67.95450828154688,1.4664520621299744,44,28.306411434744845,55.852195301984636,67.95450828154688
2024-09-23,23.362374305725098,52,2.0797980279792667,18.649134501336313,22.49864944036456,36.676918029785156,52,2.0797980279792667,18.649134501336313,22.49864944036456,0.4163663685321808,52,2.0797980279792667,18.649134501336313,22.49864944036456,-0.05765717104077339,52,2.0797980279792667,18.649134501336313,22.49864944036456,-0.24122270941734314,13,2.0797980279792667,18.649134501336313,22.49864944036456,0.595,128,7.711546198681338,41.21199946489436,55.49704268963926,2.61,624,6.953248491503427,23.546747099200253,34.749131349410796,0.8250000000000001,624,6.953248491503427,23.546747099200253,34.749131349410796,,,,,,,,,,,7.998784780502319,44,28.306411434744845,55.852195301984636,67.95450828154688,2.182507276535034,44,28.306411434744845,55.852195301984636,67.95450828154688,215.43506622314453,44,28.306411434744845,55.852195301984636,67.95450828154688,0.11658712476491928,44,28.306411434744845,55.852195301984636,67.95450828154688,1.4904043078422546,44,28.306411434744845,55.852195301984636,67.95450828154688
2024-09-24,23.319605827331543,52,2.0797980279792667,18.649134501336313,22.49864944036456,36.689762115478516,52,2.0797980279792667,18.649134501336313,22.49864944036456,0.4464929550886154,52,2.0797980279792667,18.649134501336313,22.49864944036456,-0.044798754155635834,52,2.0797980279792667,18.649134501336313,22.49864944036456,-0.202959343791008,13,2.0797980279792667,18.649134501336313,22.49864944036456,0.61,128,7.711546198681338,41.21199946489436,55.49704268963926,1.8250000000000002,624,6.953248491503427,23.546747099200253,34.749131349410796,1.0550000000000002,624,6.953248491503427,23.546747099200253,34.749131349410796,,,,,,,,,,,7.999007225036621,44,28.306411434744845,55.852195301984636,67.95450828154688,2.1864142417907715,44,28.306411434744845,55.852195301984636,67.95450828154688,214.03141021728516,44,28.306411434744845,55.852195301984636,67.95450828154688,0.11624136194586754,44,28.306411434744845,55.852195301984636,67.95450828154688,1.5011388659477234,44,28.306411434744845,55.852195301984636,67.95450828154688
2024-09-25,23.41692066192627,52,2.0797980279792667,18.649134501336313,22.49864944036456,36.72549247741699,52,2.0797980279792667,18.649134501336313,22.49864944036456,0.4774724692106247,52,2.0797980279792667,18.649134501336313,22.49864944036456,-0.031144133768975735,52,2.0797980279792667,18.649134501336313,22.49864944036456,-0.1760818064212799,13,2.0797980279792667,18.649134501336313,22.49864944036456,0.8150000000000001,128,7.711546198681338,41.21199946489436,55.49704268963926,2.705,624,6.953248491503427,23.546747099200253,34.749131349410796,0.765,624,6.953248491503427,23.546747099200253,34.749131349410796,,,,,,,,,,,8.001684188842773,44,28.306411434744845,55.852195301984636,67.95450828154688,2.1844818592071533,44,28.306411434744845,55.852195301984636,67.95450828154688,215.40643310546875,44,28.306411434744845,55.852195301984636,67.95450828154688,0.1167609915137291,44,28.306411434744845,55.852195301984636,67.95450828154688,1.4959454536437988,44,28.306411434744845,55.852195301984636,67.95450828154688
2024-09-26,24.04714298248291,52,2.0797980279792667,18.649134501336313,22.49864944036456,36.79269599914551,52,2.0797980279792667,18.649134501336313,22.49864944036456,0.4272625297307968,52,2.0797980279792667,18.649134501336313,22.49864944036456,-0.02312142588198185,52,2.0797980279792667,18.649134501336313,22.49864944036456,-0.16523657739162445,13,2.0797980279792667,18.649134501336313,22.49864944036456,0.765,128,7.711546198681338,41.21199946489436,55.49704268963926,0.84,624,6.953248491503427,23.546747099200253,34.749131349410796,1.23,624,6.953248491503427,23.546747099200253,34.749131349410796,,,,,,,,,,,8.005086421966553,44,28.306411434744845,55.852195301984636,67.95450828154688,2.183504104614258,44,28.306411434744845,55.852195301984636,67.95450828154688,215.96703338623047,44,28.306411434744845,55.852195301984636,67.95450828154688,0.11967035382986069,44,28.306411434744845,55.852195301984636,67.95450828154688,1.464894950389862,44,28.306411434744845,55.852195301984636,67.95450828154688
2024-09-27,23.976506233215332,52,2.0797980279792667,18.649134501336313,22.49864944036456,36.77656555175781,52,2.0797980279792667,18.649134501336313,22.49864944036456,0.3816543072462082,52,2.0797980279792667,18.649134501336313,22.49864944036456,-0.001035148510709405,52,2.0797980279792667,18.649134501336313,22.49864944036456,-0.15472787618637085,13,2.0797980279792667,18.649134501336313,22.49864944036456,1.2650000000000001,128,7.711546198681338,41.21199946489436,55.49704268963926,3.875,624,6.953248491503427,23.546747099200253,34.749131349410796,0.335,624,6.953248491503427,23.546747099200253,34.749131349410796,,,,,,,,,,,8.008528709411621,44,28.306411434744845,55.852195301984636,67.95450828154688,2.177543520927429,44,28.306411434744845,55.852195301984636,67.95450828154688,216.81272888183594,44,28.306411434744845,55.852195301984636,67.95450828154688,0.11677097901701927,44,28.306411434744845,55.852195301984636,67.95450828154688,1.3787673711776733,44,28.306411434744845,55.852195301984636,67.95450828154688
2024-09-28,23.402029991149902,52,2.0797980279792667,18.649134501336313,22.49864944036456,36.64229393005371,52,2.0797980279792667,18.649134501336313,22.49864944036456,0.3200686573982239,52,2.0797980279792667,18.649134501336313,22.49864944036456,0.06948969885706902,52,2.0797980279792667,18.649134501336313,22.49864944036456,-0.1639309674501419,13,2.0797980279792667,18.649134501336313,22.49864944036456,1.1350000000000002,128,7.711546198681338,41.21199946489436,55.49704268963926,-0.32,624,6.953248491503427,23.546747099200253,34.749131349410796,-1.58,624,6.953248491503427,23.546747099200253,34.749131349410796,,,,,,,,,,,8.009856700897217,44,28.306411434744845,55.852195301984636,67.95450828154688,2.171449899673462,44,28.306411434744845,55.852195301984636,67.95450828154688,217.13548278808594,44,28.306411434744845,55.852195301984636,67.95450828154688,0.11369401961565018,44,28.306411434744845,55.852195301984636,67.95450828154688,1.2880860567092896,44,28.306411434744845,55.852195301984636,67.95450828154688
2024-09-29,23.178837776184082,52,2.0797980279792667,18.649134501336313,22.49864944036456,36.62884712219238,52,2.0797980279792667,18.649134501336313,22.49864944036456,0.19162793457508087,52,2.0797980279792667,18.649134501336313,22.49864944036456,0.1363077312707901,52,2.0797980279792667,18.649134501336313,22.49864944036456,-0.21605315804481506,13,2.0797980279792667,18.649134501336313,22.49864944036456,1.4449999999999998,128,7.711546198681338,41.21199946489436,55.49704268963926,-5.045,624,6.953248491503427,23.546747099200253,34.749131349410796,-0.89,624,6.953248491503427,23.546747099200253,34.749131349410796,,,,,,,,,,,8.012619018554688,44,28.306411434744845,55.852195301984636,67.95450828154688,2.167075037956238,44,28.306411434744845,55.852195301984636,67.95450828154688,217.57386016845703,44,28.306411434744845,55.852195301984636,67.95450828154688,0.11360715702176094,44,28.306411434744845,55.852195301984636,67.95450828154688,1.2197467684745789,44,28.306411434744845,55.852195301984636,67.95450828154688
2024-09-30,23.231792449951172,52,2.0797980279792667,18.649134501336313,22.49864944036456,36.6048641204834,52,2.0797980279792667,18.649134501336313,22.49864944036456,0.036277858540415764,52,2.0797980279792667,18.649134501336313,22.49864944036456,0.08105259761214256,52,2.0797980279792667,18.649134501336313,22.49864944036456,-0.25821688771247864,13,2.0797980279792667,18.649134501336313,22.49864944036456,0.96,128,7.711546198681338,41.21199946489436,55.49704268963926,-2.245,624,6.953248491503427,23.546747099200253,34.749131349410796,-0.98,624,6.953248491503427,23.546747099200253,34.749131349410796,,,,,,,,,,,8.015063285827637,44,28.306411434744845,55.852195301984636,67.95450828154688,2.1639539003372192,44,28.306411434744845,55.852195301984636,67.95450828154688,217.66244506835938,44,28.306411434744845,55.852195301984636,67.95450828154688,0.11389664188027382,44,28.306411434744845,55.852195301984636,67.95450828154688,1.2142216563224792,44,28.306411434744845,55.852195301984636,67.95450828154688
2024-10-01,23.494988441467285,52,2.0797980279792667,18.649134501336313,22.49864944036456,36.595327377319336,52,2.0797980279792667,18.649134501336313,22.49864944036456,0.030934219248592854,52,2.0797980279792667,18.649134501336313,22.49864944036456,0.058217376470565796,52,2.0797980279792667,18.649134501336313,22.49864944036456,-0.2759370505809784,13,2.0797980279792667,18.649134501336313,22.49864944036456,0.49,128,7.711546198681338,41.21199946489436,55.49704268963926,-0.06,624,6.953248491503427,23.546747099200253,34.749131349410796,-0.49,624,6.953248491503427,23.546747099200253,34.749131349410796,,,,,,,,,,,8.01468276977539,44,28.306411434744845,55.852195301984636,67.95450828154688,2.1642401218414307,44,28.306411434744845,55.852195301984636,67.95450828154688,217.60189056396484,44,28.306411434744845,55.852195301984636,67.95450828154688,0.11390263587236404,44,28.306411434744845,55.852195301984636,67.95450828154688,1.2331705689430237,44,28.306411434744845,55.852195301984636,67.95450828154688
2024-10-02,23.57646369934082,52,2.0797980279792667,18.649134501336313,22.49864944036456,36.607112884521484,52,2.0797980279792667,18.649134501336313,22.49864944036456,0.09859651327133179,52,2.0797980279792667,18.649134501336313,22.49864944036456,-0.001970528333913535,52,2.0797980279792667,18.649134501336313,22.49864944036456,-0.26755693554878235,13,2.0797980279792667,18.649134501336313,22.49864944036456,0.395,128,7.711546198681338,41.21199946489436,55.49704268963926,2.0549999999999997,624,6.953248491503427,23.546747099200253,34.749131349410796,0.535,624,6.953248491503427,23.546747099200253,34.749131349410796,,,,,,,,,,,8.014796733856201,44,28.306411434744845,55.852195301984636,67.95450828154688,2.166481375694275,44,28.306411434744845,55.852195301984636,67.95450828154688,217.1651611328125,44,28.306411434744845,55.852195301984636,67.95450828154688,0.11459366604685783,44,28.306411434744845,55.852195301984636,67.95450828154688,1.2503499388694763,44,28.306411434744845,55.852195301984636,67.95450828154688
2024-10-03,23.42953395843506,52,2.0797980279792667,18.649134501336313,22.49864944036456,36.58785820007324,52,2.0797980279792667,18.649134501336313,22.49864944036456,0.17315727472305298,52,2.0797980279792667,18.649134501336313,22.49864944036456,0.0039382255636155605,52,2.0797980279792667,18.649134501336313,22.49864944036456,-0.23553621768951416,13,2.0797980279792667,18.649134501336313,22.49864944036456,1.52,128,7.711546198681338,41.21199946489436,55.49704268963926,2.515,624,6.953248491503427,23.546747099200253,34.749131349410796,0.32,624,6.953248491503427,23.546747099200253,34.749131349410796,,,,,,,,,,,8.016913890838623,44,28.306411434744845,55.852195301984636,67.95450828154688,2.1656261682510376,44,28.306411434744845,55.852195301984636,67.95450828154688,217.35301971435547,44,28.306411434744845,55.852195301984636,67.95450828154688,0.11432057246565819,44,28.306411434744845,55.852195301984636,67.95450828154688,1.228507399559021,44,28.306411434744845,55.852195301984636,67.95450828154688
2024-10-04,23.4218111038208,52,2.0797980279792667,18.649134501336313,22.49864944036456,36.58793067932129,52,2.0797980279792667,18.649134501336313,22.49864944036456,0.2083595171570778,52,2.0797980279792667,18.649134501336313,22.49864944036456,-0.01006035041064024,52,2.0797980279792667,18.649134501336313,22.49864944036456,-0.2337498813867569,13,2.0797980279792667,18.649134501336313,22.49864944036456,1.04,128,7.711546198681338,41.21199946489436,55.49704268963926,1.295,624,6.953248491503427,23.546747099200253,34.749131349410796,0.23,624,6.953248491503427,23.546747099200253,34.749131349410796,,,,,,,,,,,8.019568920135498,44,28.306411434744845,55.852195301984636,67.95450828154688,2.1641268730163574,44,28.306411434744845,55.852195301984636,67.95450828154688,217.97061920166016,44,28.306411434744845,55.852195301984636,67.95450828154688,0.11627979949116707,44,28.306411434744845,55.852195301984636,67.95450828154688,1.2249162793159485,44,28.306411434744845,55.852195301984636,67.95450828154688
2024-10-05,23.466530799865723,52,2.0797980279792667,18.649134501336313,22.49864944036456,36.617610931396484,52,2.0797980279792667,18.649134501336313,22.49864944036456,0.20902474224567413,52,2.0797980279792667,18.649134501336313,22.49864944036456,0.007370568346232176,52,2.0797980279792667,18.649134501336313,22.49864944036456,-0.21806825697422028,13,2.0797980279792667,18.649134501336313,22.49864944036456,0.76,128,7.711546198681338,41.21199946489436,55.49704268963926,-0.255,624,6.953248491503427,23.546747099200253,34.749131349410796,0.295,624,6.953248491503427,23.546747099200253,34.749131349410796,,,,,,,,,,,8.021286964416504,44,28.306411434744845,55.852195301984636,67.95450828154688,2.1648824214935303,44,28.306411434744845,55.852195301984636,67.95450828154688,218.3683319091797,44,28.306411434744845,55.852195301984636,67.95450828154688,0.11764435097575188,44,28.306411434744845,55.852195301984636,67.95450828154688,1.2485764622688293,44,28.306411434744845,55.852195301984636,67.95450828154688
2024-10-06,23.45521640777588,52,2.0797980279792667,18.649134501336313,22.49864944036456,36.62396049499512,52,2.0797980279792667,18.649134501336313,22.49864944036456,0.24091093987226486,52,2.0797980279792667,18.649134501336313,22.49864944036456,-0.022536883130669594,52,2.0797980279792667,18.649134501336313,22.49864944036456,-0.2079761028289795,13,2.0797980279792667,18.649134501336313,22.49864944036456,0.505,128,7.711546198681338,41.21199946489436,55.49704268963926,0.625,624,6.953248491503427,23.546747099200253,34.749131349410796,1.01,624,6.953248491503427,23.546747099200253,34.749131349410796,,,,,,,,,,,8.022224426269531,44,28.306411434744845,55.852195301984636,67.95450828154688,2.1648722887039185,44,28.306411434744845,55.852195301984636,67.95450828154688,218.57611083984375,44,28.306411434744845,55.852195301984636,67.95450828154688,0.11915994063019753,44,28.306411434744845,55.852195301984636,67.95450828154688,1.2846869826316833,44,28.306411434744845,55.852195301984636,67.95450828154688
2024-10-07,23.55343532562256,52,2.0797980279792667,18.649134501336313,22.49864944036456,36.59999084472656,52,2.0797980279792667,18.649134501336313,22.49864944036456,0.19663112610578537,52,2.0797980279792667,18.649134501336313,22.49864944036456,-0.012691352050751448,52,2.0797980279792667,18.649134501336313,22.49864944036456,-0.20453712344169617,13,2.0797980279792667,18.649134501336313,22.49864944036456,0.38,128,7.711546198681338,41.21199946489436,55.49704268963926,-0.805,624,6.953248491503427,23.546747099200253,34.749131349410796,2.2750000000000004,624,6.953248491503427,23.546747099200253,34.749131349410796,,,,,,,,,,,8.021947383880615,44,28.306411434744845,55.852195301984636,67.95450828154688,2.164894223213196,44,28.306411434744845,55.852195301984636,67.95450828154688,218.41786193847656,44,28.306411434744845,55.852195301984636,67.95450828154688,0.11793998256325722,44,28.306411434744845,55.852195301984636,67.95450828154688,1.26870995759964,44,28.306411434744845,55.852195301984636,67.95450828154688
2024-10-08,23.55048370361328,52,2.0797980279792667,18.649134501336313,22.49864944036456,36.58363342285156,52,2.0797980279792667,18.649134501336313,22.49864944036456,0.08705741912126541,52,2.0797980279792667,18.649134501336313,22.49864944036456,-0.0652037002146244,52,2.0797980279792667,18.649134501336313,22.49864944036456,-0.1858065277338028,13,2.0797980279792667,18.649134501336313,22.49864944036456,1.1300000000000001,128,7.711546198681338,41.21199946489436,55.49704268963926,3.925,624,6.953248491503427,23.546747099200253,34.749131349410796,0.73,624,6.953248491503427,23.546747099200253,34.749131349410796,,,,,,,,,,,8.022277355194092,44,28.306411434744845,55.852195301984636,67.95450828154688,2.1649140119552612,44,28.306411434744845,55.852195301984636,67.95450828154688,219.08860778808594,44,28.306411434744845,55.852195301984636,67.95450828154688,0.11753074079751968,44,28.306411434744845,55.852195301984636,67.95450828154688,1.213174819946289,44,28.306411434744845,55.852195301984636,67.95450828154688
2024-10-09,23.712788581848145,52,2.0797980279792667,18.649134501336313,22.49864944036456,36.577871322631836,52,2.0797980279792667,18.649134501336313,22.49864944036456,0.029974491335451603,52,2.0797980279792667,18.649134501336313,22.49864944036456,-0.004069933667778969,52,2.0797980279792667,18.649134501336313,22.49864944036456,-0.1773456335067749,13,2.0797980279792667,18.649134501336313,22.49864944036456,0.975,128,7.711546198681338,41.21199946489436,55.49704268963926,0.765,624,6.953248491503427,23.546747099200253,34.749131349410796,1.1150000000000002,624,6.953248491503427,23.546747099200253,34.749131349410796,,,,,,,,,,,8.022613048553467,44,28.306411434744845,55.852195301984636,67.95450828154688,2.1652727127075195,44,28.306411434744845,55.852195301984636,67.95450828154688,219.30571746826172,44,28.306411434744845,55.852195301984636,67.95450828154688,0.12048972398042679,44,28.306411434744845,55.852195301984636,67.95450828154688,1.2032099962234497,44,28.306411434744845,55.852195301984636,67.95450828154688
2024-10-10,23.64970588684082,52,2.0797980279792667,18.649134501336313,22.49864944036456,36.584678649902344,52,2.0797980279792667,18.649134501336313,22.49864944036456,0.16798128932714462,52,2.0797980279792667,18.649134501336313,22.49864944036456,0.018219176679849625,52,2.0797980279792667,18.649134501336313,22.49864944036456,-0.14605934917926788,13,2.0797980279792667,18.649134501336313,22.49864944036456,1.68,128,7.711546198681338,41.21199946489436,55.49704268963926,5.235,624,6.953248491503427,23.546747099200253,34.749131349410796,0.33499999999999996,624,6.953248491503427,23.546747099200253,34.749131349410796,,,,,,,,,,,8.02314043045044,44,28.306411434744845,55.852195301984636,67.95450828154688,2.1663951873779297,44,28.306411434744845,55.852195301984636,67.95450828154688,219.21717071533203,44,28.306411434744845,55.852195301984636,67.95450828154688,0.12152192741632462,44,28.306411434744845,55.852195301984636,67.95450828154688,1.1800398230552673,44,28.306411434744845,55.852195301984636,67.95450828154688
2024-10-11,23.644540786743164,52,2.0797980279792667,18.649134501336313,22.49864944036456,36.59475898742676,52,2.0797980279792667,18.649134501336313,22.49864944036456,0.16477465629577637,52,2.0797980279792667,18.649134501336313,22.49864944036456,0.018178402446210384,52,2.0797980279792667,18.649134501336313,22.49864944036456,-0.14868693053722382,13,2.0797980279792667,18.649134501336313,22.49864944036456,0.675,128,7.711546198681338,41.21199946489436,55.49704268963926,0.64,624,6.953248491503427,23.546747099200253,34.749131349410796,0.135,624,6.953248491503427,23.546747099200253,34.749131349410796,,,,,,,,,,,8.024428844451904,44,28.306411434744845,55.852195301984636,67.95450828154688,2.167581796646118,44,28.306411434744845,55.852195301984636,67.95450828154688,219.58729553222656,44,28.306411434744845,55.852195301984636,67.95450828154688,0.12350228428840637,44,28.306411434744845,55.852195301984636,67.95450828154688,1.1659733653068542,44,28.306411434744845,55.852195301984636,67.95450828154688
2024-10-12,23.620779037475586,52,2.0797980279792667,18.649134501336313,22.49864944036456,36.596418380737305,52,2.0797980279792667,18.649134501336313,22.49864944036456,-0.04939150996506214,52,2.0797980279792667,18.649134501336313,22.49864944036456,0.010024486109614372,52,2.0797980279792667,18.649134501336313,22.49864944036456,-0.15234602987766266,13,2.0797980279792667,18.649134501336313,22.49864944036456,0.4,128,7.711546198681338,41.21199946489436,55.49704268963926,-1.6,624,6.953248491503427,23.546747099200253,34.749131349410796,0.005,624,6.953248491503427,23.546747099200253,34.749131349410796,,,,,,,,,,,8.025142192840576,44,28.306411434744845,55.852195301984636,67.95450828154688,2.1686272621154785,44,28.306411434744845,55.852195301984636,67.95450828154688,219.51162719726562,44,28.306411434744845,55.852195301984636,67.95450828154688,0.12176016345620155,44,28.306411434744845,55.852195301984636,67.95450828154688,1.1714949011802673,44,28.306411434744845,55.852195301984636,67.95450828154688
2024-10-13,23.6633243560791,52,2.0797980279792667,18.649134501336313,22.49864944036456,36.60700607299805,52,2.0797980279792667,18.649134501336313,22.49864944036456,-0.1958659067749977,52,2.0797980279792667,18.649134501336313,22.49864944036456,0.023540162481367588,52,2.0797980279792667,18.649134501336313,22.49864944036456,-0.1656627357006073,13,2.0797980279792667,18.649134501336313,22.49864944036456,0.685,128,7.711546198681338,41.21199946489436,55.49704268963926,-1.645,624,6.953248491503427,23.546747099200253,34.749131349410796,1.41,624,6.953248491503427,23.546747099200253,34.749131349410796,,,,,,,,,,,8.025078773498535,44,28.306411434744845,55.852195301984636,67.95450828154688,2.1686792373657227,44,28.306411434744845,55.852195301984636,67.95450828154688,219.46807098388672,44,28.306411434744845,55.852195301984636,67.95450828154688,0.12343086674809456,44,28.306411434744845,55.852195301984636,67.95450828154688,1.179867923259735,44,28.306411434744845,55.852195301984636,67.95450828154688
2024-10-14,23.630273818969727,52,2.0797980279792667,18.649134501336313,22.49864944036456,36.618690490722656,52,2.0797980279792667,18.649134501336313,22.49864944036456,-0.3028867840766907,52,2.0797980279792667,18.649134501336313,22.49864944036456,0.019075862132012844,52,2.0797980279792667,18.649134501336313,22.49864944036456,-0.1820504069328308,13,2.0797980279792667,18.649134501336313,22.49864944036456,0.515,128,7.711546198681338,41.21199946489436,55.49704268963926,-1.18,624,6.953248491503427,23.546747099200253,34.749131349410796,2.73,624,6.953248491503427,23.546747099200253,34.749131349410796,,,,,,,,,,,8.02405309677124,44,28.306411434744845,55.852195301984636,67.95450828154688,2.168458580970764,44,28.306411434744845,55.852195301984636,67.95450828154688,219.2560806274414,44,28.306411434744845,55.852195301984636,67.95450828154688,0.12299700826406479,44,28.306411434744845,55.852195301984636,67.95450828154688,1.1934837698936462,44,28.306411434744845,55.852195301984636,67.95450828154688
2024-10-15,23.458980560302734,52,2.0797980279792667,18.649134501336313,22.49864944036456,36.61564254760742,52,2.0797980279792667,18.649134501336313,22.49864944036456,-0.3342951536178589,52,2.0797980279792667,18.649134501336313,22.49864944036456,0.02238420583307743,52,2.0797980279792667,18.649134501336313,22.49864944036456,-0.18357080221176147,13,2.0797980279792667,18.649134501336313,22.49864944036456,0.495,128,7.711546198681338,41.21199946489436,55.49704268963926,-0.785,624,6.953248491503427,23.546747099200253,34.749131349410796,3.64,624,6.953248491503427,23.546747099200253,34.749131349410796,,,,,,,,,,,8.023834705352783,44,28.306411434744845,55.852195301984636,67.95450828154688,2.1689953804016113,44,28.306411434744845,55.852195301984636,67.95450828154688,219.20986938476562,44,28.306411434744845,55.852195301984636,67.95450828154688,0.12009889259934425,44,28.306411434744845,55.852195301984636,67.95450828154688,1.1573190093040466,44,28.306411434744845,55.852195301984636,67.95450828154688
2024-10-16,23.41404151916504,52,2.0797980279792667,18.649134501336313,22.49864944036456,36.6165771484375,52,2.0797980279792667,18.649134501336313,22.49864944036456,-0.3408270329236984,52,2.0797980279792667,18.649134501336313,22.49864944036456,-0.009105491451919079,52,2.0797980279792667,18.649134501336313,22.49864944036456,-0.16748200356960297,13,2.0797980279792667,18.649134501336313,22.49864944036456,0.375,128,7.711546198681338,41.21199946489436,55.49704268963926,0.175,624,6.953248491503427,23.546747099200253,34.749131349410796,2.1,624,6.953248491503427,23.546747099200253,34.749131349410796,,,,,,,,,,,8.024898052215576,44,28.306411434744845,55.852195301984636,67.95450828154688,2.1692278385162354,44,28.306411434744845,55.852195301984636,67.95450828154688,219.0814971923828,44,28.306411434744845,55.852195301984636,67.95450828154688,0.12112098932266235,44,28.306411434744845,55.852195301984636,67.95450828154688,1.1502167582511902,44,28.306411434744845,55.852195301984636,67.95450828154688
2024-10-17,23.39351177215576,52,2.0797980279792667,18.649134501336313,22.49864944036456,36.64061164855957,52,2.0797980279792667,18.649134501336313,22.49864944036456,-0.21753031015396118,52,2.0797980279792667,18.649134501336313,22.49864944036456,-0.032927997410297394,52,2.0797980279792667,18.649134501336313,22.49864944036456,-0.1319013386964798,13,2.0797980279792667,18.649134501336313,22.49864944036456,1.13,128,7.711546198681338,41.21199946489436,55.49704268963926,4.545,624,6.953248491503427,23.546747099200253,34.749131349410796,0.99,624,6.953248491503427,23.546747099200253,34.749131349410796,,,,,,,,,,,8.02547836303711,44,28.306411434744845,55.852195301984636,67.95450828154688,2.1705204248428345,44,28.306411434744845,55.852195301984636,67.95450828154688,219.1416778564453,44,28.306411434744845,55.852195301984636,67.95450828154688,0.11875424534082413,44,28.306411434744845,55.852195301984636,67.95450828154688,1.1267242431640625,44,28.306411434744845,55.852195301984636,67.95450828154688
2024-10-18,23.25380516052246,52,2.0797980279792667,18.649134501336313,22.49864944036456,36.658809661865234,52,2.0797980279792667,18.649134501336313,22.49864944036456,-0.045422596856951714,52,2.0797980279792667,18.649134501336313,22.49864944036456,0.004999382887035608,52,2.0797980279792667,18.649134501336313,22.49864944036456,-0.112896628677845,13,2.0797980279792667,18.649134501336313,22.49864944036456,1.42,128,7.711546198681338,41.21199946489436,55.49704268963926,5.245,624,6.953248491503427,23.546747099200253,34.749131349410796,-0.095,624,6.953248491503427,23.546747099200253,34.749131349410796,,,,,,,,,,,8.028144836425781,44,28.306411434744845,55.852195301984636,67.95450828154688,2.1724194288253784,44,28.306411434744845,55.852195301984636,67.95450828154688,219.72728729248047,44,28.306411434744845,55.852195301984636,67.95450828154688,0.12019393593072891,44,28.306411434744845,55.852195301984636,67.95450828154688,1.104275405406952,44,28.306411434744845,55.852195301984636,67.95450828154688
2024-10-19,23.03538417816162,52,2.0797980279792667,18.649134501336313,22.49864944036456,36.66139221191406,52,2.0797980279792667,18.649134501336313,22.49864944036456,-0.02127668261528015,52,2.0797980279792667,18.649134501336313,22.49864944036456,0.009116309229284525,52,2.0797980279792667,18.649134501336313,22.49864944036456,-0.14593446254730225,13,2.0797980279792667,18.649134501336313,22.49864944036456,0.92,128,7.711546198681338,41.21199946489436,55.49704268963926,3.86,624,6.953248491503427,23.546747099200253,34.749131349410796,-0.885,624,6.953248491503427,23.546747099200253,34.749131349410796,,,,,,,,,,,8.031882762908936,44,28.306411434744845,55.852195301984636,67.95450828154688,2.1731282472610474,44,28.306411434744845,55.852195301984636,67.95450828154688,220.00879669189453,44,28.306411434744845,55.852195301984636,67.95450828154688,0.12105407938361168,44,28.306411434744845,55.852195301984636,67.95450828154688,1.0981091260910034,44,28.306411434744845,55.852195301984636,67.95450828154688
2024-10-20,22.898025512695312,52,2.0797980279792667,18.649134501336313,22.49864944036456,36.66474151611328,52,2.0797980279792667,18.649134501336313,22.49864944036456,0.020782219246029854,52,2.0797980279792667,18.649134501336313,22.49864944036456,-0.0076862722635269165,52,2.0797980279792667,18.649134501336313,22.49864944036456,-0.154185488820076,13,2.0797980279792667,18.649134501336313,22.49864944036456,0.66,128,7.711546198681338,41.21199946489436,55.49704268963926,1.54,624,6.953248491503427,23.546747099200253,34.749131349410796,-0.33,624,6.953248491503427,23.546747099200253,34.749131349410796,,,,,,,,,,,8.03334093093872,44,28.306411434744845,55.852195301984636,67.95450828154688,2.173917293548584,44,28.306411434744845,55.852195301984636,67.95450828154688,220.33900451660156,44,28.306411434744845,55.852195301984636,67.95450828154688,0.12100578472018242,44,28.306411434744845,55.852195301984636,67.95450828154688,1.1069298386573792,44,28.306411434744845,55.852195301984636,67.95450828154688
2024-10-21,22.764442443847656,52,2.0797980279792667,18.649134501336313,22.49864944036456,36.646156311035156,52,2.0797980279792667,18.649134501336313,22.49864944036456,0.08149203658103943,52,2.0797980279792667,18.649134501336313,22.49864944036456,-0.02829890977591276,52,2.0797980279792667,18.649134501336313,22.49864944036456,-0.15994244813919067,13,2.0797980279792667,18.649134501336313,22.49864944036456,0.59,128,7.711546198681338,41.21199946489436,55.49704268963926,0.79,624,6.953248491503427,23.546747099200253,34.749131349410796,-0.07500000000000001,624,6.953248491503427,23.546747099200253,34.749131349410796,,,,,,,,,,,8.03427791595459,44,28.306411434744845,55.852195301984636,67.95450828154688,2.1747193336486816,44,28.306411434744845,55.852195301984636,67.95450828154688,220.83797454833984,44,28.306411434744845,55.852195301984636,67.95450828154688,0.12041087448596954,44,28.306411434744845,55.852195301984636,67.95450828154688,1.1020988821983337,44,28.306411434744845,55.852195301984636,67.95450828154688
2024-10-22,22.64553165435791,52,2.0797980279792667,18.649134501336313,22.49864944036456,36.62671661376953,52,2.0797980279792667,18.649134501336313,22.49864944036456,-0.0253115426748991,52,2.0797980279792667,18.649134501336313,22.49864944036456,-0.06098746135830879,52,2.0797980279792667,18.649134501336313,22.49864944036456,-0.18783490359783173,13,2.0797980279792667,18.649134501336313,22.49864944036456,0.56,128,7.711546198681338,41.21199946489436,55.49704268963926,0.2,624,6.953248491503427,23.546747099200253,34.749131349410796,-0.07,624,6.953248491503427,23.546747099200253,34.749131349410796,,,,,,,,,,,8.034085273742676,44,28.306411434744845,55.852195301984636,67.95450828154688,2.1747487783432007,44,28.306411434744845,55.852195301984636,67.95450828154688,221.163818359375,44,28.306411434744845,55.852195301984636,67.95450828154688,0.1230388879776001,44,28.306411434744845,55.852195301984636,67.95450828154688,1.1128907203674316,44,28.306411434744845,55.852195301984636,67.95450828154688
2024-10-23,22.496484756469727,52,2.0797980279792667,18.649134501336313,22.49864944036456,36.625009536743164,52,2.0797980279792667,18.649134501336313,22.49864944036456,-0.11030647531151772,52,2.0797980279792667,18.649134501336313,22.49864944036456,-0.0457342304289341,52,2.0797980279792667,18.649134501336313,22.49864944036456,-0.23024708032608032,13,2.0797980279792667,18.649134501336313,22.49864944036456,0.65,128,7.711546198681338,41.21199946489436,55.49704268963926,-2.765,624,6.953248491503427,23.546747099200253,34.749131349410796,-0.715,624,6.953248491503427,23.546747099200253,34.749131349410796,,,,,,,,,,,8.033782958984375,44,28.306411434744845,55.852195301984636,67.95450828154688,2.174530863761902,44,28.306411434744845,55.852195301984636,67.95450828154688,221.35889434814453,44,28.306411434744845,55.852195301984636,67.95450828154688,0.12498956173658371,44,28.306411434744845,55.852195301984636,67.95450828154688,1.1303169131278992,44,28.306411434744845,55.852195301984636,67.95450828154688
2024-10-24,22.456046104431152,52,2.0797980279792667,18.649134501336313,22.49864944036456,36.61711502075195,52,2.0797980279792667,18.649134501336313,22.49864944036456,-0.1606307104229927,52,2.0797980279792667,18.649134501336313,22.49864944036456,0.007379366783425212,52,2.0797980279792667,18.649134501336313,22.49864944036456,-0.2621653378009796,13,2.0797980279792667,18.649134501336313,22.49864944036456,0.475,128,7.711546198681338,41.21199946489436,55.49704268963926,-1.745,624,6.953248491503427,23.546747099200253,34.749131349410796,0.22,624,6.953248491503427,23.546747099200253,34.749131349410796,,,,,,,,,,,8.034053325653076,44,28.306411434744845,55.852195301984636,67.95450828154688,2.1740001440048218,44,28.306411434744845,55.852195301984636,67.95450828154688,221.53807067871094,44,28.306411434744845,55.852195301984636,67.95450828154688,0.12721067667007446,44,28.306411434744845,55.852195301984636,67.95450828154688,1.1363977789878845,44,28.306411434744845,55.852195301984636,67.95450828154688
2024-10-25,22.831759452819824,52,2.0797980279792667,18.649134501336313,22.49864944036456,36.618255615234375,52,2.0797980279792667,18.649134501336313,22.49864944036456,-0.10621348768472672,52,2.0797980279792667,18.649134501336313,22.49864944036456,0.030440187081694603,52,2.0797980279792667,18.649134501336313,22.49864944036456,-0.260144978761673,13,2.0797980279792667,18.649134501336313,22.49864944036456,0.265,128,7.711546198681338,41.21199946489436,55.49704268963926,-0.36,624,6.953248491503427,23.546747099200253,34.749131349410796,0.37,624,6.953248491503427,23.546747099200253,34.749131349410796,,,,,,,,,,,8.034084796905518,44,28.306411434744845,55.852195301984636,67.95450828154688,2.174505591392517,44,28.306411434744845,55.852195301984636,67.95450828154688,221.78302764892578,44,28.306411434744845,55.852195301984636,67.95450828154688,0.13135496526956558,44,28.306411434744845,55.852195301984636,67.95450828154688,1.1538177132606506,44,28.306411434744845,55.852195301984636,67.95450828154688
2024-10-26,22.734868049621582,52,2.0797980279792667,18.649134501336313,22.49864944036456,36.615203857421875,52,2.0797980279792667,18.649134501336313,22.49864944036456,-0.012104218825697899,52,2.0797980279792667,18.649134501336313,22.49864944036456,0.0098367421887815,52,2.0797980279792667,18.649134501336313,22.49864944036456,-0.2380218505859375,13,2.0797980279792667,18.649134501336313,22.49864944036456,0.725,128,7.711546198681338,41.21199946489436,55.49704268963926,3.48,624,6.953248491503427,23.546747099200253,34.749131349410796,1.255,624,6.953248491503427,23.546747099200253,34.749131349410796,,,,,,,,,,,8.034372806549072,44,28.306411434744845,55.852195301984636,67.95450828154688,2.175687313079834,44,28.306411434744845,55.852195301984636,67.95450828154688,222.08116149902344,44,28.306411434744845,55.852195301984636,67.95450828154688,0.13148009032011032,44,28.306411434744845,55.852195301984636,67.95450828154688,1.1180716156959534,44,28.306411434744845,55.852195301984636,67.95450828154688
2024-10-27,22.221881866455078,52,2.0797980279792667,18.649134501336313,22.49864944036456,36.601829528808594,52,2.0797980279792667,18.649134501336313,22.49864944036456,0.09978063404560089,52,2.0797980279792667,18.649134501336313,22.49864944036456,0.09490801021456718,52,2.0797980279792667,18.649134501336313,22.49864944036456,-0.22230909764766693,13,2.0797980279792667,18.649134501336313,22.49864944036456,1.21,128,7.711546198681338,41.21199946489436,55.49704268963926,-1.495,624,6.953248491503427,23.546747099200253,34.749131349410796,1.045,624,6.953248491503427,23.546747099200253,34.749131349410796,,,,,,,,,,,8.035693168640137,44,28.306411434744845,55.852195301984636,67.95450828154688,2.1769737005233765,44,28.306411434744845,55.852195301984636,67.95450828154688,222.6029815673828,44,28.306411434744845,55.852195301984636,67.95450828154688,0.1392574980854988,44,28.306411434744845,55.852195301984636,67.95450828154688,1.1041507720947266,44,28.306411434744845,55.852195301984636,67.95450828154688
2024-10-28,21.818334579467773,52,2.0797980279792667,18.649134501336313,22.49864944036456,36.49335479736328,52,2.0797980279792667,18.649134501336313,22.49864944036456,0.18682169914245605,52,2.0797980279792667,18.649134501336313,22.49864944036456,0.0823821872472763,52,2.0797980279792667,18.649134501336313,22.49864944036456,-0.21902723610401154,13,2.0797980279792667,18.649134501336313,22.49864944036456,0.78,128,7.711546198681338,41.21199946489436,55.49704268963926,-3.01,624,6.953248491503427,23.546747099200253,34.749131349410796,-0.73,624,6.953248491503427,23.546747099200253,34.749131349410796,,,,,,,,,,,8.03599739074707,44,28.306411434744845,55.852195301984636,67.95450828154688,2.1774829626083374,44,28.306411434744845,55.852195301984636,67.95450828154688,222.66867065429688,44,28.306411434744845,55.852195301984636,67.95450828154688,0.13887155801057816,44,28.306411434744845,55.852195301984636,67.95450828154688,1.1185312867164612,44,28.306411434744845,55.852195301984636,67.95450828154688
2024-10-29,21.64597988128662,52,2.0797980279792667,18.649134501336313,22.49864944036456,36.468801498413086,52,2.0797980279792667,18.649134501336313,22.49864944036456,0.1273333877325058,52,2.0797980279792667,18.649134501336313,22.49864944036456,0.08234552294015884,52,2.0797980279792667,18.649134501336313,22.49864944036456,-0.24463626742362976,13,2.0797980279792667,18.649134501336313,22.49864944036456,1.155,128,7.711546198681338,41.21199946489436,55.49704268963926,-3.685,624,6.953248491503427,23.546747099200253,34.749131349410796,1.79,624,6.953248491503427,23.546747099200253,34.749131349410796,,,,,,,,,,,8.035776138305664,44,28.306411434744845,55.852195301984636,67.95450828154688,2.1774269342422485,44,28.306411434744845,55.852195301984636,67.95450828154688,222.96160888671875,44,28.306411434744845,55.852195301984636,67.95450828154688,0.1393437534570694,44,28.306411434744845,55.852195301984636,67.95450828154688,1.1168100833892822,44,28.306411434744845,55.852195301984636,67.95450828154688
2024-10-30,21.593350410461426,52,2.0797980279792667,18.649134501336313,22.49864944036456,36.48006820678711,52,2.0797980279792667,18.649134501336313,22.49864944036456,0.12027881667017937,52,2.0797980279792667,18.649134501336313,22.49864944036456,0.06372786685824394,52,2.0797980279792667,18.649134501336313,22.49864944036456,-0.24556268751621246,13,2.0797980279792667,18.649134501336313,22.49864944036456,1.06,128,7.711546198681338,41.21199946489436,55.49704268963926,-0.44,624,6.953248491503427,23.546747099200253,34.749131349410796,0.63,624,6.953248491503427,23.546747099200253,34.749131349410796,,,,,,,,,,,8.036422729492188,44,28.306411434744845,55.852195301984636,67.95450828154688,2.1782604455947876,44,28.306411434744845,55.852195301984636,67.95450828154688,222.94072723388672,44,28.306411434744845,55.852195301984636,67.95450828154688,0.13866809010505676,44,28.306411434744845,55.852195301984636,67.95450828154688,1.1095215678215027,44,28.306411434744845,55.852195301984636,67.95450828154688
2024-10-31,21.619532585144043,52,2.0797980279792667,18.649134501336313,22.49864944036456,36.537200927734375,52,2.0797980279792667,18.649134501336313,22.49864944036456,0.13580457121133804,52,2.0797980279792667,18.649134501336313,22.49864944036456,0.04310297407209873,52,2.0797980279792667,18.649134501336313,22.49864944036456,-0.23296616971492767,13,2.0797980279792667,18.649134501336313,22.49864944036456,0.61,128,7.711546198681338,41.21199946489436,55.49704268963926,-0.09,624,6.953248491503427,23.546747099200253,34.749131349410796,0.01,624,6.953248491503427,23.546747099200253,34.749131349410796,,,,,,,,,,,8.037460327148438,44,28.306411434744845,55.852195301984636,67.95450828154688,2.1788429021835327,44,28.306411434744845,55.852195301984636,67.95450828154688,222.9640884399414,44,28.306411434744845,55.852195301984636,67.95450828154688,0.13873565942049026,44,28.306411434744845,55.852195301984636,67.95450828154688,1.1248965859413147,44,28.306411434744845,55.852195301984636,67.95450828154688
2024-11-01,21.549453735351562,52,2.0797980279792667,18.649134501336313,22.49864944036456,36.57819747924805,52,2.0797980279792667,18.649134501336313,22.49864944036456,0.1500570923089981,52,2.0797980279792667,18.649134501336313,22.49864944036456,0.07699399814009666,52,2.0797980279792667,18.649134501336313,22.49864944036456,-0.23152023553848267,13,2.0797980279792667,18.649134501336313,22.49864944036456,0.635,128,7.711546198681338,41.21199946489436,55.49704268963926,-0.275,624,6.953248491503427,23.546747099200253,34.749131349410796,-0.54,624,6.953248491503427,23.546747099200253,34.749131349410796,,,,,,,,,,,8.038243770599365,44,28.306411434744845,55.852195301984636,67.95450828154688,2.177847743034363,44,28.306411434744845,55.852195301984636,67.95450828154688,223.27195739746094,44,28.306411434744845,55.852195301984636,67.95450828154688,0.14117313921451569,44,28.306411434744845,55.852195301984636,67.95450828154688,1.172304928302765,44,28.306411434744845,55.852195301984636,67.95450828154688
2024-11-02,21.485896110534668,52,2.0797980279792667,18.649134501336313,22.49864944036456,36.629215240478516,52,2.0797980279792667,18.649134501336313,22.49864944036456,0.12530922889709473,52,2.0797980279792667,18.649134501336313,22.49864944036456,0.08719795569777489,52,2.0797980279792667,18.649134501336313,22.49864944036456,-0.25923192501068115,13,2.0797980279792667,18.649134501336313,22.49864944036456,0.98,128,7.711546198681338,41.21199946489436,55.49704268963926,-0.465,624,6.953248491503427,23.546747099200253,34.749131349410796,-0.305,624,6.953248491503427,23.546747099200253,34.749131349410796,,,,,,,,,,,8.039345741271973,44,28.306411434744845,55.852195301984636,67.95450828154688,2.1780582666397095,44,28.306411434744845,55.852195301984636,67.95450828154688,223.5192642211914,44,28.306411434744845,55.852195301984636,67.95450828154688,0.13937871903181076,44,28.306411434744845,55.852195301984636,67.95450828154688,1.1773288249969482,44,28.306411434744845,55.852195301984636,67.95450828154688
2024-11-03,21.507179260253906,52,2.0797980279792667,18.649134501336313,22.49864944036456,36.66574478149414,52,2.0797980279792667,18.649134501336313,22.49864944036456,0.1542663872241974,52,2.0797980279792667,18.649134501336313,22.49864944036456,0.07877864688634872,52,2.0797980279792667,18.649134501336313,22.49864944036456,-0.2838437855243683,13,2.0797980279792667,18.649134501336313,22.49864944036456,0.5700000000000001,128,7.711546198681338,41.21199946489436,55.49704268963926,-1.545,624,6.953248491503427,23.546747099200253,34.749131349410796,1.455,624,6.953248491503427,23.546747099200253,34.749131349410796,,,,,,,,,,,8.04050874710083,44,28.306411434744845,55.852195301984636,67.95450828154688,2.178869605064392,44,28.306411434744845,55.852195301984636,67.95450828154688,223.66837310791016,44,28.306411434744845,55.852195301984636,67.95450828154688,0.139663465321064,44,28.306411434744845,55.852195301984636,67.95450828154688,1.168562412261963,44,28.306411434744845,55.852195301984636,67.95450828154688
2024-11-04,21.61077880859375,52,2.0797980279792667,18.649134501336313,22.49864944036456,36.74664306640625,52,2.0797980279792667,18.649134501336313,22.49864944036456,0.20688435435295105,52,2.0797980279792667,18.649134501336313,22.49864944036456,0.05981772020459175,52,2.0797980279792667,18.649134501336313,22.49864944036456,-0.27884382009506226,13,2.0797980279792667,18.649134501336313,22.49864944036456,0.49,128,7.711546198681338,41.21199946489436,55.49704268963926,-1.155,624,6.953248491503427,23.546747099200253,34.749131349410796,1.8,624,6.953248491503427,23.546747099200253,34.749131349410796,,,,,,,,,,,8.040877342224121,44,28.306411434744845,55.852195301984636,67.95450828154688,2.1800708770751953,44,28.306411434744845,55.852195301984636,67.95450828154688,223.82820892333984,44,28.306411434744845,55.852195301984636,67.95450828154688,0.14165863394737244,44,28.306411434744845,55.852195301984636,67.95450828154688,1.1659302115440369,44,28.306411434744845,55.852195301984636,67.95450828154688
2024-11-05,21.592663764953613,52,2.0797980279792667,18.649134501336313,22.49864944036456,36.81375503540039,52,2.0797980279792667,18.649134501336313,22.49864944036456,0.30751433968544006,52,2.0797980279792667,18.649134501336313,22.49864944036456,-0.0015950317028909922,52,2.0797980279792667,18.649134501336313,22.49864944036456,-0.26080647110939026,13,2.0797980279792667,18.649134501336313,22.49864944036456,0.41500000000000004,128,7.711546198681338,41.21199946489436,55.49704268963926,0.445,624,6.953248491503427,23.546747099200253,34.749131349410796,0.155,624,6.953248491503427,23.546747099200253,34.749131349410796,,,,,,,,,,,8.04090690612793,44,28.306411434744845,55.852195301984636,67.95450828154688,2.180692434310913,44,28.306411434744845,55.852195301984636,67.95450828154688,224.47560119628906,44,28.306411434744845,55.852195301984636,67.95450828154688,0.144407257437706,44,28.306411434744845,55.852195301984636,67.95450828154688,1.1658469438552856,44,28.306411434744845,55.852195301984636,67.95450828154688
2024-11-06,21.683149337768555,52,2.0797980279792667,18.649134501336313,22.49864944036456,36.82413101196289,52,2.0797980279792667,18.649134501336313,22.49864944036456,0.32387712597846985,52,2.0797980279792667,18.649134501336313,22.49864944036456,0.03095906972885132,52,2.0797980279792667,18.649134501336313,22.49864944036456,-0.25756505131721497,13,2.0797980279792667,18.649134501336313,22.49864944036456,0.325,128,7.711546198681338,41.21199946489436,55.49704268963926,-0.6,624,6.953248491503427,23.546747099200253,34.749131349410796,-0.64,624,6.953248491503427,23.546747099200253,34.749131349410796,,,,,,,,,,,8.040392875671387,44,28.306411434744845,55.852195301984636,67.95450828154688,2.1823400259017944,44,28.306411434744845,55.852195301984636,67.95450828154688,224.90753173828125,44,28.306411434744845,55.852195301984636,67.95450828154688,0.14190920442342758,44,28.306411434744845,55.852195301984636,67.95450828154688,1.171150803565979,44,28.306411434744845,55.852195301984636,67.95450828154688
2024-11-07,21.767006874084473,52,2.0797980279792667,18.649134501336313,22.49864944036456,36.831064224243164,52,2.0797980279792667,18.649134501336313,22.49864944036456,0.3314242660999298,52,2.0797980279792667,18.649134501336313,22.49864944036456,0.05462574400007725,52,2.0797980279792667,18.649134501336313,22.49864944036456,-0.2688489854335785,13,2.0797980279792667,18.649134501336313,22.49864944036456,0.38,128,7.711546198681338,41.21199946489436,55.49704268963926,-0.65,624,6.953248491503427,23.546747099200253,34.749131349410796,-0.01,624,6.953248491503427,23.546747099200253,34.749131349410796,,,,,,,,,,,8.040747165679932,44,28.306411434744845,55.852195301984636,67.95450828154688,2.181409478187561,44,28.306411434744845,55.852195301984636,67.95450828154688,225.27301025390625,44,28.306411434744845,55.852195301984636,67.95450828154688,0.1356281116604805,44,28.306411434744845,55.852195301984636,67.95450828154688,1.1668581366539001,44,28.306411434744845,55.852195301984636,67.95450828154688
2024-11-08,21.734980583190918,52,2.0797980279792667,18.649134501336313,22.49864944036456,36.8514404296875,52,2.0797980279792667,18.649134501336313,22.49864944036456,0.41226014494895935,52,2.0797980279792667,18.649134501336313,22.49864944036456,0.0394524522125721,52,2.0797980279792667,18.649134501336313,22.49864944036456,-0.2702246606349945,13,2.0797980279792667,18.649134501336313,22.49864944036456,0.48,128,7.711546198681338,41.21199946489436,55.49704268963926,1.5,624,6.953248491503427,23.546747099200253,34.749131349410796,0.05,624,6.953248491503427,23.546747099200253,34.749131349410796,,,,,,,,,,,8.041162967681885,44,28.306411434744845,55.852195301984636,67.95450828154688,2.182882785797119,44,28.306411434744845,55.852195301984636,67.95450828154688,225.77071380615234,44,28.306411434744845,55.852195301984636,67.95450828154688,0.1320342794060707,44,28.306411434744845,55.852195301984636,67.95450828154688,1.14783376455307,44,28.306411434744845,55.852195301984636,67.95450828154688
2024-11-09,21.744153022766113,52,2.0797980279792667,18.649134501336313,22.49864944036456,36.862539291381836,52,2.0797980279792667,18.649134501336313,22.49864944036456,0.45612020790576935,52,2.0797980279792667,18.649134501336313,22.49864944036456,0.03371420502662659,52,2.0797980279792667,18.649134501336313,22.49864944036456,-0.26864147186279297,13,2.0797980279792667,18.649134501336313,22.49864944036456,0.47000000000000003,128,7.711546198681338,41.21199946489436,55.49704268963926,2.215,624,6.953248491503427,23.546747099200253,34.749131349410796,0.06,624,6.953248491503427,23.546747099200253,34.749131349410796,,,,,,,,,,,8.041858196258545,44,28.306411434744845,55.852195301984636,67.95450828154688,2.1856164932250977,44,28.306411434744845,55.852195301984636,67.95450828154688,226.3126220703125,44,28.306411434744845,55.852195301984636,67.95450828154688,0.13332229107618332,44,28.306411434744845,55.852195301984636,67.95450828154688,1.1276524066925049,44,28.306411434744845,55.852195301984636,67.95450828154688
2024-11-10,21.62900447845459,52,2.0797980279792667,18.649134501336313,22.49864944036456,36.82376480102539,52,2.0797980279792667,18.649134501336313,22.49864944036456,0.45872762799263,52,2.0797980279792667,18.649134501336313,22.49864944036456,0.009299772325903177,52,2.0797980279792667,18.649134501336313,22.49864944036456,-0.2629379332065582,13,2.0797980279792667,18.649134501336313,22.49864944036456,0.795,128,7.711546198681338,41.21199946489436,55.49704268963926,2.665,624,6.953248491503427,23.546747099200253,34.749131349410796,-2.435,624,6.953248491503427,23.546747099200253,34.749131349410796,,,,,,,,,,,8.045517444610596,44,28.306411434744845,55.852195301984636,67.95450828154688,2.187442183494568,44,28.306411434744845,55.852195301984636,67.95450828154688,226.39376068115234,44,28.306411434744845,55.852195301984636,67.95450828154688,0.13522173464298248,44,28.306411434744845,55.852195301984636,67.95450828154688,1.1174787878990173,44,28.306411434744845,55.852195301984636,67.95450828154688
2024-11-11,21.461652755737305,52,2.0797980279792667,18.649134501336313,22.49864944036456,36.783348083496094,52,2.0797980279792667,18.649134501336313,22.49864944036456,0.4209729880094528,52,2.0797980279792667,18.649134501336313,22.49864944036456,0.009007410146296024,52,2.0797980279792667,18.649134501336313,22.49864944036456,-0.26968979835510254,13,2.0797980279792667,18.649134501336313,22.49864944036456,1.6300000000000001,128,7.711546198681338,41.21199946489436,55.49704268963926,0.93,624,6.953248491503427,23.546747099200253,34.749131349410796,-2.7800000000000002,624,6.953248491503427,23.546747099200253,34.749131349410796,,,,,,,,,,,8.050235271453857,44,28.306411434744845,55.852195301984636,67.95450828154688,2.1879336833953857,44,28.306411434744845,55.852195301984636,67.95450828154688,226.67056274414062,44,28.306411434744845,55.852195301984636,67.95450828154688,0.13804226368665695,44,28.306411434744845,55.852195301984636,67.95450828154688,1.099785327911377,44,28.306411434744845,55.852195301984636,67.95450828154688
2024-11-12,21.237659454345703,52,2.0797980279792667,18.649134501336313,22.49864944036456,36.77126884460449,52,2.0797980279792667,18.649134501336313,22.49864944036456,0.4000600725412369,52,2.0797980279792667,18.649134501336313,22.49864944036456,0.02743159979581833,52,2.0797980279792667,18.649134501336313,22.49864944036456,-0.28693056106567383,13,2.0797980279792667,18.649134501336313,22.49864944036456,1.4249999999999998,128,7.711546198681338,41.21199946489436,55.49704268963926,-0.79,624,6.953248491503427,23.546747099200253,34.749131349410796,-0.8250000000000001,624,6.953248491503427,23.546747099200253,34.749131349410796,,,,,,,,,,,8.054824352264404,44,28.306411434744845,55.852195301984636,67.95450828154688,2.189674139022827,44,28.306411434744845,55.852195301984636,67.95450828154688,227.13418579101562,44,28.306411434744845,55.852195301984636,67.95450828154688,0.13891180604696274,44,28.306411434744845,55.852195301984636,67.95450828154688,1.1032748222351074,44,28.306411434744845,55.852195301984636,67.95450828154688
2024-11-13,21.081037521362305,52,2.0797980279792667,18.649134501336313,22.49864944036456,36.77289962768555,52,2.0797980279792667,18.649134501336313,22.49864944036456,0.4106259346008301,52,2.0797980279792667,18.649134501336313,22.49864944036456,0.026140810921788216,52,2.0797980279792667,18.649134501336313,22.49864944036456,-0.2899567186832428,13,2.0797980279792667,18.649134501336313,22.49864944036456,1.21,128,7.711546198681338,41.21199946489436,55.49704268963926,-1.4849999999999999,624,6.953248491503427,23.546747099200253,34.749131349410796,3.0300000000000002,624,6.953248491503427,23.546747099200253,34.749131349410796,,,,,,,,,,,8.058372020721436,44,28.306411434744845,55.852195301984636,67.95450828154688,2.192975640296936,44,28.306411434744845,55.852195301984636,67.95450828154688,227.37725067138672,44,28.306411434744845,55.852195301984636,67.95450828154688,0.1373308151960373,44,28.306411434744845,55.852195301984636,67.95450828154688,1.1173681616783142,44,28.306411434744845,55.852195301984636,67.95450828154688
2024-11-14,20.915536880493164,52,2.0797980279792667,18.649134501336313,22.49864944036456,36.77906036376953,52,2.0797980279792667,18.649134501336313,22.49864944036456,0.3780022859573364,52,2.0797980279792667,18.649134501336313,22.49864944036456,-0.009153181686997414,52,2.0797980279792667,18.649134501336313,22.49864944036456,-0.2825826406478882,13,2.0797980279792667,18.649134501336313,22.49864944036456,0.995,128,7.711546198681338,41.21199946489436,55.49704268963926,-0.58,624,6.953248491503427,23.546747099200253,34.749131349410796,1.475,624,6.953248491503427,23.546747099200253,34.749131349410796,,,,,,,,,,,8.060798645019531,44,28.306411434744845,55.852195301984636,67.95450828154688,2.1934670209884644,44,28.306411434744845,55.852195301984636,67.95450828154688,227.43374633789062,44,28.306411434744845,55.852195301984636,67.95450828154688,0.135719396173954,44,28.306411434744845,55.852195301984636,67.95450828154688,1.1196146607398987,44,28.306411434744845,55.852195301984636,67.95450828154688
2024-11-15,20.766146659851074,52,2.0797980279792667,18.649134501336313,22.49864944036456,36.78892707824707,52,2.0797980279792667,18.649134501336313,22.49864944036456,0.20572084933519363,52,2.0797980279792667,18.649134501336313,22.49864944036456,-0.0033113015815615654,52,2.0797980279792667,18.649134501336313,22.49864944036456,-0.2850450277328491,13,2.0797980279792667,18.649134501336313,22.49864944036456,1.3650000000000002,128,7.711546198681338,41.21199946489436,55.49704268963926,-4.365,624,6.953248491503427,23.546747099200253,34.749131349410796,-0.67,624,6.953248491503427,23.546747099200253,34.749131349410796,,,,,,,,,,,8.061156749725342,44,28.306411434744845,55.852195301984636,67.95450828154688,2.1934030055999756,44,28.306411434744845,55.852195301984636,67.95450828154688,227.6615219116211,44,28.306411434744845,55.852195301984636,67.95450828154688,0.13844963163137436,44,28.306411434744845,55.852195301984636,67.95450828154688,1.1135112643241882,44,28.306411434744845,55.852195301984636,67.95450828154688
2024-11-16,20.74339199066162,52,2.0797980279792667,18.649134501336313,22.49864944036456,36.80543327331543,52,2.0797980279792667,18.649134501336313,22.49864944036456,0.23970520496368408,52,2.0797980279792667,18.649134501336313,22.49864944036456,-0.014317356515675783,52,2.0797980279792667,18.649134501336313,22.49864944036456,-0.28311145305633545,13,2.0797980279792667,18.649134501336313,22.49864944036456,0.935,128,7.711546198681338,41.21199946489436,55.49704268963926,-0.92,624,6.953248491503427,23.546747099200253,34.749131349410796,0.96,624,6.953248491503427,23.546747099200253,34.749131349410796,,,,,,,,,,,8.061450004577637,44,28.306411434744845,55.852195301984636,67.95450828154688,2.193737506866455,44,28.306411434744845,55.852195301984636,67.95450828154688,227.84374237060547,44,28.306411434744845,55.852195301984636,67.95450828154688,0.14182902872562408,44,28.306411434744845,55.852195301984636,67.95450828154688,1.125548541545868,44,28.306411434744845,55.852195301984636,67.95450828154688
2024-11-17,20.745163917541504,52,2.0797980279792667,18.649134501336313,22.49864944036456,36.81544494628906,52,2.0797980279792667,18.649134501336313,22.49864944036456,0.2432948797941208,52,2.0797980279792667,18.649134501336313,22.49864944036456,-0.04509578086435795,52,2.0797980279792667,18.649134501336313,22.49864944036456,-0.2621510922908783,13,2.0797980279792667,18.649134501336313,22.49864944036456,0.45,128,7.711546198681338,41.21199946489436,55.49704268963926,0.035,624,6.953248491503427,23.546747099200253,34.749131349410796,0.34500000000000003,624,6.953248491503427,23.546747099200253,34.749131349410796,,,,,,,,,,,8.0625319480896,44,28.306411434744845,55.852195301984636,67.95450828154688,2.1931605339050293,44,28.306411434744845,55.852195301984636,67.95450828154688,228.0582733154297,44,28.306411434744845,55.852195301984636,67.95450828154688,0.14747802913188934,44,28.306411434744845,55.852195301984636,67.95450828154688,1.1566261649131775,44,28.306411434744845,55.852195301984636,67.95450828154688
2024-11-18,20.725008010864258,52,2.0797980279792667,18.649134501336313,22.49864944036456,36.78752326965332,52,2.0797980279792667,18.649134501336313,22.49864944036456,0.19079040735960007,52,2.0797980279792667,18.649134501336313,22.49864944036456,-0.055336739867925644,52,2.0797980279792667,18.649134501336313,22.49864944036456,-0.2546985149383545,13,2.0797980279792667,18.649134501336313,22.49864944036456,0.16,128,7.711546198681338,41.21199946489436,55.49704268963926,0.235,624,6.953248491503427,23.546747099200253,34.749131349410796,0.34,624,6.953248491503427,23.546747099200253,34.749131349410796,,,,,,,,,,,8.062831401824951,44,28.306411434744845,55.852195301984636,67.95450828154688,2.192568063735962,44,28.306411434744845,55.852195301984636,67.95450828154688,228.51363372802734,44,28.306411434744845,55.852195301984636,67.95450828154688,0.1560548096895218,44,28.306411434744845,55.852195301984636,67.95450828154688,1.1834202408790588,44,28.306411434744845,55.852195301984636,67.95450828154688
2024-11-19,20.670738220214844,52,2.0797980279792667,18.649134501336313,22.49864944036456,36.755849838256836,52,2.0797980279792667,18.649134501336313,22.49864944036456,0.17483527213335037,52,2.0797980279792667,18.649134501336313,22.49864944036456,-0.0382209625095129,52,2.0797980279792667,18.649134501336313,22.49864944036456,-0.24789054691791534,13,2.0797980279792667,18.649134501336313,22.49864944036456,0.37,128,7.711546198681338,41.21199946489436,55.49704268963926,1.07,624,6.953248491503427,23.546747099200253,34.749131349410796,0.53,624,6.953248491503427,23.546747099200253,34.749131349410796,,,,,,,,,,,8.062396049499512,44,28.306411434744845,55.852195301984636,67.95450828154688,2.1904484033584595,44,28.306411434744845,55.852195301984636,67.95450828154688,229.16393280029297,44,28.306411434744845,55.852195301984636,67.95450828154688,0.16919074207544327,44,28.306411434744845,55.852195301984636,67.95450828154688,1.1879411935806274,44,28.306411434744845,55.852195301984636,67.95450828154688
2024-11-20,20.5732421875,52,2.0797980279792667,18.649134501336313,22.49864944036456,36.71663856506348,52,2.0797980279792667,18.649134501336313,22.49864944036456,0.2228451818227768,52,2.0797980279792667,18.649134501336313,22.49864944036456,-0.036002328619360924,52,2.0797980279792667,18.649134501336313,22.49864944036456,-0.2275158315896988,13,2.0797980279792667,18.649134501336313,22.49864944036456,1.495,128,7.711546198681338,41.21199946489436,55.49704268963926,7.09,624,6.953248491503427,23.546747099200253,34.749131349410796,1.335,624,6.953248491503427,23.546747099200253,34.749131349410796,,,,,,,,,,,8.057173252105713,44,28.306411434744845,55.852195301984636,67.95450828154688,2.1889809370040894,44,28.306411434744845,55.852195301984636,67.95450828154688,229.96031951904297,44,28.306411434744845,55.852195301984636,67.95450828154688,0.20612600445747375,44,28.306411434744845,55.852195301984636,67.95450828154688,1.2210384011268616,44,28.306411434744845,55.852195301984636,67.95450828154688
2024-11-21,20.45188617706299,52,2.0797980279792667,18.649134501336313,22.49864944036456,36.687252044677734,52,2.0797980279792667,18.649134501336313,22.49864944036456,0.3094872534275055,52,2.0797980279792667,18.649134501336313,22.49864944036456,-0.014660656452178955,52,2.0797980279792667,18.649134501336313,22.49864944036456,-0.19106802344322205,13,2.0797980279792667,18.649134501336313,22.49864944036456,1.93,128,7.711546198681338,41.21199946489436,55.49704268963926,5.975,624,6.953248491503427,23.546747099200253,34.749131349410796,2.415,624,6.953248491503427,23.546747099200253,34.749131349410796,,,,,,,,,,,8.053452968597412,44,28.306411434744845,55.852195301984636,67.95450828154688,2.1883827447891235,44,28.306411434744845,55.852195301984636,67.95450828154688,230.3433074951172,44,28.306411434744845,55.852195301984636,67.95450828154688,0.2823753207921982,44,28.306411434744845,55.852195301984636,67.95450828154688,1.4080665111541748,44,28.306411434744845,55.852195301984636,67.95450828154688
2024-11-22,20.39648723602295,52,2.0797980279792667,18.649134501336313,22.49864944036456,36.69744682312012,52,2.0797980279792667,18.649134501336313,22.49864944036456,0.3917693495750427,52,2.0797980279792667,18.649134501336313,22.49864944036456,-0.024864553473889828,52,2.0797980279792667,18.649134501336313,22.49864944036456,-0.13917852938175201,13,2.0797980279792667,18.649134501336313,22.49864944036456,2.1900000000000004,128,7.711546198681338,41.21199946489436,55.49704268963926,5.93,624,6.953248491503427,23.546747099200253,34.749131349410796,0.215,624,6.953248491503427,23.546747099200253,34.749131349410796,,,,,,,,,,,8.05470323562622,44,28.306411434744845,55.852195301984636,67.95450828154688,2.180633783340454,44,28.306411434744845,55.852195301984636,67.95450828154688,230.6068572998047,44,28.306411434744845,55.852195301984636,67.95450828154688,0.37252935767173767,44,28.306411434744845,55.852195301984636,67.95450828154688,1.553493618965149,44,28.306411434744845,55.852195301984636,67.95450828154688
2024-11-23,20.554158210754395,52,2.0797980279792667,18.649134501336313,22.49864944036456,36.76425361633301,52,2.0797980279792667,18.649134501336313,22.49864944036456,0.27912458777427673,52,2.0797980279792667,18.649134501336313,22.49864944036456,0.013317143078893423,52,2.0797980279792667,18.649134501336313,22.49864944036456,-0.12472206354141235,13,2.0797980279792667,18.649134501336313,22.49864944036456,1.17,128,7.711546198681338,41.21199946489436,55.49704268963926,-2.62,624,6.953248491503427,23.546747099200253,34.749131349410796,0.515,624,6.953248491503427,23.546747099200253,34.749131349410796,,,,,,,,,,,8.051261901855469,44,28.306411434744845,55.852195301984636,67.95450828154688,2.1708840131759644,44,28.306411434744845,55.852195301984636,67.95450828154688,231.48854064941406,44,28.306411434744845,55.852195301984636,67.95450828154688,0.4469417333602905,44,28.306411434744845,55.852195301984636,67.95450828154688,1.7211436033248901,44,28.306411434744845,55.852195301984636,67.95450828154688
2024-11-24,20.424699783325195,52,2.0797980279792667,18.649134501336313,22.49864944036456,36.74371147155762,52,2.0797980279792667,18.649134501336313,22.49864944036456,0.28568799793720245,52,2.0797980279792667,18.649134501336313,22.49864944036456,0.06482741236686707,52,2.0797980279792667,18.649134501336313,22.49864944036456,-0.13273295760154724,13,2.0797980279792667,18.649134501336313,22.49864944036456,0.91,128,7.711546198681338,41.21199946489436,55.49704268963926,-0.8250000000000001,624,6.953248491503427,23.546747099200253,34.749131349410796,5.18,624,6.953248491503427,23.546747099200253,34.749131349410796,,,,,,,,,,,8.050838947296143,44,28.306411434744845,55.852195301984636,67.95450828154688,2.1613842248916626,44,28.306411434744845,55.852195301984636,67.95450828154688,232.95101928710938,44,28.306411434744845,55.852195301984636,67.95450828154688,0.4840313792228699,44,28.306411434744845,55.852195301984636,67.95450828154688,1.8748538494110107,44,28.306411434744845,55.852195301984636,67.95450828154688
2024-11-25,19.675636291503906,52,2.0797980279792667,18.649134501336313,22.49864944036456,36.537174224853516,52,2.0797980279792667,18.649134501336313,22.49864944036456,0.2285149171948433,52,2.0797980279792667,18.649134501336313,22.49864944036456,0.0308747086673975,52,2.0797980279792667,18.649134501336313,22.49864944036456,-0.1453879028558731,13,2.0797980279792667,18.649134501336313,22.49864944036456,0.495,128,7.711546198681338,41.21199946489436,55.49704268963926,-0.39,624,6.953248491503427,23.546747099200253,34.749131349410796,4.045,624,6.953248491503427,23.546747099200253,34.749131349410796,,,,,,,,,,,8.053070068359375,44,28.306411434744845,55.852195301984636,67.95450828154688,2.156885862350464,44,28.306411434744845,55.852195301984636,67.95450828154688,234.4066925048828,44,28.306411434744845,55.852195301984636,67.95450828154688,0.48858271539211273,44,28.306411434744845,55.852195301984636,67.95450828154688,1.9393401145935059,44,28.306411434744845,55.852195301984636,67.95450828154688
2024-11-26,19.441118240356445,52,2.0797980279792667,18.649134501336313,22.49864944036456,36.518253326416016,52,2.0797980279792667,18.649134501336313,22.49864944036456,0.15401436388492584,52,2.0797980279792667,18.649134501336313,22.49864944036456,-0.02179624605923891,52,2.0797980279792667,18.649134501336313,22.49864944036456,-0.15083369612693787,13,2.0797980279792667,18.649134501336313,22.49864944036456,0.36,128,7.711546198681338,41.21199946489436,55.49704268963926,0.56,624,6.953248491503427,23.546747099200253,34.749131349410796,0.915,624,6.953248491503427,23.546747099200253,34.749131349410796,,,,,,,,,,,8.05548906326294,44,28.306411434744845,55.852195301984636,67.95450828154688,2.1559898853302,44,28.306411434744845,55.852195301984636,67.95450828154688,235.75988006591797,44,28.306411434744845,55.852195301984636,67.95450828154688,0.4756408780813217,44,28.306411434744845,55.852195301984636,67.95450828154688,1.959551751613617,44,28.306411434744845,55.852195301984636,67.95450828154688
2024-11-27,19.347885131835938,52,2.0797980279792667,18.649134501336313,22.49864944036456,36.51159477233887,52,2.0797980279792667,18.649134501336313,22.49864944036456,0.05154143087565899,52,2.0797980279792667,18.649134501336313,22.49864944036456,-0.014984652400016785,52,2.0797980279792667,18.649134501336313,22.49864944036456,-0.1635061800479889,13,2.0797980279792667,18.649134501336313,22.49864944036456,0.4,128,7.711546198681338,41.21199946489436,55.49704268963926,-0.44,624,6.953248491503427,23.546747099200253,34.749131349410796,-0.12,624,6.953248491503427,23.546747099200253,34.749131349410796,,,,,,,,,,,8.056488513946533,44,28.306411434744845,55.852195301984636,67.95450828154688,2.155868411064148,44,28.306411434744845,55.852195301984636,67.95450828154688,237.0951919555664,44,28.306411434744845,55.852195301984636,67.95450828154688,0.44977961480617523,44,28.306411434744845,55.852195301984636,67.95450828154688,1.9136645197868347,44,28.306411434744845,55.852195301984636,67.95450828154688
2024-11-28,19.35481834411621,52,2.0797980279792667,18.649134501336313,22.49864944036456,36.52128601074219,52,2.0797980279792667,18.649134501336313,22.49864944036456,-0.03771634213626385,52,2.0797980279792667,18.649134501336313,22.49864944036456,-0.02630281914025545,52,2.0797980279792667,18.649134501336313,22.49864944036456,-0.18116989731788635,13,2.0797980279792667,18.649134501336313,22.49864944036456,0.29,128,7.711546198681338,41.21199946489436,55.49704268963926,-0.8150000000000001,624,6.953248491503427,23.546747099200253,34.749131349410796,-0.455,624,6.953248491503427,23.546747099200253,34.749131349410796,,,,,,,,,,,8.058163166046143,44,28.306411434744845,55.852195301984636,67.95450828154688,2.156592011451721,44,28.306411434744845,55.852195301984636,67.95450828154688,237.63800811767578,44,28.306411434744845,55.852195301984636,67.95450828154688,0.42609846591949463,44,28.306411434744845,55.852195301984636,67.95450828154688,1.8252382278442383,44,28.306411434744845,55.852195301984636,67.95450828154688
2024-11-29,19.33395004272461,52,2.0797980279792667,18.649134501336313,22.49864944036456,36.5431022644043,52,2.0797980279792667,18.649134501336313,22.49864944036456,-0.06848318874835968,52,2.0797980279792667,18.649134501336313,22.49864944036456,-0.02380584552884102,52,2.0797980279792667,18.649134501336313,22.49864944036456,-0.19562138617038727,13,2.0797980279792667,18.649134501336313,22.49864944036456,0.2,128,7.711546198681338,41.21199946489436,55.49704268963926,1.815,624,6.953248491503427,23.546747099200253,34.749131349410796,1.4000000000000001,624,6.953248491503427,23.546747099200253,34.749131349410796,,,,,,,,,,,8.05797815322876,44,28.306411434744845,55.852195301984636,67.95450828154688,2.1577216386795044,44,28.306411434744845,55.852195301984636,67.95450828154688,237.79126739501953,44,28.306411434744845,55.852195301984636,67.95450828154688,0.41653090715408325,44,28.306411434744845,55.852195301984636,67.95450828154688,1.76668781042099,44,28.306411434744845,55.852195301984636,67.95450828154688
2024-11-30,19.349247932434082,52,2.0797980279792667,18.649134501336313,22.49864944036456,36.54996681213379,52,2.0797980279792667,18.649134501336313,22.49864944036456,-0.0562972966581583,52,2.0797980279792667,18.649134501336313,22.49864944036456,-0.013412541709840298,52,2.0797980279792667,18.649134501336313,22.49864944036456,-0.19025187194347382,13,2.0797980279792667,18.649134501336313,22.49864944036456,0.39,128,7.711546198681338,41.21199946489436,55.49704268963926,1.25,624,6.953248491503427,23.546747099200253,34.749131349410796,0.5,624,6.953248491503427,23.546747099200253,34.749131349410796,,,,,,,,,,,8.060065746307373,44,28.306411434744845,55.852195301984636,67.95450828154688,2.1598936319351196,44,28.306411434744845,55.852195301984636,67.95450828154688,237.73139190673828,44,28.306411434744845,55.852195301984636,67.95450828154688,0.40994693338871,44,28.306411434744845,55.852195301984636,67.95450828154688,1.7731136679649353,44,28.306411434744845,55.852195301984636,67.95450828154688
2024-12-01,19.24757194519043,52,2.0797980279792667,18.649134501336313,22.49864944036456,36.55634880065918,52,2.0797980279792667,18.649134501336313,22.49864944036456,-0.020663082599639893,52,2.0797980279792667,18.649134501336313,22.49864944036456,-0.006276302970945835,52,2.0797980279792667,18.649134501336313,22.49864944036456,-0.18172603845596313,13,2.0797980279792667,18.649134501336313,22.49864944036456,0.31,128,7.711546198681338,41.21199946489436,55.49704268963926,-0.195,624,6.953248491503427,23.546747099200253,34.749131349410796,0.24,624,6.953248491503427,23.546747099200253,34.749131349410796,,,,,,,,,,,8.062970638275146,44,28.306411434744845,55.852195301984636,67.95450828154688,2.162462592124939,44,28.306411434744845,55.852195301984636,67.95450828154688,237.94427490234375,44,28.306411434744845,55.852195301984636,67.95450828154688,0.39866724610328674,44,28.306411434744845,55.852195301984636,67.95450828154688,1.7642887830734253,44,28.306411434744845,55.852195301984636,67.95450828154688
2024-12-02,19.189899444580078,52,2.0797980279792667,18.649134501336313,22.49864944036456,36.55387496948242,52,2.0797980279792667,18.649134501336313,22.49864944036456,-0.02944230567663908,52,2.0797980279792667,18.649134501336313,22.49864944036456,-0.0012708493159152567,52,2.0797980279792667,18.649134501336313,22.49864944036456,-0.18089839816093445,13,2.0797980279792667,18.649134501336313,22.49864944036456,0.39,128,7.711546198681338,41.21199946489436,55.49704268963926,0.215,624,6.953248491503427,23.546747099200253,34.749131349410796,1.09,624,6.953248491503427,23.546747099200253,34.749131349410796,,,,,,,,,,,8.064149856567383,44,28.306411434744845,55.852195301984636,67.95450828154688,2.1654800176620483,44,28.306411434744845,55.852195301984636,67.95450828154688,238.15306854248047,44,28.306411434744845,55.852195301984636,67.95450828154688,0.3902933895587921,44,28.306411434744845,55.852195301984636,67.95450828154688,1.7187002897262573,44,28.306411434744845,55.852195301984636,67.95450828154688
2024-12-03,19.157258987426758,52,2.0797980279792667,18.649134501336313,22.49864944036456,36.55657958984375,52,2.0797980279792667,18.649134501336313,22.49864944036456,-0.06461693346500397,52,2.0797980279792667,18.649134501336313,22.49864944036456,-0.01503759529441595,52,2.0797980279792667,18.649134501336313,22.49864944036456,-0.18230584263801575,13,2.0797980279792667,18.649134501336313,22.49864944036456,0.28500000000000003,128,7.711546198681338,41.21199946489436,55.49704268963926,1.56,624,6.953248491503427,23.546747099200253,34.749131349410796,0.985,624,6.953248491503427,23.546747099200253,34.749131349410796,,,,,,,,,,,8.064489364624023,44,28.306411434744845,55.852195301984636,67.95450828154688,2.1650723218917847,44,28.306411434744845,55.852195301984636,67.95450828154688,238.11492156982422,44,28.306411434744845,55.852195301984636,67.95450828154688,0.38802923262119293,44,28.306411434744845,55.852195301984636,67.95450828154688,1.6512259244918823,44,28.306411434744845,55.852195301984636,67.95450828154688
2024-12-04,19.05038356781006,52,2.0797980279792667,18.649134501336313,22.49864944036456,36.543466567993164,52,2.0797980279792667,18.649134501336313,22.49864944036456,-0.02923474833369255,52,2.0797980279792667,18.649134501336313,22.49864944036456,-0.04393693059682846,52,2.0797980279792667,18.649134501336313,22.49864944036456,-0.1678854525089264,13,2.0797980279792667,18.649134501336313,22.49864944036456,1.53,128,7.711546198681338,41.21199946489436,55.49704268963926,2.755,624,6.953248491503427,23.546747099200253,34.749131349410796,-2.6550000000000002,624,6.953248491503427,23.546747099200253,34.749131349410796,,,,,,,,,,,8.065587520599365,44,28.306411434744845,55.852195301984636,67.95450828154688,2.1673351526260376,44,28.306411434744845,55.852195301984636,67.95450828154688,236.87632751464844,44,28.306411434744845,55.852195301984636,67.95450828154688,0.3675704449415207,44,28.306411434744845,55.852195301984636,67.95450828154688,1.434130609035492,44,28.306411434744845,55.852195301984636,67.95450828154688
2024-12-05,18.88193702697754,52,2.0797980279792667,18.649134501336313,22.49864944036456,36.527400970458984,52,2.0797980279792667,18.649134501336313,22.49864944036456,0.022122135385870934,52,2.0797980279792667,18.649134501336313,22.49864944036456,-0.042739348486065865,52,2.0797980279792667,18.649134501336313,22.49864944036456,-0.20000697672367096,13,2.0797980279792667,18.649134501336313,22.49864944036456,1.78,128,7.711546198681338,41.21199946489436,55.49704268963926,4.22,624,6.953248491503427,23.546747099200253,34.749131349410796,-1.1,624,6.953248491503427,23.546747099200253,34.749131349410796,,,,,,,,,,,8.067976474761963,44,28.306411434744845,55.852195301984636,67.95450828154688,2.1688334941864014,44,28.306411434744845,55.852195301984636,67.95450828154688,236.2189178466797,44,28.306411434744845,55.852195301984636,67.95450828154688,0.3877657651901245,44,28.306411434744845,55.852195301984636,67.95450828154688,1.4484038352966309,44,28.306411434744845,55.852195301984636,67.95450828154688
2024-12-06,18.722444534301758,52,2.0797980279792667,18.649134501336313,22.49864944036456,36.50437545776367,52,2.0797980279792667,18.649134501336313,22.49864944036456,0.09224722534418106,52,2.0797980279792667,18.649134501336313,22.49864944036456,-0.013820672407746315,52,2.0797980279792667,18.649134501336313,22.49864944036456,-0.18889747560024261,13,2.0797980279792667,18.649134501336313,22.49864944036456,1.3900000000000001,128,7.711546198681338,41.21199946489436,55.49704268963926,5.12,624,6.953248491503427,23.546747099200253,34.749131349410796,0.475,624,6.953248491503427,23.546747099200253,34.749131349410796,,,,,,,,,,,8.07008409500122,44,28.306411434744845,55.852195301984636,67.95450828154688,2.168956995010376,44,28.306411434744845,55.852195301984636,67.95450828154688,236.4359130859375,44,28.306411434744845,55.852195301984636,67.95450828154688,0.4312608540058136,44,28.306411434744845,55.852195301984636,67.95450828154688,1.6398780941963196,44,28.306411434744845,55.852195301984636,67.95450828154688
2024-12-07,18.6403226852417,52,2.0797980279792667,18.649134501336313,22.49864944036456,36.47867012023926,52,2.0797980279792667,18.649134501336313,22.49864944036456,0.14468403160572052,52,2.0797980279792667,18.649134501336313,22.49864944036456,-0.0204059649258852,52,2.0797980279792667,18.649134501336313,22.49864944036456,-0.204531729221344,13,2.0797980279792667,18.649134501336313,22.49864944036456,1.09,128,7.711546198681338,41.21199946489436,55.49704268963926,3.965,624,6.953248491503427,23.546747099200253,34.749131349410796,1.2349999999999999,624,6.953248491503427,23.546747099200253,34.749131349410796,,,,,,,,,,,8.072540283203125,44,28.306411434744845,55.852195301984636,67.95450828154688,2.1707435846328735,44,28.306411434744845,55.852195301984636,67.95450828154688,236.54266357421875,44,28.306411434744845,55.852195301984636,67.95450828154688,0.45334264636039734,44,28.306411434744845,55.852195301984636,67.95450828154688,1.7710820436477661,44,28.306411434744845,55.852195301984636,67.95450828154688
2024-12-08,18.45253086090088,52,2.0797980279792667,18.649134501336313,22.49864944036456,36.458574295043945,52,2.0797980279792667,18.649134501336313,22.49864944036456,0.0645725354552269,52,2.0797980279792667,18.649134501336313,22.49864944036456,-0.057520417496562004,52,2.0797980279792667,18.649134501336313,22.49864944036456,-0.22548066079616547,13,2.0797980279792667,18.649134501336313,22.49864944036456,3.34,128,7.711546198681338,41.21199946489436,55.49704268963926,6.995,624,6.953248491503427,23.546747099200253,34.749131349410796,-3.875,624,6.953248491503427,23.546747099200253,34.749131349410796,,,,,,,,,,,8.074955940246582,44,28.306411434744845,55.852195301984636,67.95450828154688,2.1732782125473022,44,28.306411434744845,55.852195301984636,67.95450828154688,236.25463104248047,44,28.306411434744845,55.852195301984636,67.95450828154688,0.461436003446579,44,28.306411434744845,55.852195301984636,67.95450828154688,1.773925006389618,44,28.306411434744845,55.852195301984636,67.95450828154688
2024-12-09,18.245820999145508,52,2.0797980279792667,18.649134501336313,22.49864944036456,36.44572448730469,52,2.0797980279792667,18.649134501336313,22.49864944036456,0.04505249299108982,52,2.0797980279792667,18.649134501336313,22.49864944036456,-0.014225291553884745,52,2.0797980279792667,18.649134501336313,22.49864944036456,-0.23679539561271667,13,2.0797980279792667,18.649134501336313,22.49864944036456,2.17,128,7.711546198681338,41.21199946489436,55.49704268963926,7.055,624,6.953248491503427,23.546747099200253,34.749131349410796,-0.43,624,6.953248491503427,23.546747099200253,34.749131349410796,,,,,,,,,,,8.07944107055664,44,28.306411434744845,55.852195301984636,67.95450828154688,2.1762810945510864,44,28.306411434744845,55.852195301984636,67.95450828154688,236.1784210205078,44,28.306411434744845,55.852195301984636,67.95450828154688,0.4670611321926117,44,28.306411434744845,55.852195301984636,67.95450828154688,1.7998658418655396,44,28.306411434744845,55.852195301984636,67.95450828154688
2024-12-10,18.104772567749023,52,2.0797980279792667,18.649134501336313,22.49864944036456,36.445838928222656,52,2.0797980279792667,18.649134501336313,22.49864944036456,0.061947811394929886,52,2.0797980279792667,18.649134501336313,22.49864944036456,-0.014020091854035854,52,2.0797980279792667,18.649134501336313,22.49864944036456,-0.25324591994285583,13,2.0797980279792667,18.649134501336313,22.49864944036456,1.3900000000000001,128,7.711546198681338,41.21199946489436,55.49704268963926,4.39,624,6.953248491503427,23.546747099200253,34.749131349410796,1.68,624,6.953248491503427,23.546747099200253,34.749131349410796,,,,,,,,,,,8.083016872406006,44,28.306411434744845,55.852195301984636,67.95450828154688,2.178987979888916,44,28.306411434744845,55.852195301984636,67.95450828154688,236.4573745727539,44,28.306411434744845,55.852195301984636,67.95450828154688,0.4721103310585022,44,28.306411434744845,55.852195301984636,67.95450828154688,1.776908814907074,44,28.306411434744845,55.852195301984636,67.95450828154688
2024-12-11,18.028162956237793,52,2.0797980279792667,18.649134501336313,22.49864944036456,36.4510555267334,52,2.0797980279792667,18.649134501336313,22.49864944036456,0.013146267738193274,52,2.0797980279792667,18.649134501336313,22.49864944036456,0.002779012080281973,52,2.0797980279792667,18.649134501336313,22.49864944036456,-0.25037717819213867,13,2.0797980279792667,18.649134501336313,22.49864944036456,0.79,128,7.711546198681338,41.21199946489436,55.49704268963926,-1.2850000000000001,624,6.953248491503427,23.546747099200253,34.749131349410796,1.6300000000000001,624,6.953248491503427,23.546747099200253,34.749131349410796,,,,,,,,,,,8.084603786468506,44,28.306411434744845,55.852195301984636,67.95450828154688,2.180667519569397,44,28.306411434744845,55.852195301984636,67.95450828154688,236.9637451171875,44,28.306411434744845,55.852195301984636,67.95450828154688,0.4779421240091324,44,28.306411434744845,55.852195301984636,67.95450828154688,1.8234053254127502,44,28.306411434744845,55.852195301984636,67.95450828154688
2024-12-12,17.967845916748047,52,2.0797980279792667,18.649134501336313,22.49864944036456,36.4580135345459,52,2.0797980279792667,18.649134501336313,22.49864944036456,0.05362818203866482,52,2.0797980279792667,18.649134501336313,22.49864944036456,-0.01632207166403532,52,2.0797980279792667,18.649134501336313,22.49864944036456,-0.23561425507068634,13,2.0797980279792667,18.649134501336313,22.49864944036456,0.71,128,7.711546198681338,41.21199946489436,55.49704268963926,0.1,624,6.953248491503427,23.546747099200253,34.749131349410796,1.61,624,6.953248491503427,23.546747099200253,34.749131349410796,,,,,,,,,,,8.086260795593262,44,28.306411434744845,55.852195301984636,67.95450828154688,2.1823006868362427,44,28.306411434744845,55.852195301984636,67.95450828154688,237.40372467041016,44,28.306411434744845,55.852195301984636,67.95450828154688,0.47998349368572235,44,28.306411434744845,55.852195301984636,67.95450828154688,1.8755019307136536,44,28.306411434744845,55.852195301984636,67.95450828154688
2024-12-13,17.9721736907959,52,2.0797980279792667,18.649134501336313,22.49864944036456,36.464948654174805,52,2.0797980279792667,18.649134501336313,22.49864944036456,0.04432898387312889,52,2.0797980279792667,18.649134501336313,22.49864944036456,-0.020359478890895844,52,2.0797980279792667,18.649134501336313,22.49864944036456,-0.245769202709198,13,2.0797980279792667,18.649134501336313,22.49864944036456,0.46,128,7.711546198681338,41.21199946489436,55.49704268963926,-0.32,624,6.953248491503427,23.546747099200253,34.749131349410796,0.71,624,6.953248491503427,23.546747099200253,34.749131349410796,,,,,,,,,,,8.088055610656738,44,28.306411434744845,55.852195301984636,67.95450828154688,2.1840224266052246,44,28.306411434744845,55.852195301984636,67.95450828154688,237.85067749023438,44,28.306411434744845,55.852195301984636,67.95450828154688,0.47201623022556305,44,28.306411434744845,55.852195301984636,67.95450828154688,1.8942219018936157,44,28.306411434744845,55.852195301984636,67.95450828154688
2024-12-14,17.95359992980957,52,2.0797980279792667,18.649134501336313,22.49864944036456,36.47835159301758,52,2.0797980279792667,18.649134501336313,22.49864944036456,0.03315712511539459,52,2.0797980279792667,18.649134501336313,22.49864944036456,-0.02721336856484413,52,2.0797980279792667,18.649134501336313,22.49864944036456,-0.262504905462265,13,2.0797980279792667,18.649134501336313,22.49864944036456,0.66,128,7.711546198681338,41.21199946489436,55.49704268963926,0.22,624,6.953248491503427,23.546747099200253,34.749131349410796,0.1,624,6.953248491503427,23.546747099200253,34.749131349410796,,,,,,,,,,,8.088743209838867,44,28.306411434744845,55.852195301984636,67.95450828154688,2.1856093406677246,44,28.306411434744845,55.852195301984636,67.95450828154688,237.99459838867188,44,28.306411434744845,55.852195301984636,67.95450828154688,0.4525560736656189,44,28.306411434744845,55.852195301984636,67.95450828154688,1.783141016960144,44,28.306411434744845,55.852195301984636,67.95450828154688
2024-12-15,17.901437759399414,52,2.0797980279792667,18.649134501336313,22.49864944036456,36.49752616882324,52,2.0797980279792667,18.649134501336313,22.49864944036456,0.020506962202489376,52,2.0797980279792667,18.649134501336313,22.49864944036456,-0.025970241986215115,52,2.0797980279792667,18.649134501336313,22.49864944036456,-0.2863594591617584,13,2.0797980279792667,18.649134501336313,22.49864944036456,0.76,128,7.711546198681338,41.21199946489436,55.49704268963926,1.2149999999999999,624,6.953248491503427,23.546747099200253,34.749131349410796,-0.93,624,6.953248491503427,23.546747099200253,34.749131349410796,,,,,,,,,,,8.088665962219238,44,28.306411434744845,55.852195301984636,67.95450828154688,2.1870514154434204,44,28.306411434744845,55.852195301984636,67.95450828154688,238.07940673828125,44,28.306411434744845,55.852195301984636,67.95450828154688,0.4302292764186859,44,28.306411434744845,55.852195301984636,67.95450828154688,1.6592387557029724,44,28.306411434744845,55.852195301984636,67.95450828154688
2024-12-16,17.905807495117188,52,2.0797980279792667,18.649134501336313,22.49864944036456,36.51009178161621,52,2.0797980279792667,18.649134501336313,22.49864944036456,0.04076885059475899,52,2.0797980279792667,18.649134501336313,22.49864944036456,-0.0070393625646829605,52,2.0797980279792667,18.649134501336313,22.49864944036456,-0.2866896390914917,13,2.0797980279792667,18.649134501336313,22.49864944036456,1.335,128,7.711546198681338,41.21199946489436,55.49704268963926,-2.9,624,6.953248491503427,23.546747099200253,34.749131349410796,0.21,624,6.953248491503427,23.546747099200253,34.749131349410796,,,,,,,,,,,8.088560104370117,44,28.306411434744845,55.852195301984636,67.95450828154688,2.188290596008301,44,28.306411434744845,55.852195301984636,67.95450828154688,238.10247802734375,44,28.306411434744845,55.852195301984636,67.95450828154688,0.41895782947540283,44,28.306411434744845,55.852195301984636,67.95450828154688,1.5719407200813293,44,28.306411434744845,55.852195301984636,67.95450828154688
2024-12-17,17.93628978729248,52,2.0797980279792667,18.649134501336313,22.49864944036456,36.52044868469238,52,2.0797980279792667,18.649134501336313,22.49864944036456,0.04489035718142986,52,2.0797980279792667,18.649134501336313,22.49864944036456,-0.013485317584127188,52,2.0797980279792667,18.649134501336313,22.49864944036456,-0.3049338161945343,13,2.0797980279792667,18.649134501336313,22.49864944036456,0.51,128,7.711546198681338,41.21199946489436,55.49704268963926,-0.8300000000000001,624,6.953248491503427,23.546747099200253,34.749131349410796,1.05,624,6.953248491503427,23.546747099200253,34.749131349410796,,,,,,,,,,,8.088851928710938,44,28.306411434744845,55.852195301984636,67.95450828154688,2.1883658170700073,44,28.306411434744845,55.852195301984636,67.95450828154688,238.2997817993164,44,28.306411434744845,55.852195301984636,67.95450828154688,0.4241962283849716,44,28.306411434744845,55.852195301984636,67.95450828154688,1.5878878831863403,44,28.306411434744845,55.852195301984636,67.95450828154688
2024-12-18,17.938639640808105,52,2.0797980279792667,18.649134501336313,22.49864944036456,36.529266357421875,52,2.0797980279792667,18.649134501336313,22.49864944036456,0.03335506469011307,52,2.0797980279792667,18.649134501336313,22.49864944036456,-0.017076777294278145,52,2.0797980279792667,18.649134501336313,22.49864944036456,-0.3074451982975006,13,2.0797980279792667,18.649134501336313,22.49864944036456,0.25,128,7.711546198681338,41.21199946489436,55.49704268963926,0.8250000000000001,624,6.953248491503427,23.546747099200253,34.749131349410796,1.93,624,6.953248491503427,23.546747099200253,34.749131349410796,,,,,,,,,,,8.08869981765747,44,28.306411434744845,55.852195301984636,67.95450828154688,2.188788652420044,44,28.306411434744845,55.852195301984636,67.95450828154688,238.52452850341797,44,28.306411434744845,55.852195301984636,67.95450828154688,0.4276280552148819,44,28.306411434744845,55.852195301984636,67.95450828154688,1.6372432708740234,44,28.306411434744845,55.852195301984636,67.95450828154688
2024-12-19,17.878090858459473,52,2.0797980279792667,18.649134501336313,22.49864944036456,36.53418159484863,52,2.0797980279792667,18.649134501336313,22.49864944036456,0.00033914971572812647,52,2.0797980279792667,18.649134501336313,22.49864944036456,-0.01178681943565607,52,2.0797980279792667,18.649134501336313,22.49864944036456,-0.3125980794429779,13,2.0797980279792667,18.649134501336313,22.49864944036456,0.615,128,7.711546198681338,41.21199946489436,55.49704268963926,2.5999999999999996,624,6.953248491503427,23.546747099200253,34.749131349410796,2.27,624,6.953248491503427,23.546747099200253,34.749131349410796,,,,,,,,,,,8.088119506835938,44,28.306411434744845,55.852195301984636,67.95450828154688,2.18883740901947,44,28.306411434744845,55.852195301984636,67.95450828154688,238.55322265625,44,28.306411434744845,55.852195301984636,67.95450828154688,0.41151952743530273,44,28.306411434744845,55.852195301984636,67.95450828154688,1.5651711225509644,44,28.306411434744845,55.852195301984636,67.95450828154688
2024-12-20,17.811734199523926,52,2.0797980279792667,18.649134501336313,22.49864944036456,36.535654067993164,52,2.0797980279792667,18.649134501336313,22.49864944036456,-0.04119021259248257,52,2.0797980279792667,18.649134501336313,22.49864944036456,-0.016484618186950684,52,2.0797980279792667,18.649134501336313,22.49864944036456,-0.335261732339859,13,2.0797980279792667,18.649134501336313,22.49864944036456,1.5750000000000002,128,7.711546198681338,41.21199946489436,55.49704268963926,2.58,624,6.953248491503427,23.546747099200253,34.749131349410796,-2.125,624,6.953248491503427,23.546747099200253,34.749131349410796,,,,,,,,,,,8.088892459869385,44,28.306411434744845,55.852195301984636,67.95450828154688,2.189561128616333,44,28.306411434744845,55.852195301984636,67.95450828154688,238.63077545166016,44,28.306411434744845,55.852195301984636,67.95450828154688,0.3971521407365799,44,28.306411434744845,55.852195301984636,67.95450828154688,1.520686686038971,44,28.306411434744845,55.852195301984636,67.95450828154688
2024-12-21,17.756566047668457,52,2.0797980279792667,18.649134501336313,22.49864944036456,36.544429779052734,52,2.0797980279792667,18.649134501336313,22.49864944036456,0.0022705894662067294,52,2.0797980279792667,18.649134501336313,22.49864944036456,0.0010582815448287874,52,2.0797980279792667,18.649134501336313,22.49864944036456,-0.3278566896915436,13,2.0797980279792667,18.649134501336313,22.49864944036456,1.51,128,7.711546198681338,41.21199946489436,55.49704268963926,-0.035,624,6.953248491503427,23.546747099200253,34.749131349410796,0.26,624,6.953248491503427,23.546747099200253,34.749131349410796,,,,,,,,,,,8.089887619018555,44,28.306411434744845,55.852195301984636,67.95450828154688,2.190050482749939,44,28.306411434744845,55.852195301984636,67.95450828154688,238.64949798583984,44,28.306411434744845,55.852195301984636,67.95450828154688,0.4017178565263748,44,28.306411434744845,55.852195301984636,67.95450828154688,1.5560374855995178,44,28.306411434744845,55.852195301984636,67.95450828154688
2024-12-22,17.684008598327637,52,2.0797980279792667,18.649134501336313,22.49864944036456,36.55070114135742,52,2.0797980279792667,18.649134501336313,22.49864944036456,0.04080589674413204,52,2.0797980279792667,18.649134501336313,22.49864944036456,0.01803346909582615,52,2.0797980279792667,18.649134501336313,22.49864944036456,-0.3253779411315918,13,2.0797980279792667,18.649134501336313,22.49864944036456,0.9,128,7.711546198681338,41.21199946489436,55.49704268963926,2.7600000000000002,624,6.953248491503427,23.546747099200253,34.749131349410796,1.725,624,6.953248491503427,23.546747099200253,34.749131349410796,,,,,,,,,,,8.090265274047852,44,28.306411434744845,55.852195301984636,67.95450828154688,2.191079020500183,44,28.306411434744845,55.852195301984636,67.95450828154688,238.74867248535156,44,28.306411434744845,55.852195301984636,67.95450828154688,0.39894823729991913,44,28.306411434744845,55.852195301984636,67.95450828154688,1.540262520313263,44,28.306411434744845,55.852195301984636,67.95450828154688
2024-12-23,17.6359281539917,52,2.0797980279792667,18.649134501336313,22.49864944036456,36.55648231506348,52,2.0797980279792667,18.649134501336313,22.49864944036456,0.10715270414948463,52,2.0797980279792667,18.649134501336313,22.49864944036456,-0.0003536668373271823,52,2.0797980279792667,18.649134501336313,22.49864944036456,-0.3343160152435303,13,2.0797980279792667,18.649134501336313,22.49864944036456,2.3,128,7.711546198681338,41.21199946489436,55.49704268963926,2.56,624,6.953248491503427,23.546747099200253,34.749131349410796,-2.785,624,6.953248491503427,23.546747099200253,34.749131349410796,,,,,,,,,,,8.09102725982666,44,28.306411434744845,55.852195301984636,67.95450828154688,2.192070722579956,44,28.306411434744845,55.852195301984636,67.95450828154688,238.6432113647461,44,28.306411434744845,55.852195301984636,67.95450828154688,0.3937457799911499,44,28.306411434744845,55.852195301984636,67.95450828154688,1.5280924439430237,44,28.306411434744845,55.852195301984636,67.95450828154688
2024-12-24,17.513972282409668,52,2.0797980279792667,18.649134501336313,22.49864944036456,36.55483055114746,52,2.0797980279792667,18.649134501336313,22.49864944036456,0.07484092190861702,52,2.0797980279792667,18.649134501336313,22.49864944036456,0.010425987653434277,52,2.0797980279792667,18.649134501336313,22.49864944036456,-0.30495485663414,13,2.0797980279792667,18.649134501336313,22.49864944036456,2.74,128,7.711546198681338,41.21199946489436,55.49704268963926,2.535,624,6.953248491503427,23.546747099200253,34.749131349410796,-2.16,624,6.953248491503427,23.546747099200253,34.749131349410796,,,,,,,,,,,8.092267036437988,44,28.306411434744845,55.852195301984636,67.95450828154688,2.193521022796631,44,28.306411434744845,55.852195301984636,67.95450828154688,238.45620727539062,44,28.306411434744845,55.852195301984636,67.95450828154688,0.3756074756383896,44,28.306411434744845,55.852195301984636,67.95450828154688,1.4298660159111023,44,28.306411434744845,55.852195301984636,67.95450828154688
2024-12-25,17.42784881591797,52,2.0797980279792667,18.649134501336313,22.49864944036456,36.561588287353516,52,2.0797980279792667,18.649134501336313,22.49864944036456,0.041197529062628746,52,2.0797980279792667,18.649134501336313,22.49864944036456,0.053281981498003006,52,2.0797980279792667,18.649134501336313,22.49864944036456,-0.2890203595161438,13,2.0797980279792667,18.649134501336313,22.49864944036456,1.6600000000000001,128,7.711546198681338,41.21199946489436,55.49704268963926,-0.61,624,6.953248491503427,23.546747099200253,34.749131349410796,-1.76,624,6.953248491503427,23.546747099200253,34.749131349410796,,,,,,,,,,,8.093076705932617,44,28.306411434744845,55.852195301984636,67.95450828154688,2.194681406021118,44,28.306411434744845,55.852195301984636,67.95450828154688,238.55078887939453,44,28.306411434744845,55.852195301984636,67.95450828154688,0.37911257147789,44,28.306411434744845,55.852195301984636,67.95450828154688,1.4363725781440735,44,28.306411434744845,55.852195301984636,67.95450828154688
2024-12-26,17.27013111114502,52,2.0797980279792667,18.649134501336313,22.49864944036456,36.57435989379883,52,2.0797980279792667,18.649134501336313,22.49864944036456,0.08529551327228546,52,2.0797980279792667,18.649134501336313,22.49864944036456,0.045921122655272484,52,2.0797980279792667,18.649134501336313,22.49864944036456,-0.29091423749923706,13,2.0797980279792667,18.649134501336313,22.49864944036456,0.89,128,7.711546198681338,41.21199946489436,55.49704268963926,0.67,624,6.953248491503427,23.546747099200253,34.749131349410796,-0.18,624,6.953248491503427,23.546747099200253,34.749131349410796,,,,,,,,,,,8.094030857086182,44,28.306411434744845,55.852195301984636,67.95450828154688,2.195365786552429,44,28.306411434744845,55.852195301984636,67.95450828154688,238.86132049560547,44,28.306411434744845,55.852195301984636,67.95450828154688,0.39659540355205536,44,28.306411434744845,55.852195301984636,67.95450828154688,1.5147197842597961,44,28.306411434744845,55.852195301984636,67.95450828154688
2024-12-27,17.16590118408203,52,2.0797980279792667,18.649134501336313,22.49864944036456,36.57527542114258,52,2.0797980279792667,18.649134501336313,22.49864944036456,0.08225192129611969,52,2.0797980279792667,18.649134501336313,22.49864944036456,0.03878888487815857,52,2.0797980279792667,18.649134501336313,22.49864944036456,-0.3027116358280182,13,2.0797980279792667,18.649134501336313,22.49864944036456,0.98,128,7.711546198681338,41.21199946489436,55.49704268963926,-0.76,624,6.953248491503427,23.546747099200253,34.749131349410796,-0.585,624,6.953248491503427,23.546747099200253,34.749131349410796,,,,,,,,,,,8.095030307769775,44,28.306411434744845,55.852195301984636,67.95450828154688,2.1957885026931763,44,28.306411434744845,55.852195301984636,67.95450828154688,239.1219024658203,44,28.306411434744845,55.852195301984636,67.95450828154688,0.4126925617456436,44,28.306411434744845,55.852195301984636,67.95450828154688,1.6016126871109009,44,28.306411434744845,55.852195301984636,67.95450828154688
2024-12-28,17.132631301879883,52,2.0797980279792667,18.649134501336313,22.49864944036456,36.581214904785156,52,2.0797980279792667,18.649134501336313,22.49864944036456,0.07387864217162132,52,2.0797980279792667,18.649134501336313,22.49864944036456,0.031941795721650124,52,2.0797980279792667,18.649134501336313,22.49864944036456,-0.3240995407104492,13,2.0797980279792667,18.649134501336313,22.49864944036456,0.62,128,7.711546198681338,41.21199946489436,55.49704268963926,-0.9400000000000001,624,6.953248491503427,23.546747099200253,34.749131349410796,0.595,624,6.953248491503427,23.546747099200253,34.749131349410796,,,,,,,,,,,8.095800876617432,44,28.306411434744845,55.852195301984636,67.95450828154688,2.19614040851593,44,28.306411434744845,55.852195301984636,67.95450828154688,239.40582275390625,44,28.306411434744845,55.852195301984636,67.95450828154688,0.4181409031152725,44,28.306411434744845,55.852195301984636,67.95450828154688,1.6552147269248962,44,28.306411434744845,55.852195301984636,67.95450828154688
2024-12-29,17.109256744384766,52,2.0797980279792667,18.649134501336313,22.49864944036456,36.57478332519531,52,2.0797980279792667,18.649134501336313,22.49864944036456,0.05568202957510948,52,2.0797980279792667,18.649134501336313,22.49864944036456,0.023985477164387703,52,2.0797980279792667,18.649134501336313,22.49864944036456,-0.33534476161003113,13,2.0797980279792667,18.649134501336313,22.49864944036456,0.39,128,7.711546198681338,41.21199946489436,55.49704268963926,-1.85,624,6.953248491503427,23.546747099200253,34.749131349410796,0.5,624,6.953248491503427,23.546747099200253,34.749131349410796,,,,,,,,,,,8.09653091430664,44,28.306411434744845,55.852195301984636,67.95450828154688,2.1966774463653564,44,28.306411434744845,55.852195301984636,67.95450828154688,239.7250747680664,44,28.306411434744845,55.852195301984636,67.95450828154688,0.42053283751010895,44,28.306411434744845,55.852195301984636,67.95450828154688,1.6897776126861572,44,28.306411434744845,55.852195301984636,67.95450828154688
2024-12-30,17.063529014587402,52,2.0797980279792667,18.649134501336313,22.49864944036456,36.57017707824707,52,2.0797980279792667,18.649134501336313,22.49864944036456,0.03501899912953377,52,2.0797980279792667,18.649134501336313,22.49864944036456,0.017683629877865314,52,2.0797980279792667,18.649134501336313,22.49864944036456,-0.34586095809936523,13,2.0797980279792667,18.649134501336313,22.49864944036456,0.28,128,7.711546198681338,41.21199946489436,55.49704268963926,-1.405,624,6.953248491503427,23.546747099200253,34.749131349410796,0.8200000000000001,624,6.953248491503427,23.546747099200253,34.749131349410796,,,,,,,,,,,8.097354888916016,44,28.306411434744845,55.852195301984636,67.95450828154688,2.197024345397949,44,28.306411434744845,55.852195301984636,67.95450828154688,239.9689712524414,44,28.306411434744845,55.852195301984636,67.95450828154688,0.4201355278491974,44,28.306411434744845,55.852195301984636,67.95450828154688,1.6865198612213135,44,28.306411434744845,55.852195301984636,67.95450828154688
2024-12-31,17.019795417785645,52,2.0797980279792667,18.649134501336313,22.49864944036456,36.579633712768555,52,2.0797980279792667,18.649134501336313,22.49864944036456,0.005798940779641271,52,2.0797980279792667,18.649134501336313,22.49864944036456,0.026863809674978256,52,2.0797980279792667,18.649134501336313,22.49864944036456,-0.35178667306900024,13,2.0797980279792667,18.649134501336313,22.49864944036456,0.29,128,7.711546198681338,41.21199946489436,55.49704268963926,-1.065,624,6.953248491503427,23.546747099200253,34.749131349410796,1.2349999999999999,624,6.953248491503427,23.546747099200253,34.749131349410796,,,,,,,,,,,8.098241329193115,44,28.306411434744845,55.852195301984636,67.95450828154688,2.1972289085388184,44,28.306411434744845,55.852195301984636,67.95450828154688,240.08487701416016,44,28.306411434744845,55.852195301984636,67.95450828154688,0.4126540422439575,44,28.306411434744845,55.852195301984636,67.95450828154688,1.6703420281410217,44,28.306411434744845,55.852195301984636,67.95450828154688
2025-01-01,16.994853019714355,52,2.0797980279792667,18.649134501336313,22.49864944036456,36.59371566772461,52,2.0797980279792667,18.649134501336313,22.49864944036456,0.03414170257747173,52,2.0797980279792667,18.649134501336313,22.49864944036456,0.021496888250112534,52,2.0797980279792667,18.649134501336313,22.49864944036456,-0.35514792799949646,13,2.0797980279792667,18.649134501336313,22.49864944036456,0.37,128,7.711546198681338,41.21199946489436,55.49704268963926,-0.41500000000000004,624,6.953248491503427,23.546747099200253,34.749131349410796,-0.035,624,6.953248491503427,23.546747099200253,34.749131349410796,,,,,,,,,,,8.097603797912598,44,28.306411434744845,55.852195301984636,67.95450828154688,2.1976605653762817,44,28.306411434744845,55.852195301984636,67.95450828154688,240.33769989013672,44,28.306411434744845,55.852195301984636,67.95450828154688,0.4126627892255783,44,28.306411434744845,55.852195301984636,67.95450828154688,1.6394662857055664,44,28.306411434744845,55.852195301984636,67.95450828154688
2025-01-02,16.94453716278076,52,2.0797980279792667,18.649134501336313,22.49864944036456,36.59956359863281,52,2.0797980279792667,18.649134501336313,22.49864944036456,0.10525846853852272,52,2.0797980279792667,18.649134501336313,22.49864944036456,0.021120349876582623,52,2.0797980279792667,18.649134501336313,22.49864944036456,-0.35783490538597107,13,2.0797980279792667,18.649134501336313,22.49864944036456,0.45,128,7.711546198681338,41.21199946489436,55.49704268963926,1.5950000000000002,624,6.953248491503427,23.546747099200253,34.749131349410796,0.15,624,6.953248491503427,23.546747099200253,34.749131349410796,,,,,,,,,,,8.097806453704834,44,28.306411434744845,55.852195301984636,67.95450828154688,2.1978118419647217,44,28.306411434744845,55.852195301984636,67.95450828154688,240.60076141357422,44,28.306411434744845,55.852195301984636,67.95450828154688,0.42586827278137207,44,28.306411434744845,55.852195301984636,67.95450828154688,1.7028672099113464,44,28.306411434744845,55.852195301984636,67.95450828154688
2025-01-03,16.853683471679688,52,2.0797980279792667,18.649134501336313,22.49864944036456,36.603708267211914,52,2.0797980279792667,18.649134501336313,22.49864944036456,0.20338308811187744,52,2.0797980279792667,18.649134501336313,22.49864944036456,0.017603631131350994,52,2.0797980279792667,18.649134501336313,22.49864944036456,-0.3497127890586853,13,2.0797980279792667,18.649134501336313,22.49864944036456,0.7050000000000001,128,7.711546198681338,41.21199946489436,55.49704268963926,3.6399999999999997,624,6.953248491503427,23.546747099200253,34.749131349410796,1.48,624,6.953248491503427,23.546747099200253,34.749131349410796,,,,,,,,,,,8.097908020019531,44,28.306411434744845,55.852195301984636,67.95450828154688,2.198669910430908,44,28.306411434744845,55.852195301984636,67.95450828154688,240.53812408447266,44,28.306411434744845,55.852195301984636,67.95450828154688,0.41194094717502594,44,28.306411434744845,55.852195301984636,67.95450828154688,1.6242475509643555,44,28.306411434744845,55.852195301984636,67.95450828154688
2025-01-04,16.762709617614746,52,2.0797980279792667,18.649134501336313,22.49864944036456,36.596872329711914,52,2.0797980279792667,18.649134501336313,22.49864944036456,0.23522500693798065,52,2.0797980279792667,18.649134501336313,22.49864944036456,0.018149795942008495,52,2.0797980279792667,18.649134501336313,22.49864944036456,-0.32904645800590515,13,2.0797980279792667,18.649134501336313,22.49864944036456,1.0,128,7.711546198681338,41.21199946489436,55.49704268963926,1.9649999999999999,624,6.953248491503427,23.546747099200253,34.749131349410796,1.855,624,6.953248491503427,23.546747099200253,34.749131349410796,,,,,,,,,,,8.098176956176758,44,28.306411434744845,55.852195301984636,67.95450828154688,2.2000235319137573,44,28.306411434744845,55.852195301984636,67.95450828154688,240.57709503173828,44,28.306411434744845,55.852195301984636,67.95450828154688,0.42168520390987396,44,28.306411434744845,55.852195301984636,67.95450828154688,1.6342126727104187,44,28.306411434744845,55.852195301984636,67.95450828154688
2025-01-05,16.67662525177002,52,2.0797980279792667,18.649134501336313,22.49864944036456,36.589107513427734,52,2.0797980279792667,18.649134501336313,22.49864944036456,0.261078342795372,52,2.0797980279792667,18.649134501336313,22.49864944036456,0.04708663001656532,52,2.0797980279792667,18.649134501336313,22.49864944036456,-0.2974068522453308,13,2.0797980279792667,18.649134501336313,22.49864944036456,0.77,128,7.711546198681338,41.21199946489436,55.49704268963926,0.0,624,6.953248491503427,23.546747099200253,34.749131349410796,2.885,624,6.953248491503427,23.546747099200253,34.749131349410796,,,,,,,,,,,8.098822593688965,44,28.306411434744845,55.852195301984636,67.95450828154688,2.2013050317764282,44,28.306411434744845,55.852195301984636,67.95450828154688,240.74020385742188,44,28.306411434744845,55.852195301984636,67.95450828154688,0.4324842095375061,44,28.306411434744845,55.852195301984636,67.95450828154688,1.6343414187431335,44,28.306411434744845,55.852195301984636,67.95450828154688
2025-01-06,16.561203956604004,52,2.0797980279792667,18.649134501336313,22.49864944036456,36.58358573913574,52,2.0797980279792667,18.649134501336313,22.49864944036456,0.33912263810634613,52,2.0797980279792667,18.649134501336313,22.49864944036456,0.06529298424720764,52,2.0797980279792667,18.649134501336313,22.49864944036456,-0.26847395300865173,13,2.0797980279792667,18.649134501336313,22.49864944036456,0.8200000000000001,128,7.711546198681338,41.21199946489436,55.49704268963926,1.04,624,6.953248491503427,23.546747099200253,34.749131349410796,3.5,624,6.953248491503427,23.546747099200253,34.749131349410796,,,,,,,,,,,8.099711418151855,44,28.306411434744845,55.852195301984636,67.95450828154688,2.2025909423828125,44,28.306411434744845,55.852195301984636,67.95450828154688,240.57030487060547,44,28.306411434744845,55.852195301984636,67.95450828154688,0.4099482297897339,44,28.306411434744845,55.852195301984636,67.95450828154688,1.5349989533424377,44,28.306411434744845,55.852195301984636,67.95450828154688
2025-01-07,16.446154594421387,52,2.0797980279792667,18.649134501336313,22.49864944036456,36.6219596862793,52,2.0797980279792667,18.649134501336313,22.49864944036456,0.4286820888519287,52,2.0797980279792667,18.649134501336313,22.49864944036456,0.07431428506970406,52,2.0797980279792667,18.649134501336313,22.49864944036456,-0.2587360739707947,13,2.0797980279792667,18.649134501336313,22.49864944036456,1.83,128,7.711546198681338,41.21199946489436,55.49704268963926,5.73,624,6.953248491503427,23.546747099200253,34.749131349410796,0.01,624,6.953248491503427,23.546747099200253,34.749131349410796,,,,,,,,,,,8.100019931793213,44,28.306411434744845,55.852195301984636,67.95450828154688,2.2039482593536377,44,28.306411434744845,55.852195301984636,67.95450828154688,240.35059356689453,44,28.306411434744845,55.852195301984636,67.95450828154688,0.40632179379463196,44,28.306411434744845,55.852195301984636,67.95450828154688,1.5198304057121277,44,28.306411434744845,55.852195301984636,67.95450828154688
2025-01-08,16.435033798217773,52,2.0797980279792667,18.649134501336313,22.49864944036456,36.63427543640137,52,2.0797980279792667,18.649134501336313,22.49864944036456,0.4404442608356476,52,2.0797980279792667,18.649134501336313,22.49864944036456,0.0550961047410965,52,2.0797980279792667,18.649134501336313,22.49864944036456,-0.2619710862636566,13,2.0797980279792667,18.649134501336313,22.49864944036456,0.9450000000000001,128,7.711546198681338,41.21199946489436,55.49704268963926,0.52,624,6.953248491503427,23.546747099200253,34.749131349410796,2.265,624,6.953248491503427,23.546747099200253,34.749131349410796,,,,,,,,,,,8.100928783416748,44,28.306411434744845,55.852195301984636,67.95450828154688,2.2050892114639282,44,28.306411434744845,55.852195301984636,67.95450828154688,240.41294860839844,44,28.306411434744845,55.852195301984636,67.95450828154688,0.4256478101015091,44,28.306411434744845,55.852195301984636,67.95450828154688,1.592445433139801,44,28.306411434744845,55.852195301984636,67.95450828154688
2025-01-09,16.46971035003662,52,2.0797980279792667,18.649134501336313,22.49864944036456,36.65231513977051,52,2.0797980279792667,18.649134501336313,22.49864944036456,0.4518861621618271,52,2.0797980279792667,18.649134501336313,22.49864944036456,0.02179163321852684,52,2.0797980279792667,18.649134501336313,22.49864944036456,-0.23802590370178223,13,2.0797980279792667,18.649134501336313,22.49864944036456,1.2650000000000001,128,7.711546198681338,41.21199946489436,55.49704268963926,4.905,624,6.953248491503427,23.546747099200253,34.749131349410796,1.8250000000000002,624,6.953248491503427,23.546747099200253,34.749131349410796,,,,,,,,,,,8.10105037689209,44,28.306411434744845,55.852195301984636,67.95450828154688,2.2058844566345215,44,28.306411434744845,55.852195301984636,67.95450828154688,240.74769592285156,44,28.306411434744845,55.852195301984636,67.95450828154688,0.4193619638681412,44,28.306411434744845,55.852195301984636,67.95450828154688,1.6217917203903198,44,28.306411434744845,55.852195301984636,67.95450828154688
2025-01-10,16.588775634765625,52,2.0797980279792667,18.649134501336313,22.49864944036456,36.65366172790527,52,2.0797980279792667,18.649134501336313,22.49864944036456,0.36751869320869446,52,2.0797980279792667,18.649134501336313,22.49864944036456,0.02294258587062359,52,2.0797980279792667,18.649134501336313,22.49864944036456,-0.2468784749507904,13,2.0797980279792667,18.649134501336313,22.49864944036456,0.89,128,7.711546198681338,41.21199946489436,55.49704268963926,3.215,624,6.953248491503427,23.546747099200253,34.749131349410796,1.7,624,6.953248491503427,23.546747099200253,34.749131349410796,,,,,,,,,,,8.100822925567627,44,28.306411434744845,55.852195301984636,67.95450828154688,2.2050414085388184,44,28.306411434744845,55.852195301984636,67.95450828154688,241.150390625,44,28.306411434744845,55.852195301984636,67.95450828154688,0.4301595240831375,44,28.306411434744845,55.852195301984636,67.95450828154688,1.6427546739578247,44,28.306411434744845,55.852195301984636,67.95450828154688
2025-01-11,16.607683181762695,52,2.0797980279792667,18.649134501336313,22.49864944036456,36.64278793334961,52,2.0797980279792667,18.649134501336313,22.49864944036456,0.3044856935739517,52,2.0797980279792667,18.649134501336313,22.49864944036456,0.012355019804090261,52,2.0797980279792667,18.649134501336313,22.49864944036456,-0.2435952126979828,13,2.0797980279792667,18.649134501336313,22.49864944036456,1.28,128,7.711546198681338,41.21199946489436,55.49704268963926,6.5600000000000005,624,6.953248491503427,23.546747099200253,34.749131349410796,0.9550000000000001,624,6.953248491503427,23.546747099200253,34.749131349410796,,,,,,,,,,,8.100749969482422,44,28.306411434744845,55.852195301984636,67.95450828154688,2.204491376876831,44,28.306411434744845,55.852195301984636,67.95450828154688,241.5224838256836,44,28.306411434744845,55.852195301984636,67.95450828154688,0.429749459028244,44,28.306411434744845,55.852195301984636,67.95450828154688,1.6461687088012695,44,28.306411434744845,55.852195301984636,67.95450828154688
2025-01-12,16.62396812438965,52,2.0797980279792667,18.649134501336313,22.49864944036456,36.63724899291992,52,2.0797980279792667,18.649134501336313,22.49864944036456,0.17860078811645508,52,2.0797980279792667,18.649134501336313,22.49864944036456,0.008481338154524565,52,2.0797980279792667,18.649134501336313,22.49864944036456,-0.2617212235927582,13,2.0797980279792667,18.649134501336313,22.49864944036456,2.1799999999999997,128,7.711546198681338,41.21199946489436,55.49704268963926,-1.1,624,6.953248491503427,23.546747099200253,34.749131349410796,-4.575,624,6.953248491503427,23.546747099200253,34.749131349410796,,,,,,,,,,,8.10098123550415,44,28.306411434744845,55.852195301984636,67.95450828154688,2.203825354576111,44,28.306411434744845,55.852195301984636,67.95450828154688,241.9030990600586,44,28.306411434744845,55.852195301984636,67.95450828154688,0.41793686151504517,44,28.306411434744845,55.852195301984636,67.95450828154688,1.5902164578437805,44,28.306411434744845,55.852195301984636,67.95450828154688
2025-01-13,16.57962989807129,52,2.0797980279792667,18.649134501336313,22.49864944036456,36.6299934387207,52,2.0797980279792667,18.649134501336313,22.49864944036456,0.07319356873631477,52,2.0797980279792667,18.649134501336313,22.49864944036456,-0.0004623191198334098,52,2.0797980279792667,18.649134501336313,22.49864944036456,-0.2615237236022949,13,2.0797980279792667,18.649134501336313,22.49864944036456,2.825,128,7.711546198681338,41.21199946489436,55.49704268963926,-1.07,624,6.953248491503427,23.546747099200253,34.749131349410796,-5.715,624,6.953248491503427,23.546747099200253,34.749131349410796,,,,,,,,,,,8.10108757019043,44,28.306411434744845,55.852195301984636,67.95450828154688,2.2031710147857666,44,28.306411434744845,55.852195301984636,67.95450828154688,241.96925354003906,44,28.306411434744845,55.852195301984636,67.95450828154688,0.40187661349773407,44,28.306411434744845,55.852195301984636,67.95450828154688,1.5234056115150452,44,28.306411434744845,55.852195301984636,67.95450828154688
2025-01-14,16.528104782104492,52,2.0797980279792667,18.649134501336313,22.49864944036456,36.62220573425293,52,2.0797980279792667,18.649134501336313,22.49864944036456,0.05146060697734356,52,2.0797980279792667,18.649134501336313,22.49864944036456,0.008626596536487341,52,2.0797980279792667,18.649134501336313,22.49864944036456,-0.2947789132595062,13,2.0797980279792667,18.649134501336313,22.49864944036456,2.34,128,7.711546198681338,41.21199946489436,55.49704268963926,-0.9550000000000001,624,6.953248491503427,23.546747099200253,34.749131349410796,-2.19,624,6.953248491503427,23.546747099200253,34.749131349410796,,,,,,,,,,,8.101332664489746,44,28.306411434744845,55.852195301984636,67.95450828154688,2.2033627033233643,44,28.306411434744845,55.852195301984636,67.95450828154688,242.18047332763672,44,28.306411434744845,55.852195301984636,67.95450828154688,0.39116041362285614,44,28.306411434744845,55.852195301984636,67.95450828154688,1.4296165704727173,44,28.306411434744845,55.852195301984636,67.95450828154688
2025-01-15,16.496148109436035,52,2.0797980279792667,18.649134501336313,22.49864944036456,36.62678909301758,52,2.0797980279792667,18.649134501336313,22.49864944036456,0.009680814575403929,52,2.0797980279792667,18.649134501336313,22.49864944036456,0.004756985232234001,52,2.0797980279792667,18.649134501336313,22.49864944036456,-0.31173965334892273,13,2.0797980279792667,18.649134501336313,22.49864944036456,1.59,128,7.711546198681338,41.21199946489436,55.49704268963926,1.205,624,6.953248491503427,23.546747099200253,34.749131349410796,-0.23,624,6.953248491503427,23.546747099200253,34.749131349410796,,,,,,,,,,,8.101945400238037,44,28.306411434744845,55.852195301984636,67.95450828154688,2.2026718854904175,44,28.306411434744845,55.852195301984636,67.95450828154688,242.2647705078125,44,28.306411434744845,55.852195301984636,67.95450828154688,0.39881718158721924,44,28.306411434744845,55.852195301984636,67.95450828154688,1.459253966808319,44,28.306411434744845,55.852195301984636,67.95450828154688
2025-01-16,16.421655654907227,52,2.0797980279792667,18.649134501336313,22.49864944036456,36.628387451171875,52,2.0797980279792667,18.649134501336313,22.49864944036456,-0.018554733134806156,52,2.0797980279792667,18.649134501336313,22.49864944036456,0.005428755655884743,52,2.0797980279792667,18.649134501336313,22.49864944036456,-0.32052451372146606,13,2.0797980279792667,18.649134501336313,22.49864944036456,0.87,128,7.711546198681338,41.21199946489436,55.49704268963926,2.08,624,6.953248491503427,23.546747099200253,34.749131349410796,0.11,624,6.953248491503427,23.546747099200253,34.749131349410796,,,,,,,,,,,8.102486610412598,44,28.306411434744845,55.852195301984636,67.95450828154688,2.2027394771575928,44,28.306411434744845,55.852195301984636,67.95450828154688,242.2006607055664,44,28.306411434744845,55.852195301984636,67.95450828154688,0.4124344736337662,44,28.306411434744845,55.852195301984636,67.95450828154688,1.4625510573387146,44,28.306411434744845,55.852195301984636,67.95450828154688
2025-01-17,16.36897373199463,52,2.0797980279792667,18.649134501336313,22.49864944036456,36.63006401062012,52,2.0797980279792667,18.649134501336313,22.49864944036456,-0.041975947096943855,52,2.0797980279792667,18.649134501336313,22.49864944036456,-0.003908739658072591,52,2.0797980279792667,18.649134501336313,22.49864944036456,-0.30024346709251404,13,2.0797980279792667,18.649134501336313,22.49864944036456,0.9400000000000001,128,7.711546198681338,41.21199946489436,55.49704268963926,0.68,624,6.953248491503427,23.546747099200253,34.749131349410796,-0.78,624,6.953248491503427,23.546747099200253,34.749131349410796,,,,,,,,,,,8.103232383728027,44,28.306411434744845,55.852195301984636,67.95450828154688,2.203587770462036,44,28.306411434744845,55.852195301984636,67.95450828154688,242.22315216064453,44,28.306411434744845,55.852195301984636,67.95450828154688,0.41852006316185,44,28.306411434744845,55.852195301984636,67.95450828154688,1.5279847383499146,44,28.306411434744845,55.852195301984636,67.95450828154688
2025-01-18,16.27223014831543,52,2.0797980279792667,18.649134501336313,22.49864944036456,36.61614227294922,52,2.0797980279792667,18.649134501336313,22.49864944036456,-0.08907650783658028,52,2.0797980279792667,18.649134501336313,22.49864944036456,-0.02810733485966921,52,2.0797980279792667,18.649134501336313,22.49864944036456,-0.34244462847709656,13,2.0797980279792667,18.649134501336313,22.49864944036456,3.255,128,7.711546198681338,41.21199946489436,55.49704268963926,0.97,624,6.953248491503427,23.546747099200253,34.749131349410796,-6.390000000000001,624,6.953248491503427,23.546747099200253,34.749131349410796,,,,,,,,,,,8.103351593017578,44,28.306411434744845,55.852195301984636,67.95450828154688,2.2047096490859985,44,28.306411434744845,55.852195301984636,67.95450828154688,241.86004638671875,44,28.306411434744845,55.852195301984636,67.95450828154688,0.400765985250473,44,28.306411434744845,55.852195301984636,67.95450828154688,1.4211429953575134,44,28.306411434744845,55.852195301984636,67.95450828154688
2025-01-19,16.187400817871094,52,2.0797980279792667,18.649134501336313,22.49864944036456,36.6191291809082,52,2.0797980279792667,18.649134501336313,22.49864944036456,-0.01096027484163642,52,2.0797980279792667,18.649134501336313,22.49864944036456,-0.012569783721119165,52,2.0797980279792667,18.649134501336313,22.49864944036456,-0.35383355617523193,13,2.0797980279792667,18.649134501336313,22.49864944036456,1.995,128,7.711546198681338,41.21199946489436,55.49704268963926,4.73,624,6.953248491503427,23.546747099200253,34.749131349410796,-1.85,624,6.953248491503427,23.546747099200253,34.749131349410796,,,,,,,,,,,8.104231357574463,44,28.306411434744845,55.852195301984636,67.95450828154688,2.2065906524658203,44,28.306411434744845,55.852195301984636,67.95450828154688,241.5348129272461,44,28.306411434744845,55.852195301984636,67.95450828154688,0.405244916677475,44,28.306411434744845,55.852195301984636,67.95450828154688,1.4138952493667603,44,28.306411434744845,55.852195301984636,67.95450828154688
2025-01-20,16.18958568572998,52,2.0797980279792667,18.649134501336313,22.49864944036456,36.6220760345459,52,2.0797980279792667,18.649134501336313,22.49864944036456,-0.024169481359422207,52,2.0797980279792667,18.649134501336313,22.49864944036456,0.008043654961511493,52,2.0797980279792667,18.649134501336313,22.49864944036456,-0.35401350259780884,13,2.0797980279792667,18.649134501336313,22.49864944036456,1.07,128,7.711546198681338,41.21199946489436,55.49704268963926,0.2,624,6.953248491503427,23.546747099200253,34.749131349410796,1.6749999999999998,624,6.953248491503427,23.546747099200253,34.749131349410796,,,,,,,,,,,8.105456352233887,44,28.306411434744845,55.852195301984636,67.95450828154688,2.2069358825683594,44,28.306411434744845,55.852195301984636,67.95450828154688,242.01250457763672,44,28.306411434744845,55.852195301984636,67.95450828154688,0.45775066316127777,44,28.306411434744845,55.852195301984636,67.95450828154688,1.6599027514457703,44,28.306411434744845,55.852195301984636,67.95450828154688
2025-01-21,16.214290618896484,52,2.0797980279792667,18.649134501336313,22.49864944036456,36.6258430480957,52,2.0797980279792667,18.649134501336313,22.49864944036456,0.0655994825065136,52,2.0797980279792667,18.649134501336313,22.49864944036456,0.011935035232454538,52,2.0797980279792667,18.649134501336313,22.49864944036456,-0.3393252193927765,13,2.0797980279792667,18.649134501336313,22.49864944036456,0.67,128,7.711546198681338,41.21199946489436,55.49704268963926,-0.07,624,6.953248491503427,23.546747099200253,34.749131349410796,3.04,624,6.953248491503427,23.546747099200253,34.749131349410796,,,,,,,,,,,8.10576868057251,44,28.306411434744845,55.852195301984636,67.95450828154688,2.206439256668091,44,28.306411434744845,55.852195301984636,67.95450828154688,242.87925720214844,44,28.306411434744845,55.852195301984636,67.95450828154688,0.5048120319843292,44,28.306411434744845,55.852195301984636,67.95450828154688,1.9725995659828186,44,28.306411434744845,55.852195301984636,67.95450828154688
2025-01-22,16.16293239593506,52,2.0797980279792667,18.649134501336313,22.49864944036456,36.630632400512695,52,2.0797980279792667,18.649134501336313,22.49864944036456,0.13513793796300888,52,2.0797980279792667,18.649134501336313,22.49864944036456,0.013587746769189835,52,2.0797980279792667,18.649134501336313,22.49864944036456,-0.3168404698371887,13,2.0797980279792667,18.649134501336313,22.49864944036456,0.535,128,7.711546198681338,41.21199946489436,55.49704268963926,-0.16,624,6.953248491503427,23.546747099200253,34.749131349410796,3.49,624,6.953248491503427,23.546747099200253,34.749131349410796,,,,,,,,,,,8.106585025787354,44,28.306411434744845,55.852195301984636,67.95450828154688,2.205838680267334,44,28.306411434744845,55.852195301984636,67.95450828154688,243.80257415771484,44,28.306411434744845,55.852195301984636,67.95450828154688,0.5404884517192841,44,28.306411434744845,55.852195301984636,67.95450828154688,2.1647446155548096,44,28.306411434744845,55.852195301984636,67.95450828154688
2025-01-23,16.161799430847168,52,2.0797980279792667,18.649134501336313,22.49864944036456,36.63434410095215,52,2.0797980279792667,18.649134501336313,22.49864944036456,0.1670582816004753,52,2.0797980279792667,18.649134501336313,22.49864944036456,0.008952057920396328,52,2.0797980279792667,18.649134501336313,22.49864944036456,-0.30570217967033386,13,2.0797980279792667,18.649134501336313,22.49864944036456,0.35000000000000003,128,7.711546198681338,41.21199946489436,55.49704268963926,0.8250000000000001,624,6.953248491503427,23.546747099200253,34.749131349410796,1.8900000000000001,624,6.953248491503427,23.546747099200253,34.749131349410796,,,,,,,,,,,8.107836723327637,44,28.306411434744845,55.852195301984636,67.95450828154688,2.2055091857910156,44,28.306411434744845,55.852195301984636,67.95450828154688,244.8935089111328,44,28.306411434744845,55.852195301984636,67.95450828154688,0.5763583779335022,44,28.306411434744845,55.852195301984636,67.95450828154688,2.3549342155456543,44,28.306411434744845,55.852195301984636,67.95450828154688
2025-01-24,16.163981437683105,52,2.0797980279792667,18.649134501336313,22.49864944036456,36.63264274597168,52,2.0797980279792667,18.649134501336313,22.49864944036456,0.18990591913461685,52,2.0797980279792667,18.649134501336313,22.49864944036456,0.010641741566359997,52,2.0797980279792667,18.649134501336313,22.49864944036456,-0.30460354685783386,13,2.0797980279792667,18.649134501336313,22.49864944036456,0.265,128,7.711546198681338,41.21199946489436,55.49704268963926,-0.21,624,6.953248491503427,23.546747099200253,34.749131349410796,1.3800000000000001,624,6.953248491503427,23.546747099200253,34.749131349410796,,,,,,,,,,,8.108593463897705,44,28.306411434744845,55.852195301984636,67.95450828154688,2.2045687437057495,44,28.306411434744845,55.852195301984636,67.95450828154688,246.29595184326172,44,28.306411434744845,55.852195301984636,67.95450828154688,0.5883380770683289,44,28.306411434744845,55.852195301984636,67.95450828154688,2.5761510133743286,44,28.306411434744845,55.852195301984636,67.95450828154688
2025-01-25,16.16717529296875,52,2.0797980279792667,18.649134501336313,22.49864944036456,36.628639221191406,52,2.0797980279792667,18.649134501336313,22.49864944036456,0.21705643087625504,52,2.0797980279792667,18.649134501336313,22.49864944036456,-0.00566899636760354,52,2.0797980279792667,18.649134501336313,22.49864944036456,-0.2892317473888397,13,2.0797980279792667,18.649134501336313,22.49864944036456,0.34,128,7.711546198681338,41.21199946489436,55.49704268963926,0.43,624,6.953248491503427,23.546747099200253,34.749131349410796,2.545,624,6.953248491503427,23.546747099200253,34.749131349410796,,,,,,,,,,,8.109570026397705,44,28.306411434744845,55.852195301984636,67.95450828154688,2.2031569480895996,44,28.306411434744845,55.852195301984636,67.95450828154688,247.2973861694336,44,28.306411434744845,55.852195301984636,67.95450828154688,0.5738314688205719,44,28.306411434744845,55.852195301984636,67.95450828154688,2.569856882095337,44,28.306411434744845,55.852195301984636,67.95450828154688
2025-01-26,16.213212966918945,52,2.0797980279792667,18.649134501336313,22.49864944036456,36.6238956451416,52,2.0797980279792667,18.649134501336313,22.49864944036456,0.26056183874607086,52,2.0797980279792667,18.649134501336313,22.49864944036456,0.003131146775558591,52,2.0797980279792667,18.649134501336313,22.49864944036456,-0.2883760929107666,13,2.0797980279792667,18.649134501336313,22.49864944036456,0.735,128,7.711546198681338,41.21199946489436,55.49704268963926,0.715,624,6.953248491503427,23.546747099200253,34.749131349410796,1.34,624,6.953248491503427,23.546747099200253,34.749131349410796,,,,,,,,,,,8.11037540435791,44,28.306411434744845,55.852195301984636,67.95450828154688,2.2015310525894165,44,28.306411434744845,55.852195301984636,67.95450828154688,247.70915985107422,44,28.306411434744845,55.852195301984636,67.95450828154688,0.5186699628829956,44,28.306411434744845,55.852195301984636,67.95450828154688,2.3519502878189087,44,28.306411434744845,55.852195301984636,67.95450828154688
2025-01-27,16.168789863586426,52,2.0797980279792667,18.649134501336313,22.49864944036456,36.62965774536133,52,2.0797980279792667,18.649134501336313,22.49864944036456,0.31523072719573975,52,2.0797980279792667,18.649134501336313,22.49864944036456,0.020368541590869427,52,2.0797980279792667,18.649134501336313,22.49864944036456,-0.2691073715686798,13,2.0797980279792667,18.649134501336313,22.49864944036456,0.86,128,7.711546198681338,41.21199946489436,55.49704268963926,2.33,624,6.953248491503427,23.546747099200253,34.749131349410796,3.2,624,6.953248491503427,23.546747099200253,34.749131349410796,,,,,,,,,,,8.109680652618408,44,28.306411434744845,55.852195301984636,67.95450828154688,2.201062560081482,44,28.306411434744845,55.852195301984636,67.95450828154688,247.12618255615234,44,28.306411434744845,55.852195301984636,67.95450828154688,0.4635531008243561,44,28.306411434744845,55.852195301984636,67.95450828154688,1.9144867658615112,44,28.306411434744845,55.852195301984636,67.95450828154688
2025-01-28,16.106417655944824,52,2.0797980279792667,18.649134501336313,22.49864944036456,36.66792297363281,52,2.0797980279792667,18.649134501336313,22.49864944036456,0.4034257233142853,52,2.0797980279792667,18.649134501336313,22.49864944036456,0.01755022071301937,52,2.0797980279792667,18.649134501336313,22.49864944036456,-0.25501927733421326,13,2.0797980279792667,18.649134501336313,22.49864944036456,2.71,128,7.711546198681338,41.21199946489436,55.49704268963926,8.54,624,6.953248491503427,23.546747099200253,34.749131349410796,1.37,624,6.953248491503427,23.546747099200253,34.749131349410796,,,,,,,,,,,8.10767126083374,44,28.306411434744845,55.852195301984636,67.95450828154688,2.202767491340637,44,28.306411434744845,55.852195301984636,67.95450828154688,245.50206756591797,44,28.306411434744845,55.852195301984636,67.95450828154688,0.39803460240364075,44,28.306411434744845,55.852195301984636,67.95450828154688,1.579511284828186,44,28.306411434744845,55.852195301984636,67.95450828154688
2025-01-29,16.083931922912598,52,2.0797980279792667,18.649134501336313,22.49864944036456,36.68427276611328,52,2.0797980279792667,18.649134501336313,22.49864944036456,0.386832520365715,52,2.0797980279792667,18.649134501336313,22.49864944036456,0.02100348938256502,52,2.0797980279792667,18.649134501336313,22.49864944036456,-0.2577378749847412,13,2.0797980279792667,18.649134501336313,22.49864944036456,1.68,128,7.711546198681338,41.21199946489436,55.49704268963926,4.32,624,6.953248491503427,23.546747099200253,34.749131349410796,0.795,624,6.953248491503427,23.546747099200253,34.749131349410796,,,,,,,,,,,8.106770992279053,44,28.306411434744845,55.852195301984636,67.95450828154688,2.2035049200057983,44,28.306411434744845,55.852195301984636,67.95450828154688,245.01780700683594,44,28.306411434744845,55.852195301984636,67.95450828154688,0.4017076641321182,44,28.306411434744845,55.852195301984636,67.95450828154688,1.5133060216903687,44,28.306411434744845,55.852195301984636,67.95450828154688
2025-01-30,16.05030632019043,52,2.0797980279792667,18.649134501336313,22.49864944036456,36.67903518676758,52,2.0797980279792667,18.649134501336313,22.49864944036456,0.36757464706897736,52,2.0797980279792667,18.649134501336313,22.49864944036456,0.038987334817647934,52,2.0797980279792667,18.649134501336313,22.49864944036456,-0.26773661375045776,13,2.0797980279792667,18.649134501336313,22.49864944036456,1.41,128,7.711546198681338,41.21199946489436,55.49704268963926,3.38,624,6.953248491503427,23.546747099200253,34.749131349410796,1.2149999999999999,624,6.953248491503427,23.546747099200253,34.749131349410796,,,,,,,,,,,8.106200218200684,44,28.306411434744845,55.852195301984636,67.95450828154688,2.2038105726242065,44,28.306411434744845,55.852195301984636,67.95450828154688,244.98121643066406,44,28.306411434744845,55.852195301984636,67.95450828154688,0.40385901927948,44,28.306411434744845,55.852195301984636,67.95450828154688,1.5091941356658936,44,28.306411434744845,55.852195301984636,67.95450828154688
2025-01-31,16.0410099029541,52,2.0797980279792667,18.649134501336313,22.49864944036456,36.67667007446289,52,2.0797980279792667,18.649134501336313,22.49864944036456,0.33771929144859314,52,2.0797980279792667,18.649134501336313,22.49864944036456,0.052574397996068,52,2.0797980279792667,18.649134501336313,22.49864944036456,-0.2888897955417633,13,2.0797980279792667,18.649134501336313,22.49864944036456,0.61,128,7.711546198681338,41.21199946489436,55.49704268963926,1.09,624,6.953248491503427,23.546747099200253,34.749131349410796,-0.185,624,6.953248491503427,23.546747099200253,34.749131349410796,,,,,,,,,,,8.106211185455322,44,28.306411434744845,55.852195301984636,67.95450828154688,2.2042205333709717,44,28.306411434744845,55.852195301984636,67.95450828154688,245.36075592041016,44,28.306411434744845,55.852195301984636,67.95450828154688,0.41797561943531036,44,28.306411434744845,55.852195301984636,67.95450828154688,1.573572039604187,44,28.306411434744845,55.852195301984636,67.95450828154688
2025-02-01,16.020978927612305,52,2.0797980279792667,18.649134501336313,22.49864944036456,36.67366409301758,52,2.0797980279792667,18.649134501336313,22.49864944036456,0.2723029553890228,52,2.0797980279792667,18.649134501336313,22.49864944036456,0.01969087403267622,52,2.0797980279792667,18.649134501336313,22.49864944036456,-0.31249871850013733,13,2.0797980279792667,18.649134501336313,22.49864944036456,0.89,128,7.711546198681338,41.21199946489436,55.49704268963926,2.165,624,6.953248491503427,23.546747099200253,34.749131349410796,-0.13,624,6.953248491503427,23.546747099200253,34.749131349410796,,,,,,,,,,,8.106618404388428,44,28.306411434744845,55.852195301984636,67.95450828154688,2.2041234970092773,44,28.306411434744845,55.852195301984636,67.95450828154688,245.82598876953125,44,28.306411434744845,55.852195301984636,67.95450828154688,0.43383222818374634,44,28.306411434744845,55.852195301984636,67.95450828154688,1.6446654200553894,44,28.306411434744845,55.852195301984636,67.95450828154688
2025-02-02,15.99381971359253,52,2.0797980279792667,18.649134501336313,22.49864944036456,36.69068145751953,52,2.0797980279792667,18.649134501336313,22.49864944036456,0.27477702498435974,52,2.0797980279792667,18.649134501336313,22.49864944036456,0.0376711692661047,52,2.0797980279792667,18.649134501336313,22.49864944036456,-0.3490884304046631,13,2.0797980279792667,18.649134501336313,22.49864944036456,0.835,128,7.711546198681338,41.21199946489436,55.49704268963926,4.255,624,6.953248491503427,23.546747099200253,34.749131349410796,0.485,624,6.953248491503427,23.546747099200253,34.749131349410796,,,,,,,,,,,8.107254028320312,44,28.306411434744845,55.852195301984636,67.95450828154688,2.2039523124694824,44,28.306411434744845,55.852195301984636,67.95450828154688,245.92095947265625,44,28.306411434744845,55.852195301984636,67.95450828154688,0.42728208005428314,44,28.306411434744845,55.852195301984636,67.95450828154688,1.5749366879463196,44,28.306411434744845,55.852195301984636,67.95450828154688
2025-02-03,15.990984439849854,52,2.0797980279792667,18.649134501336313,22.49864944036456,36.69576072692871,52,2.0797980279792667,18.649134501336313,22.49864944036456,0.23562438786029816,52,2.0797980279792667,18.649134501336313,22.49864944036456,0.0609075129032135,52,2.0797980279792667,18.649134501336313,22.49864944036456,-0.3647024929523468,13,2.0797980279792667,18.649134501336313,22.49864944036456,1.225,128,7.711546198681338,41.21199946489436,55.49704268963926,2.1950000000000003,624,6.953248491503427,23.546747099200253,34.749131349410796,-0.6900000000000001,624,6.953248491503427,23.546747099200253,34.749131349410796,,,,,,,,,,,8.10752820968628,44,28.306411434744845,55.852195301984636,67.95450828154688,2.203893780708313,44,28.306411434744845,55.852195301984636,67.95450828154688,245.98037719726562,44,28.306411434744845,55.852195301984636,67.95450828154688,0.4043511152267456,44,28.306411434744845,55.852195301984636,67.95450828154688,1.5609568357467651,44,28.306411434744845,55.852195301984636,67.95450828154688
2025-02-04,16.03930950164795,52,2.0797980279792667,18.649134501336313,22.49864944036456,36.69122886657715,52,2.0797980279792667,18.649134501336313,22.49864944036456,0.13841167092323303,52,2.0797980279792667,18.649134501336313,22.49864944036456,0.030414238572120667,52,2.0797980279792667,18.649134501336313,22.49864944036456,-0.3872769773006439,13,2.0797980279792667,18.649134501336313,22.49864944036456,0.96,128,7.711546198681338,41.21199946489436,55.49704268963926,-1.11,624,6.953248491503427,23.546747099200253,34.749131349410796,-0.315,624,6.953248491503427,23.546747099200253,34.749131349410796,,,,,,,,,,,8.107919216156006,44,28.306411434744845,55.852195301984636,67.95450828154688,2.203824281692505,44,28.306411434744845,55.852195301984636,67.95450828154688,246.5245361328125,44,28.306411434744845,55.852195301984636,67.95450828154688,0.4186631292104721,44,28.306411434744845,55.852195301984636,67.95450828154688,1.64454984664917,44,28.306411434744845,55.852195301984636,67.95450828154688
2025-02-05,15.998196125030518,52,2.0797980279792667,18.649134501336313,22.49864944036456,36.68467903137207,52,2.0797980279792667,18.649134501336313,22.49864944036456,0.04724751226603985,52,2.0797980279792667,18.649134501336313,22.49864944036456,0.008988678455352783,52,2.0797980279792667,18.649134501336313,22.49864944036456,-0.4083852171897888,13,2.0797980279792667,18.649134501336313,22.49864944036456,0.435,128,7.711546198681338,41.21199946489436,55.49704268963926,-0.11499999999999999,624,6.953248491503427,23.546747099200253,34.749131349410796,-0.21,624,6.953248491503427,23.546747099200253,34.749131349410796,,,,,,,,,,,8.109169960021973,44,28.306411434744845,55.852195301984636,67.95450828154688,2.2034648656845093,44,28.306411434744845,55.852195301984636,67.95450828154688,247.2667694091797,44,28.306411434744845,55.852195301984636,67.95450828154688,0.493896022439003,44,28.306411434744845,55.852195301984636,67.95450828154688,2.0725640058517456,44,28.306411434744845,55.852195301984636,67.95450828154688
2025-02-06,15.955243587493896,52,2.0797980279792667,18.649134501336313,22.49864944036456,36.68937873840332,52,2.0797980279792667,18.649134501336313,22.49864944036456,0.05245174467563629,52,2.0797980279792667,18.649134501336313,22.49864944036456,0.014297453220933676,52,2.0797980279792667,18.649134501336313,22.49864944036456,-0.4302891194820404,13,2.0797980279792667,18.649134501336313,22.49864944036456,0.45,128,7.711546198681338,41.21199946489436,55.49704268963926,1.01,624,6.953248491503427,23.546747099200253,34.749131349410796,0.8300000000000001,624,6.953248491503427,23.546747099200253,34.749131349410796,,,,,,,,,,,8.110581398010254,44,28.306411434744845,55.852195301984636,67.95450828154688,2.2030729055404663,44,28.306411434744845,55.852195301984636,67.95450828154688,247.8182373046875,44,28.306411434744845,55.852195301984636,67.95450828154688,0.5521740317344666,44,28.306411434744845,55.852195301984636,67.95450828154688,2.2823376655578613,44,28.306411434744845,55.852195301984636,67.95450828154688
2025-02-07,15.97549819946289,52,2.0797980279792667,18.649134501336313,22.49864944036456,36.69710350036621,52,2.0797980279792667,18.649134501336313,22.49864944036456,0.0767960175871849,52,2.0797980279792667,18.649134501336313,22.49864944036456,0.015215871389955282,52,2.0797980279792667,18.649134501336313,22.49864944036456,-0.42877328395843506,13,2.0797980279792667,18.649134501336313,22.49864944036456,0.36,128,7.711546198681338,41.21199946489436,55.49704268963926,1.005,624,6.953248491503427,23.546747099200253,34.749131349410796,1.315,624,6.953248491503427,23.546747099200253,34.749131349410796,,,,,,,,,,,8.111091613769531,44,28.306411434744845,55.852195301984636,67.95450828154688,2.2028828859329224,44,28.306411434744845,55.852195301984636,67.95450828154688,248.1564712524414,44,28.306411434744845,55.852195301984636,67.95450828154688,0.5287223160266876,44,28.306411434744845,55.852195301984636,67.95450828154688,2.166203498840332,44,28.306411434744845,55.852195301984636,67.95450828154688
2025-02-08,15.940470218658447,52,2.0797980279792667,18.649134501336313,22.49864944036456,36.699851989746094,52,2.0797980279792667,18.649134501336313,22.49864944036456,0.07616804540157318,52,2.0797980279792667,18.649134501336313,22.49864944036456,0.008444395381957293,52,2.0797980279792667,18.649134501336313,22.49864944036456,-0.4093562066555023,13,2.0797980279792667,18.649134501336313,22.49864944036456,0.49,128,7.711546198681338,41.21199946489436,55.49704268963926,0.96,624,6.953248491503427,23.546747099200253,34.749131349410796,1.6749999999999998,624,6.953248491503427,23.546747099200253,34.749131349410796,,,,,,,,,,,8.110987663269043,44,28.306411434744845,55.852195301984636,67.95450828154688,2.2029459476470947,44,28.306411434744845,55.852195301984636,67.95450828154688,248.09514617919922,44,28.306411434744845,55.852195301984636,67.95450828154688,0.4718189686536789,44,28.306411434744845,55.852195301984636,67.95450828154688,1.9085274934768677,44,28.306411434744845,55.852195301984636,67.95450828154688
2025-02-09,15.939828395843506,52,2.0797980279792667,18.649134501336313,22.49864944036456,36.70259475708008,52,2.0797980279792667,18.649134501336313,22.49864944036456,0.061082545667886734,52,2.0797980279792667,18.649134501336313,22.49864944036456,0.0558339636772871,52,2.0797980279792667,18.649134501336313,22.49864944036456,-0.42070508003234863,13,2.0797980279792667,18.649134501336313,22.49864944036456,1.17,128,7.711546198681338,41.21199946489436,55.49704268963926,-0.79,624,6.953248491503427,23.546747099200253,34.749131349410796,0.3,624,6.953248491503427,23.546747099200253,34.749131349410796,,,,,,,,,,,8.110826015472412,44,28.306411434744845,55.852195301984636,67.95450828154688,2.202165961265564,44,28.306411434744845,55.852195301984636,67.95450828154688,248.57183074951172,44,28.306411434744845,55.852195301984636,67.95450828154688,0.4856457859277725,44,28.306411434744845,55.852195301984636,67.95450828154688,1.9652773141860962,44,28.306411434744845,55.852195301984636,67.95450828154688
2025-02-10,15.870395183563232,52,2.0797980279792667,18.649134501336313,22.49864944036456,36.70817565917969,52,2.0797980279792667,18.649134501336313,22.49864944036456,0.08497443795204163,52,2.0797980279792667,18.649134501336313,22.49864944036456,0.08818435668945312,52,2.0797980279792667,18.649134501336313,22.49864944036456,-0.4069094657897949,13,2.0797980279792667,18.649134501336313,22.49864944036456,0.9500000000000001,128,7.711546198681338,41.21199946489436,55.49704268963926,-2.8200000000000003,624,6.953248491503427,23.546747099200253,34.749131349410796,0.24,624,6.953248491503427,23.546747099200253,34.749131349410796,,,,,,,,,,,8.111202239990234,44,28.306411434744845,55.852195301984636,67.95450828154688,2.2007012367248535,44,28.306411434744845,55.852195301984636,67.95450828154688,249.27120971679688,44,28.306411434744845,55.852195301984636,67.95450828154688,0.509563535451889,44,28.306411434744845,55.852195301984636,67.95450828154688,2.1609597206115723,44,28.306411434744845,55.852195301984636,67.95450828154688
2025-02-11,15.896106719970703,52,2.0797980279792667,18.649134501336313,22.49864944036456,36.72538948059082,52,2.0797980279792667,18.649134501336313,22.49864944036456,0.16504497826099396,52,2.0797980279792667,18.649134501336313,22.49864944036456,0.04759163223206997,52,2.0797980279792667,18.649134501336313,22.49864944036456,-0.40434545278549194,13,2.0797980279792667,18.649134501336313,22.49864944036456,0.58,128,7.711546198681338,41.21199946489436,55.49704268963926,-0.22,624,6.953248491503427,23.546747099200253,34.749131349410796,1.59,624,6.953248491503427,23.546747099200253,34.749131349410796,,,,,,,,,,,8.112003803253174,44,28.306411434744845,55.852195301984636,67.95450828154688,2.199495315551758,44,28.306411434744845,55.852195301984636,67.95450828154688,250.05406188964844,44,28.306411434744845,55.852195301984636,67.95450828154688,0.5301539599895477,44,28.306411434744845,55.852195301984636,67.95450828154688,2.3583089113235474,44,28.306411434744845,55.852195301984636,67.95450828154688
2025-02-12,15.830965042114258,52,2.0797980279792667,18.649134501336313,22.49864944036456,36.765316009521484,52,2.0797980279792667,18.649134501336313,22.49864944036456,0.23122292757034302,52,2.0797980279792667,18.649134501336313,22.49864944036456,0.050302499905228615,52,2.0797980279792667,18.649134501336313,22.49864944036456,-0.393765926361084,13,2.0797980279792667,18.649134501336313,22.49864944036456,0.45,128,7.711546198681338,41.21199946489436,55.49704268963926,0.865,624,6.953248491503427,23.546747099200253,34.749131349410796,2.515,624,6.953248491503427,23.546747099200253,34.749131349410796,,,,,,,,,,,8.112618446350098,44,28.306411434744845,55.852195301984636,67.95450828154688,2.198065996170044,44,28.306411434744845,55.852195301984636,67.95450828154688,250.7847900390625,44,28.306411434744845,55.852195301984636,67.95450828154688,0.5519344508647919,44,28.306411434744845,55.852195301984636,67.95450828154688,2.4861252307891846,44,28.306411434744845,55.852195301984636,67.95450828154688
2025-02-13,15.73891830444336,52,2.0797980279792667,18.649134501336313,22.49864944036456,36.7830810546875,52,2.0797980279792667,18.649134501336313,22.49864944036456,0.297808974981308,52,2.0797980279792667,18.649134501336313,22.49864944036456,0.0018576565198600292,52,2.0797980279792667,18.649134501336313,22.49864944036456,-0.37946662306785583,13,2.0797980279792667,18.649134501336313,22.49864944036456,0.93,128,7.711546198681338,41.21199946489436,55.49704268963926,4.34,624,6.953248491503427,23.546747099200253,34.749131349410796,-0.425,624,6.953248491503427,23.546747099200253,34.749131349410796,,,,,,,,,,,8.113059520721436,44,28.306411434744845,55.852195301984636,67.95450828154688,2.197031259536743,44,28.306411434744845,55.852195301984636,67.95450828154688,250.86283111572266,44,28.306411434744845,55.852195301984636,67.95450828154688,0.5157784223556519,44,28.306411434744845,55.852195301984636,67.95450828154688,2.22510826587677,44,28.306411434744845,55.852195301984636,67.95450828154688
2025-02-14,15.78543996810913,52,2.0797980279792667,18.649134501336313,22.49864944036456,36.78742218017578,52,2.0797980279792667,18.649134501336313,22.49864944036456,0.34735099971294403,52,2.0797980279792667,18.649134501336313,22.49864944036456,0.01614746544510126,52,2.0797980279792667,18.649134501336313,22.49864944036456,-0.3853742480278015,13,2.0797980279792667,18.649134501336313,22.49864944036456,0.65,128,7.711546198681338,41.21199946489436,55.49704268963926,1.7349999999999999,624,6.953248491503427,23.546747099200253,34.749131349410796,1.3450000000000002,624,6.953248491503427,23.546747099200253,34.749131349410796,,,,,,,,,,,8.113507747650146,44,28.306411434744845,55.852195301984636,67.95450828154688,2.196389079093933,44,28.306411434744845,55.852195301984636,67.95450828154688,250.91580200195312,44,28.306411434744845,55.852195301984636,67.95450828154688,0.4985814690589905,44,28.306411434744845,55.852195301984636,67.95450828154688,2.1664652824401855,44,28.306411434744845,55.852195301984636,67.95450828154688
2025-02-15,15.806291580200195,52,2.0797980279792667,18.649134501336313,22.49864944036456,36.7559871673584,52,2.0797980279792667,18.649134501336313,22.49864944036456,0.31083962321281433,52,2.0797980279792667,18.649134501336313,22.49864944036456,0.08584962785243988,52,2.0797980279792667,18.649134501336313,22.49864944036456,-0.39435121417045593,13,2.0797980279792667,18.649134501336313,22.49864944036456,0.49,128,7.711546198681338,41.21199946489436,55.49704268963926,-0.85,624,6.953248491503427,23.546747099200253,34.749131349410796,0.445,624,6.953248491503427,23.546747099200253,34.749131349410796,,,,,,,,,,,8.113181114196777,44,28.306411434744845,55.852195301984636,67.95450828154688,2.195906639099121,44,28.306411434744845,55.852195301984636,67.95450828154688,251.66962432861328,44,28.306411434744845,55.852195301984636,67.95450828154688,0.49974341690540314,44,28.306411434744845,55.852195301984636,67.95450828154688,2.311966300010681,44,28.306411434744845,55.852195301984636,67.95450828154688
2025-02-16,15.814393997192383,52,2.0797980279792667,18.649134501336313,22.49864944036456,36.71293830871582,52,2.0797980279792667,18.649134501336313,22.49864944036456,0.3063310533761978,52,2.0797980279792667,18.649134501336313,22.49864944036456,0.09717641770839691,52,2.0797980279792667,18.649134501336313,22.49864944036456,-0.3741822838783264,13,2.0797980279792667,18.649134501336313,22.49864944036456,0.88,128,7.711546198681338,41.21199946489436,55.49704268963926,-1.835,624,6.953248491503427,23.546747099200253,34.749131349410796,-0.19,624,6.953248491503427,23.546747099200253,34.749131349410796,,,,,,,,,,,8.113351345062256,44,28.306411434744845,55.852195301984636,67.95450828154688,2.1953502893447876,44,28.306411434744845,55.852195301984636,67.95450828154688,252.3692398071289,44,28.306411434744845,55.852195301984636,67.95450828154688,0.5046450793743134,44,28.306411434744845,55.852195301984636,67.95450828154688,2.4482522010803223,44,28.306411434744845,55.852195301984636,67.95450828154688
2025-02-17,15.863503456115723,52,2.0797980279792667,18.649134501336313,22.49864944036456,36.6810302734375,52,2.0797980279792667,18.649134501336313,22.49864944036456,0.35840047895908356,52,2.0797980279792667,18.649134501336313,22.49864944036456,0.0401579923927784,52,2.0797980279792667,18.649134501336313,22.49864944036456,-0.3635143041610718,13,2.0797980279792667,18.649134501336313,22.49864944036456,0.46,128,7.711546198681338,41.21199946489436,55.49704268963926,0.34,624,6.953248491503427,23.546747099200253,34.749131349410796,0.155,624,6.953248491503427,23.546747099200253,34.749131349410796,,,,,,,,,,,8.11387586593628,44,28.306411434744845,55.852195301984636,67.95450828154688,2.194941520690918,44,28.306411434744845,55.852195301984636,67.95450828154688,252.90583038330078,44,28.306411434744845,55.852195301984636,67.95450828154688,0.5031160116195679,44,28.306411434744845,55.852195301984636,67.95450828154688,2.5914297103881836,44,28.306411434744845,55.852195301984636,67.95450828154688
2025-02-18,15.901609897613525,52,2.0797980279792667,18.649134501336313,22.49864944036456,36.65980911254883,52,2.0797980279792667,18.649134501336313,22.49864944036456,0.3493002951145172,52,2.0797980279792667,18.649134501336313,22.49864944036456,0.10746177285909653,52,2.0797980279792667,18.649134501336313,22.49864944036456,-0.3627416789531708,13,2.0797980279792667,18.649134501336313,22.49864944036456,0.34,128,7.711546198681338,41.21199946489436,55.49704268963926,-1.645,624,6.953248491503427,23.546747099200253,34.749131349410796,1.5550000000000002,624,6.953248491503427,23.546747099200253,34.749131349410796,,,,,,,,,,,8.113768100738525,44,28.306411434744845,55.852195301984636,67.95450828154688,2.194601535797119,44,28.306411434744845,55.852195301984636,67.95450828154688,253.18144989013672,44,28.306411434744845,55.852195301984636,67.95450828154688,0.48761245608329773,44,28.306411434744845,55.852195301984636,67.95450828154688,2.5841124057769775,44,28.306411434744845,55.852195301984636,67.95450828154688
2025-02-19,15.962501525878906,52,2.0797980279792667,18.649134501336313,22.49864944036456,36.65788650512695,52,2.0797980279792667,18.649134501336313,22.49864944036456,0.38341763615608215,52,2.0797980279792667,18.649134501336313,22.49864944036456,0.06409741193056107,52,2.0797980279792667,18.649134501336313,22.49864944036456,-0.35157787799835205,13,2.0797980279792667,18.649134501336313,22.49864944036456,0.425,128,7.711546198681338,41.21199946489436,55.49704268963926,0.025,624,6.953248491503427,23.546747099200253,34.749131349410796,2.7700000000000005,624,6.953248491503427,23.546747099200253,34.749131349410796,,,,,,,,,,,8.113548278808594,44,28.306411434744845,55.852195301984636,67.95450828154688,2.1944901943206787,44,28.306411434744845,55.852195301984636,67.95450828154688,253.41150665283203,44,28.306411434744845,55.852195301984636,67.95450828154688,0.45627090334892273,44,28.306411434744845,55.852195301984636,67.95450828154688,2.4781737327575684,44,28.306411434744845,55.852195301984636,67.95450828154688
2025-02-20,15.972644329071045,52,2.0797980279792667,18.649134501336313,22.49864944036456,36.66684532165527,52,2.0797980279792667,18.649134501336313,22.49864944036456,0.37740884721279144,52,2.0797980279792667,18.649134501336313,22.49864944036456,0.03477066569030285,52,2.0797980279792667,18.649134501336313,22.49864944036456,-0.3415864109992981,13,2.0797980279792667,18.649134501336313,22.49864944036456,0.35000000000000003,128,7.711546198681338,41.21199946489436,55.49704268963926,1.61,624,6.953248491503427,23.546747099200253,34.749131349410796,-0.685,624,6.953248491503427,23.546747099200253,34.749131349410796,,,,,,,,,,,8.113271713256836,44,28.306411434744845,55.852195301984636,67.95450828154688,2.194106340408325,44,28.306411434744845,55.852195301984636,67.95450828154688,253.62084197998047,44,28.306411434744845,55.852195301984636,67.95450828154688,0.4142928123474121,44,28.306411434744845,55.852195301984636,67.95450828154688,2.3635724782943726,44,28.306411434744845,55.852195301984636,67.95450828154688
2025-02-21,16.002985954284668,52,2.0797980279792667,18.649134501336313,22.49864944036456,36.66525077819824,52,2.0797980279792667,18.649134501336313,22.49864944036456,0.3136180639266968,52,2.0797980279792667,18.649134501336313,22.49864944036456,0.10428345203399658,52,2.0797980279792667,18.649134501336313,22.49864944036456,-0.34935203194618225,13,2.0797980279792667,18.649134501336313,22.49864944036456,0.62,128,7.711546198681338,41.21199946489436,55.49704268963926,-1.32,624,6.953248491503427,23.546747099200253,34.749131349410796,0.45,624,6.953248491503427,23.546747099200253,34.749131349410796,,,,,,,,,,,8.112846851348877,44,28.306411434744845,55.852195301984636,67.95450828154688,2.1934980154037476,44,28.306411434744845,55.852195301984636,67.95450828154688,253.7016143798828,44,28.306411434744845,55.852195301984636,67.95450828154688,0.37663619220256805,44,28.306411434744845,55.852195301984636,67.95450828154688,2.228464722633362,44,28.306411434744845,55.852195301984636,67.95450828154688
2025-02-22,16.061219215393066,52,2.0797980279792667,18.649134501336313,22.49864944036456,36.67550086975098,52,2.0797980279792667,18.649134501336313,22.49864944036456,0.3240736126899719,52,2.0797980279792667,18.649134501336313,22.49864944036456,0.042652975767850876,52,2.0797980279792667,18.649134501336313,22.49864944036456,-0.3432636857032776,13,2.0797980279792667,18.649134501336313,22.49864944036456,0.455,128,7.711546198681338,41.21199946489436,55.49704268963926,0.34,624,6.953248491503427,23.546747099200253,34.749131349410796,2.16,624,6.953248491503427,23.546747099200253,34.749131349410796,,,,,,,,,,,8.112276077270508,44,28.306411434744845,55.852195301984636,67.95450828154688,2.1937291622161865,44,28.306411434744845,55.852195301984636,67.95450828154688,253.49496459960938,44,28.306411434744845,55.852195301984636,67.95450828154688,0.3614274114370346,44,28.306411434744845,55.852195301984636,67.95450828154688,2.119829297065735,44,28.306411434744845,55.852195301984636,67.95450828154688
2025-02-23,16.152263641357422,52,2.0797980279792667,18.649134501336313,22.49864944036456,36.66977119445801,52,2.0797980279792667,18.649134501336313,22.49864944036456,0.25574201345443726,52,2.0797980279792667,18.649134501336313,22.49864944036456,0.06322585418820381,52,2.0797980279792667,18.649134501336313,22.49864944036456,-0.34857335686683655,13,2.0797980279792667,18.649134501336313,22.49864944036456,0.295,128,7.711546198681338,41.21199946489436,55.49704268963926,-0.875,624,6.953248491503427,23.546747099200253,34.749131349410796,0.06,624,6.953248491503427,23.546747099200253,34.749131349410796,,,,,,,,,,,8.111546993255615,44,28.306411434744845,55.852195301984636,67.95450828154688,2.19376003742218,44,28.306411434744845,55.852195301984636,67.95450828154688,253.28752899169922,44,28.306411434744845,55.852195301984636,67.95450828154688,0.34513235092163086,44,28.306411434744845,55.852195301984636,67.95450828154688,2.070889115333557,44,28.306411434744845,55.852195301984636,67.95450828154688
2025-02-24,16.21065330505371,52,2.0797980279792667,18.649134501336313,22.49864944036456,36.67215347290039,52,2.0797980279792667,18.649134501336313,22.49864944036456,0.24939367920160294,52,2.0797980279792667,18.649134501336313,22.49864944036456,0.04929023049771786,52,2.0797980279792667,18.649134501336313,22.49864944036456,-0.3616275191307068,13,2.0797980279792667,18.649134501336313,22.49864944036456,0.46,128,7.711546198681338,41.21199946489436,55.49704268963926,0.375,624,6.953248491503427,23.546747099200253,34.749131349410796,0.23,624,6.953248491503427,23.546747099200253,34.749131349410796,,,,,,,,,,,8.110613822937012,44,28.306411434744845,55.852195301984636,67.95450828154688,2.193638801574707,44,28.306411434744845,55.852195301984636,67.95450828154688,253.29591369628906,44,28.306411434744845,55.852195301984636,67.95450828154688,0.30641642212867737,44,28.306411434744845,55.852195301984636,67.95450828154688,1.9511241912841797,44,28.306411434744845,55.852195301984636,67.95450828154688
2025-02-25,16.21835422515869,52,2.0797980279792667,18.649134501336313,22.49864944036456,36.68423652648926,52,2.0797980279792667,18.649134501336313,22.49864944036456,0.3027721494436264,52,2.0797980279792667,18.649134501336313,22.49864944036456,0.026672801934182644,52,2.0797980279792667,18.649134501336313,22.49864944036456,-0.3632279634475708,13,2.0797980279792667,18.649134501336313,22.49864944036456,0.54,128,7.711546198681338,41.21199946489436,55.49704268963926,2.57,624,6.953248491503427,23.546747099200253,34.749131349410796,0.625,624,6.953248491503427,23.546747099200253,34.749131349410796,,,,,,,,,,,8.110483646392822,44,28.306411434744845,55.852195301984636,67.95450828154688,2.1924426555633545,44,28.306411434744845,55.852195301984636,67.95450828154688,253.06814575195312,44,28.306411434744845,55.852195301984636,67.95450828154688,0.3152431696653366,44,28.306411434744845,55.852195301984636,67.95450828154688,1.9170045852661133,44,28.306411434744845,55.852195301984636,67.95450828154688
2025-02-26,16.216903686523438,52,2.0797980279792667,18.649134501336313,22.49864944036456,36.68846130371094,52,2.0797980279792667,18.649134501336313,22.49864944036456,0.24492044746875763,52,2.0797980279792667,18.649134501336313,22.49864944036456,0.05450587160885334,52,2.0797980279792667,18.649134501336313,22.49864944036456,-0.3609491288661957,13,2.0797980279792667,18.649134501336313,22.49864944036456,1.2850000000000001,128,7.711546198681338,41.21199946489436,55.49704268963926,0.62,624,6.953248491503427,23.546747099200253,34.749131349410796,-1.5,624,6.953248491503427,23.546747099200253,34.749131349410796,,,,,,,,,,,8.110917091369629,44,28.306411434744845,55.852195301984636,67.95450828154688,2.191429376602173,44,28.306411434744845,55.852195301984636,67.95450828154688,252.73997497558594,44,28.306411434744845,55.852195301984636,67.95450828154688,0.319118395447731,44,28.306411434744845,55.852195301984636,67.95450828154688,1.9072766304016113,44,28.306411434744845,55.852195301984636,67.95450828154688
2025-02-27,16.138251304626465,52,2.0797980279792667,18.649134501336313,22.49864944036456,36.70615005493164,52,2.0797980279792667,18.649134501336313,22.49864944036456,0.20155548304319382,52,2.0797980279792667,18.649134501336313,22.49864944036456,0.062272973358631134,52,2.0797980279792667,18.649134501336313,22.49864944036456,-0.3803321123123169,13,2.0797980279792667,18.649134501336313,22.49864944036456,0.84,128,7.711546198681338,41.21199946489436,55.49704268963926,-1.2,624,6.953248491503427,23.546747099200253,34.749131349410796,0.79,624,6.953248491503427,23.546747099200253,34.749131349410796,,,,,,,,,,,8.111521244049072,44,28.306411434744845,55.852195301984636,67.95450828154688,2.1901607513427734,44,28.306411434744845,55.852195301984636,67.95450828154688,253.00531768798828,44,28.306411434744845,55.852195301984636,67.95450828154688,0.34232906997203827,44,28.306411434744845,55.852195301984636,67.95450828154688,1.9289349913597107,44,28.306411434744845,55.852195301984636,67.95450828154688
2025-02-28,16.15788173675537,52,2.0797980279792667,18.649134501336313,22.49864944036456,36.72176933288574,52,2.0797980279792667,18.649134501336313,22.49864944036456,0.1943587362766266,52,2.0797980279792667,18.649134501336313,22.49864944036456,0.06584427505731583,52,2.0797980279792667,18.649134501336313,22.49864944036456,-0.35093674063682556,13,2.0797980279792667,18.649134501336313,22.49864944036456,0.585,128,7.711546198681338,41.21199946489436,55.49704268963926,-1.855,624,6.953248491503427,23.546747099200253,34.749131349410796,0.5700000000000001,624,6.953248491503427,23.546747099200253,34.749131349410796,,,,,,,,,,,8.111577033996582,44,28.306411434744845,55.852195301984636,67.95450828154688,2.1892080307006836,44,28.306411434744845,55.852195301984636,67.95450828154688,252.82526397705078,44,28.306411434744845,55.852195301984636,67.95450828154688,0.36195702850818634,44,28.306411434744845,55.852195301984636,67.95450828154688,1.967574119567871,44,28.306411434744845,55.852195301984636,67.95450828154688
