{
  "type": "FeatureCollection",
  "features": [
    {
      "type": "Feature",
      "properties": {
        "area_km2": 90.71175672219842,
        "projected_crs": "EPSG:32631",
        "edge_warning": false
      },
      "geometry": {
        "type": "Polygon",
        "coordinates": [
          [
            [
              3.4479729170913043,
              36.764840248214455
            ],
            [
              3.4485995789161303,
              36.76483788706853
            ],
            [
              3.448598110554157,
              36.764585792400126
            ],
            [
              3.449851429882536,
              36.764581060250016
            ],
            [
              3.4498529023465676,
              36.76483315487525
            ],
            [
              3.451106225484035,
              36.76482840948016
            ],
            [
              3.451104748917949,
              36.76457631489818
            ],
            [
              3.45141807863093,
              36.76457512649746
            ],
            [
              3.451415123502856,
              36.76407093732295
            ],
            [
              3.4539217441362826,
              36.76406140058726
            ],
            [
              3.453923229895024,
              36.76431349509292
            ],
            [
              3.4545498869198488,
              36.764311102636285
            ],
            [
              3.4545483991101373,
              36.76405900815244
            ],
            [
              3.455488381432128,
              36.76405541331202
            ],
            [
              3.4554868905645026,
              36.7638033188502
            ],
            [
              3.4558002169426336,
              36.763802118930826
            ],
            [
              3.4557972332120954,
              36.76329792999678
            ],
            [
              3.456110557520769,
              36.763296729274224
            ],
            [
              3.4561090646578942,
              36.76304463480202
            ],
            [
              3.4567357111686734,
              36.763042230903636
            ],
            [
              3.456734216273523,
              36.76279013644258
            ],
            [
              3.4570475384756145,
              36.762788933266776
            ],
            [
              3.4570430508255177,
              36.762032649852
            ],
            [
              3.4573563699328274,
              36.762031445884084
            ],
            [
              3.4573533762083795,
              36.76152725690908
            ],
            [
              3.457980010265697,
              36.76152484654212
            ],
            [
              3.4579785113807087,
              36.761272752060464
            ],
            [
              3.457351879374076,
              36.76127516240543
            ],
            [
              3.4573488857613084,
              36.76077097336589
            ],
            [
              3.457035571780712,
              36.76077217727891
            ],
            [
              3.457029588879671,
              36.75976379902676
            ],
            [
              3.4567162789816175,
              36.75976500207091
            ],
            [
              3.4567132896931874,
              36.75926081285833
            ],
            [
              3.4563999818270426,
              36.75926201505559
            ],
            [
              3.4563984882359344,
              36.75900992042221
            ],
            [
              3.456085181376444,
              36.75901112178356
            ],
            [
              3.4560821963003665,
              36.75850693246259
            ],
            [
              3.456395501109438,
              36.75850573112316
            ],
            [
              3.456394007574048,
              36.758253636457496
            ],
            [
              3.457020615086079,
              36.75825123132579
            ],
            [
              3.4570191195189066,
              36.757999136671316
            ],
            [
              3.457332422221856,
              36.75799793287908
            ],
            [
              3.4573339188142054,
              36.75825002752256
            ],
            [
              3.45764722252372,
              36.75824882289442
            ],
            [
              3.4576457249061945,
              36.757996728261915
            ],
            [
              3.45827233021899,
              36.75799431655287
            ],
            [
              3.4582708305697603,
              36.757742221931586
            ],
            [
              3.458584132173029,
              36.75774101485071
            ],
            [
              3.458582631517297,
              36.757488920229704
            ],
            [
              3.4582693309391788,
              36.75749012729956
            ],
            [
              3.458267831327245,
              36.75723803265677
            ],
            [
              3.4576412321653542,
              36.75724044429981
            ],
            [
              3.4576397346223193,
              36.756988349624265
            ],
            [
              3.4573264360385605,
              36.75698955419747
            ],
            [
              3.4573249395392605,
              36.75673745950018
            ],
            [
              3.4576382370979064,
              36.75673625493795
            ],
            [
              3.4576352421049448,
              36.75623206553308
            ],
            [
              3.457321946596487,
              36.756233270073324
            ],
            [
              3.4573159609342405,
              36.7552248910905
            ],
            [
              3.4570026695073954,
              36.75522609476199
            ],
            [
              3.456999678837954,
              36.75472190518408
            ],
            [
              3.4576262575729646,
              36.75471949706021
            ],
            [
              3.4576247602161385,
              36.75446740227707
            ],
            [
              3.4582513368266747,
              36.75446499087595
            ],
            [
              3.4582483380689664,
              36.75396080132142
            ],
            [
              3.458561624296317,
              36.75395959440568
            ],
            [
              3.4585601239204706,
              36.753707499623275
            ],
            [
              3.4591866942692677,
              36.75370508333946
            ],
            [
              3.459185191862186,
              36.753452988568334
            ],
            [
              3.459498475983621,
              36.75345177920029
            ],
            [
              3.459495469175651,
              36.75294758964784
            ],
            [
              3.459808751228538,
              36.7529463794771
            ],
            [
              3.459804238082109,
              36.75219009510083
            ],
            [
              3.4594909591039062,
              36.75219130523847
            ],
            [
              3.459489455784046,
              36.75193921041382
            ],
            [
              3.4591761778120182,
              36.75194041971568
            ],
            [
              3.4591746755357087,
              36.75168832486925
            ],
            [
              3.459487952482879,
              36.75168711557842
            ],
            [
              3.459484945936626,
              36.75118292587535
            ],
            [
              3.459798220815429,
              36.75118171578186
            ],
            [
              3.4597937080618295,
              36.75042543117968
            ],
            [
              3.4601069798475126,
              36.75042422029464
            ],
            [
              3.4601039693890914,
              36.74992003052815
            ],
            [
              3.46041723910651,
              36.74991881884052
            ],
            [
              3.4604112143153327,
              36.748910439222655
            ],
            [
              3.4607244799150845,
              36.748909226754606
            ],
            [
              3.460721465582478,
              36.748405036903236
            ],
            [
              3.4604082020321196,
              36.74840624934918
            ],
            [
              3.460403683747763,
              36.747649964458276
            ],
            [
              3.4619699859420523,
              36.7476438941485
            ],
            [
              3.461971497141366,
              36.74789598906751
            ],
            [
              3.4629112813064933,
              36.747892336953164
            ],
            [
              3.462906738543188,
              36.74713605226376
            ],
            [
              3.4625934802475364,
              36.747137270426485
            ],
            [
              3.4625904538820236,
              36.74663308055753
            ],
            [
              3.4629037101284648,
              36.74663186241703
            ],
            [
              3.4628976535249603,
              36.74562348259446
            ],
            [
              3.4625844013767884,
              36.74562470069052
            ],
            [
              3.4625813752370616,
              36.74512051069246
            ],
            [
              3.4628946253361756,
              36.74511929261863
            ],
            [
              3.462893111270024,
              36.744867197614575
            ],
            [
              3.4632063603258,
              36.74486597872734
            ],
            [
              3.463203330200997,
              36.74436178870919
            ],
            [
              3.4635165771889533,
              36.7443605690197
            ],
            [
              3.46351506113034,
              36.74410847400563
            ],
            [
              3.463828307074972,
              36.74410725350276
            ],
            [
              3.463822238931277,
              36.743098873383374
            ],
            [
              3.4641354807592903,
              36.74309765210057
            ],
            [
              3.4641324447518236,
              36.74259346199862
            ],
            [
              3.464445684512158,
              36.742592239913655
            ],
            [
              3.464444165512357,
              36.742340144857685
            ],
            [
              3.4647574042294234,
              36.74233892195944
            ],
            [
              3.464755884224143,
              36.742086826903865
            ],
            [
              3.4650691218979386,
              36.74208560319234
            ],
            [
              3.465050871017337,
              36.73906046182028
            ],
            [
              3.464737645634965,
              36.73906168539786
            ],
            [
              3.4647361258753757,
              36.73880959020242
            ],
            [
              3.464422901498307,
              36.73881081294451
            ],
            [
              3.464421382781805,
              36.738558717727166
            ],
            [
              3.4647346061346838,
              36.73855749499625
            ],
            [
              3.464731566709992,
              36.73805330455159
            ],
            [
              3.4650447879956303,
              36.738052081018665
            ],
            [
              3.4650432672874785,
              36.73779998579137
            ],
            [
              3.4653564875300553,
              36.73779876144529
            ],
            [
              3.4653549658166742,
              36.7375466662184
            ],
            [
              3.465981404196775,
              36.73754421507571
            ],
            [
              3.4659798804540642,
              36.73729211986042
            ],
            [
              3.466293098591575,
              36.737290893063836
            ],
            [
              3.4662885244048263,
              36.736534607387
            ],
            [
              3.466601739451078,
              36.73653337979971
            ],
            [
              3.4665986880399062,
              36.73602918931709
            ],
            [
              3.4669119010190523,
              36.73602796092795
            ],
            [
              3.4669042677030033,
              36.734767484589185
            ],
            [
              3.4672174755430514,
              36.73476625543187
            ],
            [
              3.4672159479128064,
              36.73451416014306
            ],
            [
              3.4678423614879366,
              36.73451169937822
            ],
            [
              3.467840831828745,
              36.734259604101105
            ],
            [
              3.4681540375638145,
              36.73425837249361
            ],
            [
              3.468149445628525,
              36.73350208663139
            ],
            [
              3.468462648272725,
              36.73350085423344
            ],
            [
              3.4684595850298683,
              36.732996663627326
            ],
            [
              3.4687727856071966,
              36.7329954304277
            ],
            [
              3.4687712529904418,
              36.73274333511976
            ],
            [
              3.4690844525248195,
              36.73274210110723
            ],
            [
              3.4690829189032413,
              36.73249000579978
            ],
            [
              3.469396117394667,
              36.73248877097438
            ],
            [
              3.469379237554005,
              36.729715722006375
            ],
            [
              3.4696924247645033,
              36.729714486480816
            ],
            [
              3.4696908893242897,
              36.72946239106681
            ],
            [
              3.470004075491967,
              36.72946115472847
            ],
            [
              3.4700025390471314,
              36.72920905931498
            ],
            [
              3.4703157241719906,
              36.72920782216388
            ],
            [
              3.470314186722558,
              36.728955726750925
            ],
            [
              3.470940554867505,
              36.72895324999917
            ],
            [
              3.470942094364341,
              36.72920534538954
            ],
            [
              3.4715684644801215,
              36.72920286531902
            ],
            [
              3.4715700060435277,
              36.72945496067598
            ],
            [
              3.472822750139817,
              36.729449990601076
            ],
            [
              3.4728212044815585,
              36.72919789528945
            ],
            [
              3.474387129050824,
              36.72919166421153
            ],
            [
              3.4743855782932895,
              36.72893956894598
            ],
            [
              3.474698762125647,
              36.72893832026966
            ],
            [
              3.474695658621067,
              36.728434129729074
            ],
            [
              3.4743824768360683,
              36.728435378382606
            ],
            [
              3.4743716223431704,
              36.72667071107193
            ],
            [
              3.4740584477042464,
              36.72667195882177
            ],
            [
              3.4740553486412193,
              36.72616776804197
            ],
            [
              3.473742176030158,
              36.72616901494508
            ],
            [
              3.473740627551092,
              36.72591691952768
            ],
            [
              3.474053799138607,
              36.72591567263594
            ],
            [
              3.4740522496552613,
              36.72566357721915
            ],
            [
              3.4743654201999763,
              36.72566232951485
            ],
            [
              3.4743607687950164,
              36.72490604323407
            ],
            [
              3.4746739362499306,
              36.724904794740006
            ],
            [
              3.4746646278198283,
              36.723392221956324
            ],
            [
              3.47529095039037,
              36.72338972263328
            ],
            [
              3.475289397006059,
              36.723137627154486
            ],
            [
              3.4756025572389575,
              36.72313637626856
            ],
            [
              3.4756010028505693,
              36.72288428079041
            ],
            [
              3.476540480363073,
              36.72288052322379
            ],
            [
              3.4765389229238752,
              36.72262842776917
            ],
            [
              3.4771652391219803,
              36.72262591862839
            ],
            [
              3.4771667986079344,
              36.722878014060115
            ],
            [
              3.4777931167752314,
              36.722875501601024
            ],
            [
              3.4777946783273577,
              36.72312759699908
            ],
            [
              3.4784209984637675,
              36.723125081221625
            ],
            [
              3.478422562082117,
              36.72337717658596
            ],
            [
              3.4787357231445677,
              36.72337591744995
            ],
            [
              3.478734158502816,
              36.7231238220971
            ],
            [
              3.479047318522408,
              36.72312256214873
            ],
            [
              3.4790457528767216,
              36.72287046679661
            ],
            [
              3.4793589118534576,
              36.72286920603588
            ],
            [
              3.479351078800281,
              36.72160872917145
            ],
            [
              3.479664232640781,
              36.72160746764441
            ],
            [
              3.4796626650652716,
              36.72135537225076
            ],
            [
              3.4799758178629676,
              36.72135410991143
            ],
            [
              3.47997424928365,
              36.721102014518536
            ],
            [
              3.480287401038544,
              36.72110075136692
            ],
            [
              3.4802858314554435,
              36.7208486559748
            ],
            [
              3.481538434186578,
              36.72084359517653
            ],
            [
              3.4815368605299004,
              36.72059149981982
            ],
            [
              3.4818500101405236,
              36.720590232572334
            ],
            [
              3.481848435480154,
              36.720338137216416
            ],
            [
              3.4824747325961303,
              36.720335600273266
            ],
            [
              3.4824731559088464,
              36.720083504929725
            ],
            [
              3.4827863034141866,
              36.72008223523406
            ],
            [
              3.4827847257232736,
              36.71983013989137
            ],
            [
              3.4834110186286225,
              36.71982759805194
            ],
            [
              3.4834094389108854,
              36.719575502721675
            ],
            [
              3.4837225843108826,
              36.71957423057793
            ],
            [
              3.4837210035895803,
              36.71932213524849
            ],
            [
              3.4855998694371144,
              36.71931448515705
            ],
            [
              3.4855982825963028,
              36.719062389886666
            ],
            [
              3.485911425812048,
              36.71906111199996
            ],
            [
              3.4859098379677875,
              36.718809016730496
            ],
            [
              3.4862229801406075,
              36.71880773803174
            ],
            [
              3.4862213912929234,
              36.71855564276316
            ],
            [
              3.4865345324228207,
              36.71855436325235
            ],
            [
              3.4865297629288774,
              36.71779807741708
            ],
            [
              3.4868429009695814,
              36.7177967971176
            ],
            [
              3.4868381285842394,
              36.71704051122052
            ],
            [
              3.4871512635358544,
              36.7170392301324
            ],
            [
              3.4871480799983834,
              36.716535039503924
            ],
            [
              3.487461212884063,
              36.71653375761553
            ],
            [
              3.4874596201219643,
              36.71628166229684
            ],
            [
              3.4877727519647874,
              36.716280379596505
            ],
            [
              3.487771158199454,
              36.71602828427876
            ],
            [
              3.4887105505398557,
              36.716024431270945
            ],
            [
              3.4887121473743044,
              36.716276526553536
            ],
            [
              3.489338410881393,
              36.71627395373997
            ],
            [
              3.4893400097817975,
              36.716526048988314
            ],
            [
              3.4902794079624413,
              36.71652218355531
            ],
            [
              3.4902810099519144,
              36.71677427875765
            ],
            [
              3.4912204110224696,
              36.71677040587638
            ],
            [
              3.4912220161010867,
              36.7170225010326
            ],
            [
              3.492474554674655,
              36.71701732561239
            ],
            [
              3.4924729455037444,
              36.71676523050339
            ],
            [
              3.4934123461546536,
              36.71676134032517
            ],
            [
              3.493413958394783,
              36.71701343539867
            ],
            [
              3.4949796308605547,
              36.71700693523571
            ],
            [
              3.4949780135050674,
              36.71675484022152
            ],
            [
              3.495291146914869,
              36.716753537729794
            ],
            [
              3.4952895285564343,
              36.71650144271672
            ],
            [
              3.4959157932695417,
              36.716498835286096
            ],
            [
              3.4959141728851395,
              36.71624674028605
            ],
            [
              3.496540435471565,
              36.7162441295846
            ],
            [
              3.496538813061247,
              36.715992034597626
            ],
            [
              3.4968519433011735,
              36.71599072802336
            ],
            [
              3.49685031988801,
              36.715738633037525
            ],
            [
              3.498102836553662,
              36.71573339855181
            ],
            [
              3.498101209068663,
              36.71548130360299
            ],
            [
              3.499040593286451,
              36.715477369126475
            ],
            [
              3.4990389627527123,
              36.71522527420278
            ],
            [
              3.500291470667231,
              36.71522001675136
            ],
            [
              3.500288201476802,
              36.71471582696763
            ],
            [
              3.50060132635871,
              36.71471451056974
            ],
            [
              3.5005996907710304,
              36.71446241567375
            ],
            [
              3.500912814609648,
              36.7144610984643
            ],
            [
              3.5009111780193667,
              36.71420900356955
            ],
            [
              3.5012243008146973,
              36.71420768554852
            ],
            [
              3.501222663221839,
              36.71395559065504
            ],
            [
              3.50153578497388,
              36.71395427182247
            ],
            [
              3.501534146378471,
              36.71370217693026
            ],
            [
              3.5021603877755934,
              36.713699536818474
            ],
            [
              3.5021489038581293,
              36.711934872440224
            ],
            [
              3.5024620173660668,
              36.71193355123337
            ],
            [
              3.502458734384768,
              36.71142936133826
            ],
            [
              3.5027718458266888,
              36.711428039332006
            ],
            [
              3.502768560881473,
              36.710923849417966
            ],
            [
              3.503081670257413,
              36.71092252661235
            ],
            [
              3.5030800267926794,
              36.71067043165126
            ],
            [
              3.503393135125427,
              36.71066910803424
            ],
            [
              3.503391490658382,
              36.710417013074455
            ],
            [
              3.5037045979479347,
              36.71041568864604
            ],
            [
              3.5037029524786045,
              36.71016359368758
            ],
            [
              3.5040160587249654,
              36.710162268447796
            ],
            [
              3.5040144122533743,
              36.70991017349065
            ],
            [
              3.5043275174565416,
              36.70990884743951
            ],
            [
              3.5043225750965163,
              36.709152562539806
            ],
            [
              3.504009472961432,
              36.70915388855466
            ],
            [
              3.504006180202494,
              36.70864969854352
            ],
            [
              3.5043192802922527,
              36.70864837255286
            ],
            [
              3.504311043640051,
              36.707387897397126
            ],
            [
              3.5046241385962382,
              36.7073865706436
            ],
            [
              3.504617545552914,
              36.70637819037369
            ],
            [
              3.5049306363983628,
              36.70637686284523
            ],
            [
              3.504928987166238,
              36.70612476776295
            ],
            [
              3.5052420769686523,
              36.706123439423266
            ],
            [
              3.505240426734518,
              36.70587134434235
            ],
            [
              3.505553515493899,
              36.70587001519145
            ],
            [
              3.505551864257781,
              36.705617920111905
            ],
            [
              3.5061780396699294,
              36.70561525936439
            ],
            [
              3.5061763864093636,
              36.705363164298355
            ],
            [
              3.506489473062119,
              36.705361832701755
            ],
            [
              3.5064878187996324,
              36.70510973763711
            ],
            [
              3.507113989998474,
              36.705107071998285
            ],
            [
              3.5071123337116297,
              36.70485497694722
            ],
            [
              3.5077385027831673,
              36.7048523080395
            ],
            [
              3.5077368444720167,
              36.704600213002
            ],
            [
              3.508676094857298,
              36.70459620350225
            ],
            [
              3.508674433499456,
              36.704344108490574
            ],
            [
              3.50930059827484,
              36.70434143139869
            ],
            [
              3.509298934892808,
              36.70408933640069
            ],
            [
              3.509925097540617,
              36.70408665604011
            ],
            [
              3.509923432134447,
              36.70383456105581
            ],
            [
              3.5102365124048873,
              36.70383321965284
            ],
            [
              3.5102348459970276,
              36.70358112467001
            ],
            [
              3.5118002419261893,
              36.70357440536743
            ],
            [
              3.5117885418692194,
              36.70180974061537
            ],
            [
              3.5114754698813164,
              36.701811086036464
            ],
            [
              3.5114737995500285,
              36.70155899101655
            ],
            [
              3.511786870515637,
              36.70155764560774
            ],
            [
              3.5117818565795766,
              36.700801360520224
            ],
            [
              3.5120949244575987,
              36.700800014325054
            ],
            [
              3.5120882354115457,
              36.6997916341068
            ],
            [
              3.512401299179881,
              36.69979028713763
            ],
            [
              3.5123895869946935,
              36.698025621427284
            ],
            [
              3.512076530381434,
              36.69802696831042
            ],
            [
              3.5120698422501864,
              36.6970185876185
            ],
            [
              3.5117567897044744,
              36.6970199336294
            ],
            [
              3.511755118745688,
              36.69676783841722
            ],
            [
              3.5120681702693477,
              36.69676649241861
            ],
            [
              3.5120614825538783,
              36.69575811151142
            ],
            [
              3.511748435118301,
              36.69575945746089
            ],
            [
              3.5117450934292584,
              36.69525526691813
            ],
            [
              3.5114320480168697,
              36.69525661202003
            ],
            [
              3.5114287084548397,
              36.694752421409675
            ],
            [
              3.5111156650656055,
              36.69475376566401
            ],
            [
              3.5111123276304843,
              36.69424957498606
            ],
            [
              3.5107992862643655,
              36.69425091839289
            ],
            [
              3.5107876130481155,
              36.692486250595145
            ],
            [
              3.511100647261108,
              36.69248490727415
            ],
            [
              3.511097310199434,
              36.69198071640243
            ],
            [
              3.5114103423480434,
              36.691979372283036
            ],
            [
              3.511408672826526,
              36.69172727684332
            ],
            [
              3.51172170393258,
              36.69172593191328
            ],
            [
              3.511716692427256,
              36.69096964556632
            ],
            [
              3.5120297204472193,
              36.69096829985021
            ],
            [
              3.51202470606362,
              36.69021201344322
            ],
            [
              3.5117116811088604,
              36.69021335912248
            ],
            [
              3.511710010710934,
              36.68996126361968
            ],
            [
              3.5113969867571138,
              36.689962608463794
            ],
            [
              3.5113819633051557,
              36.68769374834373
            ],
            [
              3.5116949780641615,
              36.68769240361007
            ],
            [
              3.5116933078739114,
              36.687440307999644
            ],
            [
              3.5120063215905675,
              36.687438962455474
            ],
            [
              3.5120046503995135,
              36.68718686684654
            ],
            [
              3.512317663073823,
              36.687185520491894
            ],
            [
              3.5123159908819916,
              36.6869334248845
            ],
            [
              3.513255025715449,
              36.68692938092078
            ],
            [
              3.5132533504797787,
              36.686677285339535
            ],
            [
              3.5135663610277468,
              36.68667593571841
            ],
            [
              3.513564684791375,
              36.68642384013872
            ],
            [
              3.5138776942969727,
              36.68642248970716
            ],
            [
              3.5138743398437313,
              36.68591829854013
            ],
            [
              3.514187347285453,
              36.68591694731049
            ],
            [
              3.5141839908726547,
              36.68541275612506
            ],
            [
              3.514496996250542,
              36.68541140409737
            ],
            [
              3.514491958723477,
              36.68465511727553
            ],
            [
              3.5148049610161256,
              36.68465376446217
            ],
            [
              3.514803280860765,
              36.6844016688457
            ],
            [
              3.5151162821110975,
              36.68440031522197
            ],
            [
              3.5151146009552128,
              36.684148219607124
            ],
            [
              3.515740601350328,
              36.68414550991635
            ],
            [
              3.5157389181725427,
              36.683893414315456
            ],
            [
              3.5160519173173133,
              36.68389205824842
            ],
            [
              3.516048548981761,
              36.68338786703907
            ],
            [
              3.516361546062828,
              36.683386510174145
            ],
            [
              3.516359860905099,
              36.683134414565714
            ],
            [
              3.5166728569438526,
              36.683133056890505
            ],
            [
              3.5166694846485638,
              36.682628865666125
            ],
            [
              3.5169824786236648,
              36.68262750719306
            ],
            [
              3.5169791043695984,
              36.682123315950435
            ],
            [
              3.517292096281089,
              36.68212195667956
            ],
            [
              3.5172887200683443,
              36.68161776541869
            ],
            [
              3.5176017099162613,
              36.68161640535002
            ],
            [
              3.5175966426907768,
              36.68086011841521
            ],
            [
              3.517909629453915,
              36.680858757561204
            ],
            [
              3.5179079393995205,
              36.68060666190716
            ],
            [
              3.518533910820276,
              36.68060393775626
            ],
            [
              3.518530526689666,
              36.68009974646561
            ],
            [
              3.5188435103260627,
              36.68009838318117
            ],
            [
              3.5188418172711193,
              36.67984628753214
            ],
            [
              3.5191547998652704,
              36.6798449234376
            ],
            [
              3.519151411776181,
              36.67934073213216
            ],
            [
              3.519464392306919,
              36.67933936723998
            ],
            [
              3.5194610022597788,
              36.678835175916404
            ],
            [
              3.51977398072714,
              36.678833810226614
            ],
            [
              3.5197722847140502,
              36.678581714561155
            ],
            [
              3.520085262139195,
              36.67858034806132
            ],
            [
              3.5200835651260745,
              36.678328252397556
            ],
            [
              3.520396541509,
              36.67832688508768
            ],
            [
              3.5203948434958736,
              36.678074789425644
            ],
            [
              3.5213337694546176,
              36.678070682598474
            ],
            [
              3.5213320683993268,
              36.677818586963156
            ],
            [
              3.521958016890577,
              36.6778158449909
            ],
            [
              3.521956313814279,
              36.67756374936985
            ],
            [
              3.522269287007071,
              36.67756237716251
            ],
            [
              3.522264174842064,
              36.676806090272315
            ],
            [
              3.5225771449505103,
              36.6768047172801
            ],
            [
              3.5225754399168547,
              36.67655262164103
            ],
            [
              3.522888408983076,
              36.676551247838894
            ],
            [
              3.5228832909462966,
              36.67579496089475
            ],
            [
              3.5231962569283013,
              36.67579358630779
            ],
            [
              3.5231945499374877,
              36.67554149065076
            ],
            [
              3.523507514877295,
              36.67554011525392
            ],
            [
              3.5235058068867415,
              36.67528801959869
            ],
            [
              3.523818770784349,
              36.675286643392
            ],
            [
              3.5238153528250624,
              36.67478245207434
            ],
            [
              3.5241283146595364,
              36.67478107507038
            ],
            [
              3.524124894743405,
              36.6742768837348
            ],
            [
              3.524437854514782,
              36.67427550593359
            ],
            [
              3.524436143567708,
              36.67402341026223
            ],
            [
              3.52412318481723,
              36.67402478805086
            ],
            [
              3.524121474912314,
              36.67377269235616
            ],
            [
              3.5238085171614606,
              36.673774069309836
            ],
            [
              3.523806808298678,
              36.67352197359181
            ],
            [
              3.523493851547453,
              36.67352334971056
            ],
            [
              3.5234818972486193,
              36.67175867929495
            ],
            [
              3.5237948468540834,
              36.67175730326412
            ],
            [
              3.5237931381612646,
              36.671505207459965
            ],
            [
              3.524106086724714,
              36.6715038306194
            ],
            [
              3.5241043770323794,
              36.671251734817055
            ],
            [
              3.5244173245538115,
              36.67125035716677
            ],
            [
              3.5244036396147442,
              36.66923359046102
            ],
            [
              3.5247165789492945,
              36.6692322120891
            ],
            [
              3.5247131558859284,
              36.66872802033017
            ],
            [
              3.5259649048461057,
              36.66872249872097
            ],
            [
              3.5259631892638685,
              36.66847040287577
            ],
            [
              3.5262761254300017,
              36.66846902043054
            ],
            [
              3.526274408848489,
              36.6682169245872
            ],
            [
              3.5265873439726745,
              36.66821554133239
            ],
            [
              3.526582191294451,
              36.66745925377564
            ],
            [
              3.526895123335545,
              36.66745786973653
            ],
            [
              3.5268813756357673,
              36.66544110254596
            ],
            [
              3.5271942994914207,
              36.665439717785816
            ],
            [
              3.52719258010464,
              36.665187621851196
            ],
            [
              3.5268796572694385,
              36.66518900659871
            ],
            [
              3.5268762206008737,
              36.66468481467189
            ],
            [
              3.5265632997851726,
              36.66468619857202
            ],
            [
              3.5265547135895656,
              36.66342571850341
            ],
            [
              3.5262417978544605,
              36.66342710151831
            ],
            [
              3.5262383655663565,
              36.66292290939028
            ],
            [
              3.525925451850603,
              36.66292429155787
            ],
            [
              3.525923736758882,
              36.66267219546508
            ],
            [
              3.525610824042132,
              36.66267357679802
            ],
            [
              3.525598826139056,
              36.660908903758845
            ],
            [
              3.525285920542924,
              36.66091028418153
            ],
            [
              3.5252824948028376,
              36.66040609176253
            ],
            [
              3.524969591225849,
              36.66040747133804
            ],
            [
              3.524966167611333,
              36.6599032788508
            ],
            [
              3.5246532660534475,
              36.659904657579155
            ],
            [
              3.5246447124903426,
              36.65864417610976
            ],
            [
              3.5243318160119372,
              36.658645553953264
            ],
            [
              3.5243147206813683,
              36.656124590081404
            ],
            [
              3.5240018343822563,
              36.656125966977264
            ],
            [
              3.5239967092574487,
              36.655369677568125
            ],
            [
              3.5236838259970136,
              36.65537105360444
            ],
            [
              3.523663339647794,
              36.65234589484841
            ],
            [
              3.5239762106696975,
              36.652344518962835
            ],
            [
              3.523969378486695,
              36.65133613241666
            ],
            [
              3.524282245408257,
              36.651334755759635
            ],
            [
              3.5242788274046917,
              36.65083056244712
            ],
            [
              3.524591692265531,
              36.65082918499354
            ],
            [
              3.5245882723075304,
              36.65032499166312
            ],
            [
              3.524275409486116,
              36.65032636909154
            ],
            [
              3.5242719916525265,
              36.649822175692925
            ],
            [
              3.52395913084924,
              36.649823552274526
            ],
            [
              3.5239540073171676,
              36.64906726205818
            ],
            [
              3.523641149551614,
              36.649068637780445
            ],
            [
              3.5236394427696855,
              36.64881654100756
            ],
            [
              3.5233265860025433,
              36.64881791589565
            ],
            [
              3.5233214688428927,
              36.64806162547478
            ],
            [
              3.5230086151133593,
              36.64806299950361
            ],
            [
              3.52299838748391,
              36.64655041829605
            ],
            [
              3.5226855398504777,
              36.646551791428024
            ],
            [
              3.522683836339248,
              36.64629969450989
            ],
            [
              3.522370989704139,
              36.64630106680778
            ],
            [
              3.52236928723358,
              36.646048969866364
            ],
            [
              3.5217435959388634,
              36.64605171197243
            ],
            [
              3.5217367944239704,
              36.645043323998976
            ],
            [
              3.5214239528227402,
              36.645044693769655
            ],
            [
              3.5214188549667877,
              36.64428840263904
            ],
            [
              3.5211060164026824,
              36.64428977155071
            ],
            [
              3.521102619976449,
              36.64378557738483
            ],
            [
              3.52078978343,
              36.64378694545002
            ],
            [
              3.52078808626792,
              36.64353484833845
            ],
            [
              3.5204752507197394,
              36.643536215569675
            ],
            [
              3.520471858497574,
              36.64303202128927
            ],
            [
              3.520159024967002,
              36.64303338767407
            ],
            [
              3.5201556348678293,
              36.642529193325686
            ],
            [
              3.5198428033548304,
              36.64253055886409
            ],
            [
              3.5198360274865057,
              36.641522169988285
            ],
            [
              3.520148854922364,
              36.64152080449976
            ],
            [
              3.5201471599886793,
              36.641268707266384
            ],
            [
              3.5204599863842123,
              36.64126734096892
            ],
            [
              3.5204582904523596,
              36.64101524373725
            ],
            [
              3.520771115807567,
              36.64101387663088
            ],
            [
              3.5207677219686713,
              36.640509682160236
            ],
            [
              3.5210805452643408,
              36.640508314257445
            ],
            [
              3.521078847357336,
              36.64025621701847
            ],
            [
              3.5213916696126932,
              36.64025484830679
            ],
            [
              3.5213899707076086,
              36.64000275106955
            ],
            [
              3.521702791922655,
              36.64000138154901
            ],
            [
              3.521689193289275,
              36.637984603363826
            ],
            [
              3.5220020063301365,
              36.63798323312202
            ],
            [
              3.522000305576986,
              36.63773113581295
            ],
            [
              3.522313117577627,
              36.63772976476237
            ],
            [
              3.5223114158265596,
              36.637477667455066
            ],
            [
              3.522624226786984,
              36.6374762955957
            ],
            [
              3.5226225240380247,
              36.63722419829017
            ],
            [
              3.52293533395823,
              36.63722282562206
            ],
            [
              3.5229319264857595,
              36.63671863100378
            ],
            [
              3.5232447343467257,
              36.636717257539466
            ],
            [
              3.5232413249209733,
              36.63621306290323
            ],
            [
              3.5235541307227374,
              36.63621168864275
            ],
            [
              3.5235507193438025,
              36.63570749398858
            ],
            [
              3.5238635230864057,
              36.635706118931964
            ],
            [
              3.523860109754388,
              36.63520192425986
            ],
            [
              3.5241729114378675,
              36.635200548407134
            ],
            [
              3.5241694961528656,
              36.63469635371711
            ],
            [
              3.524482295777262,
              36.63469497706831
            ],
            [
              3.5244771699522977,
              36.633938684990284
            ],
            [
              3.5247899664987683,
              36.63393730755801
            ],
            [
              3.524771162235915,
              36.63116423591508
            ],
            [
              3.525083947554266,
              36.63116285780008
            ],
            [
              3.5250822371846082,
              36.63091076032602
            ],
            [
              3.5257078057200495,
              36.630908001657886
            ],
            [
              3.5257060933342217,
              36.63065590419825
            ],
            [
              3.5260188765512996,
              36.63065452364514
            ],
            [
              3.526017163168057,
              36.630402426187366
            ],
            [
              3.526329945345128,
              36.630401044825796
            ],
            [
              3.5263282309644963,
              36.630148947369875
            ],
            [
              3.5266410121015648,
              36.630147565199856
            ],
            [
              3.5266392967235687,
              36.629895467745776
            ],
            [
              3.5282031969953773,
              36.62988854464283
            ],
            [
              3.5282014765453855,
              36.62963644724123
            ],
            [
              3.528514255516966,
              36.62963506017012
            ],
            [
              3.528515976985622,
              36.62988715755906
            ],
            [
              3.5291415369018933,
              36.62988438092831
            ],
            [
              3.5291398133959118,
              36.62963228356473
            ],
            [
              3.5297653711891495,
              36.62962950367514
            ],
            [
              3.529763645667295,
              36.6293774063262
            ],
            [
              3.530076423513092,
              36.62937601516253
            ],
            [
              3.530074696994053,
              36.62912391781553
            ],
            [
              3.5310130273466984,
              36.62911973943637
            ],
            [
              3.531011297793253,
              36.62886764211676
            ],
            [
              3.531324073515856,
              36.628866247694376
            ],
            [
              3.5313223429653027,
              36.62861415037675
            ],
            [
              3.5316351176477827,
              36.628612755146065
            ],
            [
              3.5316333861001463,
              36.62836065783042
            ],
            [
              3.5319461597425006,
              36.62835926179146
            ],
            [
              3.5319444271978067,
              36.6281071644778
            ],
            [
              3.532569972380718,
              36.62810436996238
            ],
            [
              3.53256823782042,
              36.62785227266347
            ],
            [
              3.5328810093609646,
              36.62785087418702
            ],
            [
              3.5328792738036734,
              36.627598776890125
            ],
            [
              3.5331920443040814,
              36.627597377605454
            ],
            [
              3.53318857121715,
              36.627093183004924
            ],
            [
              3.5335013396588915,
              36.627091782924836
            ],
            [
              3.5334996021292895,
              36.62683968562123
            ],
            [
              3.533812369530911,
              36.62683828473295
            ],
            [
              3.533810631004403,
              36.62658618743138
            ],
            [
              3.5341233973659034,
              36.626584785734934
            ],
            [
              3.534121657842515,
              36.62633268843538
            ],
            [
              3.534434423163897,
              36.62633128593079
            ],
            [
              3.534427461212752,
              36.625322896676245
            ],
            [
              3.5347402224386473,
              36.625321493401955
            ],
            [
              3.534734998147232,
              36.62456520138649
            ],
            [
              3.5350477562962266,
              36.62456379732976
            ],
            [
              3.535046013890662,
              36.62431169998255
            ],
            [
              3.5353587709996024,
              36.624310295117745
            ],
            [
              3.5353570275973203,
              36.624058197772634
            ],
            [
              3.5356697836662074,
              36.62405679209977
            ],
            [
              3.535668039267234,
              36.62380469475672
            ],
            [
              3.53598079429607,
              36.62380328827584
            ],
            [
              3.5359773035264883,
              36.62329909358313
            ],
            [
              3.5362900564969317,
              36.62329768630706
            ],
            [
              3.536286563777502,
              36.62279349159703
            ],
            [
              3.5365993146895938,
              36.62279208352582
            ],
            [
              3.5365940727184118,
              36.62203579141863
            ],
            [
              3.5369068205539125,
              36.622034382565175
            ],
            [
              3.5368998274901378,
              36.621025992989715
            ],
            [
              3.536587083727615,
              36.6210274017917
            ],
            [
              3.5365853365342197,
              36.62077530435805
            ],
            [
              3.5368980792785294,
              36.62077389556893
            ],
            [
              3.5368963310886556,
              36.6205217981374
            ],
            [
              3.537209072793033,
              36.62052038854037
            ],
            [
              3.537202076178195,
              36.61951199875812
            ],
            [
              3.536889338546491,
              36.61951340830366
            ],
            [
              3.536887590465281,
              36.6192613108183
            ],
            [
              3.5365748538299826,
              36.61926271953022
            ],
            [
              3.5365731067886297,
              36.61901062202124
            ],
            [
              3.536260371149735,
              36.61901202989955
            ],
            [
              3.5362568791683966,
              36.6185078348236
            ],
            [
              3.535944145544009,
              36.61850924185547
            ],
            [
              3.5359424006039855,
              36.6182571442885
            ],
            [
              3.5356296679759898,
              36.618258550486814
            ],
            [
              3.5356279240757345,
              36.618006452896225
            ],
            [
              3.5353151924441346,
              36.61800785826098
            ],
            [
              3.535313449583621,
              36.617755760646816
            ],
            [
              3.5350007189484165,
              36.617757165178034
            ],
            [
              3.5349989771276196,
              36.61750506754027
            ],
            [
              3.534686247488809,
              36.617506471237974
            ],
            [
              3.534684506707704,
              36.61725437357662
            ],
            [
              3.534371778065291,
              36.61725577644083
            ],
            [
              3.5343700383238525,
              36.61700367875589
            ],
            [
              3.534057310677835,
              36.6170050807866
            ],
            [
              3.5340555719760367,
              36.61675298307811
            ],
            [
              3.5337428453264175,
              36.616754384275346
            ],
            [
              3.533739370023655,
              36.616250188800485
            ],
            [
              3.533113920731598,
              36.616252988681794
            ],
            [
              3.5331121851485707,
              36.61600089090265
            ],
            [
              3.5327994614881466,
              36.616002289599535
            ],
            [
              3.532797726944659,
              36.61575019179685
            ],
            [
              3.532485004280633,
              36.615751589660334
            ],
            [
              3.5324832707766602,
              36.61549949183412
            ],
            [
              3.5318578274198718,
              36.615502285073646
            ],
            [
              3.5318560959733265,
              36.61525018721115
            ],
            [
              3.529979771494394,
              36.61525854715818
            ],
            [
              3.5299780461769354,
              36.61500644920857
            ],
            [
              3.5293526065480867,
              36.61500922926718
            ],
            [
              3.5293508832879077,
              36.61475713128141
            ],
            [
              3.5287254456091954,
              36.61475990803218
            ],
            [
              3.5287237244062464,
              36.61450781001029
            ],
            [
              3.5284110065526892,
              36.61450919714208
            ],
            [
              3.528409286389029,
              36.614257099096754
            ],
            [
              3.52809656953198,
              36.614258485395275
            ],
            [
              3.5280948504075833,
              36.61400638732654
            ],
            [
              3.527782134547039,
              36.61400777279181
            ],
            [
              3.527780416461881,
              36.61375567469966
            ],
            [
              3.5274677015978453,
              36.61375705933168
            ],
            [
              3.5274625505240462,
              36.613000764952716
            ],
            [
              3.5271498386921896,
              36.61300214872626
            ],
            [
              3.5271464067853375,
              36.612497952394534
            ],
            [
              3.526833696967767,
              36.61249933532224
            ],
            [
              3.526819978335606,
              36.61048254946394
            ],
            [
              3.5265072766386947,
              36.61048393147011
            ],
            [
              3.526505562923296,
              36.61023183317678
            ],
            [
              3.525880161500951,
              36.610234594702426
            ],
            [
              3.5258784498422138,
              36.609982496373114
            ],
            [
              3.5255657501167934,
              36.60998387589261
            ],
            [
              3.5255640394970005,
              36.60973177753994
            ],
            [
              3.5252513407679817,
              36.60973315622638
            ],
            [
              3.525249631187108,
              36.60948105785035
            ],
            [
              3.524936933454488,
              36.60948243570375
            ],
            [
              3.524938642017708,
              36.609734534092354
            ],
            [
              3.524625943246195,
              36.60973591113786
            ],
            [
              3.524627650812989,
              36.60998800952829
            ],
            [
              3.5243149510025793,
              36.6099893857659
            ],
            [
              3.5243166575729226,
              36.61024148415814
            ],
            [
              3.524003956723619,
              36.61024285958785
            ],
            [
              3.524007367892555,
              36.610747056365184
            ],
            [
              3.5236946649866505,
              36.61074843099953
            ],
            [
              3.5236963695852066,
              36.61100052938462
            ],
            [
              3.5233836656403907,
              36.611001903211005
            ],
            [
              3.5233853692424075,
              36.61125400159789
            ],
            [
              3.5227599592537904,
              36.61125674681424
            ],
            [
              3.5227616608414976,
              36.61150884521544
            ],
            [
              3.5221362487327768,
              36.611511587174796
            ],
            [
              3.5221345491805582,
              36.61125948874856
            ],
            [
              3.5196329080435014,
              36.611270423665346
            ],
            [
              3.5196312166542776,
              36.61101832512845
            ],
            [
              3.5193185124351234,
              36.611019688288295
            ],
            [
              3.519316822084648,
              36.6107675897282
            ],
            [
              3.5186914156187545,
              36.61077031356148
            ],
            [
              3.5186897273247126,
              36.610518214965744
            ],
            [
              3.518377025077987,
              36.610519575639216
            ],
            [
              3.518375337822631,
              36.610267477020294
            ],
            [
              3.5180626365726266,
              36.61026883686084
            ],
            [
              3.5180609503559315,
              36.610016738218754
            ],
            [
              3.5177482501026485,
              36.6100180972264
            ],
            [
              3.5177465649245883,
              36.60976599856113
            ],
            [
              3.5174338656680293,
              36.60976735673591
            ],
            [
              3.5174321815285787,
              36.60951525804747
            ],
            [
              3.516806784987982,
              36.60951797191082
            ],
            [
              3.5168084670921114,
              36.60977007062405
            ],
            [
              3.515557669689435,
              36.60977548855471
            ],
            [
              3.5155593477437797,
              36.610027587306675
            ],
            [
              3.514933946881874,
              36.61003029137389
            ],
            [
              3.5149322708628783,
              36.609778192597226
            ],
            [
              3.5139941724668065,
              36.609782242507464
            ],
            [
              3.5139924995216356,
              36.60953014368304
            ],
            [
              3.5133671025222366,
              36.60953283949623
            ],
            [
              3.5133654316331655,
              36.60928074063645
            ],
            [
              3.5114892462427463,
              36.60928880831117
            ],
            [
              3.511487581480283,
              36.60903670936692
            ],
            [
              3.5111748848603437,
              36.60903805109552
            ],
            [
              3.511176548605167,
              36.609290150052026
            ],
            [
              3.5093003623457713,
              36.609298183267555
            ],
            [
              3.5092987047067945,
              36.60904608423767
            ],
            [
              3.508673311157284,
              36.6090487553881
            ],
            [
              3.5086716555741737,
              36.608796656323065
            ],
            [
              3.5083589597861695,
              36.60879799065542
            ],
            [
              3.5083573052412587,
              36.608545891567445
            ],
            [
              3.508044610450302,
              36.60854722506718
            ],
            [
              3.5080429569435645,
              36.60829512595627
            ],
            [
              3.506792181644725,
              36.60830045170218
            ],
            [
              3.506790532228916,
              36.60804835253186
            ],
            [
              3.5055397606723644,
              36.60805366510237
            ],
            [
              3.505541406017797,
              36.60830576432121
            ],
            [
              3.5052287120598957,
              36.608307090424894
            ],
            [
              3.505230356408177,
              36.608559189645106
            ],
            [
              3.5049176614122275,
              36.608560514940464
            ],
            [
              3.5049193047633307,
              36.608812614162034
            ],
            [
              3.504606608729329,
              36.60881393864905
            ],
            [
              3.504608251083229,
              36.60906603787196
            ],
            [
              3.5039828569187224,
              36.60906868440884
            ],
            [
              3.503984497257748,
              36.60932078364519
            ],
            [
              3.5027337046135365,
              36.60932606692175
            ],
            [
              3.502732068345099,
              36.60907396763716
            ],
            [
              3.502106673936186,
              36.60907660432859
            ],
            [
              3.5021050397233604,
              36.60882450500916
            ],
            [
              3.5017923435060574,
              36.60882582211217
            ],
            [
              3.5017907103311705,
              36.60857372276996
            ],
            [
              3.5014780151111884,
              36.60857503904048
            ],
            [
              3.5014763829742153,
              36.60832293967549
            ],
            [
              3.5005383002454074,
              36.60832688352843
            ],
            [
              3.500541558433941,
              36.60883108231972
            ],
            [
              3.5002288621152466,
              36.608832395320476
            ],
            [
              3.5002337464969964,
              36.60958869346275
            ],
            [
              3.4999210471051145,
              36.609590005679024
            ],
            [
              3.499930810308891,
              36.61110260174517
            ],
            [
              3.499618104790538,
              36.611103913212865
            ],
            [
              3.49961973104422,
              36.61135601253157
            ],
            [
              3.4983689046977573,
              36.611361250245
            ],
            [
              3.4983672825150824,
              36.61110915087845
            ],
            [
              3.4980545768957696,
              36.61111045824356
            ],
            [
              3.4980529557510014,
              36.6108583588543
            ],
            [
              3.4974275464874065,
              36.61086097109909
            ],
            [
              3.4974259273982473,
              36.61060887167525
            ],
            [
              3.4971132237539795,
              36.610610176554964
            ],
            [
              3.4971116057026634,
              36.61035807710842
            ],
            [
              3.4967989030559945,
              36.610359381155725
            ],
            [
              3.4967956690491016,
              36.60985518220658
            ],
            [
              3.495544866403105,
              36.60986039009569
            ],
            [
              3.495541640617996,
              36.60935619100841
            ],
            [
              3.49522894194168,
              36.60935749090573
            ],
            [
              3.4952273300968564,
              36.60910539133408
            ],
            [
              3.4946019347194315,
              36.60910798864361
            ],
            [
              3.494600324929928,
              36.608855889037486
            ],
            [
              3.4942876282288324,
              36.60885718644972
            ],
            [
              3.4942860194769705,
              36.608605086820994
            ],
            [
              3.4927225407598903,
              36.6086115615162
            ],
            [
              3.4927241444236032,
              36.60886366120407
            ],
            [
              3.4920987507618673,
              36.60886624536265
            ],
            [
              3.492097149133416,
              36.60861414565117
            ],
            [
              3.4917844532903044,
              36.60861543648798
            ],
            [
              3.4917860539011243,
              36.60886753621126
            ],
            [
              3.4914733570204843,
              36.608868826239416
            ],
            [
              3.4914749566335592,
              36.609120925963715
            ],
            [
              3.491162258715388,
              36.60912221518319
            ],
            [
              3.491163857330692,
              36.60937431490853
            ],
            [
              3.490851158374991,
              36.60937560331932
            ],
            [
              3.4908543536298704,
              36.60987980276126
            ],
            [
              3.4905416526189534,
              36.609881090375104
            ],
            [
              3.4905432492584905,
              36.61013319009172
            ],
            [
              3.49023054721003,
              36.61013447689683
            ],
            [
              3.490232142851708,
              36.61038657661445
            ],
            [
              3.489919439765703,
              36.61038786261082
            ],
            [
              3.489921034409497,
              36.61063996232944
            ],
            [
              3.4896083302859444,
              36.61064124751705
            ],
            [
              3.4896099239318286,
              36.61089334723666
            ],
            [
              3.489297218770731,
              36.6108946316155
            ],
            [
              3.489298811418681,
              36.611146731336085
            ],
            [
              3.4874225739302562,
              36.61115442044858
            ],
            [
              3.487424160491442,
              36.61140652022866
            ],
            [
              3.4877368678066576,
              36.61140524074953
            ],
            [
              3.4877543324777713,
              36.61417833749234
            ],
            [
              3.488067050969456,
              36.61417705706403
            ],
            [
              3.488068639803175,
              36.614429156691735
            ],
            [
              3.4883813592930184,
              36.61442787543111
            ],
            [
              3.4883908988178876,
              36.61594047290135
            ],
            [
              3.487452721965886,
              36.61594431443191
            ],
            [
              3.4874543089018757,
              36.616196414007746
            ],
            [
              3.4871415822270646,
              36.61619769288828
            ],
            [
              3.487152684205052,
              36.61796238969993
            ],
            [
              3.484650813086845,
              36.61797259185231
            ],
            [
              3.4846523910177374,
              36.61822469144702
            ],
            [
              3.484339656021448,
              36.61822596303441
            ],
            [
              3.4843412329538395,
              36.61847806263
            ],
            [
              3.482152080304758,
              36.61848694084229
            ],
            [
              3.482150510499199,
              36.61823484116562
            ],
            [
              3.479961364020674,
              36.61824367908081
            ],
            [
              3.4799629266993874,
              36.61849577883821
            ],
            [
              3.4796501903922374,
              36.61849703812608
            ],
            [
              3.479651752072244,
              36.61874913788422
            ],
            [
              3.479339014727544,
              36.618750396362856
            ],
            [
              3.4793405754088185,
              36.61900249612175
            ],
            [
              3.4790278370265693,
              36.619003753791105
            ],
            [
              3.479029396709086,
              36.61925585355075
            ],
            [
              3.478716657289287,
              36.61925711041083
            ],
            [
              3.47872756848237,
              36.621021808507685
            ],
            [
              3.4784148219157127,
              36.621023064627316
            ],
            [
              3.478416379716835,
              36.62127516432392
            ],
            [
              3.47810363211255,
              36.621276419634185
            ],
            [
              3.4781051889147645,
              36.62152851933153
            ],
            [
              3.4777924402728484,
              36.621529773832414
            ],
            [
              3.4777939960761297,
              36.62178187353046
            ],
            [
              3.477481246396585,
              36.62178312722197
            ],
            [
              3.477482801200908,
              36.6220352269207
            ],
            [
              3.4771700504837315,
              36.62203647980282
            ],
            [
              3.477171604289071,
              36.62228857950225
            ],
            [
              3.4768588525342645,
              36.62228983157496
            ],
            [
              3.47686195816623,
              36.62279403096446
            ],
            [
              3.476549204355451,
              36.62279528223916
            ],
            [
              3.4765507561820392,
              36.62304738192921
            ],
            [
              3.476238001333617,
              36.62304863239446
            ],
            [
              3.4762395521611333,
              36.62330073208518
            ],
            [
              3.4759267962750644,
              36.62330198174098
            ],
            [
              3.475928346103483,
              36.62355408143235
            ],
            [
              3.4756155891797698,
              36.62355533027866
            ],
            [
              3.475618686857617,
              36.62405952965203
            ],
            [
              3.4753059278778533,
              36.62406077770023
            ],
            [
              3.475307475727244,
              36.62431287738218
            ],
            [
              3.47499471570982,
              36.62431412462087
            ],
            [
              3.474999356318127,
              36.62507042363642
            ],
            [
              3.474686593226147,
              36.62507167008835
            ],
            [
              3.4746896850242273,
              36.62557586940108
            ],
            [
              3.4743769198760788,
              36.62557711505481
            ],
            [
              3.4743784647854548,
              36.62582921470643
            ],
            [
              3.474065698599608,
              36.62583045955058
            ],
            [
              3.4740672425096846,
              36.62608255920282
            ],
            [
              3.4734417080434072,
              36.62608504645093
            ],
            [
              3.4734432499356402,
              36.626337146115155
            ],
            [
              3.4731304816552226,
              36.626338388519095
            ],
            [
              3.4731320225480933,
              36.62659048818391
            ],
            [
              3.4728192532299853,
              36.626591729778205
            ],
            [
              3.472822333036095,
              36.627095929098274
            ],
            [
              3.472509561661741,
              36.62709716989426
            ],
            [
              3.472511100574943,
              36.627349269549505
            ],
            [
              3.4721983281628845,
              36.6273505095358
            ],
            [
              3.472199866076635,
              36.627602609191634
            ],
            [
              3.4718870926268752,
              36.62760384836825
            ],
            [
              3.4718901664745307,
              36.62810804767028
            ],
            [
              3.4715773909684557,
              36.6281092860485
            ],
            [
              3.471580462855286,
              36.62861348533017
            ],
            [
              3.471267685292861,
              36.62861472290996
            ],
            [
              3.4712707552187663,
              36.62911892217125
            ],
            [
              3.4709579755999487,
              36.629120158952574
            ],
            [
              3.4709610435648286,
              36.62962435819347
            ],
            [
              3.470648261889582,
              36.629625594176304
            ],
            [
              3.4706497948819304,
              36.629877693791904
            ],
            [
              3.4703370121689248,
              36.62987892896497
            ],
            [
              3.4703385441616206,
              36.630131028581104
            ],
            [
              3.470025760410859,
              36.630132262944336
            ],
            [
              3.4700272914038766,
              36.63038436256102
            ],
            [
              3.4697145066153565,
              36.63038559611442
            ],
            [
              3.4697160366086703,
              36.6306376957316
            ],
            [
              3.4694032507823898,
              36.63063892847517
            ],
            [
              3.4694047797759757,
              36.63089102809287
            ],
            [
              3.469091992911937,
              36.63089226002658
            ],
            [
              3.469095048918597,
              36.631396459252244
            ],
            [
              3.468782259998021,
              36.63139769038732
            ],
            [
              3.468783787011058,
              36.631649789995286
            ],
            [
              3.4681582070753882,
              36.631652249824505
            ],
            [
              3.468161257083183,
              36.632156449053106
            ],
            [
              3.4678484650492867,
              36.63215767775845
            ],
            [
              3.4678499890627967,
              36.63240977736785
            ],
            [
              3.4675371959911256,
              36.63241100526326
            ],
            [
              3.467538719004742,
              36.63266310487311
            ],
            [
              3.4672259248952946,
              36.63266433195857
            ],
            [
              3.4672274469089928,
              36.632916431568894
            ],
            [
              3.4669146517617704,
              36.632917657844374
            ],
            [
              3.466916172775525,
              36.633169757455136
            ],
            [
              3.4666033765905255,
              36.63317098292064
            ],
            [
              3.4666094567590533,
              36.63417938130105
            ],
            [
              3.4662966564795643,
              36.634180605990096
            ],
            [
              3.4663057711855405,
              36.635693203305436
            ],
            [
              3.465992964773393,
              36.63569442724033
            ],
            [
              3.4659975193242976,
              36.63645072578644
            ],
            [
              3.4656847098362196,
              36.636451948933576
            ],
            [
              3.465698365336362,
              36.63872084409215
            ],
            [
              3.465385546657562,
              36.63872206651847
            ],
            [
              3.4653900957729844,
              36.639478364744704
            ],
            [
              3.4650772740178186,
              36.63947958638314
            ],
            [
              3.4650818202452864,
              36.64023588454611
            ],
            [
              3.464768995413649,
              36.64023710539662
            ],
            [
              3.4647705098412516,
              36.64048920477393
            ],
            [
              3.4644576839715517,
              36.64049042481419
            ],
            [
              3.4644607108447323,
              36.64099462355887
            ],
            [
              3.464147882917707,
              36.64099584279999
            ],
            [
              3.4641539328126933,
              36.64200424020489
            ],
            [
              3.4638411007896917,
              36.64200545866911
            ],
            [
              3.463850170080173,
              36.64351805452082
            ],
            [
              3.463537331922241,
              36.643519272230286
            ],
            [
              3.4635388425170284,
              36.643771371512415
            ],
            [
              3.463226003320913,
              36.64377258841151
            ],
            [
              3.4632275129150676,
              36.644024687694
            ],
            [
              3.4629146726807716,
              36.6440259037827
            ],
            [
              3.4629161812742675,
              36.64427800306555
            ],
            [
              3.4626033400017873,
              36.644279218343826
            ],
            [
              3.4626063552061557,
              36.64478341689947
            ],
            [
              3.4622935118760405,
              36.644784631378414
            ],
            [
              3.462295018486875,
              36.645036730651206
            ],
            [
              3.4610436409013645,
              36.64504158039594
            ],
            [
              3.461045143453016,
              36.64529367970228
            ],
            [
              3.4607322979904263,
              36.64529489009566
            ],
            [
              3.460733799541267,
              36.64554698940229
            ],
            [
              3.460420953040516,
              36.64554819898517
            ],
            [
              3.46042245359052,
              36.64580029829211
            ],
            [
              3.46010960605161,
              36.645801507064476
            ],
            [
              3.460111105600752,
              36.6460536063717
            ],
            [
              3.459798257023679,
              36.64605481433353
            ],
            [
              3.459799755571934,
              36.646306913641034
            ],
            [
              3.4594869059567013,
              36.64630812079231
            ],
            [
              3.4594884035040443,
              36.646560220100106
            ],
            [
              3.4591755528506467,
              36.64656142644082
            ],
            [
              3.459178545962064,
              36.64706562504619
            ],
            [
              3.4588656932509365,
              36.64706683058734
            ],
            [
              3.4588671888149727,
              36.64731892988491
            ],
            [
              3.4585543350656685,
              36.647320134615455
            ],
            [
              3.458555829628704,
              36.64757223391328
            ],
            [
              3.458242974841222,
              36.64757343783321
            ],
            [
              3.4582444684032314,
              36.64782553713129
            ],
            [
              3.4579316125775734,
              36.64782674024058
            ],
            [
              3.4579331051385314,
              36.648078839538904
            ],
            [
              3.457620248274695,
              36.648080041837545
            ],
            [
              3.457623231413001,
              36.648584240423894
            ],
            [
              3.457310372491341,
              36.648585441922854
            ],
            [
              3.4573118630686515,
              36.648837541210874
            ],
            [
              3.456999003108799,
              36.64883874189915
            ],
            [
              3.45700198227966,
              36.64934294046489
            ],
            [
              3.4566891202619314,
              36.64934414035343
            ],
            [
              3.4566920974674633,
              36.64984833889808
            ],
            [
              3.456379233391818,
              36.649849537986846
            ],
            [
              3.4563807210026223,
              36.650101637254004
            ],
            [
              3.4560678558887594,
              36.65010283553202
            ],
            [
              3.45607826254385,
              36.651867530177846
            ],
            [
              3.455765390273083,
              36.65186872771071
            ],
            [
              3.4557713332604068,
              36.65287712445849
            ],
            [
              3.4554584568917885,
              36.65287832121332
            ],
            [
              3.4554614264565195,
              36.65338251954459
            ],
            [
              3.455148548029677,
              36.65338371549949
            ],
            [
              3.4551515156284336,
              36.65388791380961
            ],
            [
              3.4548386351433256,
              36.65388910896453
            ],
            [
              3.4548460493632986,
              36.65514960460635
            ],
            [
              3.4545331637599914,
              36.655150798994
            ],
            [
              3.4545346456393045,
              36.65540289810103
            ],
            [
              3.4542217589975808,
              36.655404091677724
            ],
            [
              3.454223239875313,
              36.65565619078491
            ],
            [
              3.4535974644966365,
              36.65565857549451
            ],
            [
              3.4535989433527474,
              36.65591067461272
            ],
            [
              3.4523473882947884,
              36.65591543421307
            ],
            [
              3.4523488630891648,
              36.656167533364
            ],
            [
              3.4520359732587713,
              36.65616872122026
            ],
            [
              3.4520374470514397,
              36.65642082037128
            ],
            [
              3.4517245561826804,
              36.656422007416516
            ],
            [
              3.451726028973616,
              36.65667410656762
            ],
            [
              3.451413137066488,
              36.65667529280181
            ],
            [
              3.4514146088556648,
              36.656927391953
            ],
            [
              3.4511017159101693,
              36.65692857737611
            ],
            [
              3.451103186697563,
              36.65718067652739
            ],
            [
              3.4504773987115605,
              36.65718304492954
            ],
            [
              3.450475929964332,
              36.656930945756635
            ],
            [
              3.4470341059593017,
              36.65694391308377
            ],
            [
              3.4470355634856027,
              36.65719601237506
            ],
            [
              3.4457839864952673,
              36.65720070315259
            ],
            [
              3.4457854399592946,
              36.657452802475966
            ],
            [
              3.445159649315453,
              36.65745514295465
            ],
            [
              3.445161100757327,
              36.657707242288645
            ],
            [
              3.4448482043882196,
              36.65770841130579
            ],
            [
              3.4448496548280145,
              36.65796051063972
            ],
            [
              3.4445367574207486,
              36.6579616788456
            ],
            [
              3.444538206858439,
              36.65821377817945
            ],
            [
              3.4442253084130123,
              36.65821494557405
            ],
            [
              3.4442282053021422,
              36.658719144230844
            ],
            [
              3.4439153047983937,
              36.65872031082482
            ],
            [
              3.4439181997191923,
              36.659224509459925
            ],
            [
              3.44360529715708,
              36.65922567525324
            ],
            [
              3.4436125296728832,
              36.66048617170619
            ],
            [
              3.443925437336133,
              36.66048500585967
            ],
            [
              3.443931227753642,
              36.661493402786064
            ],
            [
              3.44424413948003,
              36.66149223607491
            ],
            [
              3.444248485543133,
              36.66224853362494
            ],
            [
              3.4439355707557584,
              36.66224970036804
            ],
            [
              3.4439384661804993,
              36.66275389870229
            ],
            [
              3.4442513830085946,
              36.662752731937886
            ],
            [
              3.444254280546106,
              36.663256930207865
            ],
            [
              3.4445671993969613,
              36.66325576260007
            ],
            [
              3.4445715488995776,
              36.66401205989248
            ],
            [
              3.4448844707936574,
              36.66401089143059
            ],
            [
              3.444885921684358,
              36.66426299049591
            ],
            [
              3.445198844580841,
              36.66426182120124
            ],
            [
              3.445204652405932,
              36.66527021731232
            ],
            [
              3.4455175793662596,
              36.6652690471528
            ],
            [
              3.4455204854281445,
              36.66577324512251
            ],
            [
              3.445833414411428,
              36.66577207411946
            ],
            [
              3.4458348684900004,
              36.6660241730775
            ],
            [
              3.445521938486186,
              36.666025344091246
            ],
            [
              3.4455262977687084,
              36.66678164093298
            ],
            [
              3.4452133646851584,
              36.66678281115659
            ],
            [
              3.4452206254143363,
              36.66804330573131
            ],
            [
              3.4449076872096973,
              36.668044475186115
            ],
            [
              3.4449091383890527,
              36.6682965740795
            ],
            [
              3.4430315026588856,
              36.66830357360534
            ],
            [
              3.443032947732332,
              36.66855567255188
            ],
            [
              3.442094126562546,
              36.66855916124643
            ],
            [
              3.4420955685919417,
              36.66881126021407
            ],
            [
              3.441782627145466,
              36.66881242147835
            ],
            [
              3.4417840681721055,
              36.66906452044585
            ],
            [
              3.441158183184044,
              36.669066840528835
            ],
            [
              3.4411596221872025,
              36.66931893950676
            ],
            [
              3.440533735086177,
              36.66932125632185
            ],
            [
              3.4405351720658035,
              36.66957335531019
            ],
            [
              3.4399092828518896,
              36.66957566885732
            ],
            [
              3.4399107178079324,
              36.66982776785603
            ],
            [
              3.439597772153481,
              36.669828923406726
            ],
            [
              3.439600640077603,
              36.67033312139302
            ],
            [
              3.4392876923638354,
              36.670334276142505
            ],
            [
              3.439289125331876,
              36.67058637513007
            ],
            [
              3.438976176579528,
              36.670587529067795
            ],
            [
              3.4389776085446093,
              36.67083962805515
            ],
            [
              3.438664658753679,
              36.67084078118109
            ],
            [
              3.438666089715775,
              36.67109288016823
            ],
            [
              3.4380401880389755,
              36.6710951839742
            ],
            [
              3.4380416169772574,
              36.671347282971624
            ],
            [
              3.4377286650914,
              36.67134843365162
            ],
            [
              3.4377300930266332,
              36.67160053264881
            ],
            [
              3.437417140102205,
              36.67160168251697
            ],
            [
              3.4374185670343635,
              36.67185378151391
            ],
            [
              3.4371056130713664,
              36.67185493057023
            ],
            [
              3.4371070390004252,
              36.67210702956691
            ],
            [
              3.4367940839988567,
              36.67210817781136
            ],
            [
              3.436798358829808,
              36.67286447476839
            ],
            [
              3.4364854007479226,
              36.6728656222219
            ],
            [
              3.4364896726756125,
              36.67362191911368
            ],
            [
              3.436176711513306,
              36.673623065776205
            ],
            [
              3.4361795575117497,
              36.67412726367127
            ],
            [
              3.436492520715931,
              36.67412611698779
            ],
            [
              3.4364982170090363,
              36.675134512607094
            ],
            [
              3.436811184279412,
              36.67513336505931
            ],
            [
              3.436814034574229,
              36.67563756278355
            ],
            [
              3.436501065261827,
              36.67563871035228
            ],
            [
              3.436503913585445,
              36.67614290805449
            ],
            [
              3.436816884939924,
              36.676141760464795
            ],
            [
              3.436822585883957,
              36.677150155698385
            ],
            [
              3.4371355613050234,
              36.67714900724428
            ],
            [
              3.4371441193795467,
              36.67866159970941
            ],
            [
              3.4368311378316414,
              36.6786627482264
            ],
            [
              3.4368339886226456,
              36.679166945649776
            ],
            [
              3.4365210050146375,
              36.67916809336518
            ],
            [
              3.4365252782703983,
              36.6799243894511
            ],
            [
              3.4362122915810116,
              36.67992553637535
            ],
            [
              3.4362165619323863,
              36.68068183239597
            ],
            [
              3.4365295516855556,
              36.68068068544031
            ],
            [
              3.4365324007175513,
              36.681184882712714
            ],
            [
              3.4362194089217963,
              36.68118602968931
            ],
            [
              3.436223679538656,
              36.68194232554875
            ],
            [
              3.4359106846612266,
              36.6819434717341
            ],
            [
              3.4359192202445596,
              36.68345606322564
            ],
            [
              3.4356062192211523,
              36.68345720865107
            ],
            [
              3.435609062514237,
              36.68396140574985
            ],
            [
              3.435296059430286,
              36.68396255037348
            ],
            [
              3.435297480081891,
              36.68421464891721
            ],
            [
              3.4349844759588253,
              36.68421579272857
            ],
            [
              3.4349887349551906,
              36.684972088326596
            ],
            [
              3.434675727750039,
              36.68497323134655
            ],
            [
              3.434677146429294,
              36.68522532986817
            ],
            [
              3.4343641381850007,
              36.6852264720758
            ],
            [
              3.4343655558603787,
              36.685478570597105
            ],
            [
              3.4346785651261884,
              36.68547742837904
            ],
            [
              3.4346870776779945,
              36.68699001921862
            ],
            [
              3.434374062282821,
              36.686991161499236
            ],
            [
              3.4343768978979923,
              36.687495358380644
            ],
            [
              3.434063880441965,
              36.68749649985929
            ],
            [
              3.434065297254363,
              36.687748598294306
            ],
            [
              3.4337522787590897,
              36.687749738960555
            ],
            [
              3.4337536945674603,
              36.68800183739522
            ],
            [
              3.4340667140843766,
              36.68800069671856
            ],
            [
              3.434068130932007,
              36.68825279513208
            ],
            [
              3.4343811514529645,
              36.688251653622174
            ],
            [
              3.4343825693398804,
              36.68850375201454
            ],
            [
              3.4346955908648757,
              36.68850260967137
            ],
            [
              3.434697009791103,
              36.68875470804255
            ],
            [
              3.4350100323201387,
              36.68875356486611
            ],
            [
              3.435012872268921,
              36.689257761555346
            ],
            [
              3.4353258968237004,
              36.68925661753517
            ],
            [
              3.435327317846294,
              36.68950871585324
            ],
            [
              3.4368924454635037,
              36.68950298335703
            ],
            [
              3.4368938716124213,
              36.68975508161202
            ],
            [
              3.437206898104449,
              36.68975393263368
            ],
            [
              3.4372111797228646,
              36.690510227302745
            ],
            [
              3.437524209262413,
              36.69050907747003
            ],
            [
              3.4375284941059214,
              36.69126537201091
            ],
            [
              3.4381545592624905,
              36.691263069813736
            ],
            [
              3.4381574200009255,
              36.69176726607856
            ],
            [
              3.4384704545961893,
              36.69176611372455
            ],
            [
              3.4384718860139283,
              36.69201821183033
            ],
            [
              3.438784921613237,
              36.692017058642854
            ],
            [
              3.4387863540706296,
              36.69226915672734
            ],
            [
              3.4394124272595152,
              36.692266847862484
            ],
            [
              3.4394138617784566,
              36.69251894591517
            ],
            [
              3.439726899368019,
              36.69251779023776
            ],
            [
              3.4397283349266776,
              36.69276988826914
            ],
            [
              3.4394152963152345,
              36.6927710439571
            ],
            [
              3.4394210346407155,
              36.69377943601738
            ],
            [
              3.4397340773398097,
              36.69377828028722
            ],
            [
              3.439736948653477,
              36.69428247623177
            ],
            [
              3.440049993378624,
              36.69428131965752
            ],
            [
              3.440052866807647,
              36.69478551553799
            ],
            [
              3.4403659135588804,
              36.69478435811958
            ],
            [
              3.4403673513221826,
              36.69503645603312
            ],
            [
              3.4406803990775354,
              36.695035297781125
            ],
            [
              3.4406962268965704,
              36.69780837400447
            ],
            [
              3.4410092858768095,
              36.697807214813075
            ],
            [
              3.441015046072781,
              36.69881560580227
            ],
            [
              3.4407019830038776,
              36.69881676503598
            ],
            [
              3.440703422075437,
              36.69906886276698
            ],
            [
              3.4397642296948217,
              36.69907233556094
            ],
            [
              3.4397656657176414,
              36.69932443331289
            ],
            [
              3.4394526005328316,
              36.69932558927511
            ],
            [
              3.4394554705875766,
              36.69982978476788
            ],
            [
              3.439142403340463,
              36.69983093992801
            ],
            [
              3.4391452714220687,
              36.70033513539885
            ],
            [
              3.4394583407136947,
              36.70033398021764
            ],
            [
              3.4394655163412566,
              36.70159446865399
            ],
            [
              3.4397785907265406,
              36.70159331259683
            ],
            [
              3.439780026927925,
              36.70184541024129
            ],
            [
              3.4400931023176913,
              36.70184425335033
            ],
            [
              3.440106038135393,
              36.70411313157189
            ],
            [
              3.439792953544011,
              36.70411428855787
            ],
            [
              3.439795826321815,
              36.70461848362109
            ],
            [
              3.43948273966763,
              36.70461963980487
            ],
            [
              3.439484175060832,
              36.704871737330905
            ],
            [
              3.439171087366308,
              36.70487289270189
            ],
            [
              3.4391739561612336,
              36.70537708774282
            ],
            [
              3.4388608664038522,
              36.705378242311546
            ],
            [
              3.438862299805539,
              36.70563033982643
            ],
            [
              3.438549209007806,
              36.705631493582345
            ],
            [
              3.438550641404773,
              36.70588359109701
            ],
            [
              3.438237549566686,
              36.70588474404009
            ],
            [
              3.438240412368928,
              36.70638893905819
            ],
            [
              3.43792731846792,
              36.70639009119895
            ],
            [
              3.4379287488731576,
              36.70664218870239
            ],
            [
              3.437302558972633,
              36.70664449053477
            ],
            [
              3.4373039873504676,
              36.70689658804847
            ],
            [
              3.436990891350963,
              36.70689773774007
            ],
            [
              3.4369923187239513,
              36.70714983525353
            ],
            [
              3.436366124626499,
              36.707152132187524
            ],
            [
              3.4363689753352125,
              36.707656327224086
            ],
            [
              3.4360558762146405,
              36.707657474476925
            ],
            [
              3.436057300572936,
              36.70790957198955
            ],
            [
              3.4357442004120085,
              36.70791071842943
            ],
            [
              3.435745623765355,
              36.708162815941776
            ],
            [
              3.435432522564069,
              36.708163961568694
            ],
            [
              3.4354424793740885,
              36.70992864392735
            ],
            [
              3.4357555877343455,
              36.70992749822725
            ],
            [
              3.435766976189469,
              36.71194427733718
            ],
            [
              3.4360800927144677,
              36.71194313072991
            ],
            [
              3.4360815173738755,
              36.71219522805982
            ],
            [
              3.4351421646771985,
              36.71219866544238
            ],
            [
              3.4351435862856943,
              36.71245076279291
            ],
            [
              3.4342042303613005,
              36.712454192794816
            ],
            [
              3.4342028118214327,
              36.71220209541299
            ],
            [
              3.4323241056340144,
              36.71220893311834
            ],
            [
              3.432325518036619,
              36.71246103056255
            ],
            [
              3.4320123992542957,
              36.71246216730805
            ],
            [
              3.4320138106515716,
              36.7127142647519
            ],
            [
              3.43170069082881,
              36.71271540068421
            ],
            [
              3.4317049220571874,
              36.71347169298235
            ],
            [
              3.431391799148138,
              36.713472828122164
            ],
            [
              3.43139320856973,
              36.71372492554374
            ],
            [
              3.431080084620214,
              36.71372605987031
            ],
            [
              3.4310843099212396,
              36.7144823521016
            ],
            [
              3.4301449287609542,
              36.71448575023276
            ],
            [
              3.4301491450125403,
              36.71524204246034
            ],
            [
              3.429836014855124,
              36.715243173554434
            ],
            [
              3.4298388237308157,
              36.71574736833974
            ],
            [
              3.42952569150986,
              36.71574849863083
            ],
            [
              3.429527094950843,
              36.71600059601767
            ],
            [
              3.4292139616893778,
              36.7160017254954
            ],
            [
              3.4292153641247407,
              36.71625382288181
            ],
            [
              3.4289022298227674,
              36.71625495154617
            ],
            [
              3.4289036312524854,
              36.71650704893212
            ],
            [
              3.428590495910001,
              36.71650817678312
            ],
            [
              3.4285946972343817,
              36.717264468907345
            ],
            [
              3.428907835646194,
              36.717263341025486
            ],
            [
              3.4289190481295355,
              36.7192801194682
            ],
            [
              3.428605901532288,
              36.719281247432406
            ],
            [
              3.4286087027809162,
              36.71978544195618
            ],
            [
              3.427982405441217,
              36.719787695454414
            ],
            [
              3.4279866013051294,
              36.72054398722116
            ],
            [
              3.4282997530535066,
              36.72054286085312
            ],
            [
              3.4283011527328937,
              36.72079495807692
            ],
            [
              3.428614305487167,
              36.7207938308748
            ],
            [
              3.4286157062072715,
              36.72104592807758
            ],
            [
              3.4289288599674426,
              36.721044800041334
            ],
            [
              3.42893026172829,
              36.72129689722308
            ],
            [
              3.4295565712429785,
              36.721294638658556
            ],
            [
              3.4295579750679317,
              36.72154673580894
            ],
            [
              3.4298711308224363,
              36.721545605280625
            ],
            [
              3.4298781553259254,
              36.722806090819745
            ],
            [
              3.4295649944545414,
              36.722807221399634
            ],
            [
              3.4295663983842335,
              36.72305931848554
            ],
            [
              3.4280005886486387,
              36.72306495907841
            ],
            [
              3.42800198747865,
              36.723317056205026
            ],
            [
              3.4283151504840346,
              36.723315929723924
            ],
            [
              3.4283165503548805,
              36.723568026829504
            ],
            [
              3.4286297143662985,
              36.723566899514246
            ],
            [
              3.4286311152780042,
              36.72381899659878
            ],
            [
              3.4289442802954575,
              36.72381786844933
            ],
            [
              3.4289639092181803,
              36.727347226360386
            ],
            [
              3.4286507298710505,
              36.727348354653955
            ],
            [
              3.428653532234521,
              36.72785254848986
            ],
            [
              3.4280271693934057,
              36.72785480264609
            ],
            [
              3.4280341653700432,
              36.72911528715058
            ],
            [
              3.4277209788049046,
              36.729116413044025
            ],
            [
              3.427729368408443,
              36.73062899415633
            ],
            [
              3.4274161756833252,
              36.73063011928731
            ],
            [
              3.4274175729876264,
              36.73088221611201
            ],
            [
              3.4267911854376574,
              36.73088446392216
            ],
            [
              3.4267939760030663,
              36.73138865758031
            ],
            [
              3.4264807801543906,
              36.731389780269716
            ],
            [
              3.4264849630610446,
              36.73214607070705
            ],
            [
              3.426171764123447,
              36.73214719260303
            ],
            [
              3.426173157436453,
              36.73239928940421
            ],
            [
              3.425859957457641,
              36.73240041048627
            ],
            [
              3.425872488838805,
              36.734669281305315
            ],
            [
              3.4255592796271173,
              36.734670401655194
            ],
            [
              3.425560671065358,
              36.734922498369336
            ],
            [
              3.4258738813010603,
              36.73492137800923
            ],
            [
              3.4258752737806306,
              36.73517347470242
            ],
            [
              3.4261884850230473,
              36.735172353507856
            ],
            [
              3.426198240033427,
              36.73693702998754
            ],
            [
              3.426511458427064,
              36.736935907897085
            ],
            [
              3.426512853093421,
              36.73718800448382
            ],
            [
              3.4268260724938457,
              36.73718688155883
            ],
            [
              3.4268330512066068,
              36.73844736427998
            ],
            [
              3.4265198266853454,
              36.73844848725617
            ],
            [
              3.4265254058710664,
              36.73945687328059
            ],
            [
              3.4262121772355627,
              36.73945799547341
            ],
            [
              3.426214964883963,
              36.739962188441595
            ],
            [
              3.4259017341825997,
              36.73996330983049
            ],
            [
              3.425905912712306,
              36.740719599232825
            ],
            [
              3.4255926789207383,
              36.740720719828026
            ],
            [
              3.425599638361587,
              36.74198120200137
            ],
            [
              3.4252863994309797,
              36.74198232182322
            ],
            [
              3.425287790346689,
              36.74223441823586
            ],
            [
              3.4249745503743996,
              36.74223553724348
            ],
            [
              3.4249759402830073,
              36.742487633655585
            ],
            [
              3.4252891812796946,
              36.74248651463774
            ],
            [
              3.4252961362041683,
              36.74374699648594
            ],
            [
              3.425609382305737,
              36.74374587659258
            ],
            [
              3.4256107743669966,
              36.74399797291975
            ],
            [
              3.425924021475729,
              36.743996852191664
            ],
            [
              3.425926807699164,
              36.74450104479332
            ],
            [
              3.42624005683956,
              36.744499923220275
            ],
            [
              3.426244239378213,
              36.745256212011434
            ],
            [
              3.425930987164244,
              36.745257333615164
            ],
            [
              3.425937953285861,
              36.746517814769916
            ],
            [
              3.426251210622707,
              36.74651669311503
            ],
            [
              3.4262539992418684,
              36.74702088548122
            ],
            [
              3.4265672586106146,
              36.74701976298127
            ],
            [
              3.42657144474335,
              36.747776051419216
            ],
            [
              3.426258182300649,
              36.74777717394988
            ],
            [
              3.426260971093198,
              36.74828136620855
            ],
            [
              3.426574235585266,
              36.74828024365741
            ],
            [
              3.426575631032252,
              36.7485323397604
            ],
            [
              3.4262623655154814,
              36.748533462321774
            ],
            [
              3.426265154412068,
              36.74903765451596
            ],
            [
              3.4259518868285124,
              36.74903877627317
            ],
            [
              3.4259546737449647,
              36.749542968444814
            ],
            [
              3.4268944825920795,
              36.749539600637796
            ],
            [
              3.426895879150596,
              36.74979169667677
            ],
            [
              3.427209149756351,
              36.749790572414845
            ],
            [
              3.4272161379334536,
              36.75105105239721
            ],
            [
              3.4265895864565348,
              36.75105330019889
            ],
            [
              3.42659098209441,
              36.75130539618362
            ],
            [
              3.42627770530507,
              36.751306518857625
            ],
            [
              3.426280494583162,
              36.7518107108153
            ],
            [
              3.4259672157267547,
              36.75181183268505
            ],
            [
              3.4259713966992815,
              36.75256812057163
            ],
            [
              3.425658114750863,
              36.752569241647336
            ],
            [
              3.4256622928045672,
              36.75332552946782
            ],
            [
              3.4262888628336685,
              36.75332328643029
            ],
            [
              3.4262916523892537,
              36.753827478215946
            ],
            [
              3.425665078260295,
              36.753829721294395
            ],
            [
              3.425666471014137,
              36.75408181719155
            ],
            [
              3.4253531828986903,
              36.75408293750382
            ],
            [
              3.4253559664083273,
              36.75458712928631
            ],
            [
              3.425042676225567,
              36.75458824879417
            ],
            [
              3.42504684854472,
              36.75534453641794
            ],
            [
              3.42442026197712,
              36.75534677302041
            ],
            [
              3.4244216507346388,
              36.755598868893905
            ],
            [
              3.424108356399868,
              36.75559998596807
            ],
            [
              3.424109744149583,
              36.75585208184098
            ],
            [
              3.4247363348520032,
              36.75584984684742
            ],
            [
              3.4247405043552845,
              36.756606134340515
            ],
            [
              3.424427205937412,
              36.756607252280325
            ],
            [
              3.42442998364242,
              36.757111443909025
            ],
            [
              3.4247432841105545,
              36.75711032594884
            ],
            [
              3.4247446740141148,
              36.75736242173686
            ],
            [
              3.42443137252083,
              36.75736353970726
            ],
            [
              3.4244355392596875,
              36.75811982703742
            ],
            [
              3.4247488438284988,
              36.758118709036445
            ],
            [
              3.424750233801195,
              36.758370804781464
            ],
            [
              3.425063539377921,
              36.758369685945354
            ],
            [
              3.4250663214256085,
              36.758873877382754
            ],
            [
              3.426319551761167,
              36.75886939370723
            ],
            [
              3.4263181566277714,
              36.7586172980348
            ],
            [
              3.4272580761216465,
              36.75861392664697
            ],
            [
              3.4272566779299636,
              36.758361830994545
            ],
            [
              3.4297631209459856,
              36.758352804412105
            ],
            [
              3.429761714570104,
              36.758100708831265
            ],
            [
              3.430388323099084,
              36.758098443957024
            ],
            [
              3.4303897315253598,
              36.7583505395172
            ],
            [
              3.4310163420346766,
              36.758348271322596
            ],
            [
              3.431017752528885,
              36.758600366851354
            ],
            [
              3.4319576712369075,
              36.75859695834139
            ],
            [
              3.4319562576670726,
              36.75834486284372
            ],
            [
              3.432269562842732,
              36.75834372503424
            ],
            [
              3.4322681482652797,
              36.75809162953619
            ],
            [
              3.4325814523981544,
              36.75809049091216
            ],
            [
              3.4325828680008024,
              36.75834258639983
            ],
            [
              3.4335227833693382,
              36.75833916554702
            ],
            [
              3.4335270395098862,
              36.759095451851906
            ],
            [
              3.433840347673126,
              36.75909430988655
            ],
            [
              3.433844607048229,
              36.7598505960634
            ],
            [
              3.4329046732782715,
              36.75985401957831
            ],
            [
              3.4329188415827026,
              36.76237497311443
            ],
            [
              3.4322921984744528,
              36.762377251540634
            ],
            [
              3.432293613350977,
              36.76262934685589
            ],
            [
              3.4319802907450425,
              36.76263048484179
            ],
            [
              3.4319817046137358,
              36.76288258015665
            ],
            [
              3.4326083518588617,
              36.762880303339024
            ],
            [
              3.432609767796013,
              36.76313239862239
            ],
            [
              3.4329230924176075,
              36.76313125896558
            ],
            [
              3.432928760444168,
              36.7641396399499
            ],
            [
              3.4332420891500193,
              36.764138499426416
            ],
            [
              3.43324067109146,
              36.76388640420687
            ],
            [
              3.4335539987541877,
              36.7638852628687
            ],
            [
              3.4335554178382353,
              36.76413735807784
            ],
            [
              3.4338687465088062,
              36.76413621590417
            ],
            [
              3.433867326399271,
              36.76388412070544
            ],
            [
              3.4354339643595355,
              36.76387839751275
            ],
            [
              3.4354353895965053,
              36.76413049265928
            ],
            [
              3.4373153607167333,
              36.764123597537136
            ],
            [
              3.4373139293268484,
              36.76387150245348
            ],
            [
              3.4382539115703836,
              36.76386804378514
            ],
            [
              3.4382524771218828,
              36.763615948722276
            ],
            [
              3.4410724136586244,
              36.76360552825737
            ],
            [
              3.4410709699988407,
              36.763353433278795
            ],
            [
              3.4429509207299787,
              36.763346449237204
            ],
            [
              3.4429523705424985,
              36.763598544152096
            ],
            [
              3.443265696626785,
              36.76359737724676
            ],
            [
              3.4432700492489614,
              36.764353661894965
            ],
            [
              3.4435833783916463,
              36.7643524941326
            ],
            [
              3.443584830327296,
              36.764604588983175
            ],
            [
              3.447971450780361,
              36.76458815352453
            ],
            [
              3.4479729170913043,
              36.764840248214455
            ]
          ],
          [
            [
              3.487152684205052,
              36.61796238969993
            ],
            [
              3.4874654180062303,
              36.61796111073763
            ],
            [
              3.487467005100059,
              36.61821321022747
            ],
            [
              3.487154270280778,
              36.61821448920147
            ],
            [
              3.487152684205052,
              36.61796238969993
            ]
          ]
        ]
      }
    }
  ]
}