date,pixel_lat,pixel_lon,precipitation_mm,is_max
2024-01-01,36.774999951943755,3.425000349059701,17.40679931640625,False
2024-01-01,36.774999951943755,3.475000349804759,14.19692325592041,False
2024-01-01,36.7249999511987,3.425000349059701,20.313615798950195,False
2024-01-01,36.7249999511987,3.475000349804759,15.524453163146973,False
2024-01-01,36.7249999511987,3.525000350549817,16.720016479492188,False
2024-01-01,36.67499995045364,3.425000349059701,20.50489616394043,True
2024-01-01,36.67499995045364,3.475000349804759,16.179475784301758,False
2024-01-01,36.67499995045364,3.525000350549817,15.557785034179688,False
2024-01-01,36.62499994970858,3.475000349804759,19.282337188720703,False
2024-01-01,36.62499994970858,3.525000350549817,16.115909576416016,False
2024-01-02,36.774999951943755,3.425000349059701,0.0,True
2024-01-02,36.774999951943755,3.475000349804759,0.0,True
2024-01-02,36.7249999511987,3.425000349059701,0.0,True
2024-01-02,36.7249999511987,3.475000349804759,0.0,True
2024-01-02,36.7249999511987,3.525000350549817,0.0,True
2024-01-02,36.67499995045364,3.425000349059701,0.0,True
2024-01-02,36.67499995045364,3.475000349804759,0.0,True
2024-01-02,36.67499995045364,3.525000350549817,0.0,True
2024-01-02,36.62499994970858,3.475000349804759,0.0,True
2024-01-02,36.62499994970858,3.525000350549817,0.0,True
2024-01-03,36.774999951943755,3.425000349059701,0.0,True
2024-01-03,36.774999951943755,3.475000349804759,0.0,True
2024-01-03,36.7249999511987,3.425000349059701,0.0,True
2024-01-03,36.7249999511987,3.475000349804759,0.0,True
2024-01-03,36.7249999511987,3.525000350549817,0.0,True
2024-01-03,36.67499995045364,3.425000349059701,0.0,True
2024-01-03,36.67499995045364,3.475000349804759,0.0,True
2024-01-03,36.67499995045364,3.525000350549817,0.0,True
2024-01-03,36.62499994970858,3.475000349804759,0.0,True
2024-01-03,36.62499994970858,3.525000350549817,0.0,True
2024-01-04,36.774999951943755,3.425000349059701,0.0,True
2024-01-04,36.774999951943755,3.475000349804759,0.0,True
2024-01-04,36.7249999511987,3.425000349059701,0.0,True
2024-01-04,36.7249999511987,3.475000349804759,0.0,True
2024-01-04,36.7249999511987,3.525000350549817,0.0,True
2024-01-04,36.67499995045364,3.425000349059701,0.0,True
2024-01-04,36.67499995045364,3.475000349804759,0.0,True
2024-01-04,36.67499995045364,3.525000350549817,0.0,True
2024-01-04,36.62499994970858,3.475000349804759,0.0,True
2024-01-04,36.62499994970858,3.525000350549817,0.0,True
2024-01-05,36.774999951943755,3.425000349059701,0.0,True
2024-01-05,36.774999951943755,3.475000349804759,0.0,True
2024-01-05,36.7249999511987,3.425000349059701,0.0,True
2024-01-05,36.7249999511987,3.475000349804759,0.0,True
2024-01-05,36.7249999511987,3.525000350549817,0.0,True
2024-01-05,36.67499995045364,3.425000349059701,0.0,True
2024-01-05,36.67499995045364,3.475000349804759,0.0,True
2024-01-05,36.67499995045364,3.525000350549817,0.0,True
2024-01-05,36.62499994970858,3.475000349804759,0.0,True
2024-01-05,36.62499994970858,3.525000350549817,0.0,True
2024-01-06,36.774999951943755,3.425000349059701,14.819462776184082,False
2024-01-06,36.774999951943755,3.475000349804759,11.065225601196289,False
2024-01-06,36.7249999511987,3.425000349059701,16.18825912475586,True
2024-01-06,36.7249999511987,3.475000349804759,0.0,False
2024-01-06,36.7249999511987,3.525000350549817,0.0,False
2024-01-06,36.67499995045364,3.425000349059701,0.0,False
2024-01-06,36.67499995045364,3.475000349804759,0.0,False
2024-01-06,36.67499995045364,3.525000350549817,0.0,False
2024-01-06,36.62499994970858,3.475000349804759,0.0,False
2024-01-06,36.62499994970858,3.525000350549817,0.0,False
2024-01-07,36.774999951943755,3.425000349059701,0.0,True
2024-01-07,36.774999951943755,3.475000349804759,0.0,True
2024-01-07,36.7249999511987,3.425000349059701,0.0,True
2024-01-07,36.7249999511987,3.475000349804759,0.0,True
2024-01-07,36.7249999511987,3.525000350549817,0.0,True
2024-01-07,36.67499995045364,3.425000349059701,0.0,True
2024-01-07,36.67499995045364,3.475000349804759,0.0,True
2024-01-07,36.67499995045364,3.525000350549817,0.0,True
2024-01-07,36.62499994970858,3.475000349804759,0.0,True
2024-01-07,36.62499994970858,3.525000350549817,0.0,True
2024-01-08,36.774999951943755,3.425000349059701,0.0,True
2024-01-08,36.774999951943755,3.475000349804759,0.0,True
2024-01-08,36.7249999511987,3.425000349059701,0.0,True
2024-01-08,36.7249999511987,3.475000349804759,0.0,True
2024-01-08,36.7249999511987,3.525000350549817,0.0,True
2024-01-08,36.67499995045364,3.425000349059701,0.0,True
2024-01-08,36.67499995045364,3.475000349804759,0.0,True
2024-01-08,36.67499995045364,3.525000350549817,0.0,True
2024-01-08,36.62499994970858,3.475000349804759,0.0,True
2024-01-08,36.62499994970858,3.525000350549817,0.0,True
2024-01-09,36.774999951943755,3.425000349059701,0.0,True
2024-01-09,36.774999951943755,3.475000349804759,0.0,True
2024-01-09,36.7249999511987,3.425000349059701,0.0,True
2024-01-09,36.7249999511987,3.475000349804759,0.0,True
2024-01-09,36.7249999511987,3.525000350549817,0.0,True
2024-01-09,36.67499995045364,3.425000349059701,0.0,True
2024-01-09,36.67499995045364,3.475000349804759,0.0,True
2024-01-09,36.67499995045364,3.525000350549817,0.0,True
2024-01-09,36.62499994970858,3.475000349804759,0.0,True
2024-01-09,36.62499994970858,3.525000350549817,0.0,True
2024-01-10,36.774999951943755,3.425000349059701,14.819462776184082,False
2024-01-10,36.774999951943755,3.475000349804759,11.065225601196289,False
2024-01-10,36.7249999511987,3.425000349059701,16.18825912475586,False
2024-01-10,36.7249999511987,3.475000349804759,26.085664749145508,False
2024-01-10,36.7249999511987,3.525000350549817,27.55175018310547,False
2024-01-10,36.67499995045364,3.425000349059701,31.334144592285156,False
2024-01-10,36.67499995045364,3.475000349804759,27.79081153869629,False
2024-01-10,36.67499995045364,3.525000350549817,25.9055233001709,False
2024-01-10,36.62499994970858,3.475000349804759,32.88004684448242,True
2024-01-10,36.62499994970858,3.525000350549817,22.43435287475586,False
2024-01-11,36.774999951943755,3.425000349059701,0.0,True
2024-01-11,36.774999951943755,3.475000349804759,0.0,True
2024-01-11,36.7249999511987,3.425000349059701,0.0,True
2024-01-11,36.7249999511987,3.475000349804759,0.0,True
2024-01-11,36.7249999511987,3.525000350549817,0.0,True
2024-01-11,36.67499995045364,3.425000349059701,0.0,True
2024-01-11,36.67499995045364,3.475000349804759,0.0,True
2024-01-11,36.67499995045364,3.525000350549817,0.0,True
2024-01-11,36.62499994970858,3.475000349804759,0.0,True
2024-01-11,36.62499994970858,3.525000350549817,0.0,True
2024-01-12,36.774999951943755,3.425000349059701,0.0,True
2024-01-12,36.774999951943755,3.475000349804759,0.0,True
2024-01-12,36.7249999511987,3.425000349059701,0.0,True
2024-01-12,36.7249999511987,3.475000349804759,0.0,True
2024-01-12,36.7249999511987,3.525000350549817,0.0,True
2024-01-12,36.67499995045364,3.425000349059701,0.0,True
2024-01-12,36.67499995045364,3.475000349804759,0.0,True
2024-01-12,36.67499995045364,3.525000350549817,0.0,True
2024-01-12,36.62499994970858,3.475000349804759,0.0,True
2024-01-12,36.62499994970858,3.525000350549817,0.0,True
2024-01-13,36.774999951943755,3.425000349059701,0.0,True
2024-01-13,36.774999951943755,3.475000349804759,0.0,True
2024-01-13,36.7249999511987,3.425000349059701,0.0,True
2024-01-13,36.7249999511987,3.475000349804759,0.0,True
2024-01-13,36.7249999511987,3.525000350549817,0.0,True
2024-01-13,36.67499995045364,3.425000349059701,0.0,True
2024-01-13,36.67499995045364,3.475000349804759,0.0,True
2024-01-13,36.67499995045364,3.525000350549817,0.0,True
2024-01-13,36.62499994970858,3.475000349804759,0.0,True
2024-01-13,36.62499994970858,3.525000350549817,0.0,True
2024-01-14,36.774999951943755,3.425000349059701,0.0,False
2024-01-14,36.774999951943755,3.475000349804759,18.236799240112305,False
2024-01-14,36.7249999511987,3.425000349059701,0.0,False
2024-01-14,36.7249999511987,3.475000349804759,21.671293258666992,True
2024-01-14,36.7249999511987,3.525000350549817,19.48318099975586,False
2024-01-14,36.67499995045364,3.425000349059701,0.0,False
2024-01-14,36.67499995045364,3.475000349804759,18.549074172973633,False
2024-01-14,36.67499995045364,3.525000350549817,19.85914421081543,False
2024-01-14,36.62499994970858,3.475000349804759,0.0,False
2024-01-14,36.62499994970858,3.525000350549817,0.0,False
2024-01-15,36.774999951943755,3.425000349059701,0.0,False
2024-01-15,36.774999951943755,3.475000349804759,0.0,False
2024-01-15,36.7249999511987,3.425000349059701,0.0,False
2024-01-15,36.7249999511987,3.475000349804759,0.0,False
2024-01-15,36.7249999511987,3.525000350549817,0.0,False
2024-01-15,36.67499995045364,3.425000349059701,0.0,False
2024-01-15,36.67499995045364,3.475000349804759,0.0,False
2024-01-15,36.67499995045364,3.525000350549817,0.0,False
2024-01-15,36.62499994970858,3.475000349804759,0.0,False
2024-01-15,36.62499994970858,3.525000350549817,18.423568725585938,True
2024-01-16,36.774999951943755,3.425000349059701,0.0,True
2024-01-16,36.774999951943755,3.475000349804759,0.0,True
2024-01-16,36.7249999511987,3.425000349059701,0.0,True
2024-01-16,36.7249999511987,3.475000349804759,0.0,True
2024-01-16,36.7249999511987,3.525000350549817,0.0,True
2024-01-16,36.67499995045364,3.425000349059701,0.0,True
2024-01-16,36.67499995045364,3.475000349804759,0.0,True
2024-01-16,36.67499995045364,3.525000350549817,0.0,True
2024-01-16,36.62499994970858,3.475000349804759,0.0,True
2024-01-16,36.62499994970858,3.525000350549817,0.0,True
2024-01-17,36.774999951943755,3.425000349059701,4.501476287841797,True
2024-01-17,36.774999951943755,3.475000349804759,3.563164234161377,False
2024-01-17,36.7249999511987,3.425000349059701,0.0,False
2024-01-17,36.7249999511987,3.475000349804759,0.0,False
2024-01-17,36.7249999511987,3.525000350549817,3.886111259460449,False
2024-01-17,36.67499995045364,3.425000349059701,0.0,False
2024-01-17,36.67499995045364,3.475000349804759,0.0,False
2024-01-17,36.67499995045364,3.525000350549817,0.0,False
2024-01-17,36.62499994970858,3.475000349804759,0.0,False
2024-01-17,36.62499994970858,3.525000350549817,0.0,False
2024-01-18,36.774999951943755,3.425000349059701,0.0,True
2024-01-18,36.774999951943755,3.475000349804759,0.0,True
2024-01-18,36.7249999511987,3.425000349059701,0.0,True
2024-01-18,36.7249999511987,3.475000349804759,0.0,True
2024-01-18,36.7249999511987,3.525000350549817,0.0,True
2024-01-18,36.67499995045364,3.425000349059701,0.0,True
2024-01-18,36.67499995045364,3.475000349804759,0.0,True
2024-01-18,36.67499995045364,3.525000350549817,0.0,True
2024-01-18,36.62499994970858,3.475000349804759,0.0,True
2024-01-18,36.62499994970858,3.525000350549817,0.0,True
2024-01-19,36.774999951943755,3.425000349059701,18.005905151367188,False
2024-01-19,36.774999951943755,3.475000349804759,14.252656936645508,False
2024-01-19,36.7249999511987,3.425000349059701,23.392303466796875,True
2024-01-19,36.7249999511987,3.475000349804759,19.296518325805664,False
2024-01-19,36.7249999511987,3.525000350549817,15.544445037841797,False
2024-01-19,36.67499995045364,3.425000349059701,22.969707489013672,False
2024-01-19,36.67499995045364,3.475000349804759,19.630346298217773,False
2024-01-19,36.67499995045364,3.525000350549817,18.92769432067871,False
2024-01-19,36.62499994970858,3.475000349804759,22.38121795654297,False
2024-01-19,36.62499994970858,3.525000350549817,18.28281593322754,False
2024-01-20,36.774999951943755,3.425000349059701,0.0,True
2024-01-20,36.774999951943755,3.475000349804759,0.0,True
2024-01-20,36.7249999511987,3.425000349059701,0.0,True
2024-01-20,36.7249999511987,3.475000349804759,0.0,True
2024-01-20,36.7249999511987,3.525000350549817,0.0,True
2024-01-20,36.67499995045364,3.425000349059701,0.0,True
2024-01-20,36.67499995045364,3.475000349804759,0.0,True
2024-01-20,36.67499995045364,3.525000350549817,0.0,True
2024-01-20,36.62499994970858,3.475000349804759,0.0,True
2024-01-20,36.62499994970858,3.525000350549817,0.0,True
2024-01-21,36.774999951943755,3.425000349059701,0.0,True
2024-01-21,36.774999951943755,3.475000349804759,0.0,True
2024-01-21,36.7249999511987,3.425000349059701,0.0,True
2024-01-21,36.7249999511987,3.475000349804759,0.0,True
2024-01-21,36.7249999511987,3.525000350549817,0.0,True
2024-01-21,36.67499995045364,3.425000349059701,0.0,True
2024-01-21,36.67499995045364,3.475000349804759,0.0,True
2024-01-21,36.67499995045364,3.525000350549817,0.0,True
2024-01-21,36.62499994970858,3.475000349804759,0.0,True
2024-01-21,36.62499994970858,3.525000350549817,0.0,True
2024-01-22,36.774999951943755,3.425000349059701,0.0,True
2024-01-22,36.774999951943755,3.475000349804759,0.0,True
2024-01-22,36.7249999511987,3.425000349059701,0.0,True
2024-01-22,36.7249999511987,3.475000349804759,0.0,True
2024-01-22,36.7249999511987,3.525000350549817,0.0,True
2024-01-22,36.67499995045364,3.425000349059701,0.0,True
2024-01-22,36.67499995045364,3.475000349804759,0.0,True
2024-01-22,36.67499995045364,3.525000350549817,0.0,True
2024-01-22,36.62499994970858,3.475000349804759,0.0,True
2024-01-22,36.62499994970858,3.525000350549817,0.0,True
2024-01-23,36.774999951943755,3.425000349059701,0.0,True
2024-01-23,36.774999951943755,3.475000349804759,0.0,True
2024-01-23,36.7249999511987,3.425000349059701,0.0,True
2024-01-23,36.7249999511987,3.475000349804759,0.0,True
2024-01-23,36.7249999511987,3.525000350549817,0.0,True
2024-01-23,36.67499995045364,3.425000349059701,0.0,True
2024-01-23,36.67499995045364,3.475000349804759,0.0,True
2024-01-23,36.67499995045364,3.525000350549817,0.0,True
2024-01-23,36.62499994970858,3.475000349804759,0.0,True
2024-01-23,36.62499994970858,3.525000350549817,0.0,True
2024-01-24,36.774999951943755,3.425000349059701,0.0,True
2024-01-24,36.774999951943755,3.475000349804759,0.0,True
2024-01-24,36.7249999511987,3.425000349059701,0.0,True
2024-01-24,36.7249999511987,3.475000349804759,0.0,True
2024-01-24,36.7249999511987,3.525000350549817,0.0,True
2024-01-24,36.67499995045364,3.425000349059701,0.0,True
2024-01-24,36.67499995045364,3.475000349804759,0.0,True
2024-01-24,36.67499995045364,3.525000350549817,0.0,True
2024-01-24,36.62499994970858,3.475000349804759,0.0,True
2024-01-24,36.62499994970858,3.525000350549817,0.0,True
2024-01-25,36.774999951943755,3.425000349059701,0.0,True
2024-01-25,36.774999951943755,3.475000349804759,0.0,True
2024-01-25,36.7249999511987,3.425000349059701,0.0,True
2024-01-25,36.7249999511987,3.475000349804759,0.0,True
2024-01-25,36.7249999511987,3.525000350549817,0.0,True
2024-01-25,36.67499995045364,3.425000349059701,0.0,True
2024-01-25,36.67499995045364,3.475000349804759,0.0,True
2024-01-25,36.67499995045364,3.525000350549817,0.0,True
2024-01-25,36.62499994970858,3.475000349804759,0.0,True
2024-01-25,36.62499994970858,3.525000350549817,0.0,True
2024-01-26,36.774999951943755,3.425000349059701,0.0,True
2024-01-26,36.774999951943755,3.475000349804759,0.0,True
2024-01-26,36.7249999511987,3.425000349059701,0.0,True
2024-01-26,36.7249999511987,3.475000349804759,0.0,True
2024-01-26,36.7249999511987,3.525000350549817,0.0,True
2024-01-26,36.67499995045364,3.425000349059701,0.0,True
2024-01-26,36.67499995045364,3.475000349804759,0.0,True
2024-01-26,36.67499995045364,3.525000350549817,0.0,True
2024-01-26,36.62499994970858,3.475000349804759,0.0,True
2024-01-26,36.62499994970858,3.525000350549817,0.0,True
2024-01-27,36.774999951943755,3.425000349059701,0.0,True
2024-01-27,36.774999951943755,3.475000349804759,0.0,True
2024-01-27,36.7249999511987,3.425000349059701,0.0,True
2024-01-27,36.7249999511987,3.475000349804759,0.0,True
2024-01-27,36.7249999511987,3.525000350549817,0.0,True
2024-01-27,36.67499995045364,3.425000349059701,0.0,True
2024-01-27,36.67499995045364,3.475000349804759,0.0,True
2024-01-27,36.67499995045364,3.525000350549817,0.0,True
2024-01-27,36.62499994970858,3.475000349804759,0.0,True
2024-01-27,36.62499994970858,3.525000350549817,0.0,True
2024-01-28,36.774999951943755,3.425000349059701,0.0,True
2024-01-28,36.774999951943755,3.475000349804759,0.0,True
2024-01-28,36.7249999511987,3.425000349059701,0.0,True
2024-01-28,36.7249999511987,3.475000349804759,0.0,True
2024-01-28,36.7249999511987,3.525000350549817,0.0,True
2024-01-28,36.67499995045364,3.425000349059701,0.0,True
2024-01-28,36.67499995045364,3.475000349804759,0.0,True
2024-01-28,36.67499995045364,3.525000350549817,0.0,True
2024-01-28,36.62499994970858,3.475000349804759,0.0,True
2024-01-28,36.62499994970858,3.525000350549817,0.0,True
2024-01-29,36.774999951943755,3.425000349059701,0.0,True
2024-01-29,36.774999951943755,3.475000349804759,0.0,True
2024-01-29,36.7249999511987,3.425000349059701,0.0,True
2024-01-29,36.7249999511987,3.475000349804759,0.0,True
2024-01-29,36.7249999511987,3.525000350549817,0.0,True
2024-01-29,36.67499995045364,3.425000349059701,0.0,True
2024-01-29,36.67499995045364,3.475000349804759,0.0,True
2024-01-29,36.67499995045364,3.525000350549817,0.0,True
2024-01-29,36.62499994970858,3.475000349804759,0.0,True
2024-01-29,36.62499994970858,3.525000350549817,0.0,True
2024-01-30,36.774999951943755,3.425000349059701,0.0,True
2024-01-30,36.774999951943755,3.475000349804759,0.0,True
2024-01-30,36.7249999511987,3.425000349059701,0.0,True
2024-01-30,36.7249999511987,3.475000349804759,0.0,True
2024-01-30,36.7249999511987,3.525000350549817,0.0,True
2024-01-30,36.67499995045364,3.425000349059701,0.0,True
2024-01-30,36.67499995045364,3.475000349804759,0.0,True
2024-01-30,36.67499995045364,3.525000350549817,0.0,True
2024-01-30,36.62499994970858,3.475000349804759,0.0,True
2024-01-30,36.62499994970858,3.525000350549817,0.0,True
2024-01-31,36.774999951943755,3.425000349059701,0.0,True
2024-01-31,36.774999951943755,3.475000349804759,0.0,True
2024-01-31,36.7249999511987,3.425000349059701,0.0,True
2024-01-31,36.7249999511987,3.475000349804759,0.0,True
2024-01-31,36.7249999511987,3.525000350549817,0.0,True
2024-01-31,36.67499995045364,3.425000349059701,0.0,True
2024-01-31,36.67499995045364,3.475000349804759,0.0,True
2024-01-31,36.67499995045364,3.525000350549817,0.0,True
2024-01-31,36.62499994970858,3.475000349804759,0.0,True
2024-01-31,36.62499994970858,3.525000350549817,0.0,True
2024-02-01,36.774999951943755,3.425000349059701,0.0,True
2024-02-01,36.774999951943755,3.475000349804759,0.0,True
2024-02-01,36.7249999511987,3.425000349059701,0.0,True
2024-02-01,36.7249999511987,3.475000349804759,0.0,True
2024-02-01,36.7249999511987,3.525000350549817,0.0,True
2024-02-01,36.67499995045364,3.425000349059701,0.0,True
2024-02-01,36.67499995045364,3.475000349804759,0.0,True
2024-02-01,36.67499995045364,3.525000350549817,0.0,True
2024-02-01,36.62499994970858,3.475000349804759,0.0,True
2024-02-01,36.62499994970858,3.525000350549817,0.0,True
2024-02-02,36.774999951943755,3.425000349059701,0.0,True
2024-02-02,36.774999951943755,3.475000349804759,0.0,True
2024-02-02,36.7249999511987,3.425000349059701,0.0,True
2024-02-02,36.7249999511987,3.475000349804759,0.0,True
2024-02-02,36.7249999511987,3.525000350549817,0.0,True
2024-02-02,36.67499995045364,3.425000349059701,0.0,True
2024-02-02,36.67499995045364,3.475000349804759,0.0,True
2024-02-02,36.67499995045364,3.525000350549817,0.0,True
2024-02-02,36.62499994970858,3.475000349804759,0.0,True
2024-02-02,36.62499994970858,3.525000350549817,0.0,True
2024-02-03,36.774999951943755,3.425000349059701,0.0,True
2024-02-03,36.774999951943755,3.475000349804759,0.0,True
2024-02-03,36.7249999511987,3.425000349059701,0.0,True
2024-02-03,36.7249999511987,3.475000349804759,0.0,True
2024-02-03,36.7249999511987,3.525000350549817,0.0,True
2024-02-03,36.67499995045364,3.425000349059701,0.0,True
2024-02-03,36.67499995045364,3.475000349804759,0.0,True
2024-02-03,36.67499995045364,3.525000350549817,0.0,True
2024-02-03,36.62499994970858,3.475000349804759,0.0,True
2024-02-03,36.62499994970858,3.525000350549817,0.0,True
2024-02-04,36.774999951943755,3.425000349059701,0.0,True
2024-02-04,36.774999951943755,3.475000349804759,0.0,True
2024-02-04,36.7249999511987,3.425000349059701,0.0,True
2024-02-04,36.7249999511987,3.475000349804759,0.0,True
2024-02-04,36.7249999511987,3.525000350549817,0.0,True
2024-02-04,36.67499995045364,3.425000349059701,0.0,True
2024-02-04,36.67499995045364,3.475000349804759,0.0,True
2024-02-04,36.67499995045364,3.525000350549817,0.0,True
2024-02-04,36.62499994970858,3.475000349804759,0.0,True
2024-02-04,36.62499994970858,3.525000350549817,0.0,True
2024-02-05,36.774999951943755,3.425000349059701,0.0,True
2024-02-05,36.774999951943755,3.475000349804759,0.0,True
2024-02-05,36.7249999511987,3.425000349059701,0.0,True
2024-02-05,36.7249999511987,3.475000349804759,0.0,True
2024-02-05,36.7249999511987,3.525000350549817,0.0,True
2024-02-05,36.67499995045364,3.425000349059701,0.0,True
2024-02-05,36.67499995045364,3.475000349804759,0.0,True
2024-02-05,36.67499995045364,3.525000350549817,0.0,True
2024-02-05,36.62499994970858,3.475000349804759,0.0,True
2024-02-05,36.62499994970858,3.525000350549817,0.0,True
2024-02-06,36.774999951943755,3.425000349059701,0.0,True
2024-02-06,36.774999951943755,3.475000349804759,0.0,True
2024-02-06,36.7249999511987,3.425000349059701,0.0,True
2024-02-06,36.7249999511987,3.475000349804759,0.0,True
2024-02-06,36.7249999511987,3.525000350549817,0.0,True
2024-02-06,36.67499995045364,3.425000349059701,0.0,True
2024-02-06,36.67499995045364,3.475000349804759,0.0,True
2024-02-06,36.67499995045364,3.525000350549817,0.0,True
2024-02-06,36.62499994970858,3.475000349804759,0.0,True
2024-02-06,36.62499994970858,3.525000350549817,0.0,True
2024-02-07,36.774999951943755,3.425000349059701,0.0,True
2024-02-07,36.774999951943755,3.475000349804759,0.0,True
2024-02-07,36.7249999511987,3.425000349059701,0.0,True
2024-02-07,36.7249999511987,3.475000349804759,0.0,True
2024-02-07,36.7249999511987,3.525000350549817,0.0,True
2024-02-07,36.67499995045364,3.425000349059701,0.0,True
2024-02-07,36.67499995045364,3.475000349804759,0.0,True
2024-02-07,36.67499995045364,3.525000350549817,0.0,True
2024-02-07,36.62499994970858,3.475000349804759,0.0,True
2024-02-07,36.62499994970858,3.525000350549817,0.0,True
2024-02-08,36.774999951943755,3.425000349059701,0.0,True
2024-02-08,36.774999951943755,3.475000349804759,0.0,True
2024-02-08,36.7249999511987,3.425000349059701,0.0,True
2024-02-08,36.7249999511987,3.475000349804759,0.0,True
2024-02-08,36.7249999511987,3.525000350549817,0.0,True
2024-02-08,36.67499995045364,3.425000349059701,0.0,True
2024-02-08,36.67499995045364,3.475000349804759,0.0,True
2024-02-08,36.67499995045364,3.525000350549817,0.0,True
2024-02-08,36.62499994970858,3.475000349804759,0.0,True
2024-02-08,36.62499994970858,3.525000350549817,0.0,True
2024-02-09,36.774999951943755,3.425000349059701,29.21906280517578,False
2024-02-09,36.774999951943755,3.475000349804759,28.20328140258789,False
2024-02-09,36.7249999511987,3.425000349059701,32.52686309814453,False
2024-02-09,36.7249999511987,3.475000349804759,34.91537857055664,False
2024-02-09,36.7249999511987,3.525000350549817,35.06763458251953,False
2024-02-09,36.67499995045364,3.425000349059701,33.66458511352539,False
2024-02-09,36.67499995045364,3.475000349804759,36.52699279785156,True
2024-02-09,36.67499995045364,3.525000350549817,33.59751892089844,False
2024-02-09,36.62499994970858,3.475000349804759,35.06310272216797,False
2024-02-09,36.62499994970858,3.525000350549817,30.755939483642578,False
2024-02-10,36.774999951943755,3.425000349059701,0.0,True
2024-02-10,36.774999951943755,3.475000349804759,0.0,True
2024-02-10,36.7249999511987,3.425000349059701,0.0,True
2024-02-10,36.7249999511987,3.475000349804759,0.0,True
2024-02-10,36.7249999511987,3.525000350549817,0.0,True
2024-02-10,36.67499995045364,3.425000349059701,0.0,True
2024-02-10,36.67499995045364,3.475000349804759,0.0,True
2024-02-10,36.67499995045364,3.525000350549817,0.0,True
2024-02-10,36.62499994970858,3.475000349804759,0.0,True
2024-02-10,36.62499994970858,3.525000350549817,0.0,True
2024-02-11,36.774999951943755,3.425000349059701,0.0,True
2024-02-11,36.774999951943755,3.475000349804759,0.0,True
2024-02-11,36.7249999511987,3.425000349059701,0.0,True
2024-02-11,36.7249999511987,3.475000349804759,0.0,True
2024-02-11,36.7249999511987,3.525000350549817,0.0,True
2024-02-11,36.67499995045364,3.425000349059701,0.0,True
2024-02-11,36.67499995045364,3.475000349804759,0.0,True
2024-02-11,36.67499995045364,3.525000350549817,0.0,True
2024-02-11,36.62499994970858,3.475000349804759,0.0,True
2024-02-11,36.62499994970858,3.525000350549817,0.0,True
2024-02-12,36.774999951943755,3.425000349059701,0.0,True
2024-02-12,36.774999951943755,3.475000349804759,0.0,True
2024-02-12,36.7249999511987,3.425000349059701,0.0,True
2024-02-12,36.7249999511987,3.475000349804759,0.0,True
2024-02-12,36.7249999511987,3.525000350549817,0.0,True
2024-02-12,36.67499995045364,3.425000349059701,0.0,True
2024-02-12,36.67499995045364,3.475000349804759,0.0,True
2024-02-12,36.67499995045364,3.525000350549817,0.0,True
2024-02-12,36.62499994970858,3.475000349804759,0.0,True
2024-02-12,36.62499994970858,3.525000350549817,0.0,True
2024-02-13,36.774999951943755,3.425000349059701,0.0,True
2024-02-13,36.774999951943755,3.475000349804759,0.0,True
2024-02-13,36.7249999511987,3.425000349059701,0.0,True
2024-02-13,36.7249999511987,3.475000349804759,0.0,True
2024-02-13,36.7249999511987,3.525000350549817,0.0,True
2024-02-13,36.67499995045364,3.425000349059701,0.0,True
2024-02-13,36.67499995045364,3.475000349804759,0.0,True
2024-02-13,36.67499995045364,3.525000350549817,0.0,True
2024-02-13,36.62499994970858,3.475000349804759,0.0,True
2024-02-13,36.62499994970858,3.525000350549817,0.0,True
2024-02-14,36.774999951943755,3.425000349059701,0.0,True
2024-02-14,36.774999951943755,3.475000349804759,0.0,True
2024-02-14,36.7249999511987,3.425000349059701,0.0,True
2024-02-14,36.7249999511987,3.475000349804759,0.0,True
2024-02-14,36.7249999511987,3.525000350549817,0.0,True
2024-02-14,36.67499995045364,3.425000349059701,0.0,True
2024-02-14,36.67499995045364,3.475000349804759,0.0,True
2024-02-14,36.67499995045364,3.525000350549817,0.0,True
2024-02-14,36.62499994970858,3.475000349804759,0.0,True
2024-02-14,36.62499994970858,3.525000350549817,0.0,True
2024-02-15,36.774999951943755,3.425000349059701,0.0,True
2024-02-15,36.774999951943755,3.475000349804759,0.0,True
2024-02-15,36.7249999511987,3.425000349059701,0.0,True
2024-02-15,36.7249999511987,3.475000349804759,0.0,True
2024-02-15,36.7249999511987,3.525000350549817,0.0,True
2024-02-15,36.67499995045364,3.425000349059701,0.0,True
2024-02-15,36.67499995045364,3.475000349804759,0.0,True
2024-02-15,36.67499995045364,3.525000350549817,0.0,True
2024-02-15,36.62499994970858,3.475000349804759,0.0,True
2024-02-15,36.62499994970858,3.525000350549817,0.0,True
2024-02-16,36.774999951943755,3.425000349059701,0.0,True
2024-02-16,36.774999951943755,3.475000349804759,0.0,True
2024-02-16,36.7249999511987,3.425000349059701,0.0,True
2024-02-16,36.7249999511987,3.475000349804759,0.0,True
2024-02-16,36.7249999511987,3.525000350549817,0.0,True
2024-02-16,36.67499995045364,3.425000349059701,0.0,True
2024-02-16,36.67499995045364,3.475000349804759,0.0,True
2024-02-16,36.67499995045364,3.525000350549817,0.0,True
2024-02-16,36.62499994970858,3.475000349804759,0.0,True
2024-02-16,36.62499994970858,3.525000350549817,0.0,True
2024-02-17,36.774999951943755,3.425000349059701,0.0,True
2024-02-17,36.774999951943755,3.475000349804759,0.0,True
2024-02-17,36.7249999511987,3.425000349059701,0.0,True
2024-02-17,36.7249999511987,3.475000349804759,0.0,True
2024-02-17,36.7249999511987,3.525000350549817,0.0,True
2024-02-17,36.67499995045364,3.425000349059701,0.0,True
2024-02-17,36.67499995045364,3.475000349804759,0.0,True
2024-02-17,36.67499995045364,3.525000350549817,0.0,True
2024-02-17,36.62499994970858,3.475000349804759,0.0,True
2024-02-17,36.62499994970858,3.525000350549817,0.0,True
2024-02-18,36.774999951943755,3.425000349059701,0.0,True
2024-02-18,36.774999951943755,3.475000349804759,0.0,True
2024-02-18,36.7249999511987,3.425000349059701,0.0,True
2024-02-18,36.7249999511987,3.475000349804759,0.0,True
2024-02-18,36.7249999511987,3.525000350549817,0.0,True
2024-02-18,36.67499995045364,3.425000349059701,0.0,True
2024-02-18,36.67499995045364,3.475000349804759,0.0,True
2024-02-18,36.67499995045364,3.525000350549817,0.0,True
2024-02-18,36.62499994970858,3.475000349804759,0.0,True
2024-02-18,36.62499994970858,3.525000350549817,0.0,True
2024-02-19,36.774999951943755,3.425000349059701,0.0,True
2024-02-19,36.774999951943755,3.475000349804759,0.0,True
2024-02-19,36.7249999511987,3.425000349059701,0.0,True
2024-02-19,36.7249999511987,3.475000349804759,0.0,True
2024-02-19,36.7249999511987,3.525000350549817,0.0,True
2024-02-19,36.67499995045364,3.425000349059701,0.0,True
2024-02-19,36.67499995045364,3.475000349804759,0.0,True
2024-02-19,36.67499995045364,3.525000350549817,0.0,True
2024-02-19,36.62499994970858,3.475000349804759,0.0,True
2024-02-19,36.62499994970858,3.525000350549817,0.0,True
2024-02-20,36.774999951943755,3.425000349059701,0.0,True
2024-02-20,36.774999951943755,3.475000349804759,0.0,True
2024-02-20,36.7249999511987,3.425000349059701,0.0,True
2024-02-20,36.7249999511987,3.475000349804759,0.0,True
2024-02-20,36.7249999511987,3.525000350549817,0.0,True
2024-02-20,36.67499995045364,3.425000349059701,0.0,True
2024-02-20,36.67499995045364,3.475000349804759,0.0,True
2024-02-20,36.67499995045364,3.525000350549817,0.0,True
2024-02-20,36.62499994970858,3.475000349804759,0.0,True
2024-02-20,36.62499994970858,3.525000350549817,0.0,True
2024-02-21,36.774999951943755,3.425000349059701,0.0,True
2024-02-21,36.774999951943755,3.475000349804759,0.0,True
2024-02-21,36.7249999511987,3.425000349059701,0.0,True
2024-02-21,36.7249999511987,3.475000349804759,0.0,True
2024-02-21,36.7249999511987,3.525000350549817,0.0,True
2024-02-21,36.67499995045364,3.425000349059701,0.0,True
2024-02-21,36.67499995045364,3.475000349804759,0.0,True
2024-02-21,36.67499995045364,3.525000350549817,0.0,True
2024-02-21,36.62499994970858,3.475000349804759,0.0,True
2024-02-21,36.62499994970858,3.525000350549817,0.0,True
2024-02-22,36.774999951943755,3.425000349059701,0.0,True
2024-02-22,36.774999951943755,3.475000349804759,0.0,True
2024-02-22,36.7249999511987,3.425000349059701,0.0,True
2024-02-22,36.7249999511987,3.475000349804759,0.0,True
2024-02-22,36.7249999511987,3.525000350549817,0.0,True
2024-02-22,36.67499995045364,3.425000349059701,0.0,True
2024-02-22,36.67499995045364,3.475000349804759,0.0,True
2024-02-22,36.67499995045364,3.525000350549817,0.0,True
2024-02-22,36.62499994970858,3.475000349804759,0.0,True
2024-02-22,36.62499994970858,3.525000350549817,0.0,True
2024-02-23,36.774999951943755,3.425000349059701,34.8991813659668,False
2024-02-23,36.774999951943755,3.475000349804759,44.204994201660156,False
2024-02-23,36.7249999511987,3.425000349059701,39.481021881103516,False
2024-02-23,36.7249999511987,3.475000349804759,55.004722595214844,True
2024-02-23,36.7249999511987,3.525000350549817,43.03059387207031,False
2024-02-23,36.67499995045364,3.425000349059701,35.68840026855469,False
2024-02-23,36.67499995045364,3.475000349804759,44.7293586730957,False
2024-02-23,36.67499995045364,3.525000350549817,44.19240951538086,False
2024-02-23,36.62499994970858,3.475000349804759,46.10111618041992,False
2024-02-23,36.62499994970858,3.525000350549817,44.42939376831055,False
2024-02-24,36.774999951943755,3.425000349059701,17.4495906829834,False
2024-02-24,36.774999951943755,3.475000349804759,14.734996795654297,False
2024-02-24,36.7249999511987,3.425000349059701,19.740510940551758,False
2024-02-24,36.7249999511987,3.475000349804759,18.33490753173828,False
2024-02-24,36.7249999511987,3.525000350549817,21.515296936035156,False
2024-02-24,36.67499995045364,3.425000349059701,35.68840026855469,True
2024-02-24,36.67499995045364,3.475000349804759,22.36467933654785,False
2024-02-24,36.67499995045364,3.525000350549817,22.09620475769043,False
2024-02-24,36.62499994970858,3.475000349804759,15.367037773132324,False
2024-02-24,36.62499994970858,3.525000350549817,14.809797286987305,False
2024-02-25,36.774999951943755,3.425000349059701,17.4495906829834,False
2024-02-25,36.774999951943755,3.475000349804759,14.734996795654297,False
2024-02-25,36.7249999511987,3.425000349059701,19.740510940551758,False
2024-02-25,36.7249999511987,3.475000349804759,18.33490753173828,False
2024-02-25,36.7249999511987,3.525000350549817,21.515296936035156,False
2024-02-25,36.67499995045364,3.425000349059701,17.844200134277344,False
2024-02-25,36.67499995045364,3.475000349804759,22.36467933654785,True
2024-02-25,36.67499995045364,3.525000350549817,22.09620475769043,False
2024-02-25,36.62499994970858,3.475000349804759,15.367037773132324,False
2024-02-25,36.62499994970858,3.525000350549817,14.809797286987305,False
2024-02-26,36.774999951943755,3.425000349059701,11.512839317321777,False
2024-02-26,36.774999951943755,3.475000349804759,20.434507369995117,True
2024-02-26,36.7249999511987,3.425000349059701,11.910517692565918,False
2024-02-26,36.7249999511987,3.475000349804759,12.349393844604492,False
2024-02-26,36.7249999511987,3.525000350549817,12.21296215057373,False
2024-02-26,36.67499995045364,3.425000349059701,9.87750244140625,False
2024-02-26,36.67499995045364,3.475000349804759,11.422017097473145,False
2024-02-26,36.67499995045364,3.525000350549817,11.827314376831055,False
2024-02-26,36.62499994970858,3.475000349804759,14.19179630279541,False
2024-02-26,36.62499994970858,3.525000350549817,11.008703231811523,False
2024-02-27,36.774999951943755,3.425000349059701,23.025678634643555,False
2024-02-27,36.774999951943755,3.475000349804759,20.434507369995117,False
2024-02-27,36.7249999511987,3.425000349059701,23.821035385131836,False
2024-02-27,36.7249999511987,3.475000349804759,24.698787689208984,True
2024-02-27,36.7249999511987,3.525000350549817,24.42592430114746,False
2024-02-27,36.67499995045364,3.425000349059701,19.7550048828125,False
2024-02-27,36.67499995045364,3.475000349804759,22.84403419494629,False
2024-02-27,36.67499995045364,3.525000350549817,23.65462875366211,False
2024-02-27,36.62499994970858,3.475000349804759,14.19179630279541,False
2024-02-27,36.62499994970858,3.525000350549817,22.017406463623047,False
2024-02-28,36.774999951943755,3.425000349059701,23.025678634643555,False
2024-02-28,36.774999951943755,3.475000349804759,20.434507369995117,False
2024-02-28,36.7249999511987,3.425000349059701,23.821035385131836,False
2024-02-28,36.7249999511987,3.475000349804759,24.698787689208984,False
2024-02-28,36.7249999511987,3.525000350549817,24.42592430114746,False
2024-02-28,36.67499995045364,3.425000349059701,19.7550048828125,False
2024-02-28,36.67499995045364,3.475000349804759,22.84403419494629,False
2024-02-28,36.67499995045364,3.525000350549817,23.65462875366211,False
2024-02-28,36.62499994970858,3.475000349804759,28.38359260559082,True
2024-02-28,36.62499994970858,3.525000350549817,22.017406463623047,False
2024-02-29,36.774999951943755,3.425000349059701,0.0,True
2024-02-29,36.774999951943755,3.475000349804759,0.0,True
2024-02-29,36.7249999511987,3.425000349059701,0.0,True
2024-02-29,36.7249999511987,3.475000349804759,0.0,True
2024-02-29,36.7249999511987,3.525000350549817,0.0,True
2024-02-29,36.67499995045364,3.425000349059701,0.0,True
2024-02-29,36.67499995045364,3.475000349804759,0.0,True
2024-02-29,36.67499995045364,3.525000350549817,0.0,True
2024-02-29,36.62499994970858,3.475000349804759,0.0,True
2024-02-29,36.62499994970858,3.525000350549817,0.0,True
2024-03-01,36.774999951943755,3.425000349059701,0.0,True
2024-03-01,36.774999951943755,3.475000349804759,0.0,True
2024-03-01,36.7249999511987,3.425000349059701,0.0,True
2024-03-01,36.7249999511987,3.475000349804759,0.0,True
2024-03-01,36.7249999511987,3.525000350549817,0.0,True
2024-03-01,36.67499995045364,3.425000349059701,0.0,True
2024-03-01,36.67499995045364,3.475000349804759,0.0,True
2024-03-01,36.67499995045364,3.525000350549817,0.0,True
2024-03-01,36.62499994970858,3.475000349804759,0.0,True
2024-03-01,36.62499994970858,3.525000350549817,0.0,True
2024-03-02,36.774999951943755,3.425000349059701,0.0,True
2024-03-02,36.774999951943755,3.475000349804759,0.0,True
2024-03-02,36.7249999511987,3.425000349059701,0.0,True
2024-03-02,36.7249999511987,3.475000349804759,0.0,True
2024-03-02,36.7249999511987,3.525000350549817,0.0,True
2024-03-02,36.67499995045364,3.425000349059701,0.0,True
2024-03-02,36.67499995045364,3.475000349804759,0.0,True
2024-03-02,36.67499995045364,3.525000350549817,0.0,True
2024-03-02,36.62499994970858,3.475000349804759,0.0,True
2024-03-02,36.62499994970858,3.525000350549817,0.0,True
2024-03-03,36.774999951943755,3.425000349059701,0.0,True
2024-03-03,36.774999951943755,3.475000349804759,0.0,True
2024-03-03,36.7249999511987,3.425000349059701,0.0,True
2024-03-03,36.7249999511987,3.475000349804759,0.0,True
2024-03-03,36.7249999511987,3.525000350549817,0.0,True
2024-03-03,36.67499995045364,3.425000349059701,0.0,True
2024-03-03,36.67499995045364,3.475000349804759,0.0,True
2024-03-03,36.67499995045364,3.525000350549817,0.0,True
2024-03-03,36.62499994970858,3.475000349804759,0.0,True
2024-03-03,36.62499994970858,3.525000350549817,0.0,True
2024-03-04,36.774999951943755,3.425000349059701,0.0,True
2024-03-04,36.774999951943755,3.475000349804759,0.0,True
2024-03-04,36.7249999511987,3.425000349059701,0.0,True
2024-03-04,36.7249999511987,3.475000349804759,0.0,True
2024-03-04,36.7249999511987,3.525000350549817,0.0,True
2024-03-04,36.67499995045364,3.425000349059701,0.0,True
2024-03-04,36.67499995045364,3.475000349804759,0.0,True
2024-03-04,36.67499995045364,3.525000350549817,0.0,True
2024-03-04,36.62499994970858,3.475000349804759,0.0,True
2024-03-04,36.62499994970858,3.525000350549817,0.0,True
2024-03-05,36.774999951943755,3.425000349059701,0.0,True
2024-03-05,36.774999951943755,3.475000349804759,0.0,True
2024-03-05,36.7249999511987,3.425000349059701,0.0,True
2024-03-05,36.7249999511987,3.475000349804759,0.0,True
2024-03-05,36.7249999511987,3.525000350549817,0.0,True
2024-03-05,36.67499995045364,3.425000349059701,0.0,True
2024-03-05,36.67499995045364,3.475000349804759,0.0,True
2024-03-05,36.67499995045364,3.525000350549817,0.0,True
2024-03-05,36.62499994970858,3.475000349804759,0.0,True
2024-03-05,36.62499994970858,3.525000350549817,0.0,True
2024-03-06,36.774999951943755,3.425000349059701,0.0,True
2024-03-06,36.774999951943755,3.475000349804759,0.0,True
2024-03-06,36.7249999511987,3.425000349059701,0.0,True
2024-03-06,36.7249999511987,3.475000349804759,0.0,True
2024-03-06,36.7249999511987,3.525000350549817,0.0,True
2024-03-06,36.67499995045364,3.425000349059701,0.0,True
2024-03-06,36.67499995045364,3.475000349804759,0.0,True
2024-03-06,36.67499995045364,3.525000350549817,0.0,True
2024-03-06,36.62499994970858,3.475000349804759,0.0,True
2024-03-06,36.62499994970858,3.525000350549817,0.0,True
2024-03-07,36.774999951943755,3.425000349059701,0.0,True
2024-03-07,36.774999951943755,3.475000349804759,0.0,True
2024-03-07,36.7249999511987,3.425000349059701,0.0,True
2024-03-07,36.7249999511987,3.475000349804759,0.0,True
2024-03-07,36.7249999511987,3.525000350549817,0.0,True
2024-03-07,36.67499995045364,3.425000349059701,0.0,True
2024-03-07,36.67499995045364,3.475000349804759,0.0,True
2024-03-07,36.67499995045364,3.525000350549817,0.0,True
2024-03-07,36.62499994970858,3.475000349804759,0.0,True
2024-03-07,36.62499994970858,3.525000350549817,0.0,True
2024-03-08,36.774999951943755,3.425000349059701,5.674777984619141,False
2024-03-08,36.774999951943755,3.475000349804759,5.01731538772583,False
2024-03-08,36.7249999511987,3.425000349059701,5.733644962310791,False
2024-03-08,36.7249999511987,3.475000349804759,4.787872791290283,False
2024-03-08,36.7249999511987,3.525000350549817,5.405388355255127,False
2024-03-08,36.67499995045364,3.425000349059701,8.141813278198242,False
2024-03-08,36.67499995045364,3.475000349804759,9.076395988464355,True
2024-03-08,36.67499995045364,3.525000350549817,5.563014507293701,False
2024-03-08,36.62499994970858,3.475000349804759,9.00178337097168,False
2024-03-08,36.62499994970858,3.525000350549817,5.490581035614014,False
2024-03-09,36.774999951943755,3.425000349059701,5.674777984619141,False
2024-03-09,36.774999951943755,3.475000349804759,5.01731538772583,False
2024-03-09,36.7249999511987,3.425000349059701,5.733644962310791,False
2024-03-09,36.7249999511987,3.475000349804759,4.787872791290283,False
2024-03-09,36.7249999511987,3.525000350549817,5.405388355255127,False
2024-03-09,36.67499995045364,3.425000349059701,8.141813278198242,False
2024-03-09,36.67499995045364,3.475000349804759,9.076395988464355,True
2024-03-09,36.67499995045364,3.525000350549817,5.563014507293701,False
2024-03-09,36.62499994970858,3.475000349804759,9.00178337097168,False
2024-03-09,36.62499994970858,3.525000350549817,5.490581035614014,False
2024-03-10,36.774999951943755,3.425000349059701,0.0,True
2024-03-10,36.774999951943755,3.475000349804759,0.0,True
2024-03-10,36.7249999511987,3.425000349059701,0.0,True
2024-03-10,36.7249999511987,3.475000349804759,0.0,True
2024-03-10,36.7249999511987,3.525000350549817,0.0,True
2024-03-10,36.67499995045364,3.425000349059701,0.0,True
2024-03-10,36.67499995045364,3.475000349804759,0.0,True
2024-03-10,36.67499995045364,3.525000350549817,0.0,True
2024-03-10,36.62499994970858,3.475000349804759,0.0,True
2024-03-10,36.62499994970858,3.525000350549817,0.0,True
2024-03-11,36.774999951943755,3.425000349059701,0.0,True
2024-03-11,36.774999951943755,3.475000349804759,0.0,True
2024-03-11,36.7249999511987,3.425000349059701,0.0,True
2024-03-11,36.7249999511987,3.475000349804759,0.0,True
2024-03-11,36.7249999511987,3.525000350549817,0.0,True
2024-03-11,36.67499995045364,3.425000349059701,0.0,True
2024-03-11,36.67499995045364,3.475000349804759,0.0,True
2024-03-11,36.67499995045364,3.525000350549817,0.0,True
2024-03-11,36.62499994970858,3.475000349804759,0.0,True
2024-03-11,36.62499994970858,3.525000350549817,0.0,True
2024-03-12,36.774999951943755,3.425000349059701,0.0,True
2024-03-12,36.774999951943755,3.475000349804759,0.0,True
2024-03-12,36.7249999511987,3.425000349059701,0.0,True
2024-03-12,36.7249999511987,3.475000349804759,0.0,True
2024-03-12,36.7249999511987,3.525000350549817,0.0,True
2024-03-12,36.67499995045364,3.425000349059701,0.0,True
2024-03-12,36.67499995045364,3.475000349804759,0.0,True
2024-03-12,36.67499995045364,3.525000350549817,0.0,True
2024-03-12,36.62499994970858,3.475000349804759,0.0,True
2024-03-12,36.62499994970858,3.525000350549817,0.0,True
2024-03-13,36.774999951943755,3.425000349059701,0.0,True
2024-03-13,36.774999951943755,3.475000349804759,0.0,True
2024-03-13,36.7249999511987,3.425000349059701,0.0,True
2024-03-13,36.7249999511987,3.475000349804759,0.0,True
2024-03-13,36.7249999511987,3.525000350549817,0.0,True
2024-03-13,36.67499995045364,3.425000349059701,0.0,True
2024-03-13,36.67499995045364,3.475000349804759,0.0,True
2024-03-13,36.67499995045364,3.525000350549817,0.0,True
2024-03-13,36.62499994970858,3.475000349804759,0.0,True
2024-03-13,36.62499994970858,3.525000350549817,0.0,True
2024-03-14,36.774999951943755,3.425000349059701,0.0,True
2024-03-14,36.774999951943755,3.475000349804759,0.0,True
2024-03-14,36.7249999511987,3.425000349059701,0.0,True
2024-03-14,36.7249999511987,3.475000349804759,0.0,True
2024-03-14,36.7249999511987,3.525000350549817,0.0,True
2024-03-14,36.67499995045364,3.425000349059701,0.0,True
2024-03-14,36.67499995045364,3.475000349804759,0.0,True
2024-03-14,36.67499995045364,3.525000350549817,0.0,True
2024-03-14,36.62499994970858,3.475000349804759,0.0,True
2024-03-14,36.62499994970858,3.525000350549817,0.0,True
2024-03-15,36.774999951943755,3.425000349059701,0.0,True
2024-03-15,36.774999951943755,3.475000349804759,0.0,True
2024-03-15,36.7249999511987,3.425000349059701,0.0,True
2024-03-15,36.7249999511987,3.475000349804759,0.0,True
2024-03-15,36.7249999511987,3.525000350549817,0.0,True
2024-03-15,36.67499995045364,3.425000349059701,0.0,True
2024-03-15,36.67499995045364,3.475000349804759,0.0,True
2024-03-15,36.67499995045364,3.525000350549817,0.0,True
2024-03-15,36.62499994970858,3.475000349804759,0.0,True
2024-03-15,36.62499994970858,3.525000350549817,0.0,True
2024-03-16,36.774999951943755,3.425000349059701,0.0,True
2024-03-16,36.774999951943755,3.475000349804759,0.0,True
2024-03-16,36.7249999511987,3.425000349059701,0.0,True
2024-03-16,36.7249999511987,3.475000349804759,0.0,True
2024-03-16,36.7249999511987,3.525000350549817,0.0,True
2024-03-16,36.67499995045364,3.425000349059701,0.0,True
2024-03-16,36.67499995045364,3.475000349804759,0.0,True
2024-03-16,36.67499995045364,3.525000350549817,0.0,True
2024-03-16,36.62499994970858,3.475000349804759,0.0,True
2024-03-16,36.62499994970858,3.525000350549817,0.0,True
2024-03-17,36.774999951943755,3.425000349059701,0.0,True
2024-03-17,36.774999951943755,3.475000349804759,0.0,True
2024-03-17,36.7249999511987,3.425000349059701,0.0,True
2024-03-17,36.7249999511987,3.475000349804759,0.0,True
2024-03-17,36.7249999511987,3.525000350549817,0.0,True
2024-03-17,36.67499995045364,3.425000349059701,0.0,True
2024-03-17,36.67499995045364,3.475000349804759,0.0,True
2024-03-17,36.67499995045364,3.525000350549817,0.0,True
2024-03-17,36.62499994970858,3.475000349804759,0.0,True
2024-03-17,36.62499994970858,3.525000350549817,0.0,True
2024-03-18,36.774999951943755,3.425000349059701,0.0,True
2024-03-18,36.774999951943755,3.475000349804759,0.0,True
2024-03-18,36.7249999511987,3.425000349059701,0.0,True
2024-03-18,36.7249999511987,3.475000349804759,0.0,True
2024-03-18,36.7249999511987,3.525000350549817,0.0,True
2024-03-18,36.67499995045364,3.425000349059701,0.0,True
2024-03-18,36.67499995045364,3.475000349804759,0.0,True
2024-03-18,36.67499995045364,3.525000350549817,0.0,True
2024-03-18,36.62499994970858,3.475000349804759,0.0,True
2024-03-18,36.62499994970858,3.525000350549817,0.0,True
2024-03-19,36.774999951943755,3.425000349059701,0.0,False
2024-03-19,36.774999951943755,3.475000349804759,4.194081783294678,False
2024-03-19,36.7249999511987,3.425000349059701,4.752450466156006,False
2024-03-19,36.7249999511987,3.475000349804759,6.876887321472168,False
2024-03-19,36.7249999511987,3.525000350549817,5.698803901672363,False
2024-03-19,36.67499995045364,3.425000349059701,8.001245498657227,False
2024-03-19,36.67499995045364,3.475000349804759,9.403553009033203,True
2024-03-19,36.67499995045364,3.525000350549817,5.891075134277344,False
2024-03-19,36.62499994970858,3.475000349804759,9.097990036010742,False
2024-03-19,36.62499994970858,3.525000350549817,4.856189727783203,False
2024-03-20,36.774999951943755,3.425000349059701,0.0,True
2024-03-20,36.774999951943755,3.475000349804759,0.0,True
2024-03-20,36.7249999511987,3.425000349059701,0.0,True
2024-03-20,36.7249999511987,3.475000349804759,0.0,True
2024-03-20,36.7249999511987,3.525000350549817,0.0,True
2024-03-20,36.67499995045364,3.425000349059701,0.0,True
2024-03-20,36.67499995045364,3.475000349804759,0.0,True
2024-03-20,36.67499995045364,3.525000350549817,0.0,True
2024-03-20,36.62499994970858,3.475000349804759,0.0,True
2024-03-20,36.62499994970858,3.525000350549817,0.0,True
2024-03-21,36.774999951943755,3.425000349059701,1.8561702966690063,False
2024-03-21,36.774999951943755,3.475000349804759,0.0,False
2024-03-21,36.7249999511987,3.425000349059701,1.8122692108154297,False
2024-03-21,36.7249999511987,3.475000349804759,2.1061930656433105,False
2024-03-21,36.7249999511987,3.525000350549817,0.0,False
2024-03-21,36.67499995045364,3.425000349059701,2.615417242050171,False
2024-03-21,36.67499995045364,3.475000349804759,2.8954195976257324,True
2024-03-21,36.67499995045364,3.525000350549817,0.0,False
2024-03-21,36.62499994970858,3.475000349804759,2.5871803760528564,False
2024-03-21,36.62499994970858,3.525000350549817,0.0,False
2024-03-22,36.774999951943755,3.425000349059701,0.0,True
2024-03-22,36.774999951943755,3.475000349804759,0.0,True
2024-03-22,36.7249999511987,3.425000349059701,0.0,True
2024-03-22,36.7249999511987,3.475000349804759,0.0,True
2024-03-22,36.7249999511987,3.525000350549817,0.0,True
2024-03-22,36.67499995045364,3.425000349059701,0.0,True
2024-03-22,36.67499995045364,3.475000349804759,0.0,True
2024-03-22,36.67499995045364,3.525000350549817,0.0,True
2024-03-22,36.62499994970858,3.475000349804759,0.0,True
2024-03-22,36.62499994970858,3.525000350549817,0.0,True
2024-03-23,36.774999951943755,3.425000349059701,0.0,True
2024-03-23,36.774999951943755,3.475000349804759,0.0,True
2024-03-23,36.7249999511987,3.425000349059701,0.0,True
2024-03-23,36.7249999511987,3.475000349804759,0.0,True
2024-03-23,36.7249999511987,3.525000350549817,0.0,True
2024-03-23,36.67499995045364,3.425000349059701,0.0,True
2024-03-23,36.67499995045364,3.475000349804759,0.0,True
2024-03-23,36.67499995045364,3.525000350549817,0.0,True
2024-03-23,36.62499994970858,3.475000349804759,0.0,True
2024-03-23,36.62499994970858,3.525000350549817,0.0,True
2024-03-24,36.774999951943755,3.425000349059701,3.7123405933380127,False
2024-03-24,36.774999951943755,3.475000349804759,4.05288028717041,False
2024-03-24,36.7249999511987,3.425000349059701,3.6245384216308594,False
2024-03-24,36.7249999511987,3.475000349804759,4.212386131286621,False
2024-03-24,36.7249999511987,3.525000350549817,4.579560279846191,False
2024-03-24,36.67499995045364,3.425000349059701,7.846251964569092,True
2024-03-24,36.67499995045364,3.475000349804759,5.790839195251465,False
2024-03-24,36.67499995045364,3.525000350549817,4.754134178161621,False
2024-03-24,36.62499994970858,3.475000349804759,7.761541366577148,False
2024-03-24,36.62499994970858,3.525000350549817,5.517897129058838,False
2024-03-25,36.774999951943755,3.425000349059701,5.56851053237915,False
2024-03-25,36.774999951943755,3.475000349804759,6.079320907592773,False
2024-03-25,36.7249999511987,3.425000349059701,5.436807632446289,False
2024-03-25,36.7249999511987,3.475000349804759,6.318578720092773,False
2024-03-25,36.7249999511987,3.525000350549817,6.869339942932129,False
2024-03-25,36.67499995045364,3.425000349059701,7.846251964569092,False
2024-03-25,36.67499995045364,3.475000349804759,8.686259269714355,True
2024-03-25,36.67499995045364,3.525000350549817,7.131200790405273,False
2024-03-25,36.62499994970858,3.475000349804759,7.761541366577148,False
2024-03-25,36.62499994970858,3.525000350549817,5.517897129058838,False
2024-03-26,36.774999951943755,3.425000349059701,0.0,True
2024-03-26,36.774999951943755,3.475000349804759,0.0,True
2024-03-26,36.7249999511987,3.425000349059701,0.0,True
2024-03-26,36.7249999511987,3.475000349804759,0.0,True
2024-03-26,36.7249999511987,3.525000350549817,0.0,True
2024-03-26,36.67499995045364,3.425000349059701,0.0,True
2024-03-26,36.67499995045364,3.475000349804759,0.0,True
2024-03-26,36.67499995045364,3.525000350549817,0.0,True
2024-03-26,36.62499994970858,3.475000349804759,0.0,True
2024-03-26,36.62499994970858,3.525000350549817,0.0,True
2024-03-27,36.774999951943755,3.425000349059701,0.0,True
2024-03-27,36.774999951943755,3.475000349804759,0.0,True
2024-03-27,36.7249999511987,3.425000349059701,0.0,True
2024-03-27,36.7249999511987,3.475000349804759,0.0,True
2024-03-27,36.7249999511987,3.525000350549817,0.0,True
2024-03-27,36.67499995045364,3.425000349059701,0.0,True
2024-03-27,36.67499995045364,3.475000349804759,0.0,True
2024-03-27,36.67499995045364,3.525000350549817,0.0,True
2024-03-27,36.62499994970858,3.475000349804759,0.0,True
2024-03-27,36.62499994970858,3.525000350549817,0.0,True
2024-03-28,36.774999951943755,3.425000349059701,0.0,True
2024-03-28,36.774999951943755,3.475000349804759,0.0,True
2024-03-28,36.7249999511987,3.425000349059701,0.0,True
2024-03-28,36.7249999511987,3.475000349804759,0.0,True
2024-03-28,36.7249999511987,3.525000350549817,0.0,True
2024-03-28,36.67499995045364,3.425000349059701,0.0,True
2024-03-28,36.67499995045364,3.475000349804759,0.0,True
2024-03-28,36.67499995045364,3.525000350549817,0.0,True
2024-03-28,36.62499994970858,3.475000349804759,0.0,True
2024-03-28,36.62499994970858,3.525000350549817,0.0,True
2024-03-29,36.774999951943755,3.425000349059701,0.0,True
2024-03-29,36.774999951943755,3.475000349804759,0.0,True
2024-03-29,36.7249999511987,3.425000349059701,0.0,True
2024-03-29,36.7249999511987,3.475000349804759,0.0,True
2024-03-29,36.7249999511987,3.525000350549817,0.0,True
2024-03-29,36.67499995045364,3.425000349059701,0.0,True
2024-03-29,36.67499995045364,3.475000349804759,0.0,True
2024-03-29,36.67499995045364,3.525000350549817,0.0,True
2024-03-29,36.62499994970858,3.475000349804759,0.0,True
2024-03-29,36.62499994970858,3.525000350549817,0.0,True
2024-03-30,36.774999951943755,3.425000349059701,0.0,True
2024-03-30,36.774999951943755,3.475000349804759,0.0,True
2024-03-30,36.7249999511987,3.425000349059701,0.0,True
2024-03-30,36.7249999511987,3.475000349804759,0.0,True
2024-03-30,36.7249999511987,3.525000350549817,0.0,True
2024-03-30,36.67499995045364,3.425000349059701,0.0,True
2024-03-30,36.67499995045364,3.475000349804759,0.0,True
2024-03-30,36.67499995045364,3.525000350549817,0.0,True
2024-03-30,36.62499994970858,3.475000349804759,0.0,True
2024-03-30,36.62499994970858,3.525000350549817,0.0,True
2024-03-31,36.774999951943755,3.425000349059701,12.986442565917969,False
2024-03-31,36.774999951943755,3.475000349804759,11.964905738830566,False
2024-03-31,36.7249999511987,3.425000349059701,10.467350959777832,False
2024-03-31,36.7249999511987,3.475000349804759,10.625672340393066,False
2024-03-31,36.7249999511987,3.525000350549817,13.182234764099121,False
2024-03-31,36.67499995045364,3.425000349059701,0.0,False
2024-03-31,36.67499995045364,3.475000349804759,0.0,False
2024-03-31,36.67499995045364,3.525000350549817,15.880382537841797,False
2024-03-31,36.62499994970858,3.475000349804759,0.0,False
2024-03-31,36.62499994970858,3.525000350549817,18.911020278930664,True
2024-04-01,36.774999951943755,3.425000349059701,0.0,True
2024-04-01,36.774999951943755,3.475000349804759,0.0,True
2024-04-01,36.7249999511987,3.425000349059701,0.0,True
2024-04-01,36.7249999511987,3.475000349804759,0.0,True
2024-04-01,36.7249999511987,3.525000350549817,0.0,True
2024-04-01,36.67499995045364,3.425000349059701,0.0,True
2024-04-01,36.67499995045364,3.475000349804759,0.0,True
2024-04-01,36.67499995045364,3.525000350549817,0.0,True
2024-04-01,36.62499994970858,3.475000349804759,0.0,True
2024-04-01,36.62499994970858,3.525000350549817,0.0,True
2024-04-02,36.774999951943755,3.425000349059701,0.0,True
2024-04-02,36.774999951943755,3.475000349804759,0.0,True
2024-04-02,36.7249999511987,3.425000349059701,0.0,True
2024-04-02,36.7249999511987,3.475000349804759,0.0,True
2024-04-02,36.7249999511987,3.525000350549817,0.0,True
2024-04-02,36.67499995045364,3.425000349059701,0.0,True
2024-04-02,36.67499995045364,3.475000349804759,0.0,True
2024-04-02,36.67499995045364,3.525000350549817,0.0,True
2024-04-02,36.62499994970858,3.475000349804759,0.0,True
2024-04-02,36.62499994970858,3.525000350549817,0.0,True
2024-04-03,36.774999951943755,3.425000349059701,0.0,True
2024-04-03,36.774999951943755,3.475000349804759,0.0,True
2024-04-03,36.7249999511987,3.425000349059701,0.0,True
2024-04-03,36.7249999511987,3.475000349804759,0.0,True
2024-04-03,36.7249999511987,3.525000350549817,0.0,True
2024-04-03,36.67499995045364,3.425000349059701,0.0,True
2024-04-03,36.67499995045364,3.475000349804759,0.0,True
2024-04-03,36.67499995045364,3.525000350549817,0.0,True
2024-04-03,36.62499994970858,3.475000349804759,0.0,True
2024-04-03,36.62499994970858,3.525000350549817,0.0,True
2024-04-04,36.774999951943755,3.425000349059701,0.0,True
2024-04-04,36.774999951943755,3.475000349804759,0.0,True
2024-04-04,36.7249999511987,3.425000349059701,0.0,True
2024-04-04,36.7249999511987,3.475000349804759,0.0,True
2024-04-04,36.7249999511987,3.525000350549817,0.0,True
2024-04-04,36.67499995045364,3.425000349059701,0.0,True
2024-04-04,36.67499995045364,3.475000349804759,0.0,True
2024-04-04,36.67499995045364,3.525000350549817,0.0,True
2024-04-04,36.62499994970858,3.475000349804759,0.0,True
2024-04-04,36.62499994970858,3.525000350549817,0.0,True
2024-04-05,36.774999951943755,3.425000349059701,0.0,True
2024-04-05,36.774999951943755,3.475000349804759,0.0,True
2024-04-05,36.7249999511987,3.425000349059701,0.0,True
2024-04-05,36.7249999511987,3.475000349804759,0.0,True
2024-04-05,36.7249999511987,3.525000350549817,0.0,True
2024-04-05,36.67499995045364,3.425000349059701,0.0,True
2024-04-05,36.67499995045364,3.475000349804759,0.0,True
2024-04-05,36.67499995045364,3.525000350549817,0.0,True
2024-04-05,36.62499994970858,3.475000349804759,0.0,True
2024-04-05,36.62499994970858,3.525000350549817,0.0,True
2024-04-06,36.774999951943755,3.425000349059701,0.0,True
2024-04-06,36.774999951943755,3.475000349804759,0.0,True
2024-04-06,36.7249999511987,3.425000349059701,0.0,True
2024-04-06,36.7249999511987,3.475000349804759,0.0,True
2024-04-06,36.7249999511987,3.525000350549817,0.0,True
2024-04-06,36.67499995045364,3.425000349059701,0.0,True
2024-04-06,36.67499995045364,3.475000349804759,0.0,True
2024-04-06,36.67499995045364,3.525000350549817,0.0,True
2024-04-06,36.62499994970858,3.475000349804759,0.0,True
2024-04-06,36.62499994970858,3.525000350549817,0.0,True
2024-04-07,36.774999951943755,3.425000349059701,2.554637908935547,False
2024-04-07,36.774999951943755,3.475000349804759,2.5164175033569336,False
2024-04-07,36.7249999511987,3.425000349059701,3.461697816848755,False
2024-04-07,36.7249999511987,3.475000349804759,2.7413992881774902,False
2024-04-07,36.7249999511987,3.525000350549817,1.5097370147705078,False
2024-04-07,36.67499995045364,3.425000349059701,3.5106287002563477,True
2024-04-07,36.67499995045364,3.475000349804759,2.7511439323425293,False
2024-04-07,36.67499995045364,3.525000350549817,1.7240499258041382,False
2024-04-07,36.62499994970858,3.475000349804759,0.0,False
2024-04-07,36.62499994970858,3.525000350549817,0.0,False
2024-04-08,36.774999951943755,3.425000349059701,3.8319573402404785,False
2024-04-08,36.774999951943755,3.475000349804759,3.7746262550354004,False
2024-04-08,36.7249999511987,3.425000349059701,3.461697816848755,False
2024-04-08,36.7249999511987,3.475000349804759,2.7413992881774902,False
2024-04-08,36.7249999511987,3.525000350549817,4.529211044311523,True
2024-04-08,36.67499995045364,3.425000349059701,3.5106287002563477,False
2024-04-08,36.67499995045364,3.475000349804759,2.7511439323425293,False
2024-04-08,36.67499995045364,3.525000350549817,3.4480998516082764,False
2024-04-08,36.62499994970858,3.475000349804759,3.8692827224731445,False
2024-04-08,36.62499994970858,3.525000350549817,2.4877336025238037,False
2024-04-09,36.774999951943755,3.425000349059701,2.554637908935547,False
2024-04-09,36.774999951943755,3.475000349804759,2.5164175033569336,False
2024-04-09,36.7249999511987,3.425000349059701,2.3077986240386963,False
2024-04-09,36.7249999511987,3.475000349804759,2.7413992881774902,False
2024-04-09,36.7249999511987,3.525000350549817,3.0194740295410156,False
2024-04-09,36.67499995045364,3.425000349059701,2.340419292449951,False
2024-04-09,36.67499995045364,3.475000349804759,2.7511439323425293,False
2024-04-09,36.67499995045364,3.525000350549817,3.4480998516082764,False
2024-04-09,36.62499994970858,3.475000349804759,3.8692827224731445,False
2024-04-09,36.62499994970858,3.525000350549817,4.975467205047607,True
2024-04-10,36.774999951943755,3.425000349059701,0.0,True
2024-04-10,36.774999951943755,3.475000349804759,0.0,True
2024-04-10,36.7249999511987,3.425000349059701,0.0,True
2024-04-10,36.7249999511987,3.475000349804759,0.0,True
2024-04-10,36.7249999511987,3.525000350549817,0.0,True
2024-04-10,36.67499995045364,3.425000349059701,0.0,True
2024-04-10,36.67499995045364,3.475000349804759,0.0,True
2024-04-10,36.67499995045364,3.525000350549817,0.0,True
2024-04-10,36.62499994970858,3.475000349804759,0.0,True
2024-04-10,36.62499994970858,3.525000350549817,0.0,True
2024-04-11,36.774999951943755,3.425000349059701,7.783285617828369,False
2024-04-11,36.774999951943755,3.475000349804759,7.6667938232421875,False
2024-04-11,36.7249999511987,3.425000349059701,7.776892185211182,False
2024-04-11,36.7249999511987,3.475000349804759,7.524592876434326,False
2024-04-11,36.7249999511987,3.525000350549817,7.290350914001465,False
2024-04-11,36.67499995045364,3.425000349059701,7.795054912567139,True
2024-04-11,36.67499995045364,3.475000349804759,7.69463586807251,False
2024-04-11,36.67499995045364,3.525000350549817,7.599442005157471,False
2024-04-11,36.62499994970858,3.475000349804759,7.055718421936035,False
2024-04-11,36.62499994970858,3.525000350549817,7.7447123527526855,False
2024-04-12,36.774999951943755,3.425000349059701,0.5644482970237732,True
2024-04-12,36.774999951943755,3.475000349804759,0.5181668400764465,False
2024-04-12,36.7249999511987,3.425000349059701,0.5592821836471558,False
2024-04-12,36.7249999511987,3.475000349804759,0.5052382349967957,False
2024-04-12,36.7249999511987,3.525000350549817,0.4565778076648712,False
2024-04-12,36.67499995045364,3.425000349059701,0.5540656447410583,False
2024-04-12,36.67499995045364,3.475000349804759,0.511668860912323,False
2024-04-12,36.67499995045364,3.525000350549817,0.47246798872947693,False
2024-04-12,36.62499994970858,3.475000349804759,0.45974504947662354,False
2024-04-12,36.62499994970858,3.525000350549817,0.4727559983730316,False
2024-04-13,36.774999951943755,3.425000349059701,1.416628360748291,False
2024-04-13,36.774999951943755,3.475000349804759,1.4538456201553345,False
2024-04-13,36.7249999511987,3.425000349059701,1.5736970901489258,False
2024-04-13,36.7249999511987,3.475000349804759,1.5871301889419556,False
2024-04-13,36.7249999511987,3.525000350549817,1.5986661911010742,False
2024-04-13,36.67499995045364,3.425000349059701,1.7355573177337646,False
2024-04-13,36.67499995045364,3.475000349804759,1.7869091033935547,False
2024-04-13,36.67499995045364,3.525000350549817,1.8359647989273071,False
2024-04-13,36.62499994970858,3.475000349804759,1.7987720966339111,False
2024-04-13,36.62499994970858,3.525000350549817,2.0557525157928467,True
2024-04-14,36.774999951943755,3.425000349059701,0.06501302123069763,False
2024-04-14,36.774999951943755,3.475000349804759,0.057875607162714005,False
2024-04-14,36.7249999511987,3.425000349059701,0.06528394669294357,False
2024-04-14,36.7249999511987,3.475000349804759,0.056885071098804474,False
2024-04-14,36.7249999511987,3.525000350549817,0.04961490258574486,False
2024-04-14,36.67499995045364,3.425000349059701,0.06539271026849747,True
2024-04-14,36.67499995045364,3.475000349804759,0.05794316157698631,False
2024-04-14,36.67499995045364,3.525000350549817,0.05131474509835243,False
2024-04-14,36.62499994970858,3.475000349804759,0.052651792764663696,False
2024-04-14,36.62499994970858,3.525000350549817,0.05161260440945625,False
2024-04-15,36.774999951943755,3.425000349059701,0.40866273641586304,False
2024-04-15,36.774999951943755,3.475000349804759,0.38388779759407043,False
2024-04-15,36.7249999511987,3.425000349059701,0.42303547263145447,False
2024-04-15,36.7249999511987,3.475000349804759,0.3907168507575989,False
2024-04-15,36.7249999511987,3.525000350549817,0.360770046710968,False
2024-04-15,36.67499995045364,3.425000349059701,0.4402810037136078,True
2024-04-15,36.67499995045364,3.475000349804759,0.41519755125045776,False
2024-04-15,36.67499995045364,3.525000350549817,0.3911151587963104,False
2024-04-15,36.62499994970858,3.475000349804759,0.39707091450691223,False
2024-04-15,36.62499994970858,3.525000350549817,0.4159322679042816,False
2024-04-16,36.774999951943755,3.425000349059701,0.0,True
2024-04-16,36.774999951943755,3.475000349804759,0.0,True
2024-04-16,36.7249999511987,3.425000349059701,0.0,True
2024-04-16,36.7249999511987,3.475000349804759,0.0,True
2024-04-16,36.7249999511987,3.525000350549817,0.0,True
2024-04-16,36.67499995045364,3.425000349059701,0.0,True
2024-04-16,36.67499995045364,3.475000349804759,0.0,True
2024-04-16,36.67499995045364,3.525000350549817,0.0,True
2024-04-16,36.62499994970858,3.475000349804759,0.0,True
2024-04-16,36.62499994970858,3.525000350549817,0.0,True
2024-04-17,36.774999951943755,3.425000349059701,0.0,True
2024-04-17,36.774999951943755,3.475000349804759,0.0,True
2024-04-17,36.7249999511987,3.425000349059701,0.0,True
2024-04-17,36.7249999511987,3.475000349804759,0.0,True
2024-04-17,36.7249999511987,3.525000350549817,0.0,True
2024-04-17,36.67499995045364,3.425000349059701,0.0,True
2024-04-17,36.67499995045364,3.475000349804759,0.0,True
2024-04-17,36.67499995045364,3.525000350549817,0.0,True
2024-04-17,36.62499994970858,3.475000349804759,0.0,True
2024-04-17,36.62499994970858,3.525000350549817,0.0,True
2024-04-18,36.774999951943755,3.425000349059701,0.0,True
2024-04-18,36.774999951943755,3.475000349804759,0.0,True
2024-04-18,36.7249999511987,3.425000349059701,0.0,True
2024-04-18,36.7249999511987,3.475000349804759,0.0,True
2024-04-18,36.7249999511987,3.525000350549817,0.0,True
2024-04-18,36.67499995045364,3.425000349059701,0.0,True
2024-04-18,36.67499995045364,3.475000349804759,0.0,True
2024-04-18,36.67499995045364,3.525000350549817,0.0,True
2024-04-18,36.62499994970858,3.475000349804759,0.0,True
2024-04-18,36.62499994970858,3.525000350549817,0.0,True
2024-04-19,36.774999951943755,3.425000349059701,0.0,True
2024-04-19,36.774999951943755,3.475000349804759,0.0,True
2024-04-19,36.7249999511987,3.425000349059701,0.0,True
2024-04-19,36.7249999511987,3.475000349804759,0.0,True
2024-04-19,36.7249999511987,3.525000350549817,0.0,True
2024-04-19,36.67499995045364,3.425000349059701,0.0,True
2024-04-19,36.67499995045364,3.475000349804759,0.0,True
2024-04-19,36.67499995045364,3.525000350549817,0.0,True
2024-04-19,36.62499994970858,3.475000349804759,0.0,True
2024-04-19,36.62499994970858,3.525000350549817,0.0,True
2024-04-20,36.774999951943755,3.425000349059701,0.0,True
2024-04-20,36.774999951943755,3.475000349804759,0.0,True
2024-04-20,36.7249999511987,3.425000349059701,0.0,True
2024-04-20,36.7249999511987,3.475000349804759,0.0,True
2024-04-20,36.7249999511987,3.525000350549817,0.0,True
2024-04-20,36.67499995045364,3.425000349059701,0.0,True
2024-04-20,36.67499995045364,3.475000349804759,0.0,True
2024-04-20,36.67499995045364,3.525000350549817,0.0,True
2024-04-20,36.62499994970858,3.475000349804759,0.0,True
2024-04-20,36.62499994970858,3.525000350549817,0.0,True
2024-04-21,36.774999951943755,3.425000349059701,0.0,True
2024-04-21,36.774999951943755,3.475000349804759,0.0,True
2024-04-21,36.7249999511987,3.425000349059701,0.0,True
2024-04-21,36.7249999511987,3.475000349804759,0.0,True
2024-04-21,36.7249999511987,3.525000350549817,0.0,True
2024-04-21,36.67499995045364,3.425000349059701,0.0,True
2024-04-21,36.67499995045364,3.475000349804759,0.0,True
2024-04-21,36.67499995045364,3.525000350549817,0.0,True
2024-04-21,36.62499994970858,3.475000349804759,0.0,True
2024-04-21,36.62499994970858,3.525000350549817,0.0,True
2024-04-22,36.774999951943755,3.425000349059701,0.0,True
2024-04-22,36.774999951943755,3.475000349804759,0.0,True
2024-04-22,36.7249999511987,3.425000349059701,0.0,True
2024-04-22,36.7249999511987,3.475000349804759,0.0,True
2024-04-22,36.7249999511987,3.525000350549817,0.0,True
2024-04-22,36.67499995045364,3.425000349059701,0.0,True
2024-04-22,36.67499995045364,3.475000349804759,0.0,True
2024-04-22,36.67499995045364,3.525000350549817,0.0,True
2024-04-22,36.62499994970858,3.475000349804759,0.0,True
2024-04-22,36.62499994970858,3.525000350549817,0.0,True
2024-04-23,36.774999951943755,3.425000349059701,0.0,True
2024-04-23,36.774999951943755,3.475000349804759,0.0,True
2024-04-23,36.7249999511987,3.425000349059701,0.0,True
2024-04-23,36.7249999511987,3.475000349804759,0.0,True
2024-04-23,36.7249999511987,3.525000350549817,0.0,True
2024-04-23,36.67499995045364,3.425000349059701,0.0,True
2024-04-23,36.67499995045364,3.475000349804759,0.0,True
2024-04-23,36.67499995045364,3.525000350549817,0.0,True
2024-04-23,36.62499994970858,3.475000349804759,0.0,True
2024-04-23,36.62499994970858,3.525000350549817,0.0,True
2024-04-24,36.774999951943755,3.425000349059701,0.0,True
2024-04-24,36.774999951943755,3.475000349804759,0.0,True
2024-04-24,36.7249999511987,3.425000349059701,0.0,True
2024-04-24,36.7249999511987,3.475000349804759,0.0,True
2024-04-24,36.7249999511987,3.525000350549817,0.0,True
2024-04-24,36.67499995045364,3.425000349059701,0.0,True
2024-04-24,36.67499995045364,3.475000349804759,0.0,True
2024-04-24,36.67499995045364,3.525000350549817,0.0,True
2024-04-24,36.62499994970858,3.475000349804759,0.0,True
2024-04-24,36.62499994970858,3.525000350549817,0.0,True
2024-04-25,36.774999951943755,3.425000349059701,0.0,True
2024-04-25,36.774999951943755,3.475000349804759,0.0,True
2024-04-25,36.7249999511987,3.425000349059701,0.0,True
2024-04-25,36.7249999511987,3.475000349804759,0.0,True
2024-04-25,36.7249999511987,3.525000350549817,0.0,True
2024-04-25,36.67499995045364,3.425000349059701,0.0,True
2024-04-25,36.67499995045364,3.475000349804759,0.0,True
2024-04-25,36.67499995045364,3.525000350549817,0.0,True
2024-04-25,36.62499994970858,3.475000349804759,0.0,True
2024-04-25,36.62499994970858,3.525000350549817,0.0,True
2024-04-26,36.774999951943755,3.425000349059701,0.0,True
2024-04-26,36.774999951943755,3.475000349804759,0.0,True
2024-04-26,36.7249999511987,3.425000349059701,0.0,True
2024-04-26,36.7249999511987,3.475000349804759,0.0,True
2024-04-26,36.7249999511987,3.525000350549817,0.0,True
2024-04-26,36.67499995045364,3.425000349059701,0.0,True
2024-04-26,36.67499995045364,3.475000349804759,0.0,True
2024-04-26,36.67499995045364,3.525000350549817,0.0,True
2024-04-26,36.62499994970858,3.475000349804759,0.0,True
2024-04-26,36.62499994970858,3.525000350549817,0.0,True
2024-04-27,36.774999951943755,3.425000349059701,0.0,True
2024-04-27,36.774999951943755,3.475000349804759,0.0,True
2024-04-27,36.7249999511987,3.425000349059701,0.0,True
2024-04-27,36.7249999511987,3.475000349804759,0.0,True
2024-04-27,36.7249999511987,3.525000350549817,0.0,True
2024-04-27,36.67499995045364,3.425000349059701,0.0,True
2024-04-27,36.67499995045364,3.475000349804759,0.0,True
2024-04-27,36.67499995045364,3.525000350549817,0.0,True
2024-04-27,36.62499994970858,3.475000349804759,0.0,True
2024-04-27,36.62499994970858,3.525000350549817,0.0,True
2024-04-28,36.774999951943755,3.425000349059701,0.0,True
2024-04-28,36.774999951943755,3.475000349804759,0.0,True
2024-04-28,36.7249999511987,3.425000349059701,0.0,True
2024-04-28,36.7249999511987,3.475000349804759,0.0,True
2024-04-28,36.7249999511987,3.525000350549817,0.0,True
2024-04-28,36.67499995045364,3.425000349059701,0.0,True
2024-04-28,36.67499995045364,3.475000349804759,0.0,True
2024-04-28,36.67499995045364,3.525000350549817,0.0,True
2024-04-28,36.62499994970858,3.475000349804759,0.0,True
2024-04-28,36.62499994970858,3.525000350549817,0.0,True
2024-04-29,36.774999951943755,3.425000349059701,0.0,True
2024-04-29,36.774999951943755,3.475000349804759,0.0,True
2024-04-29,36.7249999511987,3.425000349059701,0.0,True
2024-04-29,36.7249999511987,3.475000349804759,0.0,True
2024-04-29,36.7249999511987,3.525000350549817,0.0,True
2024-04-29,36.67499995045364,3.425000349059701,0.0,True
2024-04-29,36.67499995045364,3.475000349804759,0.0,True
2024-04-29,36.67499995045364,3.525000350549817,0.0,True
2024-04-29,36.62499994970858,3.475000349804759,0.0,True
2024-04-29,36.62499994970858,3.525000350549817,0.0,True
2024-04-30,36.774999951943755,3.425000349059701,10.929377555847168,False
2024-04-30,36.774999951943755,3.475000349804759,11.793696403503418,False
2024-04-30,36.7249999511987,3.425000349059701,10.17379093170166,False
2024-04-30,36.7249999511987,3.475000349804759,12.165472030639648,False
2024-04-30,36.7249999511987,3.525000350549817,13.281038284301758,True
2024-04-30,36.67499995045364,3.425000349059701,11.781657218933105,False
2024-04-30,36.67499995045364,3.475000349804759,12.946392059326172,False
2024-04-30,36.67499995045364,3.525000350549817,13.044734001159668,False
2024-04-30,36.62499994970858,3.475000349804759,12.080648422241211,False
2024-04-30,36.62499994970858,3.525000350549817,11.130096435546875,False
2024-05-01,36.774999951943755,3.425000349059701,0.0,True
2024-05-01,36.774999951943755,3.475000349804759,0.0,True
2024-05-01,36.7249999511987,3.425000349059701,0.0,True
2024-05-01,36.7249999511987,3.475000349804759,0.0,True
2024-05-01,36.7249999511987,3.525000350549817,0.0,True
2024-05-01,36.67499995045364,3.425000349059701,0.0,True
2024-05-01,36.67499995045364,3.475000349804759,0.0,True
2024-05-01,36.67499995045364,3.525000350549817,0.0,True
2024-05-01,36.62499994970858,3.475000349804759,0.0,True
2024-05-01,36.62499994970858,3.525000350549817,0.0,True
2024-05-02,36.774999951943755,3.425000349059701,0.0,True
2024-05-02,36.774999951943755,3.475000349804759,0.0,True
2024-05-02,36.7249999511987,3.425000349059701,0.0,True
2024-05-02,36.7249999511987,3.475000349804759,0.0,True
2024-05-02,36.7249999511987,3.525000350549817,0.0,True
2024-05-02,36.67499995045364,3.425000349059701,0.0,True
2024-05-02,36.67499995045364,3.475000349804759,0.0,True
2024-05-02,36.67499995045364,3.525000350549817,0.0,True
2024-05-02,36.62499994970858,3.475000349804759,0.0,True
2024-05-02,36.62499994970858,3.525000350549817,0.0,True
2024-05-03,36.774999951943755,3.425000349059701,0.0,True
2024-05-03,36.774999951943755,3.475000349804759,0.0,True
2024-05-03,36.7249999511987,3.425000349059701,0.0,True
2024-05-03,36.7249999511987,3.475000349804759,0.0,True
2024-05-03,36.7249999511987,3.525000350549817,0.0,True
2024-05-03,36.67499995045364,3.425000349059701,0.0,True
2024-05-03,36.67499995045364,3.475000349804759,0.0,True
2024-05-03,36.67499995045364,3.525000350549817,0.0,True
2024-05-03,36.62499994970858,3.475000349804759,0.0,True
2024-05-03,36.62499994970858,3.525000350549817,0.0,True
2024-05-04,36.774999951943755,3.425000349059701,0.0,True
2024-05-04,36.774999951943755,3.475000349804759,0.0,True
2024-05-04,36.7249999511987,3.425000349059701,0.0,True
2024-05-04,36.7249999511987,3.475000349804759,0.0,True
2024-05-04,36.7249999511987,3.525000350549817,0.0,True
2024-05-04,36.67499995045364,3.425000349059701,0.0,True
2024-05-04,36.67499995045364,3.475000349804759,0.0,True
2024-05-04,36.67499995045364,3.525000350549817,0.0,True
2024-05-04,36.62499994970858,3.475000349804759,0.0,True
2024-05-04,36.62499994970858,3.525000350549817,0.0,True
2024-05-05,36.774999951943755,3.425000349059701,0.0,True
2024-05-05,36.774999951943755,3.475000349804759,0.0,True
2024-05-05,36.7249999511987,3.425000349059701,0.0,True
2024-05-05,36.7249999511987,3.475000349804759,0.0,True
2024-05-05,36.7249999511987,3.525000350549817,0.0,True
2024-05-05,36.67499995045364,3.425000349059701,0.0,True
2024-05-05,36.67499995045364,3.475000349804759,0.0,True
2024-05-05,36.67499995045364,3.525000350549817,0.0,True
2024-05-05,36.62499994970858,3.475000349804759,0.0,True
2024-05-05,36.62499994970858,3.525000350549817,0.0,True
2024-05-06,36.774999951943755,3.425000349059701,0.0,False
2024-05-06,36.774999951943755,3.475000349804759,0.0,False
2024-05-06,36.7249999511987,3.425000349059701,0.0,False
2024-05-06,36.7249999511987,3.475000349804759,0.0,False
2024-05-06,36.7249999511987,3.525000350549817,1.950337290763855,False
2024-05-06,36.67499995045364,3.425000349059701,2.01662015914917,False
2024-05-06,36.67499995045364,3.475000349804759,1.8884614706039429,False
2024-05-06,36.67499995045364,3.525000350549817,1.9462214708328247,False
2024-05-06,36.62499994970858,3.475000349804759,1.7748357057571411,False
2024-05-06,36.62499994970858,3.525000350549817,2.069573402404785,True
2024-05-07,36.774999951943755,3.425000349059701,0.0,True
2024-05-07,36.774999951943755,3.475000349804759,0.0,True
2024-05-07,36.7249999511987,3.425000349059701,0.0,True
2024-05-07,36.7249999511987,3.475000349804759,0.0,True
2024-05-07,36.7249999511987,3.525000350549817,0.0,True
2024-05-07,36.67499995045364,3.425000349059701,0.0,True
2024-05-07,36.67499995045364,3.475000349804759,0.0,True
2024-05-07,36.67499995045364,3.525000350549817,0.0,True
2024-05-07,36.62499994970858,3.475000349804759,0.0,True
2024-05-07,36.62499994970858,3.525000350549817,0.0,True
2024-05-08,36.774999951943755,3.425000349059701,0.0,True
2024-05-08,36.774999951943755,3.475000349804759,0.0,True
2024-05-08,36.7249999511987,3.425000349059701,0.0,True
2024-05-08,36.7249999511987,3.475000349804759,0.0,True
2024-05-08,36.7249999511987,3.525000350549817,0.0,True
2024-05-08,36.67499995045364,3.425000349059701,0.0,True
2024-05-08,36.67499995045364,3.475000349804759,0.0,True
2024-05-08,36.67499995045364,3.525000350549817,0.0,True
2024-05-08,36.62499994970858,3.475000349804759,0.0,True
2024-05-08,36.62499994970858,3.525000350549817,0.0,True
2024-05-09,36.774999951943755,3.425000349059701,0.0,True
2024-05-09,36.774999951943755,3.475000349804759,0.0,True
2024-05-09,36.7249999511987,3.425000349059701,0.0,True
2024-05-09,36.7249999511987,3.475000349804759,0.0,True
2024-05-09,36.7249999511987,3.525000350549817,0.0,True
2024-05-09,36.67499995045364,3.425000349059701,0.0,True
2024-05-09,36.67499995045364,3.475000349804759,0.0,True
2024-05-09,36.67499995045364,3.525000350549817,0.0,True
2024-05-09,36.62499994970858,3.475000349804759,0.0,True
2024-05-09,36.62499994970858,3.525000350549817,0.0,True
2024-05-10,36.774999951943755,3.425000349059701,0.0,True
2024-05-10,36.774999951943755,3.475000349804759,0.0,True
2024-05-10,36.7249999511987,3.425000349059701,0.0,True
2024-05-10,36.7249999511987,3.475000349804759,0.0,True
2024-05-10,36.7249999511987,3.525000350549817,0.0,True
2024-05-10,36.67499995045364,3.425000349059701,0.0,True
2024-05-10,36.67499995045364,3.475000349804759,0.0,True
2024-05-10,36.67499995045364,3.525000350549817,0.0,True
2024-05-10,36.62499994970858,3.475000349804759,0.0,True
2024-05-10,36.62499994970858,3.525000350549817,0.0,True
2024-05-11,36.774999951943755,3.425000349059701,0.0,True
2024-05-11,36.774999951943755,3.475000349804759,0.0,True
2024-05-11,36.7249999511987,3.425000349059701,0.0,True
2024-05-11,36.7249999511987,3.475000349804759,0.0,True
2024-05-11,36.7249999511987,3.525000350549817,0.0,True
2024-05-11,36.67499995045364,3.425000349059701,0.0,True
2024-05-11,36.67499995045364,3.475000349804759,0.0,True
2024-05-11,36.67499995045364,3.525000350549817,0.0,True
2024-05-11,36.62499994970858,3.475000349804759,0.0,True
2024-05-11,36.62499994970858,3.525000350549817,0.0,True
2024-05-12,36.774999951943755,3.425000349059701,2.9228546619415283,False
2024-05-12,36.774999951943755,3.475000349804759,2.9942104816436768,False
2024-05-12,36.7249999511987,3.425000349059701,3.0158181190490723,False
2024-05-12,36.7249999511987,3.475000349804759,3.045422315597534,True
2024-05-12,36.7249999511987,3.525000350549817,2.7749688625335693,False
2024-05-12,36.67499995045364,3.425000349059701,2.447382926940918,False
2024-05-12,36.67499995045364,3.475000349804759,2.6622865200042725,False
2024-05-12,36.67499995045364,3.525000350549817,2.7497756481170654,False
2024-05-12,36.62499994970858,3.475000349804759,2.478971242904663,False
2024-05-12,36.62499994970858,3.525000350549817,2.509721040725708,False
2024-05-13,36.774999951943755,3.425000349059701,0.0,True
2024-05-13,36.774999951943755,3.475000349804759,0.0,True
2024-05-13,36.7249999511987,3.425000349059701,0.0,True
2024-05-13,36.7249999511987,3.475000349804759,0.0,True
2024-05-13,36.7249999511987,3.525000350549817,0.0,True
2024-05-13,36.67499995045364,3.425000349059701,0.0,True
2024-05-13,36.67499995045364,3.475000349804759,0.0,True
2024-05-13,36.67499995045364,3.525000350549817,0.0,True
2024-05-13,36.62499994970858,3.475000349804759,0.0,True
2024-05-13,36.62499994970858,3.525000350549817,0.0,True
2024-05-14,36.774999951943755,3.425000349059701,0.0,True
2024-05-14,36.774999951943755,3.475000349804759,0.0,True
2024-05-14,36.7249999511987,3.425000349059701,0.0,True
2024-05-14,36.7249999511987,3.475000349804759,0.0,True
2024-05-14,36.7249999511987,3.525000350549817,0.0,True
2024-05-14,36.67499995045364,3.425000349059701,0.0,True
2024-05-14,36.67499995045364,3.475000349804759,0.0,True
2024-05-14,36.67499995045364,3.525000350549817,0.0,True
2024-05-14,36.62499994970858,3.475000349804759,0.0,True
2024-05-14,36.62499994970858,3.525000350549817,0.0,True
2024-05-15,36.774999951943755,3.425000349059701,0.0,True
2024-05-15,36.774999951943755,3.475000349804759,0.0,True
2024-05-15,36.7249999511987,3.425000349059701,0.0,True
2024-05-15,36.7249999511987,3.475000349804759,0.0,True
2024-05-15,36.7249999511987,3.525000350549817,0.0,True
2024-05-15,36.67499995045364,3.425000349059701,0.0,True
2024-05-15,36.67499995045364,3.475000349804759,0.0,True
2024-05-15,36.67499995045364,3.525000350549817,0.0,True
2024-05-15,36.62499994970858,3.475000349804759,0.0,True
2024-05-15,36.62499994970858,3.525000350549817,0.0,True
2024-05-16,36.774999951943755,3.425000349059701,0.0,True
2024-05-16,36.774999951943755,3.475000349804759,0.0,True
2024-05-16,36.7249999511987,3.425000349059701,0.0,True
2024-05-16,36.7249999511987,3.475000349804759,0.0,True
2024-05-16,36.7249999511987,3.525000350549817,0.0,True
2024-05-16,36.67499995045364,3.425000349059701,0.0,True
2024-05-16,36.67499995045364,3.475000349804759,0.0,True
2024-05-16,36.67499995045364,3.525000350549817,0.0,True
2024-05-16,36.62499994970858,3.475000349804759,0.0,True
2024-05-16,36.62499994970858,3.525000350549817,0.0,True
2024-05-17,36.774999951943755,3.425000349059701,0.0,True
2024-05-17,36.774999951943755,3.475000349804759,0.0,True
2024-05-17,36.7249999511987,3.425000349059701,0.0,True
2024-05-17,36.7249999511987,3.475000349804759,0.0,True
2024-05-17,36.7249999511987,3.525000350549817,0.0,True
2024-05-17,36.67499995045364,3.425000349059701,0.0,True
2024-05-17,36.67499995045364,3.475000349804759,0.0,True
2024-05-17,36.67499995045364,3.525000350549817,0.0,True
2024-05-17,36.62499994970858,3.475000349804759,0.0,True
2024-05-17,36.62499994970858,3.525000350549817,0.0,True
2024-05-18,36.774999951943755,3.425000349059701,0.13092389702796936,False
2024-05-18,36.774999951943755,3.475000349804759,0.1589439958333969,False
2024-05-18,36.7249999511987,3.425000349059701,0.1439378708600998,False
2024-05-18,36.7249999511987,3.475000349804759,0.19059211015701294,False
2024-05-18,36.7249999511987,3.525000350549817,0.20773473381996155,False
2024-05-18,36.67499995045364,3.425000349059701,0.14936348795890808,False
2024-05-18,36.67499995045364,3.475000349804759,0.19084995985031128,False
2024-05-18,36.67499995045364,3.525000350549817,0.22494016587734222,True
2024-05-18,36.62499994970858,3.475000349804759,0.14773929119110107,False
2024-05-18,36.62499994970858,3.525000350549817,0.1678617149591446,False
2024-05-19,36.774999951943755,3.425000349059701,3.2012572288513184,False
2024-05-19,36.774999951943755,3.475000349804759,3.032393455505371,False
2024-05-19,36.7249999511987,3.425000349059701,3.493316173553467,False
2024-05-19,36.7249999511987,3.475000349804759,3.6196448802948,False
2024-05-19,36.7249999511987,3.525000350549817,3.1258323192596436,False
2024-05-19,36.67499995045364,3.425000349059701,3.854762554168701,False
2024-05-19,36.67499995045364,3.475000349804759,3.8226053714752197,False
2024-05-19,36.67499995045364,3.525000350549817,3.5382955074310303,False
2024-05-19,36.62499994970858,3.475000349804759,3.907315731048584,True
2024-05-19,36.62499994970858,3.525000350549817,3.388803005218506,False
2024-05-20,36.774999951943755,3.425000349059701,5.500669479370117,False
2024-05-20,36.774999951943755,3.475000349804759,5.998829364776611,False
2024-05-20,36.7249999511987,3.425000349059701,5.57619571685791,False
2024-05-20,36.7249999511987,3.475000349804759,6.794642925262451,False
2024-05-20,36.7249999511987,3.525000350549817,6.921967506408691,False
2024-05-20,36.67499995045364,3.425000349059701,5.6605143547058105,False
2024-05-20,36.67499995045364,3.475000349804759,6.750081539154053,False
2024-05-20,36.67499995045364,3.525000350549817,7.531513214111328,True
2024-05-20,36.62499994970858,3.475000349804759,6.4493207931518555,False
2024-05-20,36.62499994970858,3.525000350549817,6.881412506103516,False
2024-05-21,36.774999951943755,3.425000349059701,0.0,True
2024-05-21,36.774999951943755,3.475000349804759,0.0,True
2024-05-21,36.7249999511987,3.425000349059701,0.0,True
2024-05-21,36.7249999511987,3.475000349804759,0.0,True
2024-05-21,36.7249999511987,3.525000350549817,0.0,True
2024-05-21,36.67499995045364,3.425000349059701,0.0,True
2024-05-21,36.67499995045364,3.475000349804759,0.0,True
2024-05-21,36.67499995045364,3.525000350549817,0.0,True
2024-05-21,36.62499994970858,3.475000349804759,0.0,True
2024-05-21,36.62499994970858,3.525000350549817,0.0,True
2024-05-22,36.774999951943755,3.425000349059701,0.0,True
2024-05-22,36.774999951943755,3.475000349804759,0.0,True
2024-05-22,36.7249999511987,3.425000349059701,0.0,True
2024-05-22,36.7249999511987,3.475000349804759,0.0,True
2024-05-22,36.7249999511987,3.525000350549817,0.0,True
2024-05-22,36.67499995045364,3.425000349059701,0.0,True
2024-05-22,36.67499995045364,3.475000349804759,0.0,True
2024-05-22,36.67499995045364,3.525000350549817,0.0,True
2024-05-22,36.62499994970858,3.475000349804759,0.0,True
2024-05-22,36.62499994970858,3.525000350549817,0.0,True
2024-05-23,36.774999951943755,3.425000349059701,1.4326012134552002,False
2024-05-23,36.774999951943755,3.475000349804759,0.0,False
2024-05-23,36.7249999511987,3.425000349059701,1.222434401512146,False
2024-05-23,36.7249999511987,3.475000349804759,0.0,False
2024-05-23,36.7249999511987,3.525000350549817,0.0,False
2024-05-23,36.67499995045364,3.425000349059701,0.0,False
2024-05-23,36.67499995045364,3.475000349804759,0.0,False
2024-05-23,36.67499995045364,3.525000350549817,0.0,False
2024-05-23,36.62499994970858,3.475000349804759,1.675679326057434,True
2024-05-23,36.62499994970858,3.525000350549817,0.0,False
2024-05-24,36.774999951943755,3.425000349059701,2.8652024269104004,False
2024-05-24,36.774999951943755,3.475000349804759,4.477765083312988,True
2024-05-24,36.7249999511987,3.425000349059701,2.444868803024292,False
2024-05-24,36.7249999511987,3.475000349804759,3.8056771755218506,False
2024-05-24,36.7249999511987,3.525000350549817,3.498695135116577,False
2024-05-24,36.67499995045364,3.425000349059701,2.6475772857666016,False
2024-05-24,36.67499995045364,3.475000349804759,2.9621856212615967,False
2024-05-24,36.67499995045364,3.525000350549817,3.79595685005188,False
2024-05-24,36.62499994970858,3.475000349804759,1.675679326057434,False
2024-05-24,36.62499994970858,3.525000350549817,3.406432628631592,False
2024-05-25,36.774999951943755,3.425000349059701,0.0,True
2024-05-25,36.774999951943755,3.475000349804759,0.0,True
2024-05-25,36.7249999511987,3.425000349059701,0.0,True
2024-05-25,36.7249999511987,3.475000349804759,0.0,True
2024-05-25,36.7249999511987,3.525000350549817,0.0,True
2024-05-25,36.67499995045364,3.425000349059701,0.0,True
2024-05-25,36.67499995045364,3.475000349804759,0.0,True
2024-05-25,36.67499995045364,3.525000350549817,0.0,True
2024-05-25,36.62499994970858,3.475000349804759,0.0,True
2024-05-25,36.62499994970858,3.525000350549817,0.0,True
2024-05-26,36.774999951943755,3.425000349059701,0.0,True
2024-05-26,36.774999951943755,3.475000349804759,0.0,True
2024-05-26,36.7249999511987,3.425000349059701,0.0,True
2024-05-26,36.7249999511987,3.475000349804759,0.0,True
2024-05-26,36.7249999511987,3.525000350549817,0.0,True
2024-05-26,36.67499995045364,3.425000349059701,0.0,True
2024-05-26,36.67499995045364,3.475000349804759,0.0,True
2024-05-26,36.67499995045364,3.525000350549817,0.0,True
2024-05-26,36.62499994970858,3.475000349804759,0.0,True
2024-05-26,36.62499994970858,3.525000350549817,0.0,True
2024-05-27,36.774999951943755,3.425000349059701,0.0,True
2024-05-27,36.774999951943755,3.475000349804759,0.0,True
2024-05-27,36.7249999511987,3.425000349059701,0.0,True
2024-05-27,36.7249999511987,3.475000349804759,0.0,True
2024-05-27,36.7249999511987,3.525000350549817,0.0,True
2024-05-27,36.67499995045364,3.425000349059701,0.0,True
2024-05-27,36.67499995045364,3.475000349804759,0.0,True
2024-05-27,36.67499995045364,3.525000350549817,0.0,True
2024-05-27,36.62499994970858,3.475000349804759,0.0,True
2024-05-27,36.62499994970858,3.525000350549817,0.0,True
2024-05-28,36.774999951943755,3.425000349059701,0.0,True
2024-05-28,36.774999951943755,3.475000349804759,0.0,True
2024-05-28,36.7249999511987,3.425000349059701,0.0,True
2024-05-28,36.7249999511987,3.475000349804759,0.0,True
2024-05-28,36.7249999511987,3.525000350549817,0.0,True
2024-05-28,36.67499995045364,3.425000349059701,0.0,True
2024-05-28,36.67499995045364,3.475000349804759,0.0,True
2024-05-28,36.67499995045364,3.525000350549817,0.0,True
2024-05-28,36.62499994970858,3.475000349804759,0.0,True
2024-05-28,36.62499994970858,3.525000350549817,0.0,True
2024-05-29,36.774999951943755,3.425000349059701,0.0,True
2024-05-29,36.774999951943755,3.475000349804759,0.0,True
2024-05-29,36.7249999511987,3.425000349059701,0.0,True
2024-05-29,36.7249999511987,3.475000349804759,0.0,True
2024-05-29,36.7249999511987,3.525000350549817,0.0,True
2024-05-29,36.67499995045364,3.425000349059701,0.0,True
2024-05-29,36.67499995045364,3.475000349804759,0.0,True
2024-05-29,36.67499995045364,3.525000350549817,0.0,True
2024-05-29,36.62499994970858,3.475000349804759,0.0,True
2024-05-29,36.62499994970858,3.525000350549817,0.0,True
2024-05-30,36.774999951943755,3.425000349059701,0.0,True
2024-05-30,36.774999951943755,3.475000349804759,0.0,True
2024-05-30,36.7249999511987,3.425000349059701,0.0,True
2024-05-30,36.7249999511987,3.475000349804759,0.0,True
2024-05-30,36.7249999511987,3.525000350549817,0.0,True
2024-05-30,36.67499995045364,3.425000349059701,0.0,True
2024-05-30,36.67499995045364,3.475000349804759,0.0,True
2024-05-30,36.67499995045364,3.525000350549817,0.0,True
2024-05-30,36.62499994970858,3.475000349804759,0.0,True
2024-05-30,36.62499994970858,3.525000350549817,0.0,True
2024-05-31,36.774999951943755,3.425000349059701,0.0,True
2024-05-31,36.774999951943755,3.475000349804759,0.0,True
2024-05-31,36.7249999511987,3.425000349059701,0.0,True
2024-05-31,36.7249999511987,3.475000349804759,0.0,True
2024-05-31,36.7249999511987,3.525000350549817,0.0,True
2024-05-31,36.67499995045364,3.425000349059701,0.0,True
2024-05-31,36.67499995045364,3.475000349804759,0.0,True
2024-05-31,36.67499995045364,3.525000350549817,0.0,True
2024-05-31,36.62499994970858,3.475000349804759,0.0,True
2024-05-31,36.62499994970858,3.525000350549817,0.0,True
2024-06-01,36.774999951943755,3.425000349059701,0.0,True
2024-06-01,36.774999951943755,3.475000349804759,0.0,True
2024-06-01,36.7249999511987,3.425000349059701,0.0,True
2024-06-01,36.7249999511987,3.475000349804759,0.0,True
2024-06-01,36.7249999511987,3.525000350549817,0.0,True
2024-06-01,36.67499995045364,3.425000349059701,0.0,True
2024-06-01,36.67499995045364,3.475000349804759,0.0,True
2024-06-01,36.67499995045364,3.525000350549817,0.0,True
2024-06-01,36.62499994970858,3.475000349804759,0.0,True
2024-06-01,36.62499994970858,3.525000350549817,0.0,True
2024-06-02,36.774999951943755,3.425000349059701,0.0,True
2024-06-02,36.774999951943755,3.475000349804759,0.0,True
2024-06-02,36.7249999511987,3.425000349059701,0.0,True
2024-06-02,36.7249999511987,3.475000349804759,0.0,True
2024-06-02,36.7249999511987,3.525000350549817,0.0,True
2024-06-02,36.67499995045364,3.425000349059701,0.0,True
2024-06-02,36.67499995045364,3.475000349804759,0.0,True
2024-06-02,36.67499995045364,3.525000350549817,0.0,True
2024-06-02,36.62499994970858,3.475000349804759,0.0,True
2024-06-02,36.62499994970858,3.525000350549817,0.0,True
2024-06-03,36.774999951943755,3.425000349059701,0.0,True
2024-06-03,36.774999951943755,3.475000349804759,0.0,True
2024-06-03,36.7249999511987,3.425000349059701,0.0,True
2024-06-03,36.7249999511987,3.475000349804759,0.0,True
2024-06-03,36.7249999511987,3.525000350549817,0.0,True
2024-06-03,36.67499995045364,3.425000349059701,0.0,True
2024-06-03,36.67499995045364,3.475000349804759,0.0,True
2024-06-03,36.67499995045364,3.525000350549817,0.0,True
2024-06-03,36.62499994970858,3.475000349804759,0.0,True
2024-06-03,36.62499994970858,3.525000350549817,0.0,True
2024-06-04,36.774999951943755,3.425000349059701,0.0,True
2024-06-04,36.774999951943755,3.475000349804759,0.0,True
2024-06-04,36.7249999511987,3.425000349059701,0.0,True
2024-06-04,36.7249999511987,3.475000349804759,0.0,True
2024-06-04,36.7249999511987,3.525000350549817,0.0,True
2024-06-04,36.67499995045364,3.425000349059701,0.0,True
2024-06-04,36.67499995045364,3.475000349804759,0.0,True
2024-06-04,36.67499995045364,3.525000350549817,0.0,True
2024-06-04,36.62499994970858,3.475000349804759,0.0,True
2024-06-04,36.62499994970858,3.525000350549817,0.0,True
2024-06-05,36.774999951943755,3.425000349059701,0.0,True
2024-06-05,36.774999951943755,3.475000349804759,0.0,True
2024-06-05,36.7249999511987,3.425000349059701,0.0,True
2024-06-05,36.7249999511987,3.475000349804759,0.0,True
2024-06-05,36.7249999511987,3.525000350549817,0.0,True
2024-06-05,36.67499995045364,3.425000349059701,0.0,True
2024-06-05,36.67499995045364,3.475000349804759,0.0,True
2024-06-05,36.67499995045364,3.525000350549817,0.0,True
2024-06-05,36.62499994970858,3.475000349804759,0.0,True
2024-06-05,36.62499994970858,3.525000350549817,0.0,True
2024-06-06,36.774999951943755,3.425000349059701,0.0,True
2024-06-06,36.774999951943755,3.475000349804759,0.0,True
2024-06-06,36.7249999511987,3.425000349059701,0.0,True
2024-06-06,36.7249999511987,3.475000349804759,0.0,True
2024-06-06,36.7249999511987,3.525000350549817,0.0,True
2024-06-06,36.67499995045364,3.425000349059701,0.0,True
2024-06-06,36.67499995045364,3.475000349804759,0.0,True
2024-06-06,36.67499995045364,3.525000350549817,0.0,True
2024-06-06,36.62499994970858,3.475000349804759,0.0,True
2024-06-06,36.62499994970858,3.525000350549817,0.0,True
2024-06-07,36.774999951943755,3.425000349059701,0.0,False
2024-06-07,36.774999951943755,3.475000349804759,0.0,False
2024-06-07,36.7249999511987,3.425000349059701,0.0,False
2024-06-07,36.7249999511987,3.475000349804759,0.0,False
2024-06-07,36.7249999511987,3.525000350549817,0.0,False
2024-06-07,36.67499995045364,3.425000349059701,0.0,False
2024-06-07,36.67499995045364,3.475000349804759,0.0,False
2024-06-07,36.67499995045364,3.525000350549817,0.0,False
2024-06-07,36.62499994970858,3.475000349804759,1.286042332649231,True
2024-06-07,36.62499994970858,3.525000350549817,1.1827889680862427,False
2024-06-08,36.774999951943755,3.425000349059701,0.0,False
2024-06-08,36.774999951943755,3.475000349804759,0.0,False
2024-06-08,36.7249999511987,3.425000349059701,0.0,False
2024-06-08,36.7249999511987,3.475000349804759,0.0,False
2024-06-08,36.7249999511987,3.525000350549817,1.2988405227661133,True
2024-06-08,36.67499995045364,3.425000349059701,0.0,False
2024-06-08,36.67499995045364,3.475000349804759,0.0,False
2024-06-08,36.67499995045364,3.525000350549817,0.0,False
2024-06-08,36.62499994970858,3.475000349804759,0.0,False
2024-06-08,36.62499994970858,3.525000350549817,0.0,False
2024-06-09,36.774999951943755,3.425000349059701,0.0,True
2024-06-09,36.774999951943755,3.475000349804759,0.0,True
2024-06-09,36.7249999511987,3.425000349059701,0.0,True
2024-06-09,36.7249999511987,3.475000349804759,0.0,True
2024-06-09,36.7249999511987,3.525000350549817,0.0,True
2024-06-09,36.67499995045364,3.425000349059701,0.0,True
2024-06-09,36.67499995045364,3.475000349804759,0.0,True
2024-06-09,36.67499995045364,3.525000350549817,0.0,True
2024-06-09,36.62499994970858,3.475000349804759,0.0,True
2024-06-09,36.62499994970858,3.525000350549817,0.0,True
2024-06-10,36.774999951943755,3.425000349059701,0.0,True
2024-06-10,36.774999951943755,3.475000349804759,0.0,True
2024-06-10,36.7249999511987,3.425000349059701,0.0,True
2024-06-10,36.7249999511987,3.475000349804759,0.0,True
2024-06-10,36.7249999511987,3.525000350549817,0.0,True
2024-06-10,36.67499995045364,3.425000349059701,0.0,True
2024-06-10,36.67499995045364,3.475000349804759,0.0,True
2024-06-10,36.67499995045364,3.525000350549817,0.0,True
2024-06-10,36.62499994970858,3.475000349804759,0.0,True
2024-06-10,36.62499994970858,3.525000350549817,0.0,True
2024-06-11,36.774999951943755,3.425000349059701,0.006308197975158691,False
2024-06-11,36.774999951943755,3.475000349804759,0.0070901294238865376,True
2024-06-11,36.7249999511987,3.425000349059701,0.00518718222156167,False
2024-06-11,36.7249999511987,3.475000349804759,0.0059506651014089584,False
2024-06-11,36.7249999511987,3.525000350549817,0.004590905271470547,False
2024-06-11,36.67499995045364,3.425000349059701,0.00444556912407279,False
2024-06-11,36.67499995045364,3.475000349804759,0.005065313074737787,False
2024-06-11,36.67499995045364,3.525000350549817,0.005245497915893793,False
2024-06-11,36.62499994970858,3.475000349804759,0.0031596811022609472,False
2024-06-11,36.62499994970858,3.525000350549817,0.0032880587968975306,False
2024-06-12,36.774999951943755,3.425000349059701,0.02157769352197647,False
2024-06-12,36.774999951943755,3.475000349804759,0.023454032838344574,False
2024-06-12,36.7249999511987,3.425000349059701,0.02235591597855091,False
2024-06-12,36.7249999511987,3.475000349804759,0.025457728654146194,False
2024-06-12,36.7249999511987,3.525000350549817,0.01946122571825981,False
2024-06-12,36.67499995045364,3.425000349059701,0.023912547156214714,False
2024-06-12,36.67499995045364,3.475000349804759,0.02766427956521511,False
2024-06-12,36.67499995045364,3.525000350549817,0.029059998691082,True
2024-06-12,36.62499994970858,3.475000349804759,0.021941538900136948,False
2024-06-12,36.62499994970858,3.525000350549817,0.02369607798755169,False
2024-06-13,36.774999951943755,3.425000349059701,0.0,False
2024-06-13,36.774999951943755,3.475000349804759,0.0,False
2024-06-13,36.7249999511987,3.425000349059701,0.0,False
2024-06-13,36.7249999511987,3.475000349804759,0.0,False
2024-06-13,36.7249999511987,3.525000350549817,0.0,False
2024-06-13,36.67499995045364,3.425000349059701,4.9782279347709846e-06,False
2024-06-13,36.67499995045364,3.475000349804759,9.759603926795535e-06,False
2024-06-13,36.67499995045364,3.525000350549817,1.3960838259663433e-05,False
2024-06-13,36.62499994970858,3.475000349804759,1.2647748917515855e-05,False
2024-06-13,36.62499994970858,3.525000350549817,1.833419082686305e-05,True
2024-06-14,36.774999951943755,3.425000349059701,0.000225119772949256,False
2024-06-14,36.774999951943755,3.475000349804759,0.00024496763944625854,True
2024-06-14,36.7249999511987,3.425000349059701,0.0,False
2024-06-14,36.7249999511987,3.475000349804759,0.0,False
2024-06-14,36.7249999511987,3.525000350549817,0.0,False
2024-06-14,36.67499995045364,3.425000349059701,0.0,False
2024-06-14,36.67499995045364,3.475000349804759,0.0,False
2024-06-14,36.67499995045364,3.525000350549817,0.0,False
2024-06-14,36.62499994970858,3.475000349804759,0.0,False
2024-06-14,36.62499994970858,3.525000350549817,0.0,False
2024-06-15,36.774999951943755,3.425000349059701,1.603362798690796,False
2024-06-15,36.774999951943755,3.475000349804759,1.6779413223266602,False
2024-06-15,36.7249999511987,3.425000349059701,1.5289888381958008,False
2024-06-15,36.7249999511987,3.475000349804759,1.67060124874115,False
2024-06-15,36.7249999511987,3.525000350549817,1.22734797000885,False
2024-06-15,36.67499995045364,3.425000349059701,1.5409331321716309,False
2024-06-15,36.67499995045364,3.475000349804759,1.7063206434249878,False
2024-06-15,36.67499995045364,3.525000350549817,1.7182642221450806,True
2024-06-15,36.62499994970858,3.475000349804759,1.2844786643981934,False
2024-06-15,36.62499994970858,3.525000350549817,1.3257908821105957,False
2024-06-16,36.774999951943755,3.425000349059701,0.0,False
2024-06-16,36.774999951943755,3.475000349804759,0.7711256742477417,True
2024-06-16,36.7249999511987,3.425000349059701,0.0,False
2024-06-16,36.7249999511987,3.475000349804759,0.0,False
2024-06-16,36.7249999511987,3.525000350549817,0.0,False
2024-06-16,36.67499995045364,3.425000349059701,0.0,False
2024-06-16,36.67499995045364,3.475000349804759,0.0,False
2024-06-16,36.67499995045364,3.525000350549817,0.0,False
2024-06-16,36.62499994970858,3.475000349804759,0.0,False
2024-06-16,36.62499994970858,3.525000350549817,0.0,False
2024-06-17,36.774999951943755,3.425000349059701,0.5662574768066406,False
2024-06-17,36.774999951943755,3.475000349804759,0.7711256742477417,True
2024-06-17,36.7249999511987,3.425000349059701,0.5548335313796997,False
2024-06-17,36.7249999511987,3.475000349804759,0.5859095454216003,False
2024-06-17,36.7249999511987,3.525000350549817,0.6932410597801208,False
2024-06-17,36.67499995045364,3.425000349059701,0.5650085806846619,False
2024-06-17,36.67499995045364,3.475000349804759,0.5866580009460449,False
2024-06-17,36.67499995045364,3.525000350549817,0.7297666072845459,False
2024-06-17,36.62499994970858,3.475000349804759,0.46840715408325195,False
2024-06-17,36.62499994970858,3.525000350549817,0.7254654169082642,False
2024-06-18,36.774999951943755,3.425000349059701,1.1325149536132812,False
2024-06-18,36.774999951943755,3.475000349804759,1.5422513484954834,True
2024-06-18,36.7249999511987,3.425000349059701,1.1096670627593994,False
2024-06-18,36.7249999511987,3.475000349804759,1.1718190908432007,False
2024-06-18,36.7249999511987,3.525000350549817,1.3864821195602417,False
2024-06-18,36.67499995045364,3.425000349059701,1.1300171613693237,False
2024-06-18,36.67499995045364,3.475000349804759,1.1733160018920898,False
2024-06-18,36.67499995045364,3.525000350549817,1.4595332145690918,False
2024-06-18,36.62499994970858,3.475000349804759,0.9368143081665039,False
2024-06-18,36.62499994970858,3.525000350549817,1.4509308338165283,False
2024-06-19,36.774999951943755,3.425000349059701,0.5662574768066406,False
2024-06-19,36.774999951943755,3.475000349804759,0.0,False
2024-06-19,36.7249999511987,3.425000349059701,0.5548335313796997,False
2024-06-19,36.7249999511987,3.475000349804759,0.5859095454216003,False
2024-06-19,36.7249999511987,3.525000350549817,0.0,False
2024-06-19,36.67499995045364,3.425000349059701,0.5650085806846619,False
2024-06-19,36.67499995045364,3.475000349804759,0.5866580009460449,False
2024-06-19,36.67499995045364,3.525000350549817,0.7297666072845459,True
2024-06-19,36.62499994970858,3.475000349804759,0.46840715408325195,False
2024-06-19,36.62499994970858,3.525000350549817,0.0,False
2024-06-20,36.774999951943755,3.425000349059701,0.5662574768066406,False
2024-06-20,36.774999951943755,3.475000349804759,0.0,False
2024-06-20,36.7249999511987,3.425000349059701,0.5548335313796997,False
2024-06-20,36.7249999511987,3.475000349804759,0.5859095454216003,False
2024-06-20,36.7249999511987,3.525000350549817,0.0,False
2024-06-20,36.67499995045364,3.425000349059701,0.5650085806846619,False
2024-06-20,36.67499995045364,3.475000349804759,0.5866580009460449,True
2024-06-20,36.67499995045364,3.525000350549817,0.0,False
2024-06-20,36.62499994970858,3.475000349804759,0.46840715408325195,False
2024-06-20,36.62499994970858,3.525000350549817,0.0,False
2024-06-21,36.774999951943755,3.425000349059701,0.0,True
2024-06-21,36.774999951943755,3.475000349804759,0.0,True
2024-06-21,36.7249999511987,3.425000349059701,0.0,True
2024-06-21,36.7249999511987,3.475000349804759,0.0,True
2024-06-21,36.7249999511987,3.525000350549817,0.0,True
2024-06-21,36.67499995045364,3.425000349059701,0.0,True
2024-06-21,36.67499995045364,3.475000349804759,0.0,True
2024-06-21,36.67499995045364,3.525000350549817,0.0,True
2024-06-21,36.62499994970858,3.475000349804759,0.0,True
2024-06-21,36.62499994970858,3.525000350549817,0.0,True
2024-06-22,36.774999951943755,3.425000349059701,0.0,True
2024-06-22,36.774999951943755,3.475000349804759,0.0,True
2024-06-22,36.7249999511987,3.425000349059701,0.0,True
2024-06-22,36.7249999511987,3.475000349804759,0.0,True
2024-06-22,36.7249999511987,3.525000350549817,0.0,True
2024-06-22,36.67499995045364,3.425000349059701,0.0,True
2024-06-22,36.67499995045364,3.475000349804759,0.0,True
2024-06-22,36.67499995045364,3.525000350549817,0.0,True
2024-06-22,36.62499994970858,3.475000349804759,0.0,True
2024-06-22,36.62499994970858,3.525000350549817,0.0,True
2024-06-23,36.774999951943755,3.425000349059701,0.0,True
2024-06-23,36.774999951943755,3.475000349804759,0.0,True
2024-06-23,36.7249999511987,3.425000349059701,0.0,True
2024-06-23,36.7249999511987,3.475000349804759,0.0,True
2024-06-23,36.7249999511987,3.525000350549817,0.0,True
2024-06-23,36.67499995045364,3.425000349059701,0.0,True
2024-06-23,36.67499995045364,3.475000349804759,0.0,True
2024-06-23,36.67499995045364,3.525000350549817,0.0,True
2024-06-23,36.62499994970858,3.475000349804759,0.0,True
2024-06-23,36.62499994970858,3.525000350549817,0.0,True
2024-06-24,36.774999951943755,3.425000349059701,0.0,True
2024-06-24,36.774999951943755,3.475000349804759,0.0,True
2024-06-24,36.7249999511987,3.425000349059701,0.0,True
2024-06-24,36.7249999511987,3.475000349804759,0.0,True
2024-06-24,36.7249999511987,3.525000350549817,0.0,True
2024-06-24,36.67499995045364,3.425000349059701,0.0,True
2024-06-24,36.67499995045364,3.475000349804759,0.0,True
2024-06-24,36.67499995045364,3.525000350549817,0.0,True
2024-06-24,36.62499994970858,3.475000349804759,0.0,True
2024-06-24,36.62499994970858,3.525000350549817,0.0,True
2024-06-25,36.774999951943755,3.425000349059701,0.0,True
2024-06-25,36.774999951943755,3.475000349804759,0.0,True
2024-06-25,36.7249999511987,3.425000349059701,0.0,True
2024-06-25,36.7249999511987,3.475000349804759,0.0,True
2024-06-25,36.7249999511987,3.525000350549817,0.0,True
2024-06-25,36.67499995045364,3.425000349059701,0.0,True
2024-06-25,36.67499995045364,3.475000349804759,0.0,True
2024-06-25,36.67499995045364,3.525000350549817,0.0,True
2024-06-25,36.62499994970858,3.475000349804759,0.0,True
2024-06-25,36.62499994970858,3.525000350549817,0.0,True
2024-06-26,36.774999951943755,3.425000349059701,1.344040870666504,False
2024-06-26,36.774999951943755,3.475000349804759,1.3763424158096313,True
2024-06-26,36.7249999511987,3.425000349059701,1.2323426008224487,False
2024-06-26,36.7249999511987,3.475000349804759,1.2671403884887695,False
2024-06-26,36.7249999511987,3.525000350549817,0.9269830584526062,False
2024-06-26,36.67499995045364,3.425000349059701,1.2179900407791138,False
2024-06-26,36.67499995045364,3.475000349804759,1.2360583543777466,False
2024-06-26,36.67499995045364,3.525000350549817,1.2341383695602417,False
2024-06-26,36.62499994970858,3.475000349804759,0.9467883110046387,False
2024-06-26,36.62499994970858,3.525000350549817,0.9289743900299072,False
2024-06-27,36.774999951943755,3.425000349059701,0.0,True
2024-06-27,36.774999951943755,3.475000349804759,0.0,True
2024-06-27,36.7249999511987,3.425000349059701,0.0,True
2024-06-27,36.7249999511987,3.475000349804759,0.0,True
2024-06-27,36.7249999511987,3.525000350549817,0.0,True
2024-06-27,36.67499995045364,3.425000349059701,0.0,True
2024-06-27,36.67499995045364,3.475000349804759,0.0,True
2024-06-27,36.67499995045364,3.525000350549817,0.0,True
2024-06-27,36.62499994970858,3.475000349804759,0.0,True
2024-06-27,36.62499994970858,3.525000350549817,0.0,True
2024-06-28,36.774999951943755,3.425000349059701,0.0,True
2024-06-28,36.774999951943755,3.475000349804759,0.0,True
2024-06-28,36.7249999511987,3.425000349059701,0.0,True
2024-06-28,36.7249999511987,3.475000349804759,0.0,True
2024-06-28,36.7249999511987,3.525000350549817,0.0,True
2024-06-28,36.67499995045364,3.425000349059701,0.0,True
2024-06-28,36.67499995045364,3.475000349804759,0.0,True
2024-06-28,36.67499995045364,3.525000350549817,0.0,True
2024-06-28,36.62499994970858,3.475000349804759,0.0,True
2024-06-28,36.62499994970858,3.525000350549817,0.0,True
2024-06-29,36.774999951943755,3.425000349059701,0.0,True
2024-06-29,36.774999951943755,3.475000349804759,0.0,True
2024-06-29,36.7249999511987,3.425000349059701,0.0,True
2024-06-29,36.7249999511987,3.475000349804759,0.0,True
2024-06-29,36.7249999511987,3.525000350549817,0.0,True
2024-06-29,36.67499995045364,3.425000349059701,0.0,True
2024-06-29,36.67499995045364,3.475000349804759,0.0,True
2024-06-29,36.67499995045364,3.525000350549817,0.0,True
2024-06-29,36.62499994970858,3.475000349804759,0.0,True
2024-06-29,36.62499994970858,3.525000350549817,0.0,True
2024-06-30,36.774999951943755,3.425000349059701,0.0,True
2024-06-30,36.774999951943755,3.475000349804759,0.0,True
2024-06-30,36.7249999511987,3.425000349059701,0.0,True
2024-06-30,36.7249999511987,3.475000349804759,0.0,True
2024-06-30,36.7249999511987,3.525000350549817,0.0,True
2024-06-30,36.67499995045364,3.425000349059701,0.0,True
2024-06-30,36.67499995045364,3.475000349804759,0.0,True
2024-06-30,36.67499995045364,3.525000350549817,0.0,True
2024-06-30,36.62499994970858,3.475000349804759,0.0,True
2024-06-30,36.62499994970858,3.525000350549817,0.0,True
2024-07-01,36.774999951943755,3.425000349059701,0.0,True
2024-07-01,36.774999951943755,3.475000349804759,0.0,True
2024-07-01,36.7249999511987,3.425000349059701,0.0,True
2024-07-01,36.7249999511987,3.475000349804759,0.0,True
2024-07-01,36.7249999511987,3.525000350549817,0.0,True
2024-07-01,36.67499995045364,3.425000349059701,0.0,True
2024-07-01,36.67499995045364,3.475000349804759,0.0,True
2024-07-01,36.67499995045364,3.525000350549817,0.0,True
2024-07-01,36.62499994970858,3.475000349804759,0.0,True
2024-07-01,36.62499994970858,3.525000350549817,0.0,True
2024-07-02,36.774999951943755,3.425000349059701,0.0,True
2024-07-02,36.774999951943755,3.475000349804759,0.0,True
2024-07-02,36.7249999511987,3.425000349059701,0.0,True
2024-07-02,36.7249999511987,3.475000349804759,0.0,True
2024-07-02,36.7249999511987,3.525000350549817,0.0,True
2024-07-02,36.67499995045364,3.425000349059701,0.0,True
2024-07-02,36.67499995045364,3.475000349804759,0.0,True
2024-07-02,36.67499995045364,3.525000350549817,0.0,True
2024-07-02,36.62499994970858,3.475000349804759,0.0,True
2024-07-02,36.62499994970858,3.525000350549817,0.0,True
2024-07-03,36.774999951943755,3.425000349059701,0.0,True
2024-07-03,36.774999951943755,3.475000349804759,0.0,True
2024-07-03,36.7249999511987,3.425000349059701,0.0,True
2024-07-03,36.7249999511987,3.475000349804759,0.0,True
2024-07-03,36.7249999511987,3.525000350549817,0.0,True
2024-07-03,36.67499995045364,3.425000349059701,0.0,True
2024-07-03,36.67499995045364,3.475000349804759,0.0,True
2024-07-03,36.67499995045364,3.525000350549817,0.0,True
2024-07-03,36.62499994970858,3.475000349804759,0.0,True
2024-07-03,36.62499994970858,3.525000350549817,0.0,True
2024-07-04,36.774999951943755,3.425000349059701,0.0,True
2024-07-04,36.774999951943755,3.475000349804759,0.0,True
2024-07-04,36.7249999511987,3.425000349059701,0.0,True
2024-07-04,36.7249999511987,3.475000349804759,0.0,True
2024-07-04,36.7249999511987,3.525000350549817,0.0,True
2024-07-04,36.67499995045364,3.425000349059701,0.0,True
2024-07-04,36.67499995045364,3.475000349804759,0.0,True
2024-07-04,36.67499995045364,3.525000350549817,0.0,True
2024-07-04,36.62499994970858,3.475000349804759,0.0,True
2024-07-04,36.62499994970858,3.525000350549817,0.0,True
2024-07-05,36.774999951943755,3.425000349059701,0.0,True
2024-07-05,36.774999951943755,3.475000349804759,0.0,True
2024-07-05,36.7249999511987,3.425000349059701,0.0,True
2024-07-05,36.7249999511987,3.475000349804759,0.0,True
2024-07-05,36.7249999511987,3.525000350549817,0.0,True
2024-07-05,36.67499995045364,3.425000349059701,0.0,True
2024-07-05,36.67499995045364,3.475000349804759,0.0,True
2024-07-05,36.67499995045364,3.525000350549817,0.0,True
2024-07-05,36.62499994970858,3.475000349804759,0.0,True
2024-07-05,36.62499994970858,3.525000350549817,0.0,True
2024-07-06,36.774999951943755,3.425000349059701,0.0,True
2024-07-06,36.774999951943755,3.475000349804759,0.0,True
2024-07-06,36.7249999511987,3.425000349059701,0.0,True
2024-07-06,36.7249999511987,3.475000349804759,0.0,True
2024-07-06,36.7249999511987,3.525000350549817,0.0,True
2024-07-06,36.67499995045364,3.425000349059701,0.0,True
2024-07-06,36.67499995045364,3.475000349804759,0.0,True
2024-07-06,36.67499995045364,3.525000350549817,0.0,True
2024-07-06,36.62499994970858,3.475000349804759,0.0,True
2024-07-06,36.62499994970858,3.525000350549817,0.0,True
2024-07-07,36.774999951943755,3.425000349059701,0.0,True
2024-07-07,36.774999951943755,3.475000349804759,0.0,True
2024-07-07,36.7249999511987,3.425000349059701,0.0,True
2024-07-07,36.7249999511987,3.475000349804759,0.0,True
2024-07-07,36.7249999511987,3.525000350549817,0.0,True
2024-07-07,36.67499995045364,3.425000349059701,0.0,True
2024-07-07,36.67499995045364,3.475000349804759,0.0,True
2024-07-07,36.67499995045364,3.525000350549817,0.0,True
2024-07-07,36.62499994970858,3.475000349804759,0.0,True
2024-07-07,36.62499994970858,3.525000350549817,0.0,True
2024-07-08,36.774999951943755,3.425000349059701,0.0,True
2024-07-08,36.774999951943755,3.475000349804759,0.0,True
2024-07-08,36.7249999511987,3.425000349059701,0.0,True
2024-07-08,36.7249999511987,3.475000349804759,0.0,True
2024-07-08,36.7249999511987,3.525000350549817,0.0,True
2024-07-08,36.67499995045364,3.425000349059701,0.0,True
2024-07-08,36.67499995045364,3.475000349804759,0.0,True
2024-07-08,36.67499995045364,3.525000350549817,0.0,True
2024-07-08,36.62499994970858,3.475000349804759,0.0,True
2024-07-08,36.62499994970858,3.525000350549817,0.0,True
2024-07-09,36.774999951943755,3.425000349059701,0.0,True
2024-07-09,36.774999951943755,3.475000349804759,0.0,True
2024-07-09,36.7249999511987,3.425000349059701,0.0,True
2024-07-09,36.7249999511987,3.475000349804759,0.0,True
2024-07-09,36.7249999511987,3.525000350549817,0.0,True
2024-07-09,36.67499995045364,3.425000349059701,0.0,True
2024-07-09,36.67499995045364,3.475000349804759,0.0,True
2024-07-09,36.67499995045364,3.525000350549817,0.0,True
2024-07-09,36.62499994970858,3.475000349804759,0.0,True
2024-07-09,36.62499994970858,3.525000350549817,0.0,True
2024-07-10,36.774999951943755,3.425000349059701,0.0,True
2024-07-10,36.774999951943755,3.475000349804759,0.0,True
2024-07-10,36.7249999511987,3.425000349059701,0.0,True
2024-07-10,36.7249999511987,3.475000349804759,0.0,True
2024-07-10,36.7249999511987,3.525000350549817,0.0,True
2024-07-10,36.67499995045364,3.425000349059701,0.0,True
2024-07-10,36.67499995045364,3.475000349804759,0.0,True
2024-07-10,36.67499995045364,3.525000350549817,0.0,True
2024-07-10,36.62499994970858,3.475000349804759,0.0,True
2024-07-10,36.62499994970858,3.525000350549817,0.0,True
2024-07-11,36.774999951943755,3.425000349059701,0.0,True
2024-07-11,36.774999951943755,3.475000349804759,0.0,True
2024-07-11,36.7249999511987,3.425000349059701,0.0,True
2024-07-11,36.7249999511987,3.475000349804759,0.0,True
2024-07-11,36.7249999511987,3.525000350549817,0.0,True
2024-07-11,36.67499995045364,3.425000349059701,0.0,True
2024-07-11,36.67499995045364,3.475000349804759,0.0,True
2024-07-11,36.67499995045364,3.525000350549817,0.0,True
2024-07-11,36.62499994970858,3.475000349804759,0.0,True
2024-07-11,36.62499994970858,3.525000350549817,0.0,True
2024-07-12,36.774999951943755,3.425000349059701,0.0,True
2024-07-12,36.774999951943755,3.475000349804759,0.0,True
2024-07-12,36.7249999511987,3.425000349059701,0.0,True
2024-07-12,36.7249999511987,3.475000349804759,0.0,True
2024-07-12,36.7249999511987,3.525000350549817,0.0,True
2024-07-12,36.67499995045364,3.425000349059701,0.0,True
2024-07-12,36.67499995045364,3.475000349804759,0.0,True
2024-07-12,36.67499995045364,3.525000350549817,0.0,True
2024-07-12,36.62499994970858,3.475000349804759,0.0,True
2024-07-12,36.62499994970858,3.525000350549817,0.0,True
2024-07-13,36.774999951943755,3.425000349059701,0.0,True
2024-07-13,36.774999951943755,3.475000349804759,0.0,True
2024-07-13,36.7249999511987,3.425000349059701,0.0,True
2024-07-13,36.7249999511987,3.475000349804759,0.0,True
2024-07-13,36.7249999511987,3.525000350549817,0.0,True
2024-07-13,36.67499995045364,3.425000349059701,0.0,True
2024-07-13,36.67499995045364,3.475000349804759,0.0,True
2024-07-13,36.67499995045364,3.525000350549817,0.0,True
2024-07-13,36.62499994970858,3.475000349804759,0.0,True
2024-07-13,36.62499994970858,3.525000350549817,0.0,True
2024-07-14,36.774999951943755,3.425000349059701,0.0,True
2024-07-14,36.774999951943755,3.475000349804759,0.0,True
2024-07-14,36.7249999511987,3.425000349059701,0.0,True
2024-07-14,36.7249999511987,3.475000349804759,0.0,True
2024-07-14,36.7249999511987,3.525000350549817,0.0,True
2024-07-14,36.67499995045364,3.425000349059701,0.0,True
2024-07-14,36.67499995045364,3.475000349804759,0.0,True
2024-07-14,36.67499995045364,3.525000350549817,0.0,True
2024-07-14,36.62499994970858,3.475000349804759,0.0,True
2024-07-14,36.62499994970858,3.525000350549817,0.0,True
2024-07-15,36.774999951943755,3.425000349059701,0.0,True
2024-07-15,36.774999951943755,3.475000349804759,0.0,True
2024-07-15,36.7249999511987,3.425000349059701,0.0,True
2024-07-15,36.7249999511987,3.475000349804759,0.0,True
2024-07-15,36.7249999511987,3.525000350549817,0.0,True
2024-07-15,36.67499995045364,3.425000349059701,0.0,True
2024-07-15,36.67499995045364,3.475000349804759,0.0,True
2024-07-15,36.67499995045364,3.525000350549817,0.0,True
2024-07-15,36.62499994970858,3.475000349804759,0.0,True
2024-07-15,36.62499994970858,3.525000350549817,0.0,True
2024-07-16,36.774999951943755,3.425000349059701,0.0,True
2024-07-16,36.774999951943755,3.475000349804759,0.0,True
2024-07-16,36.7249999511987,3.425000349059701,0.0,True
2024-07-16,36.7249999511987,3.475000349804759,0.0,True
2024-07-16,36.7249999511987,3.525000350549817,0.0,True
2024-07-16,36.67499995045364,3.425000349059701,0.0,True
2024-07-16,36.67499995045364,3.475000349804759,0.0,True
2024-07-16,36.67499995045364,3.525000350549817,0.0,True
2024-07-16,36.62499994970858,3.475000349804759,0.0,True
2024-07-16,36.62499994970858,3.525000350549817,0.0,True
2024-07-17,36.774999951943755,3.425000349059701,0.0,True
2024-07-17,36.774999951943755,3.475000349804759,0.0,True
2024-07-17,36.7249999511987,3.425000349059701,0.0,True
2024-07-17,36.7249999511987,3.475000349804759,0.0,True
2024-07-17,36.7249999511987,3.525000350549817,0.0,True
2024-07-17,36.67499995045364,3.425000349059701,0.0,True
2024-07-17,36.67499995045364,3.475000349804759,0.0,True
2024-07-17,36.67499995045364,3.525000350549817,0.0,True
2024-07-17,36.62499994970858,3.475000349804759,0.0,True
2024-07-17,36.62499994970858,3.525000350549817,0.0,True
2024-07-18,36.774999951943755,3.425000349059701,0.0,True
2024-07-18,36.774999951943755,3.475000349804759,0.0,True
2024-07-18,36.7249999511987,3.425000349059701,0.0,True
2024-07-18,36.7249999511987,3.475000349804759,0.0,True
2024-07-18,36.7249999511987,3.525000350549817,0.0,True
2024-07-18,36.67499995045364,3.425000349059701,0.0,True
2024-07-18,36.67499995045364,3.475000349804759,0.0,True
2024-07-18,36.67499995045364,3.525000350549817,0.0,True
2024-07-18,36.62499994970858,3.475000349804759,0.0,True
2024-07-18,36.62499994970858,3.525000350549817,0.0,True
2024-07-19,36.774999951943755,3.425000349059701,0.0,True
2024-07-19,36.774999951943755,3.475000349804759,0.0,True
2024-07-19,36.7249999511987,3.425000349059701,0.0,True
2024-07-19,36.7249999511987,3.475000349804759,0.0,True
2024-07-19,36.7249999511987,3.525000350549817,0.0,True
2024-07-19,36.67499995045364,3.425000349059701,0.0,True
2024-07-19,36.67499995045364,3.475000349804759,0.0,True
2024-07-19,36.67499995045364,3.525000350549817,0.0,True
2024-07-19,36.62499994970858,3.475000349804759,0.0,True
2024-07-19,36.62499994970858,3.525000350549817,0.0,True
2024-07-20,36.774999951943755,3.425000349059701,0.0,True
2024-07-20,36.774999951943755,3.475000349804759,0.0,True
2024-07-20,36.7249999511987,3.425000349059701,0.0,True
2024-07-20,36.7249999511987,3.475000349804759,0.0,True
2024-07-20,36.7249999511987,3.525000350549817,0.0,True
2024-07-20,36.67499995045364,3.425000349059701,0.0,True
2024-07-20,36.67499995045364,3.475000349804759,0.0,True
2024-07-20,36.67499995045364,3.525000350549817,0.0,True
2024-07-20,36.62499994970858,3.475000349804759,0.0,True
2024-07-20,36.62499994970858,3.525000350549817,0.0,True
2024-07-21,36.774999951943755,3.425000349059701,0.0,True
2024-07-21,36.774999951943755,3.475000349804759,0.0,True
2024-07-21,36.7249999511987,3.425000349059701,0.0,True
2024-07-21,36.7249999511987,3.475000349804759,0.0,True
2024-07-21,36.7249999511987,3.525000350549817,0.0,True
2024-07-21,36.67499995045364,3.425000349059701,0.0,True
2024-07-21,36.67499995045364,3.475000349804759,0.0,True
2024-07-21,36.67499995045364,3.525000350549817,0.0,True
2024-07-21,36.62499994970858,3.475000349804759,0.0,True
2024-07-21,36.62499994970858,3.525000350549817,0.0,True
2024-07-22,36.774999951943755,3.425000349059701,0.0,True
2024-07-22,36.774999951943755,3.475000349804759,0.0,True
2024-07-22,36.7249999511987,3.425000349059701,0.0,True
2024-07-22,36.7249999511987,3.475000349804759,0.0,True
2024-07-22,36.7249999511987,3.525000350549817,0.0,True
2024-07-22,36.67499995045364,3.425000349059701,0.0,True
2024-07-22,36.67499995045364,3.475000349804759,0.0,True
2024-07-22,36.67499995045364,3.525000350549817,0.0,True
2024-07-22,36.62499994970858,3.475000349804759,0.0,True
2024-07-22,36.62499994970858,3.525000350549817,0.0,True
2024-07-23,36.774999951943755,3.425000349059701,0.0,True
2024-07-23,36.774999951943755,3.475000349804759,0.0,True
2024-07-23,36.7249999511987,3.425000349059701,0.0,True
2024-07-23,36.7249999511987,3.475000349804759,0.0,True
2024-07-23,36.7249999511987,3.525000350549817,0.0,True
2024-07-23,36.67499995045364,3.425000349059701,0.0,True
2024-07-23,36.67499995045364,3.475000349804759,0.0,True
2024-07-23,36.67499995045364,3.525000350549817,0.0,True
2024-07-23,36.62499994970858,3.475000349804759,0.0,True
2024-07-23,36.62499994970858,3.525000350549817,0.0,True
2024-07-24,36.774999951943755,3.425000349059701,0.0,True
2024-07-24,36.774999951943755,3.475000349804759,0.0,True
2024-07-24,36.7249999511987,3.425000349059701,0.0,True
2024-07-24,36.7249999511987,3.475000349804759,0.0,True
2024-07-24,36.7249999511987,3.525000350549817,0.0,True
2024-07-24,36.67499995045364,3.425000349059701,0.0,True
2024-07-24,36.67499995045364,3.475000349804759,0.0,True
2024-07-24,36.67499995045364,3.525000350549817,0.0,True
2024-07-24,36.62499994970858,3.475000349804759,0.0,True
2024-07-24,36.62499994970858,3.525000350549817,0.0,True
2024-07-25,36.774999951943755,3.425000349059701,0.0,True
2024-07-25,36.774999951943755,3.475000349804759,0.0,True
2024-07-25,36.7249999511987,3.425000349059701,0.0,True
2024-07-25,36.7249999511987,3.475000349804759,0.0,True
2024-07-25,36.7249999511987,3.525000350549817,0.0,True
2024-07-25,36.67499995045364,3.425000349059701,0.0,True
2024-07-25,36.67499995045364,3.475000349804759,0.0,True
2024-07-25,36.67499995045364,3.525000350549817,0.0,True
2024-07-25,36.62499994970858,3.475000349804759,0.0,True
2024-07-25,36.62499994970858,3.525000350549817,0.0,True
2024-07-26,36.774999951943755,3.425000349059701,0.0,True
2024-07-26,36.774999951943755,3.475000349804759,0.0,True
2024-07-26,36.7249999511987,3.425000349059701,0.0,True
2024-07-26,36.7249999511987,3.475000349804759,0.0,True
2024-07-26,36.7249999511987,3.525000350549817,0.0,True
2024-07-26,36.67499995045364,3.425000349059701,0.0,True
2024-07-26,36.67499995045364,3.475000349804759,0.0,True
2024-07-26,36.67499995045364,3.525000350549817,0.0,True
2024-07-26,36.62499994970858,3.475000349804759,0.0,True
2024-07-26,36.62499994970858,3.525000350549817,0.0,True
2024-07-27,36.774999951943755,3.425000349059701,0.0,True
2024-07-27,36.774999951943755,3.475000349804759,0.0,True
2024-07-27,36.7249999511987,3.425000349059701,0.0,True
2024-07-27,36.7249999511987,3.475000349804759,0.0,True
2024-07-27,36.7249999511987,3.525000350549817,0.0,True
2024-07-27,36.67499995045364,3.425000349059701,0.0,True
2024-07-27,36.67499995045364,3.475000349804759,0.0,True
2024-07-27,36.67499995045364,3.525000350549817,0.0,True
2024-07-27,36.62499994970858,3.475000349804759,0.0,True
2024-07-27,36.62499994970858,3.525000350549817,0.0,True
2024-07-28,36.774999951943755,3.425000349059701,0.0,True
2024-07-28,36.774999951943755,3.475000349804759,0.0,True
2024-07-28,36.7249999511987,3.425000349059701,0.0,True
2024-07-28,36.7249999511987,3.475000349804759,0.0,True
2024-07-28,36.7249999511987,3.525000350549817,0.0,True
2024-07-28,36.67499995045364,3.425000349059701,0.0,True
2024-07-28,36.67499995045364,3.475000349804759,0.0,True
2024-07-28,36.67499995045364,3.525000350549817,0.0,True
2024-07-28,36.62499994970858,3.475000349804759,0.0,True
2024-07-28,36.62499994970858,3.525000350549817,0.0,True
2024-07-29,36.774999951943755,3.425000349059701,0.0,True
2024-07-29,36.774999951943755,3.475000349804759,0.0,True
2024-07-29,36.7249999511987,3.425000349059701,0.0,True
2024-07-29,36.7249999511987,3.475000349804759,0.0,True
2024-07-29,36.7249999511987,3.525000350549817,0.0,True
2024-07-29,36.67499995045364,3.425000349059701,0.0,True
2024-07-29,36.67499995045364,3.475000349804759,0.0,True
2024-07-29,36.67499995045364,3.525000350549817,0.0,True
2024-07-29,36.62499994970858,3.475000349804759,0.0,True
2024-07-29,36.62499994970858,3.525000350549817,0.0,True
2024-07-30,36.774999951943755,3.425000349059701,0.0,True
2024-07-30,36.774999951943755,3.475000349804759,0.0,True
2024-07-30,36.7249999511987,3.425000349059701,0.0,True
2024-07-30,36.7249999511987,3.475000349804759,0.0,True
2024-07-30,36.7249999511987,3.525000350549817,0.0,True
2024-07-30,36.67499995045364,3.425000349059701,0.0,True
2024-07-30,36.67499995045364,3.475000349804759,0.0,True
2024-07-30,36.67499995045364,3.525000350549817,0.0,True
2024-07-30,36.62499994970858,3.475000349804759,0.0,True
2024-07-30,36.62499994970858,3.525000350549817,0.0,True
2024-07-31,36.774999951943755,3.425000349059701,0.0,True
2024-07-31,36.774999951943755,3.475000349804759,0.0,True
2024-07-31,36.7249999511987,3.425000349059701,0.0,True
2024-07-31,36.7249999511987,3.475000349804759,0.0,True
2024-07-31,36.7249999511987,3.525000350549817,0.0,True
2024-07-31,36.67499995045364,3.425000349059701,0.0,True
2024-07-31,36.67499995045364,3.475000349804759,0.0,True
2024-07-31,36.67499995045364,3.525000350549817,0.0,True
2024-07-31,36.62499994970858,3.475000349804759,0.0,True
2024-07-31,36.62499994970858,3.525000350549817,0.0,True
2024-08-01,36.774999951943755,3.425000349059701,0.0,True
2024-08-01,36.774999951943755,3.475000349804759,0.0,True
2024-08-01,36.7249999511987,3.425000349059701,0.0,True
2024-08-01,36.7249999511987,3.475000349804759,0.0,True
2024-08-01,36.7249999511987,3.525000350549817,0.0,True
2024-08-01,36.67499995045364,3.425000349059701,0.0,True
2024-08-01,36.67499995045364,3.475000349804759,0.0,True
2024-08-01,36.67499995045364,3.525000350549817,0.0,True
2024-08-01,36.62499994970858,3.475000349804759,0.0,True
2024-08-01,36.62499994970858,3.525000350549817,0.0,True
2024-08-02,36.774999951943755,3.425000349059701,0.0,True
2024-08-02,36.774999951943755,3.475000349804759,0.0,True
2024-08-02,36.7249999511987,3.425000349059701,0.0,True
2024-08-02,36.7249999511987,3.475000349804759,0.0,True
2024-08-02,36.7249999511987,3.525000350549817,0.0,True
2024-08-02,36.67499995045364,3.425000349059701,0.0,True
2024-08-02,36.67499995045364,3.475000349804759,0.0,True
2024-08-02,36.67499995045364,3.525000350549817,0.0,True
2024-08-02,36.62499994970858,3.475000349804759,0.0,True
2024-08-02,36.62499994970858,3.525000350549817,0.0,True
2024-08-03,36.774999951943755,3.425000349059701,0.0,True
2024-08-03,36.774999951943755,3.475000349804759,0.0,True
2024-08-03,36.7249999511987,3.425000349059701,0.0,True
2024-08-03,36.7249999511987,3.475000349804759,0.0,True
2024-08-03,36.7249999511987,3.525000350549817,0.0,True
2024-08-03,36.67499995045364,3.425000349059701,0.0,True
2024-08-03,36.67499995045364,3.475000349804759,0.0,True
2024-08-03,36.67499995045364,3.525000350549817,0.0,True
2024-08-03,36.62499994970858,3.475000349804759,0.0,True
2024-08-03,36.62499994970858,3.525000350549817,0.0,True
2024-08-04,36.774999951943755,3.425000349059701,0.0,True
2024-08-04,36.774999951943755,3.475000349804759,0.0,True
2024-08-04,36.7249999511987,3.425000349059701,0.0,True
2024-08-04,36.7249999511987,3.475000349804759,0.0,True
2024-08-04,36.7249999511987,3.525000350549817,0.0,True
2024-08-04,36.67499995045364,3.425000349059701,0.0,True
2024-08-04,36.67499995045364,3.475000349804759,0.0,True
2024-08-04,36.67499995045364,3.525000350549817,0.0,True
2024-08-04,36.62499994970858,3.475000349804759,0.0,True
2024-08-04,36.62499994970858,3.525000350549817,0.0,True
2024-08-05,36.774999951943755,3.425000349059701,0.0,True
2024-08-05,36.774999951943755,3.475000349804759,0.0,True
2024-08-05,36.7249999511987,3.425000349059701,0.0,True
2024-08-05,36.7249999511987,3.475000349804759,0.0,True
2024-08-05,36.7249999511987,3.525000350549817,0.0,True
2024-08-05,36.67499995045364,3.425000349059701,0.0,True
2024-08-05,36.67499995045364,3.475000349804759,0.0,True
2024-08-05,36.67499995045364,3.525000350549817,0.0,True
2024-08-05,36.62499994970858,3.475000349804759,0.0,True
2024-08-05,36.62499994970858,3.525000350549817,0.0,True
2024-08-06,36.774999951943755,3.425000349059701,0.0,True
2024-08-06,36.774999951943755,3.475000349804759,0.0,True
2024-08-06,36.7249999511987,3.425000349059701,0.0,True
2024-08-06,36.7249999511987,3.475000349804759,0.0,True
2024-08-06,36.7249999511987,3.525000350549817,0.0,True
2024-08-06,36.67499995045364,3.425000349059701,0.0,True
2024-08-06,36.67499995045364,3.475000349804759,0.0,True
2024-08-06,36.67499995045364,3.525000350549817,0.0,True
2024-08-06,36.62499994970858,3.475000349804759,0.0,True
2024-08-06,36.62499994970858,3.525000350549817,0.0,True
2024-08-07,36.774999951943755,3.425000349059701,0.0,True
2024-08-07,36.774999951943755,3.475000349804759,0.0,True
2024-08-07,36.7249999511987,3.425000349059701,0.0,True
2024-08-07,36.7249999511987,3.475000349804759,0.0,True
2024-08-07,36.7249999511987,3.525000350549817,0.0,True
2024-08-07,36.67499995045364,3.425000349059701,0.0,True
2024-08-07,36.67499995045364,3.475000349804759,0.0,True
2024-08-07,36.67499995045364,3.525000350549817,0.0,True
2024-08-07,36.62499994970858,3.475000349804759,0.0,True
2024-08-07,36.62499994970858,3.525000350549817,0.0,True
2024-08-08,36.774999951943755,3.425000349059701,0.0,True
2024-08-08,36.774999951943755,3.475000349804759,0.0,True
2024-08-08,36.7249999511987,3.425000349059701,0.0,True
2024-08-08,36.7249999511987,3.475000349804759,0.0,True
2024-08-08,36.7249999511987,3.525000350549817,0.0,True
2024-08-08,36.67499995045364,3.425000349059701,0.0,True
2024-08-08,36.67499995045364,3.475000349804759,0.0,True
2024-08-08,36.67499995045364,3.525000350549817,0.0,True
2024-08-08,36.62499994970858,3.475000349804759,0.0,True
2024-08-08,36.62499994970858,3.525000350549817,0.0,True
2024-08-09,36.774999951943755,3.425000349059701,0.0,True
2024-08-09,36.774999951943755,3.475000349804759,0.0,True
2024-08-09,36.7249999511987,3.425000349059701,0.0,True
2024-08-09,36.7249999511987,3.475000349804759,0.0,True
2024-08-09,36.7249999511987,3.525000350549817,0.0,True
2024-08-09,36.67499995045364,3.425000349059701,0.0,True
2024-08-09,36.67499995045364,3.475000349804759,0.0,True
2024-08-09,36.67499995045364,3.525000350549817,0.0,True
2024-08-09,36.62499994970858,3.475000349804759,0.0,True
2024-08-09,36.62499994970858,3.525000350549817,0.0,True
2024-08-10,36.774999951943755,3.425000349059701,0.0,True
2024-08-10,36.774999951943755,3.475000349804759,0.0,True
2024-08-10,36.7249999511987,3.425000349059701,0.0,True
2024-08-10,36.7249999511987,3.475000349804759,0.0,True
2024-08-10,36.7249999511987,3.525000350549817,0.0,True
2024-08-10,36.67499995045364,3.425000349059701,0.0,True
2024-08-10,36.67499995045364,3.475000349804759,0.0,True
2024-08-10,36.67499995045364,3.525000350549817,0.0,True
2024-08-10,36.62499994970858,3.475000349804759,0.0,True
2024-08-10,36.62499994970858,3.525000350549817,0.0,True
2024-08-11,36.774999951943755,3.425000349059701,0.0,True
2024-08-11,36.774999951943755,3.475000349804759,0.0,True
2024-08-11,36.7249999511987,3.425000349059701,0.0,True
2024-08-11,36.7249999511987,3.475000349804759,0.0,True
2024-08-11,36.7249999511987,3.525000350549817,0.0,True
2024-08-11,36.67499995045364,3.425000349059701,0.0,True
2024-08-11,36.67499995045364,3.475000349804759,0.0,True
2024-08-11,36.67499995045364,3.525000350549817,0.0,True
2024-08-11,36.62499994970858,3.475000349804759,0.0,True
2024-08-11,36.62499994970858,3.525000350549817,0.0,True
2024-08-12,36.774999951943755,3.425000349059701,0.0,True
2024-08-12,36.774999951943755,3.475000349804759,0.0,True
2024-08-12,36.7249999511987,3.425000349059701,0.0,True
2024-08-12,36.7249999511987,3.475000349804759,0.0,True
2024-08-12,36.7249999511987,3.525000350549817,0.0,True
2024-08-12,36.67499995045364,3.425000349059701,0.0,True
2024-08-12,36.67499995045364,3.475000349804759,0.0,True
2024-08-12,36.67499995045364,3.525000350549817,0.0,True
2024-08-12,36.62499994970858,3.475000349804759,0.0,True
2024-08-12,36.62499994970858,3.525000350549817,0.0,True
2024-08-13,36.774999951943755,3.425000349059701,0.0,True
2024-08-13,36.774999951943755,3.475000349804759,0.0,True
2024-08-13,36.7249999511987,3.425000349059701,0.0,True
2024-08-13,36.7249999511987,3.475000349804759,0.0,True
2024-08-13,36.7249999511987,3.525000350549817,0.0,True
2024-08-13,36.67499995045364,3.425000349059701,0.0,True
2024-08-13,36.67499995045364,3.475000349804759,0.0,True
2024-08-13,36.67499995045364,3.525000350549817,0.0,True
2024-08-13,36.62499994970858,3.475000349804759,0.0,True
2024-08-13,36.62499994970858,3.525000350549817,0.0,True
2024-08-14,36.774999951943755,3.425000349059701,0.0,True
2024-08-14,36.774999951943755,3.475000349804759,0.0,True
2024-08-14,36.7249999511987,3.425000349059701,0.0,True
2024-08-14,36.7249999511987,3.475000349804759,0.0,True
2024-08-14,36.7249999511987,3.525000350549817,0.0,True
2024-08-14,36.67499995045364,3.425000349059701,0.0,True
2024-08-14,36.67499995045364,3.475000349804759,0.0,True
2024-08-14,36.67499995045364,3.525000350549817,0.0,True
2024-08-14,36.62499994970858,3.475000349804759,0.0,True
2024-08-14,36.62499994970858,3.525000350549817,0.0,True
2024-08-15,36.774999951943755,3.425000349059701,0.0,True
2024-08-15,36.774999951943755,3.475000349804759,0.0,True
2024-08-15,36.7249999511987,3.425000349059701,0.0,True
2024-08-15,36.7249999511987,3.475000349804759,0.0,True
2024-08-15,36.7249999511987,3.525000350549817,0.0,True
2024-08-15,36.67499995045364,3.425000349059701,0.0,True
2024-08-15,36.67499995045364,3.475000349804759,0.0,True
2024-08-15,36.67499995045364,3.525000350549817,0.0,True
2024-08-15,36.62499994970858,3.475000349804759,0.0,True
2024-08-15,36.62499994970858,3.525000350549817,0.0,True
2024-08-16,36.774999951943755,3.425000349059701,0.0,True
2024-08-16,36.774999951943755,3.475000349804759,0.0,True
2024-08-16,36.7249999511987,3.425000349059701,0.0,True
2024-08-16,36.7249999511987,3.475000349804759,0.0,True
2024-08-16,36.7249999511987,3.525000350549817,0.0,True
2024-08-16,36.67499995045364,3.425000349059701,0.0,True
2024-08-16,36.67499995045364,3.475000349804759,0.0,True
2024-08-16,36.67499995045364,3.525000350549817,0.0,True
2024-08-16,36.62499994970858,3.475000349804759,0.0,True
2024-08-16,36.62499994970858,3.525000350549817,0.0,True
2024-08-17,36.774999951943755,3.425000349059701,0.0,True
2024-08-17,36.774999951943755,3.475000349804759,0.0,True
2024-08-17,36.7249999511987,3.425000349059701,0.0,True
2024-08-17,36.7249999511987,3.475000349804759,0.0,True
2024-08-17,36.7249999511987,3.525000350549817,0.0,True
2024-08-17,36.67499995045364,3.425000349059701,0.0,True
2024-08-17,36.67499995045364,3.475000349804759,0.0,True
2024-08-17,36.67499995045364,3.525000350549817,0.0,True
2024-08-17,36.62499994970858,3.475000349804759,0.0,True
2024-08-17,36.62499994970858,3.525000350549817,0.0,True
2024-08-18,36.774999951943755,3.425000349059701,0.0,True
2024-08-18,36.774999951943755,3.475000349804759,0.0,True
2024-08-18,36.7249999511987,3.425000349059701,0.0,True
2024-08-18,36.7249999511987,3.475000349804759,0.0,True
2024-08-18,36.7249999511987,3.525000350549817,0.0,True
2024-08-18,36.67499995045364,3.425000349059701,0.0,True
2024-08-18,36.67499995045364,3.475000349804759,0.0,True
2024-08-18,36.67499995045364,3.525000350549817,0.0,True
2024-08-18,36.62499994970858,3.475000349804759,0.0,True
2024-08-18,36.62499994970858,3.525000350549817,0.0,True
2024-08-19,36.774999951943755,3.425000349059701,0.0,True
2024-08-19,36.774999951943755,3.475000349804759,0.0,True
2024-08-19,36.7249999511987,3.425000349059701,0.0,True
2024-08-19,36.7249999511987,3.475000349804759,0.0,True
2024-08-19,36.7249999511987,3.525000350549817,0.0,True
2024-08-19,36.67499995045364,3.425000349059701,0.0,True
2024-08-19,36.67499995045364,3.475000349804759,0.0,True
2024-08-19,36.67499995045364,3.525000350549817,0.0,True
2024-08-19,36.62499994970858,3.475000349804759,0.0,True
2024-08-19,36.62499994970858,3.525000350549817,0.0,True
2024-08-20,36.774999951943755,3.425000349059701,0.0,True
2024-08-20,36.774999951943755,3.475000349804759,0.0,True
2024-08-20,36.7249999511987,3.425000349059701,0.0,True
2024-08-20,36.7249999511987,3.475000349804759,0.0,True
2024-08-20,36.7249999511987,3.525000350549817,0.0,True
2024-08-20,36.67499995045364,3.425000349059701,0.0,True
2024-08-20,36.67499995045364,3.475000349804759,0.0,True
2024-08-20,36.67499995045364,3.525000350549817,0.0,True
2024-08-20,36.62499994970858,3.475000349804759,0.0,True
2024-08-20,36.62499994970858,3.525000350549817,0.0,True
2024-08-21,36.774999951943755,3.425000349059701,0.0,False
2024-08-21,36.774999951943755,3.475000349804759,0.0,False
2024-08-21,36.7249999511987,3.425000349059701,0.0,False
2024-08-21,36.7249999511987,3.475000349804759,0.0,False
2024-08-21,36.7249999511987,3.525000350549817,0.0,False
2024-08-21,36.67499995045364,3.425000349059701,1.0096210871779476e-06,False
2024-08-21,36.67499995045364,3.475000349804759,8.921157927943568e-07,False
2024-08-21,36.67499995045364,3.525000350549817,6.832863732597616e-07,False
2024-08-21,36.62499994970858,3.475000349804759,3.86408282793127e-06,False
2024-08-21,36.62499994970858,3.525000350549817,5.685373707819963e-06,True
2024-08-22,36.774999951943755,3.425000349059701,0.07466868311166763,False
2024-08-22,36.774999951943755,3.475000349804759,0.07003552466630936,False
2024-08-22,36.7249999511987,3.425000349059701,0.07120680063962936,False
2024-08-22,36.7249999511987,3.475000349804759,0.0678594633936882,False
2024-08-22,36.7249999511987,3.525000350549817,0.060727763921022415,False
2024-08-22,36.67499995045364,3.425000349059701,0.07082052528858185,False
2024-08-22,36.67499995045364,3.475000349804759,0.06261982023715973,False
2024-08-22,36.67499995045364,3.525000350549817,0.05726780369877815,False
2024-08-22,36.62499994970858,3.475000349804759,0.0596114806830883,False
2024-08-22,36.62499994970858,3.525000350549817,0.09946096688508987,True
2024-08-23,36.774999951943755,3.425000349059701,0.006941874511539936,False
2024-08-23,36.774999951943755,3.475000349804759,0.00682405149564147,False
2024-08-23,36.7249999511987,3.425000349059701,0.006869814358651638,False
2024-08-23,36.7249999511987,3.475000349804759,0.006854243576526642,False
2024-08-23,36.7249999511987,3.525000350549817,0.0064446572214365005,False
2024-08-23,36.67499995045364,3.425000349059701,0.0069721839390695095,False
2024-08-23,36.67499995045364,3.475000349804759,0.006449083331972361,False
2024-08-23,36.67499995045364,3.525000350549817,0.0061911349184811115,False
2024-08-23,36.62499994970858,3.475000349804759,0.006195593159645796,False
2024-08-23,36.62499994970858,3.525000350549817,0.010842987336218357,True
2024-08-24,36.774999951943755,3.425000349059701,0.0005260626203380525,False
2024-08-24,36.774999951943755,3.475000349804759,0.0004222238785587251,False
2024-08-24,36.7249999511987,3.425000349059701,0.0005535539239645004,True
2024-08-24,36.7249999511987,3.475000349804759,0.0004570264427457005,False
2024-08-24,36.7249999511987,3.525000350549817,0.0003392271464690566,False
2024-08-24,36.67499995045364,3.425000349059701,0.0005272995331324637,False
2024-08-24,36.67499995045364,3.475000349804759,0.0003936419088859111,False
2024-08-24,36.67499995045364,3.525000350549817,0.00028662336990237236,False
2024-08-24,36.62499994970858,3.475000349804759,0.00024269221466965973,False
2024-08-24,36.62499994970858,3.525000350549817,0.0002459853421896696,False
2024-08-25,36.774999951943755,3.425000349059701,0.25516489148139954,False
2024-08-25,36.774999951943755,3.475000349804759,0.24732966721057892,False
2024-08-25,36.7249999511987,3.425000349059701,0.24491079151630402,False
2024-08-25,36.7249999511987,3.475000349804759,0.2410736382007599,False
2024-08-25,36.7249999511987,3.525000350549817,0.22353121638298035,False
2024-08-25,36.67499995045364,3.425000349059701,0.24347664415836334,False
2024-08-25,36.67499995045364,3.475000349804759,0.22231408953666687,False
2024-08-25,36.67499995045364,3.525000350549817,0.2106105238199234,False
2024-08-25,36.62499994970858,3.475000349804759,0.21030698716640472,False
2024-08-25,36.62499994970858,3.525000350549817,0.36347973346710205,True
2024-08-26,36.774999951943755,3.425000349059701,0.6710780262947083,False
2024-08-26,36.774999951943755,3.475000349804759,0.6302898526191711,False
2024-08-26,36.7249999511987,3.425000349059701,0.7348434925079346,False
2024-08-26,36.7249999511987,3.475000349804759,0.8012279272079468,False
2024-08-26,36.7249999511987,3.525000350549817,0.8442736864089966,False
2024-08-26,36.67499995045364,3.425000349059701,0.7841284871101379,False
2024-08-26,36.67499995045364,3.475000349804759,0.8128727674484253,False
2024-08-26,36.67499995045364,3.525000350549817,0.8309803605079651,False
2024-08-26,36.62499994970858,3.475000349804759,0.8770641088485718,True
2024-08-26,36.62499994970858,3.525000350549817,0.8104368448257446,False
2024-08-27,36.774999951943755,3.425000349059701,1.0317734479904175,False
2024-08-27,36.774999951943755,3.475000349804759,0.9363862872123718,False
2024-08-27,36.7249999511987,3.425000349059701,1.1134827136993408,False
2024-08-27,36.7249999511987,3.475000349804759,1.1732332706451416,False
2024-08-27,36.7249999511987,3.525000350549817,1.192245602607727,False
2024-08-27,36.67499995045364,3.425000349059701,1.167314887046814,False
2024-08-27,36.67499995045364,3.475000349804759,1.1698355674743652,False
2024-08-27,36.67499995045364,3.525000350549817,1.1538105010986328,False
2024-08-27,36.62499994970858,3.475000349804759,1.2382041215896606,True
2024-08-27,36.62499994970858,3.525000350549817,1.104816198348999,False
2024-08-28,36.774999951943755,3.425000349059701,0.0,True
2024-08-28,36.774999951943755,3.475000349804759,0.0,True
2024-08-28,36.7249999511987,3.425000349059701,0.0,True
2024-08-28,36.7249999511987,3.475000349804759,0.0,True
2024-08-28,36.7249999511987,3.525000350549817,0.0,True
2024-08-28,36.67499995045364,3.425000349059701,0.0,True
2024-08-28,36.67499995045364,3.475000349804759,0.0,True
2024-08-28,36.67499995045364,3.525000350549817,0.0,True
2024-08-28,36.62499994970858,3.475000349804759,0.0,True
2024-08-28,36.62499994970858,3.525000350549817,0.0,True
2024-08-29,36.774999951943755,3.425000349059701,0.4488416016101837,False
2024-08-29,36.774999951943755,3.475000349804759,0.41507577896118164,False
2024-08-29,36.7249999511987,3.425000349059701,0.4693736433982849,False
2024-08-29,36.7249999511987,3.475000349804759,0.5043610334396362,False
2024-08-29,36.7249999511987,3.525000350549817,0.5224230289459229,True
2024-08-29,36.67499995045364,3.425000349059701,0.4845912754535675,False
2024-08-29,36.67499995045364,3.475000349804759,0.4954783618450165,False
2024-08-29,36.67499995045364,3.525000350549817,0.49836376309394836,False
2024-08-29,36.62499994970858,3.475000349804759,0.522118091583252,False
2024-08-29,36.62499994970858,3.525000350549817,0.47518739104270935,False
2024-08-30,36.774999951943755,3.425000349059701,0.2431648075580597,False
2024-08-30,36.774999951943755,3.475000349804759,0.21638040244579315,False
2024-08-30,36.7249999511987,3.425000349059701,0.25940290093421936,False
2024-08-30,36.7249999511987,3.475000349804759,0.26800328493118286,False
2024-08-30,36.7249999511987,3.525000350549817,0.26627102494239807,False
2024-08-30,36.67499995045364,3.425000349059701,0.269540011882782,False
2024-08-30,36.67499995045364,3.475000349804759,0.2647843062877655,False
2024-08-30,36.67499995045364,3.525000350549817,0.2552684247493744,False
2024-08-30,36.62499994970858,3.475000349804759,0.2774219512939453,True
2024-08-30,36.62499994970858,3.525000350549817,0.2417529821395874,False
2024-08-31,36.774999951943755,3.425000349059701,0.42385590076446533,False
2024-08-31,36.774999951943755,3.475000349804759,0.39289796352386475,False
2024-08-31,36.7249999511987,3.425000349059701,0.44131141901016235,False
2024-08-31,36.7249999511987,3.475000349804759,0.47497233748435974,False
2024-08-31,36.7249999511987,3.525000350549817,0.49342718720436096,True
2024-08-31,36.67499995045364,3.425000349059701,0.4510479271411896,False
2024-08-31,36.67499995045364,3.475000349804759,0.46187955141067505,False
2024-08-31,36.67499995045364,3.525000350549817,0.46603402495384216,False
2024-08-31,36.62499994970858,3.475000349804759,0.47736093401908875,False
2024-08-31,36.62499994970858,3.525000350549817,0.4363303482532501,False
2024-09-01,36.774999951943755,3.425000349059701,0.0,True
2024-09-01,36.774999951943755,3.475000349804759,0.0,True
2024-09-01,36.7249999511987,3.425000349059701,0.0,True
2024-09-01,36.7249999511987,3.475000349804759,0.0,True
2024-09-01,36.7249999511987,3.525000350549817,0.0,True
2024-09-01,36.67499995045364,3.425000349059701,0.0,True
2024-09-01,36.67499995045364,3.475000349804759,0.0,True
2024-09-01,36.67499995045364,3.525000350549817,0.0,True
2024-09-01,36.62499994970858,3.475000349804759,0.0,True
2024-09-01,36.62499994970858,3.525000350549817,0.0,True
2024-09-02,36.774999951943755,3.425000349059701,0.0,True
2024-09-02,36.774999951943755,3.475000349804759,0.0,True
2024-09-02,36.7249999511987,3.425000349059701,0.0,True
2024-09-02,36.7249999511987,3.475000349804759,0.0,True
2024-09-02,36.7249999511987,3.525000350549817,0.0,True
2024-09-02,36.67499995045364,3.425000349059701,0.0,True
2024-09-02,36.67499995045364,3.475000349804759,0.0,True
2024-09-02,36.67499995045364,3.525000350549817,0.0,True
2024-09-02,36.62499994970858,3.475000349804759,0.0,True
2024-09-02,36.62499994970858,3.525000350549817,0.0,True
2024-09-03,36.774999951943755,3.425000349059701,0.0,True
2024-09-03,36.774999951943755,3.475000349804759,0.0,True
2024-09-03,36.7249999511987,3.425000349059701,0.0,True
2024-09-03,36.7249999511987,3.475000349804759,0.0,True
2024-09-03,36.7249999511987,3.525000350549817,0.0,True
2024-09-03,36.67499995045364,3.425000349059701,0.0,True
2024-09-03,36.67499995045364,3.475000349804759,0.0,True
2024-09-03,36.67499995045364,3.525000350549817,0.0,True
2024-09-03,36.62499994970858,3.475000349804759,0.0,True
2024-09-03,36.62499994970858,3.525000350549817,0.0,True
2024-09-04,36.774999951943755,3.425000349059701,0.0,False
2024-09-04,36.774999951943755,3.475000349804759,0.0,False
2024-09-04,36.7249999511987,3.425000349059701,0.0,False
2024-09-04,36.7249999511987,3.475000349804759,0.0,False
2024-09-04,36.7249999511987,3.525000350549817,0.0,False
2024-09-04,36.67499995045364,3.425000349059701,0.0,False
2024-09-04,36.67499995045364,3.475000349804759,0.0,False
2024-09-04,36.67499995045364,3.525000350549817,1.4901115894317627,False
2024-09-04,36.62499994970858,3.475000349804759,1.375153660774231,False
2024-09-04,36.62499994970858,3.525000350549817,1.8621768951416016,True
2024-09-05,36.774999951943755,3.425000349059701,0.0,True
2024-09-05,36.774999951943755,3.475000349804759,0.0,True
2024-09-05,36.7249999511987,3.425000349059701,0.0,True
2024-09-05,36.7249999511987,3.475000349804759,0.0,True
2024-09-05,36.7249999511987,3.525000350549817,0.0,True
2024-09-05,36.67499995045364,3.425000349059701,0.0,True
2024-09-05,36.67499995045364,3.475000349804759,0.0,True
2024-09-05,36.67499995045364,3.525000350549817,0.0,True
2024-09-05,36.62499994970858,3.475000349804759,0.0,True
2024-09-05,36.62499994970858,3.525000350549817,0.0,True
2024-09-06,36.774999951943755,3.425000349059701,5.078024387359619,False
2024-09-06,36.774999951943755,3.475000349804759,4.453366756439209,False
2024-09-06,36.7249999511987,3.425000349059701,5.575009346008301,False
2024-09-06,36.7249999511987,3.475000349804759,5.520500183105469,False
2024-09-06,36.7249999511987,3.525000350549817,6.737720012664795,True
2024-09-06,36.67499995045364,3.425000349059701,5.306885719299316,False
2024-09-06,36.67499995045364,3.475000349804759,5.058824062347412,False
2024-09-06,36.67499995045364,3.525000350549817,4.917577266693115,False
2024-09-06,36.62499994970858,3.475000349804759,4.198256015777588,False
2024-09-06,36.62499994970858,3.525000350549817,4.68751859664917,False
2024-09-07,36.774999951943755,3.425000349059701,0.0,True
2024-09-07,36.774999951943755,3.475000349804759,0.0,True
2024-09-07,36.7249999511987,3.425000349059701,0.0,True
2024-09-07,36.7249999511987,3.475000349804759,0.0,True
2024-09-07,36.7249999511987,3.525000350549817,0.0,True
2024-09-07,36.67499995045364,3.425000349059701,0.0,True
2024-09-07,36.67499995045364,3.475000349804759,0.0,True
2024-09-07,36.67499995045364,3.525000350549817,0.0,True
2024-09-07,36.62499994970858,3.475000349804759,0.0,True
2024-09-07,36.62499994970858,3.525000350549817,0.0,True
2024-09-08,36.774999951943755,3.425000349059701,5.078024387359619,False
2024-09-08,36.774999951943755,3.475000349804759,4.453366756439209,False
2024-09-08,36.7249999511987,3.425000349059701,5.575009346008301,True
2024-09-08,36.7249999511987,3.475000349804759,5.520500183105469,False
2024-09-08,36.7249999511987,3.525000350549817,3.3688600063323975,False
2024-09-08,36.67499995045364,3.425000349059701,5.306885719299316,False
2024-09-08,36.67499995045364,3.475000349804759,5.058824062347412,False
2024-09-08,36.67499995045364,3.525000350549817,4.917577266693115,False
2024-09-08,36.62499994970858,3.475000349804759,4.198256015777588,False
2024-09-08,36.62499994970858,3.525000350549817,4.68751859664917,False
2024-09-09,36.774999951943755,3.425000349059701,0.0,True
2024-09-09,36.774999951943755,3.475000349804759,0.0,True
2024-09-09,36.7249999511987,3.425000349059701,0.0,True
2024-09-09,36.7249999511987,3.475000349804759,0.0,True
2024-09-09,36.7249999511987,3.525000350549817,0.0,True
2024-09-09,36.67499995045364,3.425000349059701,0.0,True
2024-09-09,36.67499995045364,3.475000349804759,0.0,True
2024-09-09,36.67499995045364,3.525000350549817,0.0,True
2024-09-09,36.62499994970858,3.475000349804759,0.0,True
2024-09-09,36.62499994970858,3.525000350549817,0.0,True
2024-09-10,36.774999951943755,3.425000349059701,0.0,True
2024-09-10,36.774999951943755,3.475000349804759,0.0,True
2024-09-10,36.7249999511987,3.425000349059701,0.0,True
2024-09-10,36.7249999511987,3.475000349804759,0.0,True
2024-09-10,36.7249999511987,3.525000350549817,0.0,True
2024-09-10,36.67499995045364,3.425000349059701,0.0,True
2024-09-10,36.67499995045364,3.475000349804759,0.0,True
2024-09-10,36.67499995045364,3.525000350549817,0.0,True
2024-09-10,36.62499994970858,3.475000349804759,0.0,True
2024-09-10,36.62499994970858,3.525000350549817,0.0,True
2024-09-11,36.774999951943755,3.425000349059701,0.0,False
2024-09-11,36.774999951943755,3.475000349804759,0.0,False
2024-09-11,36.7249999511987,3.425000349059701,0.0,False
2024-09-11,36.7249999511987,3.475000349804759,0.0,False
2024-09-11,36.7249999511987,3.525000350549817,0.0,False
2024-09-11,36.67499995045364,3.425000349059701,1.7956863302970305e-05,False
2024-09-11,36.67499995045364,3.475000349804759,2.788344500004314e-05,False
2024-09-11,36.67499995045364,3.525000350549817,3.301116521470249e-05,False
2024-09-11,36.62499994970858,3.475000349804759,5.184621113585308e-05,False
2024-09-11,36.62499994970858,3.525000350549817,6.0986378230154514e-05,True
2024-09-12,36.774999951943755,3.425000349059701,0.07002611458301544,True
2024-09-12,36.774999951943755,3.475000349804759,0.06566441059112549,False
2024-09-12,36.7249999511987,3.425000349059701,0.0,False
2024-09-12,36.7249999511987,3.475000349804759,0.0,False
2024-09-12,36.7249999511987,3.525000350549817,0.0,False
2024-09-12,36.67499995045364,3.425000349059701,0.0,False
2024-09-12,36.67499995045364,3.475000349804759,0.0,False
2024-09-12,36.67499995045364,3.525000350549817,0.0,False
2024-09-12,36.62499994970858,3.475000349804759,0.0,False
2024-09-12,36.62499994970858,3.525000350549817,0.0,False
2024-09-13,36.774999951943755,3.425000349059701,0.5608922839164734,False
2024-09-13,36.774999951943755,3.475000349804759,0.5672545433044434,False
2024-09-13,36.7249999511987,3.425000349059701,0.6534821391105652,False
2024-09-13,36.7249999511987,3.475000349804759,0.6598418951034546,False
2024-09-13,36.7249999511987,3.525000350549817,0.6826409697532654,True
2024-09-13,36.67499995045364,3.425000349059701,0.6287572383880615,False
2024-09-13,36.67499995045364,3.475000349804759,0.6812039613723755,False
2024-09-13,36.67499995045364,3.525000350549817,0.6758040189743042,False
2024-09-13,36.62499994970858,3.475000349804759,0.6189466714859009,False
2024-09-13,36.62499994970858,3.525000350549817,0.6293392181396484,False
2024-09-14,36.774999951943755,3.425000349059701,0.06107667461037636,False
2024-09-14,36.774999951943755,3.475000349804759,0.05677913874387741,False
2024-09-14,36.7249999511987,3.425000349059701,0.09365322440862656,False
2024-09-14,36.7249999511987,3.475000349804759,0.08500584959983826,False
2024-09-14,36.7249999511987,3.525000350549817,0.07961840182542801,False
2024-09-14,36.67499995045364,3.425000349059701,0.11601127684116364,False
2024-09-14,36.67499995045364,3.475000349804759,0.1106160506606102,False
2024-09-14,36.67499995045364,3.525000350549817,0.09754924476146698,False
2024-09-14,36.62499994970858,3.475000349804759,0.1260034292936325,True
2024-09-14,36.62499994970858,3.525000350549817,0.11199506372213364,False
2024-09-15,36.774999951943755,3.425000349059701,0.0,True
2024-09-15,36.774999951943755,3.475000349804759,0.0,True
2024-09-15,36.7249999511987,3.425000349059701,0.0,True
2024-09-15,36.7249999511987,3.475000349804759,0.0,True
2024-09-15,36.7249999511987,3.525000350549817,0.0,True
2024-09-15,36.67499995045364,3.425000349059701,0.0,True
2024-09-15,36.67499995045364,3.475000349804759,0.0,True
2024-09-15,36.67499995045364,3.525000350549817,0.0,True
2024-09-15,36.62499994970858,3.475000349804759,0.0,True
2024-09-15,36.62499994970858,3.525000350549817,0.0,True
2024-09-16,36.774999951943755,3.425000349059701,0.0,True
2024-09-16,36.774999951943755,3.475000349804759,0.0,True
2024-09-16,36.7249999511987,3.425000349059701,0.0,True
2024-09-16,36.7249999511987,3.475000349804759,0.0,True
2024-09-16,36.7249999511987,3.525000350549817,0.0,True
2024-09-16,36.67499995045364,3.425000349059701,0.0,True
2024-09-16,36.67499995045364,3.475000349804759,0.0,True
2024-09-16,36.67499995045364,3.525000350549817,0.0,True
2024-09-16,36.62499994970858,3.475000349804759,0.0,True
2024-09-16,36.62499994970858,3.525000350549817,0.0,True
2024-09-17,36.774999951943755,3.425000349059701,0.0,True
2024-09-17,36.774999951943755,3.475000349804759,0.0,True
2024-09-17,36.7249999511987,3.425000349059701,0.0,True
2024-09-17,36.7249999511987,3.475000349804759,0.0,True
2024-09-17,36.7249999511987,3.525000350549817,0.0,True
2024-09-17,36.67499995045364,3.425000349059701,0.0,True
2024-09-17,36.67499995045364,3.475000349804759,0.0,True
2024-09-17,36.67499995045364,3.525000350549817,0.0,True
2024-09-17,36.62499994970858,3.475000349804759,0.0,True
2024-09-17,36.62499994970858,3.525000350549817,0.0,True
2024-09-18,36.774999951943755,3.425000349059701,0.0,True
2024-09-18,36.774999951943755,3.475000349804759,0.0,True
2024-09-18,36.7249999511987,3.425000349059701,0.0,True
2024-09-18,36.7249999511987,3.475000349804759,0.0,True
2024-09-18,36.7249999511987,3.525000350549817,0.0,True
2024-09-18,36.67499995045364,3.425000349059701,0.0,True
2024-09-18,36.67499995045364,3.475000349804759,0.0,True
2024-09-18,36.67499995045364,3.525000350549817,0.0,True
2024-09-18,36.62499994970858,3.475000349804759,0.0,True
2024-09-18,36.62499994970858,3.525000350549817,0.0,True
2024-09-19,36.774999951943755,3.425000349059701,0.0,True
2024-09-19,36.774999951943755,3.475000349804759,0.0,True
2024-09-19,36.7249999511987,3.425000349059701,0.0,True
2024-09-19,36.7249999511987,3.475000349804759,0.0,True
2024-09-19,36.7249999511987,3.525000350549817,0.0,True
2024-09-19,36.67499995045364,3.425000349059701,0.0,True
2024-09-19,36.67499995045364,3.475000349804759,0.0,True
2024-09-19,36.67499995045364,3.525000350549817,0.0,True
2024-09-19,36.62499994970858,3.475000349804759,0.0,True
2024-09-19,36.62499994970858,3.525000350549817,0.0,True
2024-09-20,36.774999951943755,3.425000349059701,2.332031011581421,False
2024-09-20,36.774999951943755,3.475000349804759,2.861234426498413,False
2024-09-20,36.7249999511987,3.425000349059701,2.8595166206359863,False
2024-09-20,36.7249999511987,3.475000349804759,2.863215446472168,False
2024-09-20,36.7249999511987,3.525000350549817,2.930253028869629,False
2024-09-20,36.67499995045364,3.425000349059701,3.242535352706909,False
2024-09-20,36.67499995045364,3.475000349804759,2.8964412212371826,False
2024-09-20,36.67499995045364,3.525000350549817,3.9805052280426025,True
2024-09-20,36.62499994970858,3.475000349804759,2.113922357559204,False
2024-09-20,36.62499994970858,3.525000350549817,3.215569257736206,False
2024-09-21,36.774999951943755,3.425000349059701,2.6904525756835938,False
2024-09-21,36.774999951943755,3.475000349804759,2.407963991165161,False
2024-09-21,36.7249999511987,3.425000349059701,2.5801069736480713,False
2024-09-21,36.7249999511987,3.475000349804759,0.0,False
2024-09-21,36.7249999511987,3.525000350549817,2.869436502456665,False
2024-09-21,36.67499995045364,3.425000349059701,0.0,False
2024-09-21,36.67499995045364,3.475000349804759,0.0,False
2024-09-21,36.67499995045364,3.525000350549817,3.4230847358703613,True
2024-09-21,36.62499994970858,3.475000349804759,0.0,False
2024-09-21,36.62499994970858,3.525000350549817,2.945646047592163,False
2024-09-22,36.774999951943755,3.425000349059701,5.3809051513671875,False
2024-09-22,36.774999951943755,3.475000349804759,4.815927982330322,False
2024-09-22,36.7249999511987,3.425000349059701,5.160213947296143,False
2024-09-22,36.7249999511987,3.475000349804759,7.723653316497803,False
2024-09-22,36.7249999511987,3.525000350549817,5.73887300491333,False
2024-09-22,36.67499995045364,3.425000349059701,6.332941055297852,False
2024-09-22,36.67499995045364,3.475000349804759,9.95920467376709,False
2024-09-22,36.67499995045364,3.525000350549817,6.846169471740723,False
2024-09-22,36.62499994970858,3.475000349804759,10.029790878295898,True
2024-09-22,36.62499994970858,3.525000350549817,5.891292095184326,False
2024-09-23,36.774999951943755,3.425000349059701,0.0,False
2024-09-23,36.774999951943755,3.475000349804759,0.0,False
2024-09-23,36.7249999511987,3.425000349059701,0.0,False
2024-09-23,36.7249999511987,3.475000349804759,0.0,False
2024-09-23,36.7249999511987,3.525000350549817,0.0,False
2024-09-23,36.67499995045364,3.425000349059701,0.0,False
2024-09-23,36.67499995045364,3.475000349804759,0.0,False
2024-09-23,36.67499995045364,3.525000350549817,0.0,False
2024-09-23,36.62499994970858,3.475000349804759,0.0,False
2024-09-23,36.62499994970858,3.525000350549817,2.945646047592163,True
2024-09-24,36.774999951943755,3.425000349059701,2.6904525756835938,False
2024-09-24,36.774999951943755,3.475000349804759,2.407963991165161,False
2024-09-24,36.7249999511987,3.425000349059701,2.5801069736480713,False
2024-09-24,36.7249999511987,3.475000349804759,3.8618266582489014,True
2024-09-24,36.7249999511987,3.525000350549817,2.869436502456665,False
2024-09-24,36.67499995045364,3.425000349059701,3.166470527648926,False
2024-09-24,36.67499995045364,3.475000349804759,3.319734811782837,False
2024-09-24,36.67499995045364,3.525000350549817,3.4230847358703613,False
2024-09-24,36.62499994970858,3.475000349804759,3.343263626098633,False
2024-09-24,36.62499994970858,3.525000350549817,2.945646047592163,False
2024-09-25,36.774999951943755,3.425000349059701,0.0,True
2024-09-25,36.774999951943755,3.475000349804759,0.0,True
2024-09-25,36.7249999511987,3.425000349059701,0.0,True
2024-09-25,36.7249999511987,3.475000349804759,0.0,True
2024-09-25,36.7249999511987,3.525000350549817,0.0,True
2024-09-25,36.67499995045364,3.425000349059701,0.0,True
2024-09-25,36.67499995045364,3.475000349804759,0.0,True
2024-09-25,36.67499995045364,3.525000350549817,0.0,True
2024-09-25,36.62499994970858,3.475000349804759,0.0,True
2024-09-25,36.62499994970858,3.525000350549817,0.0,True
2024-09-26,36.774999951943755,3.425000349059701,0.0,True
2024-09-26,36.774999951943755,3.475000349804759,0.0,True
2024-09-26,36.7249999511987,3.425000349059701,0.0,True
2024-09-26,36.7249999511987,3.475000349804759,0.0,True
2024-09-26,36.7249999511987,3.525000350549817,0.0,True
2024-09-26,36.67499995045364,3.425000349059701,0.0,True
2024-09-26,36.67499995045364,3.475000349804759,0.0,True
2024-09-26,36.67499995045364,3.525000350549817,0.0,True
2024-09-26,36.62499994970858,3.475000349804759,0.0,True
2024-09-26,36.62499994970858,3.525000350549817,0.0,True
2024-09-27,36.774999951943755,3.425000349059701,0.0,True
2024-09-27,36.774999951943755,3.475000349804759,0.0,True
2024-09-27,36.7249999511987,3.425000349059701,0.0,True
2024-09-27,36.7249999511987,3.475000349804759,0.0,True
2024-09-27,36.7249999511987,3.525000350549817,0.0,True
2024-09-27,36.67499995045364,3.425000349059701,0.0,True
2024-09-27,36.67499995045364,3.475000349804759,0.0,True
2024-09-27,36.67499995045364,3.525000350549817,0.0,True
2024-09-27,36.62499994970858,3.475000349804759,0.0,True
2024-09-27,36.62499994970858,3.525000350549817,0.0,True
2024-09-28,36.774999951943755,3.425000349059701,0.0,True
2024-09-28,36.774999951943755,3.475000349804759,0.0,True
2024-09-28,36.7249999511987,3.425000349059701,0.0,True
2024-09-28,36.7249999511987,3.475000349804759,0.0,True
2024-09-28,36.7249999511987,3.525000350549817,0.0,True
2024-09-28,36.67499995045364,3.425000349059701,0.0,True
2024-09-28,36.67499995045364,3.475000349804759,0.0,True
2024-09-28,36.67499995045364,3.525000350549817,0.0,True
2024-09-28,36.62499994970858,3.475000349804759,0.0,True
2024-09-28,36.62499994970858,3.525000350549817,0.0,True
2024-09-29,36.774999951943755,3.425000349059701,0.0,True
2024-09-29,36.774999951943755,3.475000349804759,0.0,True
2024-09-29,36.7249999511987,3.425000349059701,0.0,True
2024-09-29,36.7249999511987,3.475000349804759,0.0,True
2024-09-29,36.7249999511987,3.525000350549817,0.0,True
2024-09-29,36.67499995045364,3.425000349059701,0.0,True
2024-09-29,36.67499995045364,3.475000349804759,0.0,True
2024-09-29,36.67499995045364,3.525000350549817,0.0,True
2024-09-29,36.62499994970858,3.475000349804759,0.0,True
2024-09-29,36.62499994970858,3.525000350549817,0.0,True
2024-09-30,36.774999951943755,3.425000349059701,0.0,True
2024-09-30,36.774999951943755,3.475000349804759,0.0,True
2024-09-30,36.7249999511987,3.425000349059701,0.0,True
2024-09-30,36.7249999511987,3.475000349804759,0.0,True
2024-09-30,36.7249999511987,3.525000350549817,0.0,True
2024-09-30,36.67499995045364,3.425000349059701,0.0,True
2024-09-30,36.67499995045364,3.475000349804759,0.0,True
2024-09-30,36.67499995045364,3.525000350549817,0.0,True
2024-09-30,36.62499994970858,3.475000349804759,0.0,True
2024-09-30,36.62499994970858,3.525000350549817,0.0,True
2024-10-01,36.774999951943755,3.425000349059701,0.5914746522903442,False
2024-10-01,36.774999951943755,3.475000349804759,0.5649439692497253,False
2024-10-01,36.7249999511987,3.425000349059701,0.710840106010437,False
2024-10-01,36.7249999511987,3.475000349804759,0.6597791910171509,False
2024-10-01,36.7249999511987,3.525000350549817,0.6166704893112183,False
2024-10-01,36.67499995045364,3.425000349059701,0.7586046457290649,True
2024-10-01,36.67499995045364,3.475000349804759,0.7339299917221069,False
2024-10-01,36.67499995045364,3.525000350549817,0.696956992149353,False
2024-10-01,36.62499994970858,3.475000349804759,0.5770718455314636,False
2024-10-01,36.62499994970858,3.525000350549817,0.5424925088882446,False
2024-10-02,36.774999951943755,3.425000349059701,0.0,True
2024-10-02,36.774999951943755,3.475000349804759,0.0,True
2024-10-02,36.7249999511987,3.425000349059701,0.0,True
2024-10-02,36.7249999511987,3.475000349804759,0.0,True
2024-10-02,36.7249999511987,3.525000350549817,0.0,True
2024-10-02,36.67499995045364,3.425000349059701,0.0,True
2024-10-02,36.67499995045364,3.475000349804759,0.0,True
2024-10-02,36.67499995045364,3.525000350549817,0.0,True
2024-10-02,36.62499994970858,3.475000349804759,0.0,True
2024-10-02,36.62499994970858,3.525000350549817,0.0,True
2024-10-03,36.774999951943755,3.425000349059701,9.34061336517334,False
2024-10-03,36.774999951943755,3.475000349804759,9.036076545715332,False
2024-10-03,36.7249999511987,3.425000349059701,10.2435302734375,True
2024-10-03,36.7249999511987,3.475000349804759,9.656539916992188,False
2024-10-03,36.7249999511987,3.525000350549817,9.177226066589355,False
2024-10-03,36.67499995045364,3.425000349059701,10.07761001586914,False
2024-10-03,36.67499995045364,3.475000349804759,9.922300338745117,False
2024-10-03,36.67499995045364,3.525000350549817,9.599721908569336,False
2024-10-03,36.62499994970858,3.475000349804759,7.220834732055664,False
2024-10-03,36.62499994970858,3.525000350549817,6.926550388336182,False
2024-10-04,36.774999951943755,3.425000349059701,1.0134354829788208,True
2024-10-04,36.774999951943755,3.475000349804759,0.9450253248214722,False
2024-10-04,36.7249999511987,3.425000349059701,1.0112437009811401,False
2024-10-04,36.7249999511987,3.475000349804759,0.9221328496932983,False
2024-10-04,36.7249999511987,3.525000350549817,0.8506222367286682,False
2024-10-04,36.67499995045364,3.425000349059701,0.9161683320999146,False
2024-10-04,36.67499995045364,3.475000349804759,0.8767191767692566,False
2024-10-04,36.67499995045364,3.525000350549817,0.827179491519928,False
2024-10-04,36.62499994970858,3.475000349804759,0.5959459543228149,False
2024-10-04,36.62499994970858,3.525000350549817,0.5610814094543457,False
2024-10-05,36.774999951943755,3.425000349059701,0.00352086522616446,True
2024-10-05,36.774999951943755,3.475000349804759,0.002799801528453827,False
2024-10-05,36.7249999511987,3.425000349059701,0.0,False
2024-10-05,36.7249999511987,3.475000349804759,0.0,False
2024-10-05,36.7249999511987,3.525000350549817,0.0,False
2024-10-05,36.67499995045364,3.425000349059701,0.0,False
2024-10-05,36.67499995045364,3.475000349804759,0.0,False
2024-10-05,36.67499995045364,3.525000350549817,0.0,False
2024-10-05,36.62499994970858,3.475000349804759,0.0,False
2024-10-05,36.62499994970858,3.525000350549817,0.0,False
2024-10-06,36.774999951943755,3.425000349059701,0.0,True
2024-10-06,36.774999951943755,3.475000349804759,0.0,True
2024-10-06,36.7249999511987,3.425000349059701,0.0,True
2024-10-06,36.7249999511987,3.475000349804759,0.0,True
2024-10-06,36.7249999511987,3.525000350549817,0.0,True
2024-10-06,36.67499995045364,3.425000349059701,0.0,True
2024-10-06,36.67499995045364,3.475000349804759,0.0,True
2024-10-06,36.67499995045364,3.525000350549817,0.0,True
2024-10-06,36.62499994970858,3.475000349804759,0.0,True
2024-10-06,36.62499994970858,3.525000350549817,0.0,True
2024-10-07,36.774999951943755,3.425000349059701,3.42745304107666,False
2024-10-07,36.774999951943755,3.475000349804759,2.9273476600646973,False
2024-10-07,36.7249999511987,3.425000349059701,3.7620112895965576,True
2024-10-07,36.7249999511987,3.475000349804759,3.130622148513794,False
2024-10-07,36.7249999511987,3.525000350549817,2.6193041801452637,False
2024-10-07,36.67499995045364,3.425000349059701,3.710927724838257,False
2024-10-07,36.67499995045364,3.475000349804759,3.24985671043396,False
2024-10-07,36.67499995045364,3.525000350549817,2.526289463043213,False
2024-10-07,36.62499994970858,3.475000349804759,3.2935822010040283,False
2024-10-07,36.62499994970858,3.525000350549817,2.910271167755127,False
2024-10-08,36.774999951943755,3.425000349059701,3.42745304107666,False
2024-10-08,36.774999951943755,3.475000349804759,2.9273476600646973,False
2024-10-08,36.7249999511987,3.425000349059701,3.7620112895965576,True
2024-10-08,36.7249999511987,3.475000349804759,3.130622148513794,False
2024-10-08,36.7249999511987,3.525000350549817,2.6193041801452637,False
2024-10-08,36.67499995045364,3.425000349059701,3.710927724838257,False
2024-10-08,36.67499995045364,3.475000349804759,3.24985671043396,False
2024-10-08,36.67499995045364,3.525000350549817,2.526289463043213,False
2024-10-08,36.62499994970858,3.475000349804759,0.0,False
2024-10-08,36.62499994970858,3.525000350549817,0.0,False
2024-10-09,36.774999951943755,3.425000349059701,0.0,True
2024-10-09,36.774999951943755,3.475000349804759,0.0,True
2024-10-09,36.7249999511987,3.425000349059701,0.0,True
2024-10-09,36.7249999511987,3.475000349804759,0.0,True
2024-10-09,36.7249999511987,3.525000350549817,0.0,True
2024-10-09,36.67499995045364,3.425000349059701,0.0,True
2024-10-09,36.67499995045364,3.475000349804759,0.0,True
2024-10-09,36.67499995045364,3.525000350549817,0.0,True
2024-10-09,36.62499994970858,3.475000349804759,0.0,True
2024-10-09,36.62499994970858,3.525000350549817,0.0,True
2024-10-10,36.774999951943755,3.425000349059701,3.42745304107666,False
2024-10-10,36.774999951943755,3.475000349804759,2.9273476600646973,False
2024-10-10,36.7249999511987,3.425000349059701,3.7620112895965576,True
2024-10-10,36.7249999511987,3.475000349804759,3.130622148513794,False
2024-10-10,36.7249999511987,3.525000350549817,2.6193041801452637,False
2024-10-10,36.67499995045364,3.425000349059701,3.710927724838257,False
2024-10-10,36.67499995045364,3.475000349804759,3.24985671043396,False
2024-10-10,36.67499995045364,3.525000350549817,2.526289463043213,False
2024-10-10,36.62499994970858,3.475000349804759,3.2935822010040283,False
2024-10-10,36.62499994970858,3.525000350549817,2.910271167755127,False
2024-10-11,36.774999951943755,3.425000349059701,0.0,True
2024-10-11,36.774999951943755,3.475000349804759,0.0,True
2024-10-11,36.7249999511987,3.425000349059701,0.0,True
2024-10-11,36.7249999511987,3.475000349804759,0.0,True
2024-10-11,36.7249999511987,3.525000350549817,0.0,True
2024-10-11,36.67499995045364,3.425000349059701,0.0,True
2024-10-11,36.67499995045364,3.475000349804759,0.0,True
2024-10-11,36.67499995045364,3.525000350549817,0.0,True
2024-10-11,36.62499994970858,3.475000349804759,0.0,True
2024-10-11,36.62499994970858,3.525000350549817,0.0,True
2024-10-12,36.774999951943755,3.425000349059701,0.0,True
2024-10-12,36.774999951943755,3.475000349804759,0.0,True
2024-10-12,36.7249999511987,3.425000349059701,0.0,True
2024-10-12,36.7249999511987,3.475000349804759,0.0,True
2024-10-12,36.7249999511987,3.525000350549817,0.0,True
2024-10-12,36.67499995045364,3.425000349059701,0.0,True
2024-10-12,36.67499995045364,3.475000349804759,0.0,True
2024-10-12,36.67499995045364,3.525000350549817,0.0,True
2024-10-12,36.62499994970858,3.475000349804759,0.0,True
2024-10-12,36.62499994970858,3.525000350549817,0.0,True
2024-10-13,36.774999951943755,3.425000349059701,0.0,True
2024-10-13,36.774999951943755,3.475000349804759,0.0,True
2024-10-13,36.7249999511987,3.425000349059701,0.0,True
2024-10-13,36.7249999511987,3.475000349804759,0.0,True
2024-10-13,36.7249999511987,3.525000350549817,0.0,True
2024-10-13,36.67499995045364,3.425000349059701,0.0,True
2024-10-13,36.67499995045364,3.475000349804759,0.0,True
2024-10-13,36.67499995045364,3.525000350549817,0.0,True
2024-10-13,36.62499994970858,3.475000349804759,0.0,True
2024-10-13,36.62499994970858,3.525000350549817,0.0,True
2024-10-14,36.774999951943755,3.425000349059701,0.0,True
2024-10-14,36.774999951943755,3.475000349804759,0.0,True
2024-10-14,36.7249999511987,3.425000349059701,0.0,True
2024-10-14,36.7249999511987,3.475000349804759,0.0,True
2024-10-14,36.7249999511987,3.525000350549817,0.0,True
2024-10-14,36.67499995045364,3.425000349059701,0.0,True
2024-10-14,36.67499995045364,3.475000349804759,0.0,True
2024-10-14,36.67499995045364,3.525000350549817,0.0,True
2024-10-14,36.62499994970858,3.475000349804759,0.0,True
2024-10-14,36.62499994970858,3.525000350549817,0.0,True
2024-10-15,36.774999951943755,3.425000349059701,7.741891860961914,False
2024-10-15,36.774999951943755,3.475000349804759,8.393132209777832,False
2024-10-15,36.7249999511987,3.425000349059701,8.513954162597656,False
2024-10-15,36.7249999511987,3.475000349804759,8.55970573425293,False
2024-10-15,36.7249999511987,3.525000350549817,7.600620269775391,False
2024-10-15,36.67499995045364,3.425000349059701,9.37298583984375,False
2024-10-15,36.67499995045364,3.475000349804759,8.801313400268555,False
2024-10-15,36.67499995045364,3.525000350549817,9.496344566345215,True
2024-10-15,36.62499994970858,3.475000349804759,7.764108180999756,False
2024-10-15,36.62499994970858,3.525000350549817,6.744938373565674,False
2024-10-16,36.774999951943755,3.425000349059701,0.0,True
2024-10-16,36.774999951943755,3.475000349804759,0.0,True
2024-10-16,36.7249999511987,3.425000349059701,0.0,True
2024-10-16,36.7249999511987,3.475000349804759,0.0,True
2024-10-16,36.7249999511987,3.525000350549817,0.0,True
2024-10-16,36.67499995045364,3.425000349059701,0.0,True
2024-10-16,36.67499995045364,3.475000349804759,0.0,True
2024-10-16,36.67499995045364,3.525000350549817,0.0,True
2024-10-16,36.62499994970858,3.475000349804759,0.0,True
2024-10-16,36.62499994970858,3.525000350549817,0.0,True
2024-10-17,36.774999951943755,3.425000349059701,0.0,True
2024-10-17,36.774999951943755,3.475000349804759,0.0,True
2024-10-17,36.7249999511987,3.425000349059701,0.0,True
2024-10-17,36.7249999511987,3.475000349804759,0.0,True
2024-10-17,36.7249999511987,3.525000350549817,0.0,True
2024-10-17,36.67499995045364,3.425000349059701,0.0,True
2024-10-17,36.67499995045364,3.475000349804759,0.0,True
2024-10-17,36.67499995045364,3.525000350549817,0.0,True
2024-10-17,36.62499994970858,3.475000349804759,0.0,True
2024-10-17,36.62499994970858,3.525000350549817,0.0,True
2024-10-18,36.774999951943755,3.425000349059701,0.0,True
2024-10-18,36.774999951943755,3.475000349804759,0.0,True
2024-10-18,36.7249999511987,3.425000349059701,0.0,True
2024-10-18,36.7249999511987,3.475000349804759,0.0,True
2024-10-18,36.7249999511987,3.525000350549817,0.0,True
2024-10-18,36.67499995045364,3.425000349059701,0.0,True
2024-10-18,36.67499995045364,3.475000349804759,0.0,True
2024-10-18,36.67499995045364,3.525000350549817,0.0,True
2024-10-18,36.62499994970858,3.475000349804759,0.0,True
2024-10-18,36.62499994970858,3.525000350549817,0.0,True
2024-10-19,36.774999951943755,3.425000349059701,0.0,True
2024-10-19,36.774999951943755,3.475000349804759,0.0,True
2024-10-19,36.7249999511987,3.425000349059701,0.0,True
2024-10-19,36.7249999511987,3.475000349804759,0.0,True
2024-10-19,36.7249999511987,3.525000350549817,0.0,True
2024-10-19,36.67499995045364,3.425000349059701,0.0,True
2024-10-19,36.67499995045364,3.475000349804759,0.0,True
2024-10-19,36.67499995045364,3.525000350549817,0.0,True
2024-10-19,36.62499994970858,3.475000349804759,0.0,True
2024-10-19,36.62499994970858,3.525000350549817,0.0,True
2024-10-20,36.774999951943755,3.425000349059701,0.0,True
2024-10-20,36.774999951943755,3.475000349804759,0.0,True
2024-10-20,36.7249999511987,3.425000349059701,0.0,True
2024-10-20,36.7249999511987,3.475000349804759,0.0,True
2024-10-20,36.7249999511987,3.525000350549817,0.0,True
2024-10-20,36.67499995045364,3.425000349059701,0.0,True
2024-10-20,36.67499995045364,3.475000349804759,0.0,True
2024-10-20,36.67499995045364,3.525000350549817,0.0,True
2024-10-20,36.62499994970858,3.475000349804759,0.0,True
2024-10-20,36.62499994970858,3.525000350549817,0.0,True
2024-10-21,36.774999951943755,3.425000349059701,0.0,True
2024-10-21,36.774999951943755,3.475000349804759,0.0,True
2024-10-21,36.7249999511987,3.425000349059701,0.0,True
2024-10-21,36.7249999511987,3.475000349804759,0.0,True
2024-10-21,36.7249999511987,3.525000350549817,0.0,True
2024-10-21,36.67499995045364,3.425000349059701,0.0,True
2024-10-21,36.67499995045364,3.475000349804759,0.0,True
2024-10-21,36.67499995045364,3.525000350549817,0.0,True
2024-10-21,36.62499994970858,3.475000349804759,0.0,True
2024-10-21,36.62499994970858,3.525000350549817,0.0,True
2024-10-22,36.774999951943755,3.425000349059701,0.0,True
2024-10-22,36.774999951943755,3.475000349804759,0.0,True
2024-10-22,36.7249999511987,3.425000349059701,0.0,True
2024-10-22,36.7249999511987,3.475000349804759,0.0,True
2024-10-22,36.7249999511987,3.525000350549817,0.0,True
2024-10-22,36.67499995045364,3.425000349059701,0.0,True
2024-10-22,36.67499995045364,3.475000349804759,0.0,True
2024-10-22,36.67499995045364,3.525000350549817,0.0,True
2024-10-22,36.62499994970858,3.475000349804759,0.0,True
2024-10-22,36.62499994970858,3.525000350549817,0.0,True
2024-10-23,36.774999951943755,3.425000349059701,0.0,True
2024-10-23,36.774999951943755,3.475000349804759,0.0,True
2024-10-23,36.7249999511987,3.425000349059701,0.0,True
2024-10-23,36.7249999511987,3.475000349804759,0.0,True
2024-10-23,36.7249999511987,3.525000350549817,0.0,True
2024-10-23,36.67499995045364,3.425000349059701,0.0,True
2024-10-23,36.67499995045364,3.475000349804759,0.0,True
2024-10-23,36.67499995045364,3.525000350549817,0.0,True
2024-10-23,36.62499994970858,3.475000349804759,0.0,True
2024-10-23,36.62499994970858,3.525000350549817,0.0,True
2024-10-24,36.774999951943755,3.425000349059701,0.0,True
2024-10-24,36.774999951943755,3.475000349804759,0.0,True
2024-10-24,36.7249999511987,3.425000349059701,0.0,True
2024-10-24,36.7249999511987,3.475000349804759,0.0,True
2024-10-24,36.7249999511987,3.525000350549817,0.0,True
2024-10-24,36.67499995045364,3.425000349059701,0.0,True
2024-10-24,36.67499995045364,3.475000349804759,0.0,True
2024-10-24,36.67499995045364,3.525000350549817,0.0,True
2024-10-24,36.62499994970858,3.475000349804759,0.0,True
2024-10-24,36.62499994970858,3.525000350549817,0.0,True
2024-10-25,36.774999951943755,3.425000349059701,0.0,False
2024-10-25,36.774999951943755,3.475000349804759,0.0,False
2024-10-25,36.7249999511987,3.425000349059701,0.0,False
2024-10-25,36.7249999511987,3.475000349804759,0.0,False
2024-10-25,36.7249999511987,3.525000350549817,8.304755210876465,True
2024-10-25,36.67499995045364,3.425000349059701,0.0,False
2024-10-25,36.67499995045364,3.475000349804759,0.0,False
2024-10-25,36.67499995045364,3.525000350549817,0.0,False
2024-10-25,36.62499994970858,3.475000349804759,8.073284149169922,False
2024-10-25,36.62499994970858,3.525000350549817,7.240565776824951,False
2024-10-26,36.774999951943755,3.425000349059701,0.0,True
2024-10-26,36.774999951943755,3.475000349804759,0.0,True
2024-10-26,36.7249999511987,3.425000349059701,0.0,True
2024-10-26,36.7249999511987,3.475000349804759,0.0,True
2024-10-26,36.7249999511987,3.525000350549817,0.0,True
2024-10-26,36.67499995045364,3.425000349059701,0.0,True
2024-10-26,36.67499995045364,3.475000349804759,0.0,True
2024-10-26,36.67499995045364,3.525000350549817,0.0,True
2024-10-26,36.62499994970858,3.475000349804759,0.0,True
2024-10-26,36.62499994970858,3.525000350549817,0.0,True
2024-10-27,36.774999951943755,3.425000349059701,8.920084953308105,False
2024-10-27,36.774999951943755,3.475000349804759,17.75324821472168,False
2024-10-27,36.7249999511987,3.425000349059701,20.46327018737793,False
2024-10-27,36.7249999511987,3.475000349804759,25.17672348022461,True
2024-10-27,36.7249999511987,3.525000350549817,21.677860260009766,False
2024-10-27,36.67499995045364,3.425000349059701,13.56557559967041,False
2024-10-27,36.67499995045364,3.475000349804759,8.04796028137207,False
2024-10-27,36.67499995045364,3.525000350549817,10.983343124389648,False
2024-10-27,36.62499994970858,3.475000349804759,4.475229263305664,False
2024-10-27,36.62499994970858,3.525000350549817,4.561180591583252,False
2024-10-28,36.774999951943755,3.425000349059701,0.0,True
2024-10-28,36.774999951943755,3.475000349804759,0.0,True
2024-10-28,36.7249999511987,3.425000349059701,0.0,True
2024-10-28,36.7249999511987,3.475000349804759,0.0,True
2024-10-28,36.7249999511987,3.525000350549817,0.0,True
2024-10-28,36.67499995045364,3.425000349059701,0.0,True
2024-10-28,36.67499995045364,3.475000349804759,0.0,True
2024-10-28,36.67499995045364,3.525000350549817,0.0,True
2024-10-28,36.62499994970858,3.475000349804759,0.0,True
2024-10-28,36.62499994970858,3.525000350549817,0.0,True
2024-10-29,36.774999951943755,3.425000349059701,8.920084953308105,False
2024-10-29,36.774999951943755,3.475000349804759,0.0,False
2024-10-29,36.7249999511987,3.425000349059701,0.0,False
2024-10-29,36.7249999511987,3.475000349804759,0.0,False
2024-10-29,36.7249999511987,3.525000350549817,0.0,False
2024-10-29,36.67499995045364,3.425000349059701,13.56557559967041,False
2024-10-29,36.67499995045364,3.475000349804759,24.14388084411621,True
2024-10-29,36.67499995045364,3.525000350549817,21.966686248779297,False
2024-10-29,36.62499994970858,3.475000349804759,22.37614631652832,False
2024-10-29,36.62499994970858,3.525000350549817,22.80590057373047,False
2024-10-30,36.774999951943755,3.425000349059701,0.0,True
2024-10-30,36.774999951943755,3.475000349804759,0.0,True
2024-10-30,36.7249999511987,3.425000349059701,0.0,True
2024-10-30,36.7249999511987,3.475000349804759,0.0,True
2024-10-30,36.7249999511987,3.525000350549817,0.0,True
2024-10-30,36.67499995045364,3.425000349059701,0.0,True
2024-10-30,36.67499995045364,3.475000349804759,0.0,True
2024-10-30,36.67499995045364,3.525000350549817,0.0,True
2024-10-30,36.62499994970858,3.475000349804759,0.0,True
2024-10-30,36.62499994970858,3.525000350549817,0.0,True
2024-10-31,36.774999951943755,3.425000349059701,0.0,True
2024-10-31,36.774999951943755,3.475000349804759,0.0,True
2024-10-31,36.7249999511987,3.425000349059701,0.0,True
2024-10-31,36.7249999511987,3.475000349804759,0.0,True
2024-10-31,36.7249999511987,3.525000350549817,0.0,True
2024-10-31,36.67499995045364,3.425000349059701,0.0,True
2024-10-31,36.67499995045364,3.475000349804759,0.0,True
2024-10-31,36.67499995045364,3.525000350549817,0.0,True
2024-10-31,36.62499994970858,3.475000349804759,0.0,True
2024-10-31,36.62499994970858,3.525000350549817,0.0,True
2024-11-01,36.774999951943755,3.425000349059701,0.0,False
2024-11-01,36.774999951943755,3.475000349804759,9.895556449890137,True
2024-11-01,36.7249999511987,3.425000349059701,8.745892524719238,False
2024-11-01,36.7249999511987,3.475000349804759,9.859230995178223,False
2024-11-01,36.7249999511987,3.525000350549817,9.887789726257324,False
2024-11-01,36.67499995045364,3.425000349059701,7.8228302001953125,False
2024-11-01,36.67499995045364,3.475000349804759,8.926982879638672,False
2024-11-01,36.67499995045364,3.525000350549817,9.18847942352295,False
2024-11-01,36.62499994970858,3.475000349804759,7.998463153839111,False
2024-11-01,36.62499994970858,3.525000350549817,8.242648124694824,False
2024-11-02,36.774999951943755,3.425000349059701,64.84651947021484,True
2024-11-02,36.774999951943755,3.475000349804759,0.0,False
2024-11-02,36.7249999511987,3.425000349059701,0.0,False
2024-11-02,36.7249999511987,3.475000349804759,0.0,False
2024-11-02,36.7249999511987,3.525000350549817,0.0,False
2024-11-02,36.67499995045364,3.425000349059701,0.0,False
2024-11-02,36.67499995045364,3.475000349804759,0.0,False
2024-11-02,36.67499995045364,3.525000350549817,0.0,False
2024-11-02,36.62499994970858,3.475000349804759,0.0,False
2024-11-02,36.62499994970858,3.525000350549817,0.0,False
2024-11-03,36.774999951943755,3.425000349059701,0.0,False
2024-11-03,36.774999951943755,3.475000349804759,2.0232090950012207,False
2024-11-03,36.7249999511987,3.425000349059701,2.024883985519409,False
2024-11-03,36.7249999511987,3.475000349804759,2.0393564701080322,True
2024-11-03,36.7249999511987,3.525000350549817,1.7883992195129395,False
2024-11-03,36.67499995045364,3.425000349059701,0.0,False
2024-11-03,36.67499995045364,3.475000349804759,0.0,False
2024-11-03,36.67499995045364,3.525000350549817,0.0,False
2024-11-03,36.62499994970858,3.475000349804759,0.0,False
2024-11-03,36.62499994970858,3.525000350549817,0.0,False
2024-11-04,36.774999951943755,3.425000349059701,0.0,False
2024-11-04,36.774999951943755,3.475000349804759,0.0,False
2024-11-04,36.7249999511987,3.425000349059701,0.0,False
2024-11-04,36.7249999511987,3.475000349804759,0.0,False
2024-11-04,36.7249999511987,3.525000350549817,2.261214256286621,False
2024-11-04,36.67499995045364,3.425000349059701,2.0436034202575684,False
2024-11-04,36.67499995045364,3.475000349804759,2.5383989810943604,False
2024-11-04,36.67499995045364,3.525000350549817,2.857532501220703,False
2024-11-04,36.62499994970858,3.475000349804759,3.014587163925171,True
2024-11-04,36.62499994970858,3.525000350549817,0.0,False
2024-11-05,36.774999951943755,3.425000349059701,0.0,True
2024-11-05,36.774999951943755,3.475000349804759,0.0,True
2024-11-05,36.7249999511987,3.425000349059701,0.0,True
2024-11-05,36.7249999511987,3.475000349804759,0.0,True
2024-11-05,36.7249999511987,3.525000350549817,0.0,True
2024-11-05,36.67499995045364,3.425000349059701,0.0,True
2024-11-05,36.67499995045364,3.475000349804759,0.0,True
2024-11-05,36.67499995045364,3.525000350549817,0.0,True
2024-11-05,36.62499994970858,3.475000349804759,0.0,True
2024-11-05,36.62499994970858,3.525000350549817,0.0,True
2024-11-06,36.774999951943755,3.425000349059701,0.0,True
2024-11-06,36.774999951943755,3.475000349804759,0.0,True
2024-11-06,36.7249999511987,3.425000349059701,0.0,True
2024-11-06,36.7249999511987,3.475000349804759,0.0,True
2024-11-06,36.7249999511987,3.525000350549817,0.0,True
2024-11-06,36.67499995045364,3.425000349059701,0.0,True
2024-11-06,36.67499995045364,3.475000349804759,0.0,True
2024-11-06,36.67499995045364,3.525000350549817,0.0,True
2024-11-06,36.62499994970858,3.475000349804759,0.0,True
2024-11-06,36.62499994970858,3.525000350549817,0.0,True
2024-11-07,36.774999951943755,3.425000349059701,0.0,True
2024-11-07,36.774999951943755,3.475000349804759,0.0,True
2024-11-07,36.7249999511987,3.425000349059701,0.0,True
2024-11-07,36.7249999511987,3.475000349804759,0.0,True
2024-11-07,36.7249999511987,3.525000350549817,0.0,True
2024-11-07,36.67499995045364,3.425000349059701,0.0,True
2024-11-07,36.67499995045364,3.475000349804759,0.0,True
2024-11-07,36.67499995045364,3.525000350549817,0.0,True
2024-11-07,36.62499994970858,3.475000349804759,0.0,True
2024-11-07,36.62499994970858,3.525000350549817,0.0,True
2024-11-08,36.774999951943755,3.425000349059701,0.0,True
2024-11-08,36.774999951943755,3.475000349804759,0.0,True
2024-11-08,36.7249999511987,3.425000349059701,0.0,True
2024-11-08,36.7249999511987,3.475000349804759,0.0,True
2024-11-08,36.7249999511987,3.525000350549817,0.0,True
2024-11-08,36.67499995045364,3.425000349059701,0.0,True
2024-11-08,36.67499995045364,3.475000349804759,0.0,True
2024-11-08,36.67499995045364,3.525000350549817,0.0,True
2024-11-08,36.62499994970858,3.475000349804759,0.0,True
2024-11-08,36.62499994970858,3.525000350549817,0.0,True
2024-11-09,36.774999951943755,3.425000349059701,0.0,True
2024-11-09,36.774999951943755,3.475000349804759,0.0,True
2024-11-09,36.7249999511987,3.425000349059701,0.0,True
2024-11-09,36.7249999511987,3.475000349804759,0.0,True
2024-11-09,36.7249999511987,3.525000350549817,0.0,True
2024-11-09,36.67499995045364,3.425000349059701,0.0,True
2024-11-09,36.67499995045364,3.475000349804759,0.0,True
2024-11-09,36.67499995045364,3.525000350549817,0.0,True
2024-11-09,36.62499994970858,3.475000349804759,0.0,True
2024-11-09,36.62499994970858,3.525000350549817,0.0,True
2024-11-10,36.774999951943755,3.425000349059701,0.0,False
2024-11-10,36.774999951943755,3.475000349804759,11.400297164916992,False
2024-11-10,36.7249999511987,3.425000349059701,14.965717315673828,False
2024-11-10,36.7249999511987,3.475000349804759,14.82735538482666,False
2024-11-10,36.7249999511987,3.525000350549817,15.002629280090332,False
2024-11-10,36.67499995045364,3.425000349059701,14.842209815979004,False
2024-11-10,36.67499995045364,3.475000349804759,15.012709617614746,True
2024-11-10,36.67499995045364,3.525000350549817,14.604695320129395,False
2024-11-10,36.62499994970858,3.475000349804759,13.780314445495605,False
2024-11-10,36.62499994970858,3.525000350549817,14.437277793884277,False
2024-11-11,36.774999951943755,3.425000349059701,0.0,False
2024-11-11,36.774999951943755,3.475000349804759,9.893977165222168,False
2024-11-11,36.7249999511987,3.425000349059701,11.49926471710205,False
2024-11-11,36.7249999511987,3.475000349804759,11.337742805480957,False
2024-11-11,36.7249999511987,3.525000350549817,11.574769020080566,True
2024-11-11,36.67499995045364,3.425000349059701,10.805699348449707,False
2024-11-11,36.67499995045364,3.475000349804759,10.863286018371582,False
2024-11-11,36.67499995045364,3.525000350549817,11.300332069396973,False
2024-11-11,36.62499994970858,3.475000349804759,9.991985321044922,False
2024-11-11,36.62499994970858,3.525000350549817,10.566194534301758,False
2024-11-12,36.774999951943755,3.425000349059701,0.0,True
2024-11-12,36.774999951943755,3.475000349804759,0.0,True
2024-11-12,36.7249999511987,3.425000349059701,0.0,True
2024-11-12,36.7249999511987,3.475000349804759,0.0,True
2024-11-12,36.7249999511987,3.525000350549817,0.0,True
2024-11-12,36.67499995045364,3.425000349059701,0.0,True
2024-11-12,36.67499995045364,3.475000349804759,0.0,True
2024-11-12,36.67499995045364,3.525000350549817,0.0,True
2024-11-12,36.62499994970858,3.475000349804759,0.0,True
2024-11-12,36.62499994970858,3.525000350549817,0.0,True
2024-11-13,36.774999951943755,3.425000349059701,0.0,True
2024-11-13,36.774999951943755,3.475000349804759,0.0,True
2024-11-13,36.7249999511987,3.425000349059701,0.0,True
2024-11-13,36.7249999511987,3.475000349804759,0.0,True
2024-11-13,36.7249999511987,3.525000350549817,0.0,True
2024-11-13,36.67499995045364,3.425000349059701,0.0,True
2024-11-13,36.67499995045364,3.475000349804759,0.0,True
2024-11-13,36.67499995045364,3.525000350549817,0.0,True
2024-11-13,36.62499994970858,3.475000349804759,0.0,True
2024-11-13,36.62499994970858,3.525000350549817,0.0,True
2024-11-14,36.774999951943755,3.425000349059701,0.0,True
2024-11-14,36.774999951943755,3.475000349804759,0.0,True
2024-11-14,36.7249999511987,3.425000349059701,0.0,True
2024-11-14,36.7249999511987,3.475000349804759,0.0,True
2024-11-14,36.7249999511987,3.525000350549817,0.0,True
2024-11-14,36.67499995045364,3.425000349059701,0.0,True
2024-11-14,36.67499995045364,3.475000349804759,0.0,True
2024-11-14,36.67499995045364,3.525000350549817,0.0,True
2024-11-14,36.62499994970858,3.475000349804759,0.0,True
2024-11-14,36.62499994970858,3.525000350549817,0.0,True
2024-11-15,36.774999951943755,3.425000349059701,0.0,True
2024-11-15,36.774999951943755,3.475000349804759,0.0,True
2024-11-15,36.7249999511987,3.425000349059701,0.0,True
2024-11-15,36.7249999511987,3.475000349804759,0.0,True
2024-11-15,36.7249999511987,3.525000350549817,0.0,True
2024-11-15,36.67499995045364,3.425000349059701,0.0,True
2024-11-15,36.67499995045364,3.475000349804759,0.0,True
2024-11-15,36.67499995045364,3.525000350549817,0.0,True
2024-11-15,36.62499994970858,3.475000349804759,0.0,True
2024-11-15,36.62499994970858,3.525000350549817,0.0,True
2024-11-16,36.774999951943755,3.425000349059701,0.0,True
2024-11-16,36.774999951943755,3.475000349804759,0.0,True
2024-11-16,36.7249999511987,3.425000349059701,0.0,True
2024-11-16,36.7249999511987,3.475000349804759,0.0,True
2024-11-16,36.7249999511987,3.525000350549817,0.0,True
2024-11-16,36.67499995045364,3.425000349059701,0.0,True
2024-11-16,36.67499995045364,3.475000349804759,0.0,True
2024-11-16,36.67499995045364,3.525000350549817,0.0,True
2024-11-16,36.62499994970858,3.475000349804759,0.0,True
2024-11-16,36.62499994970858,3.525000350549817,0.0,True
2024-11-17,36.774999951943755,3.425000349059701,0.0,True
2024-11-17,36.774999951943755,3.475000349804759,0.0,True
2024-11-17,36.7249999511987,3.425000349059701,0.0,True
2024-11-17,36.7249999511987,3.475000349804759,0.0,True
2024-11-17,36.7249999511987,3.525000350549817,0.0,True
2024-11-17,36.67499995045364,3.425000349059701,0.0,True
2024-11-17,36.67499995045364,3.475000349804759,0.0,True
2024-11-17,36.67499995045364,3.525000350549817,0.0,True
2024-11-17,36.62499994970858,3.475000349804759,0.0,True
2024-11-17,36.62499994970858,3.525000350549817,0.0,True
2024-11-18,36.774999951943755,3.425000349059701,0.0,True
2024-11-18,36.774999951943755,3.475000349804759,0.0,True
2024-11-18,36.7249999511987,3.425000349059701,0.0,True
2024-11-18,36.7249999511987,3.475000349804759,0.0,True
2024-11-18,36.7249999511987,3.525000350549817,0.0,True
2024-11-18,36.67499995045364,3.425000349059701,0.0,True
2024-11-18,36.67499995045364,3.475000349804759,0.0,True
2024-11-18,36.67499995045364,3.525000350549817,0.0,True
2024-11-18,36.62499994970858,3.475000349804759,0.0,True
2024-11-18,36.62499994970858,3.525000350549817,0.0,True
2024-11-19,36.774999951943755,3.425000349059701,0.0,False
2024-11-19,36.774999951943755,3.475000349804759,3.724881887435913,False
2024-11-19,36.7249999511987,3.425000349059701,4.297398567199707,False
2024-11-19,36.7249999511987,3.475000349804759,4.540378570556641,False
2024-11-19,36.7249999511987,3.525000350549817,5.252470970153809,False
2024-11-19,36.67499995045364,3.425000349059701,4.596829414367676,False
2024-11-19,36.67499995045364,3.475000349804759,5.250326156616211,False
2024-11-19,36.67499995045364,3.525000350549817,5.759158134460449,True
2024-11-19,36.62499994970858,3.475000349804759,5.1943793296813965,False
2024-11-19,36.62499994970858,3.525000350549817,5.529856204986572,False
2024-11-20,36.774999951943755,3.425000349059701,0.0,False
2024-11-20,36.774999951943755,3.475000349804759,9.761307716369629,False
2024-11-20,36.7249999511987,3.425000349059701,10.345780372619629,False
2024-11-20,36.7249999511987,3.475000349804759,11.017125129699707,False
2024-11-20,36.7249999511987,3.525000350549817,12.74341869354248,True
2024-11-20,36.67499995045364,3.425000349059701,10.055658340454102,False
2024-11-20,36.67499995045364,3.475000349804759,11.57321834564209,False
2024-11-20,36.67499995045364,3.525000350549817,12.704394340515137,False
2024-11-20,36.62499994970858,3.475000349804759,10.113837242126465,False
2024-11-20,36.62499994970858,3.525000350549817,10.770187377929688,False
2024-11-21,36.774999951943755,3.425000349059701,0.0,True
2024-11-21,36.774999951943755,3.475000349804759,0.0,True
2024-11-21,36.7249999511987,3.425000349059701,0.0,True
2024-11-21,36.7249999511987,3.475000349804759,0.0,True
2024-11-21,36.7249999511987,3.525000350549817,0.0,True
2024-11-21,36.67499995045364,3.425000349059701,0.0,True
2024-11-21,36.67499995045364,3.475000349804759,0.0,True
2024-11-21,36.67499995045364,3.525000350549817,0.0,True
2024-11-21,36.62499994970858,3.475000349804759,0.0,True
2024-11-21,36.62499994970858,3.525000350549817,0.0,True
2024-11-22,36.774999951943755,3.425000349059701,0.0,False
2024-11-22,36.774999951943755,3.475000349804759,10.638829231262207,False
2024-11-22,36.7249999511987,3.425000349059701,11.559133529663086,False
2024-11-22,36.7249999511987,3.475000349804759,12.2311429977417,False
2024-11-22,36.7249999511987,3.525000350549817,12.578713417053223,True
2024-11-22,36.67499995045364,3.425000349059701,10.891098976135254,False
2024-11-22,36.67499995045364,3.475000349804759,11.727757453918457,False
2024-11-22,36.67499995045364,3.525000350549817,12.177621841430664,False
2024-11-22,36.62499994970858,3.475000349804759,10.702324867248535,False
2024-11-22,36.62499994970858,3.525000350549817,11.391345024108887,False
2024-11-23,36.774999951943755,3.425000349059701,0.0,True
2024-11-23,36.774999951943755,3.475000349804759,0.0,True
2024-11-23,36.7249999511987,3.425000349059701,0.0,True
2024-11-23,36.7249999511987,3.475000349804759,0.0,True
2024-11-23,36.7249999511987,3.525000350549817,0.0,True
2024-11-23,36.67499995045364,3.425000349059701,0.0,True
2024-11-23,36.67499995045364,3.475000349804759,0.0,True
2024-11-23,36.67499995045364,3.525000350549817,0.0,True
2024-11-23,36.62499994970858,3.475000349804759,0.0,True
2024-11-23,36.62499994970858,3.525000350549817,0.0,True
2024-11-24,36.774999951943755,3.425000349059701,0.0,True
2024-11-24,36.774999951943755,3.475000349804759,0.0,True
2024-11-24,36.7249999511987,3.425000349059701,0.0,True
2024-11-24,36.7249999511987,3.475000349804759,0.0,True
2024-11-24,36.7249999511987,3.525000350549817,0.0,True
2024-11-24,36.67499995045364,3.425000349059701,0.0,True
2024-11-24,36.67499995045364,3.475000349804759,0.0,True
2024-11-24,36.67499995045364,3.525000350549817,0.0,True
2024-11-24,36.62499994970858,3.475000349804759,0.0,True
2024-11-24,36.62499994970858,3.525000350549817,0.0,True
2024-11-25,36.774999951943755,3.425000349059701,0.0,True
2024-11-25,36.774999951943755,3.475000349804759,0.0,True
2024-11-25,36.7249999511987,3.425000349059701,0.0,True
2024-11-25,36.7249999511987,3.475000349804759,0.0,True
2024-11-25,36.7249999511987,3.525000350549817,0.0,True
2024-11-25,36.67499995045364,3.425000349059701,0.0,True
2024-11-25,36.67499995045364,3.475000349804759,0.0,True
2024-11-25,36.67499995045364,3.525000350549817,0.0,True
2024-11-25,36.62499994970858,3.475000349804759,0.0,True
2024-11-25,36.62499994970858,3.525000350549817,0.0,True
2024-11-26,36.774999951943755,3.425000349059701,0.0,True
2024-11-26,36.774999951943755,3.475000349804759,0.0,True
2024-11-26,36.7249999511987,3.425000349059701,0.0,True
2024-11-26,36.7249999511987,3.475000349804759,0.0,True
2024-11-26,36.7249999511987,3.525000350549817,0.0,True
2024-11-26,36.67499995045364,3.425000349059701,0.0,True
2024-11-26,36.67499995045364,3.475000349804759,0.0,True
2024-11-26,36.67499995045364,3.525000350549817,0.0,True
2024-11-26,36.62499994970858,3.475000349804759,0.0,True
2024-11-26,36.62499994970858,3.525000350549817,0.0,True
2024-11-27,36.774999951943755,3.425000349059701,0.0,False
2024-11-27,36.774999951943755,3.475000349804759,11.011329650878906,False
2024-11-27,36.7249999511987,3.425000349059701,11.575791358947754,False
2024-11-27,36.7249999511987,3.475000349804759,12.056235313415527,False
2024-11-27,36.7249999511987,3.525000350549817,12.27370834350586,True
2024-11-27,36.67499995045364,3.425000349059701,10.482921600341797,False
2024-11-27,36.67499995045364,3.475000349804759,10.973535537719727,False
2024-11-27,36.67499995045364,3.525000350549817,11.162135124206543,False
2024-11-27,36.62499994970858,3.475000349804759,9.094293594360352,False
2024-11-27,36.62499994970858,3.525000350549817,9.259407043457031,False
2024-11-28,36.774999951943755,3.425000349059701,0.0,False
2024-11-28,36.774999951943755,3.475000349804759,0.0,False
2024-11-28,36.7249999511987,3.425000349059701,0.0,False
2024-11-28,36.7249999511987,3.475000349804759,0.0,False
2024-11-28,36.7249999511987,3.525000350549817,0.0,False
2024-11-28,36.67499995045364,3.425000349059701,0.0,False
2024-11-28,36.67499995045364,3.475000349804759,0.0,False
2024-11-28,36.67499995045364,3.525000350549817,2.3134467601776123,False
2024-11-28,36.62499994970858,3.475000349804759,0.0,False
2024-11-28,36.62499994970858,3.525000350549817,3.5331149101257324,True
2024-11-29,36.774999951943755,3.425000349059701,0.0,True
2024-11-29,36.774999951943755,3.475000349804759,0.0,True
2024-11-29,36.7249999511987,3.425000349059701,0.0,True
2024-11-29,36.7249999511987,3.475000349804759,0.0,True
2024-11-29,36.7249999511987,3.525000350549817,0.0,True
2024-11-29,36.67499995045364,3.425000349059701,0.0,True
2024-11-29,36.67499995045364,3.475000349804759,0.0,True
2024-11-29,36.67499995045364,3.525000350549817,0.0,True
2024-11-29,36.62499994970858,3.475000349804759,0.0,True
2024-11-29,36.62499994970858,3.525000350549817,0.0,True
2024-11-30,36.774999951943755,3.425000349059701,0.0,True
2024-11-30,36.774999951943755,3.475000349804759,0.0,True
2024-11-30,36.7249999511987,3.425000349059701,0.0,True
2024-11-30,36.7249999511987,3.475000349804759,0.0,True
2024-11-30,36.7249999511987,3.525000350549817,0.0,True
2024-11-30,36.67499995045364,3.425000349059701,0.0,True
2024-11-30,36.67499995045364,3.475000349804759,0.0,True
2024-11-30,36.67499995045364,3.525000350549817,0.0,True
2024-11-30,36.62499994970858,3.475000349804759,0.0,True
2024-11-30,36.62499994970858,3.525000350549817,0.0,True
2024-12-01,36.774999951943755,3.425000349059701,0.0,True
2024-12-01,36.774999951943755,3.475000349804759,0.0,True
2024-12-01,36.7249999511987,3.425000349059701,0.0,True
2024-12-01,36.7249999511987,3.475000349804759,0.0,True
2024-12-01,36.7249999511987,3.525000350549817,0.0,True
2024-12-01,36.67499995045364,3.425000349059701,0.0,True
2024-12-01,36.67499995045364,3.475000349804759,0.0,True
2024-12-01,36.67499995045364,3.525000350549817,0.0,True
2024-12-01,36.62499994970858,3.475000349804759,0.0,True
2024-12-01,36.62499994970858,3.525000350549817,0.0,True
2024-12-02,36.774999951943755,3.425000349059701,0.0,True
2024-12-02,36.774999951943755,3.475000349804759,0.0,True
2024-12-02,36.7249999511987,3.425000349059701,0.0,True
2024-12-02,36.7249999511987,3.475000349804759,0.0,True
2024-12-02,36.7249999511987,3.525000350549817,0.0,True
2024-12-02,36.67499995045364,3.425000349059701,0.0,True
2024-12-02,36.67499995045364,3.475000349804759,0.0,True
2024-12-02,36.67499995045364,3.525000350549817,0.0,True
2024-12-02,36.62499994970858,3.475000349804759,0.0,True
2024-12-02,36.62499994970858,3.525000350549817,0.0,True
2024-12-03,36.774999951943755,3.425000349059701,0.0,True
2024-12-03,36.774999951943755,3.475000349804759,0.0,True
2024-12-03,36.7249999511987,3.425000349059701,0.0,True
2024-12-03,36.7249999511987,3.475000349804759,0.0,True
2024-12-03,36.7249999511987,3.525000350549817,0.0,True
2024-12-03,36.67499995045364,3.425000349059701,0.0,True
2024-12-03,36.67499995045364,3.475000349804759,0.0,True
2024-12-03,36.67499995045364,3.525000350549817,0.0,True
2024-12-03,36.62499994970858,3.475000349804759,0.0,True
2024-12-03,36.62499994970858,3.525000350549817,0.0,True
2024-12-04,36.774999951943755,3.425000349059701,54.743656158447266,False
2024-12-04,36.774999951943755,3.475000349804759,58.26178741455078,False
2024-12-04,36.7249999511987,3.425000349059701,60.03742980957031,False
2024-12-04,36.7249999511987,3.475000349804759,63.57379150390625,False
2024-12-04,36.7249999511987,3.525000350549817,69.96453094482422,True
2024-12-04,36.67499995045364,3.425000349059701,59.42340850830078,False
2024-12-04,36.67499995045364,3.475000349804759,62.47287368774414,False
2024-12-04,36.67499995045364,3.525000350549817,65.57368469238281,False
2024-12-04,36.62499994970858,3.475000349804759,58.45738220214844,False
2024-12-04,36.62499994970858,3.525000350549817,62.19965362548828,False
2024-12-05,36.774999951943755,3.425000349059701,0.0,True
2024-12-05,36.774999951943755,3.475000349804759,0.0,True
2024-12-05,36.7249999511987,3.425000349059701,0.0,True
2024-12-05,36.7249999511987,3.475000349804759,0.0,True
2024-12-05,36.7249999511987,3.525000350549817,0.0,True
2024-12-05,36.67499995045364,3.425000349059701,0.0,True
2024-12-05,36.67499995045364,3.475000349804759,0.0,True
2024-12-05,36.67499995045364,3.525000350549817,0.0,True
2024-12-05,36.62499994970858,3.475000349804759,0.0,True
2024-12-05,36.62499994970858,3.525000350549817,0.0,True
2024-12-06,36.774999951943755,3.425000349059701,0.0,True
2024-12-06,36.774999951943755,3.475000349804759,0.0,True
2024-12-06,36.7249999511987,3.425000349059701,0.0,True
2024-12-06,36.7249999511987,3.475000349804759,0.0,True
2024-12-06,36.7249999511987,3.525000350549817,0.0,True
2024-12-06,36.67499995045364,3.425000349059701,0.0,True
2024-12-06,36.67499995045364,3.475000349804759,0.0,True
2024-12-06,36.67499995045364,3.525000350549817,0.0,True
2024-12-06,36.62499994970858,3.475000349804759,0.0,True
2024-12-06,36.62499994970858,3.525000350549817,0.0,True
2024-12-07,36.774999951943755,3.425000349059701,0.0,True
2024-12-07,36.774999951943755,3.475000349804759,0.0,True
2024-12-07,36.7249999511987,3.425000349059701,0.0,True
2024-12-07,36.7249999511987,3.475000349804759,0.0,True
2024-12-07,36.7249999511987,3.525000350549817,0.0,True
2024-12-07,36.67499995045364,3.425000349059701,0.0,True
2024-12-07,36.67499995045364,3.475000349804759,0.0,True
2024-12-07,36.67499995045364,3.525000350549817,0.0,True
2024-12-07,36.62499994970858,3.475000349804759,0.0,True
2024-12-07,36.62499994970858,3.525000350549817,0.0,True
2024-12-08,36.774999951943755,3.425000349059701,0.0,True
2024-12-08,36.774999951943755,3.475000349804759,0.0,True
2024-12-08,36.7249999511987,3.425000349059701,0.0,True
2024-12-08,36.7249999511987,3.475000349804759,0.0,True
2024-12-08,36.7249999511987,3.525000350549817,0.0,True
2024-12-08,36.67499995045364,3.425000349059701,0.0,True
2024-12-08,36.67499995045364,3.475000349804759,0.0,True
2024-12-08,36.67499995045364,3.525000350549817,0.0,True
2024-12-08,36.62499994970858,3.475000349804759,0.0,True
2024-12-08,36.62499994970858,3.525000350549817,0.0,True
2024-12-09,36.774999951943755,3.425000349059701,0.0,True
2024-12-09,36.774999951943755,3.475000349804759,0.0,True
2024-12-09,36.7249999511987,3.425000349059701,0.0,True
2024-12-09,36.7249999511987,3.475000349804759,0.0,True
2024-12-09,36.7249999511987,3.525000350549817,0.0,True
2024-12-09,36.67499995045364,3.425000349059701,0.0,True
2024-12-09,36.67499995045364,3.475000349804759,0.0,True
2024-12-09,36.67499995045364,3.525000350549817,0.0,True
2024-12-09,36.62499994970858,3.475000349804759,0.0,True
2024-12-09,36.62499994970858,3.525000350549817,0.0,True
2024-12-10,36.774999951943755,3.425000349059701,0.0,True
2024-12-10,36.774999951943755,3.475000349804759,0.0,True
2024-12-10,36.7249999511987,3.425000349059701,0.0,True
2024-12-10,36.7249999511987,3.475000349804759,0.0,True
2024-12-10,36.7249999511987,3.525000350549817,0.0,True
2024-12-10,36.67499995045364,3.425000349059701,0.0,True
2024-12-10,36.67499995045364,3.475000349804759,0.0,True
2024-12-10,36.67499995045364,3.525000350549817,0.0,True
2024-12-10,36.62499994970858,3.475000349804759,0.0,True
2024-12-10,36.62499994970858,3.525000350549817,0.0,True
2024-12-11,36.774999951943755,3.425000349059701,0.0,True
2024-12-11,36.774999951943755,3.475000349804759,0.0,True
2024-12-11,36.7249999511987,3.425000349059701,0.0,True
2024-12-11,36.7249999511987,3.475000349804759,0.0,True
2024-12-11,36.7249999511987,3.525000350549817,0.0,True
2024-12-11,36.67499995045364,3.425000349059701,0.0,True
2024-12-11,36.67499995045364,3.475000349804759,0.0,True
2024-12-11,36.67499995045364,3.525000350549817,0.0,True
2024-12-11,36.62499994970858,3.475000349804759,0.0,True
2024-12-11,36.62499994970858,3.525000350549817,0.0,True
2024-12-12,36.774999951943755,3.425000349059701,0.0,True
2024-12-12,36.774999951943755,3.475000349804759,0.0,True
2024-12-12,36.7249999511987,3.425000349059701,0.0,True
2024-12-12,36.7249999511987,3.475000349804759,0.0,True
2024-12-12,36.7249999511987,3.525000350549817,0.0,True
2024-12-12,36.67499995045364,3.425000349059701,0.0,True
2024-12-12,36.67499995045364,3.475000349804759,0.0,True
2024-12-12,36.67499995045364,3.525000350549817,0.0,True
2024-12-12,36.62499994970858,3.475000349804759,0.0,True
2024-12-12,36.62499994970858,3.525000350549817,0.0,True
2024-12-13,36.774999951943755,3.425000349059701,0.0,True
2024-12-13,36.774999951943755,3.475000349804759,0.0,True
2024-12-13,36.7249999511987,3.425000349059701,0.0,True
2024-12-13,36.7249999511987,3.475000349804759,0.0,True
2024-12-13,36.7249999511987,3.525000350549817,0.0,True
2024-12-13,36.67499995045364,3.425000349059701,0.0,True
2024-12-13,36.67499995045364,3.475000349804759,0.0,True
2024-12-13,36.67499995045364,3.525000350549817,0.0,True
2024-12-13,36.62499994970858,3.475000349804759,0.0,True
2024-12-13,36.62499994970858,3.525000350549817,0.0,True
2024-12-14,36.774999951943755,3.425000349059701,0.0,True
2024-12-14,36.774999951943755,3.475000349804759,0.0,True
2024-12-14,36.7249999511987,3.425000349059701,0.0,True
2024-12-14,36.7249999511987,3.475000349804759,0.0,True
2024-12-14,36.7249999511987,3.525000350549817,0.0,True
2024-12-14,36.67499995045364,3.425000349059701,0.0,True
2024-12-14,36.67499995045364,3.475000349804759,0.0,True
2024-12-14,36.67499995045364,3.525000350549817,0.0,True
2024-12-14,36.62499994970858,3.475000349804759,0.0,True
2024-12-14,36.62499994970858,3.525000350549817,0.0,True
2024-12-15,36.774999951943755,3.425000349059701,0.0,True
2024-12-15,36.774999951943755,3.475000349804759,0.0,True
2024-12-15,36.7249999511987,3.425000349059701,0.0,True
2024-12-15,36.7249999511987,3.475000349804759,0.0,True
2024-12-15,36.7249999511987,3.525000350549817,0.0,True
2024-12-15,36.67499995045364,3.425000349059701,0.0,True
2024-12-15,36.67499995045364,3.475000349804759,0.0,True
2024-12-15,36.67499995045364,3.525000350549817,0.0,True
2024-12-15,36.62499994970858,3.475000349804759,0.0,True
2024-12-15,36.62499994970858,3.525000350549817,0.0,True
2024-12-16,36.774999951943755,3.425000349059701,0.0,True
2024-12-16,36.774999951943755,3.475000349804759,0.0,True
2024-12-16,36.7249999511987,3.425000349059701,0.0,True
2024-12-16,36.7249999511987,3.475000349804759,0.0,True
2024-12-16,36.7249999511987,3.525000350549817,0.0,True
2024-12-16,36.67499995045364,3.425000349059701,0.0,True
2024-12-16,36.67499995045364,3.475000349804759,0.0,True
2024-12-16,36.67499995045364,3.525000350549817,0.0,True
2024-12-16,36.62499994970858,3.475000349804759,0.0,True
2024-12-16,36.62499994970858,3.525000350549817,0.0,True
2024-12-17,36.774999951943755,3.425000349059701,0.0,True
2024-12-17,36.774999951943755,3.475000349804759,0.0,True
2024-12-17,36.7249999511987,3.425000349059701,0.0,True
2024-12-17,36.7249999511987,3.475000349804759,0.0,True
2024-12-17,36.7249999511987,3.525000350549817,0.0,True
2024-12-17,36.67499995045364,3.425000349059701,0.0,True
2024-12-17,36.67499995045364,3.475000349804759,0.0,True
2024-12-17,36.67499995045364,3.525000350549817,0.0,True
2024-12-17,36.62499994970858,3.475000349804759,0.0,True
2024-12-17,36.62499994970858,3.525000350549817,0.0,True
2024-12-18,36.774999951943755,3.425000349059701,0.0,True
2024-12-18,36.774999951943755,3.475000349804759,0.0,True
2024-12-18,36.7249999511987,3.425000349059701,0.0,True
2024-12-18,36.7249999511987,3.475000349804759,0.0,True
2024-12-18,36.7249999511987,3.525000350549817,0.0,True
2024-12-18,36.67499995045364,3.425000349059701,0.0,True
2024-12-18,36.67499995045364,3.475000349804759,0.0,True
2024-12-18,36.67499995045364,3.525000350549817,0.0,True
2024-12-18,36.62499994970858,3.475000349804759,0.0,True
2024-12-18,36.62499994970858,3.525000350549817,0.0,True
2024-12-19,36.774999951943755,3.425000349059701,0.0,True
2024-12-19,36.774999951943755,3.475000349804759,0.0,True
2024-12-19,36.7249999511987,3.425000349059701,0.0,True
2024-12-19,36.7249999511987,3.475000349804759,0.0,True
2024-12-19,36.7249999511987,3.525000350549817,0.0,True
2024-12-19,36.67499995045364,3.425000349059701,0.0,True
2024-12-19,36.67499995045364,3.475000349804759,0.0,True
2024-12-19,36.67499995045364,3.525000350549817,0.0,True
2024-12-19,36.62499994970858,3.475000349804759,0.0,True
2024-12-19,36.62499994970858,3.525000350549817,0.0,True
2024-12-20,36.774999951943755,3.425000349059701,0.0,True
2024-12-20,36.774999951943755,3.475000349804759,0.0,True
2024-12-20,36.7249999511987,3.425000349059701,0.0,True
2024-12-20,36.7249999511987,3.475000349804759,0.0,True
2024-12-20,36.7249999511987,3.525000350549817,0.0,True
2024-12-20,36.67499995045364,3.425000349059701,0.0,True
2024-12-20,36.67499995045364,3.475000349804759,0.0,True
2024-12-20,36.67499995045364,3.525000350549817,0.0,True
2024-12-20,36.62499994970858,3.475000349804759,0.0,True
2024-12-20,36.62499994970858,3.525000350549817,0.0,True
2024-12-21,36.774999951943755,3.425000349059701,0.0,True
2024-12-21,36.774999951943755,3.475000349804759,0.0,True
2024-12-21,36.7249999511987,3.425000349059701,0.0,True
2024-12-21,36.7249999511987,3.475000349804759,0.0,True
2024-12-21,36.7249999511987,3.525000350549817,0.0,True
2024-12-21,36.67499995045364,3.425000349059701,0.0,True
2024-12-21,36.67499995045364,3.475000349804759,0.0,True
2024-12-21,36.67499995045364,3.525000350549817,0.0,True
2024-12-21,36.62499994970858,3.475000349804759,0.0,True
2024-12-21,36.62499994970858,3.525000350549817,0.0,True
2024-12-22,36.774999951943755,3.425000349059701,0.0,True
2024-12-22,36.774999951943755,3.475000349804759,0.0,True
2024-12-22,36.7249999511987,3.425000349059701,0.0,True
2024-12-22,36.7249999511987,3.475000349804759,0.0,True
2024-12-22,36.7249999511987,3.525000350549817,0.0,True
2024-12-22,36.67499995045364,3.425000349059701,0.0,True
2024-12-22,36.67499995045364,3.475000349804759,0.0,True
2024-12-22,36.67499995045364,3.525000350549817,0.0,True
2024-12-22,36.62499994970858,3.475000349804759,0.0,True
2024-12-22,36.62499994970858,3.525000350549817,0.0,True
2024-12-23,36.774999951943755,3.425000349059701,0.0,True
2024-12-23,36.774999951943755,3.475000349804759,0.0,True
2024-12-23,36.7249999511987,3.425000349059701,0.0,True
2024-12-23,36.7249999511987,3.475000349804759,0.0,True
2024-12-23,36.7249999511987,3.525000350549817,0.0,True
2024-12-23,36.67499995045364,3.425000349059701,0.0,True
2024-12-23,36.67499995045364,3.475000349804759,0.0,True
2024-12-23,36.67499995045364,3.525000350549817,0.0,True
2024-12-23,36.62499994970858,3.475000349804759,0.0,True
2024-12-23,36.62499994970858,3.525000350549817,0.0,True
2024-12-24,36.774999951943755,3.425000349059701,0.0,True
2024-12-24,36.774999951943755,3.475000349804759,0.0,True
2024-12-24,36.7249999511987,3.425000349059701,0.0,True
2024-12-24,36.7249999511987,3.475000349804759,0.0,True
2024-12-24,36.7249999511987,3.525000350549817,0.0,True
2024-12-24,36.67499995045364,3.425000349059701,0.0,True
2024-12-24,36.67499995045364,3.475000349804759,0.0,True
2024-12-24,36.67499995045364,3.525000350549817,0.0,True
2024-12-24,36.62499994970858,3.475000349804759,0.0,True
2024-12-24,36.62499994970858,3.525000350549817,0.0,True
2024-12-25,36.774999951943755,3.425000349059701,0.0,True
2024-12-25,36.774999951943755,3.475000349804759,0.0,True
2024-12-25,36.7249999511987,3.425000349059701,0.0,True
2024-12-25,36.7249999511987,3.475000349804759,0.0,True
2024-12-25,36.7249999511987,3.525000350549817,0.0,True
2024-12-25,36.67499995045364,3.425000349059701,0.0,True
2024-12-25,36.67499995045364,3.475000349804759,0.0,True
2024-12-25,36.67499995045364,3.525000350549817,0.0,True
2024-12-25,36.62499994970858,3.475000349804759,0.0,True
2024-12-25,36.62499994970858,3.525000350549817,0.0,True
2024-12-26,36.774999951943755,3.425000349059701,0.0,True
2024-12-26,36.774999951943755,3.475000349804759,0.0,True
2024-12-26,36.7249999511987,3.425000349059701,0.0,True
2024-12-26,36.7249999511987,3.475000349804759,0.0,True
2024-12-26,36.7249999511987,3.525000350549817,0.0,True
2024-12-26,36.67499995045364,3.425000349059701,0.0,True
2024-12-26,36.67499995045364,3.475000349804759,0.0,True
2024-12-26,36.67499995045364,3.525000350549817,0.0,True
2024-12-26,36.62499994970858,3.475000349804759,0.0,True
2024-12-26,36.62499994970858,3.525000350549817,0.0,True
2024-12-27,36.774999951943755,3.425000349059701,0.0,True
2024-12-27,36.774999951943755,3.475000349804759,0.0,True
2024-12-27,36.7249999511987,3.425000349059701,0.0,True
2024-12-27,36.7249999511987,3.475000349804759,0.0,True
2024-12-27,36.7249999511987,3.525000350549817,0.0,True
2024-12-27,36.67499995045364,3.425000349059701,0.0,True
2024-12-27,36.67499995045364,3.475000349804759,0.0,True
2024-12-27,36.67499995045364,3.525000350549817,0.0,True
2024-12-27,36.62499994970858,3.475000349804759,0.0,True
2024-12-27,36.62499994970858,3.525000350549817,0.0,True
2024-12-28,36.774999951943755,3.425000349059701,0.0,True
2024-12-28,36.774999951943755,3.475000349804759,0.0,True
2024-12-28,36.7249999511987,3.425000349059701,0.0,True
2024-12-28,36.7249999511987,3.475000349804759,0.0,True
2024-12-28,36.7249999511987,3.525000350549817,0.0,True
2024-12-28,36.67499995045364,3.425000349059701,0.0,True
2024-12-28,36.67499995045364,3.475000349804759,0.0,True
2024-12-28,36.67499995045364,3.525000350549817,0.0,True
2024-12-28,36.62499994970858,3.475000349804759,0.0,True
2024-12-28,36.62499994970858,3.525000350549817,0.0,True
2024-12-29,36.774999951943755,3.425000349059701,0.0,True
2024-12-29,36.774999951943755,3.475000349804759,0.0,True
2024-12-29,36.7249999511987,3.425000349059701,0.0,True
2024-12-29,36.7249999511987,3.475000349804759,0.0,True
2024-12-29,36.7249999511987,3.525000350549817,0.0,True
2024-12-29,36.67499995045364,3.425000349059701,0.0,True
2024-12-29,36.67499995045364,3.475000349804759,0.0,True
2024-12-29,36.67499995045364,3.525000350549817,0.0,True
2024-12-29,36.62499994970858,3.475000349804759,0.0,True
2024-12-29,36.62499994970858,3.525000350549817,0.0,True
2024-12-30,36.774999951943755,3.425000349059701,0.0,True
2024-12-30,36.774999951943755,3.475000349804759,0.0,True
2024-12-30,36.7249999511987,3.425000349059701,0.0,True
2024-12-30,36.7249999511987,3.475000349804759,0.0,True
2024-12-30,36.7249999511987,3.525000350549817,0.0,True
2024-12-30,36.67499995045364,3.425000349059701,0.0,True
2024-12-30,36.67499995045364,3.475000349804759,0.0,True
2024-12-30,36.67499995045364,3.525000350549817,0.0,True
2024-12-30,36.62499994970858,3.475000349804759,0.0,True
2024-12-30,36.62499994970858,3.525000350549817,0.0,True
2024-12-31,36.774999951943755,3.425000349059701,0.0,True
2024-12-31,36.774999951943755,3.475000349804759,0.0,True
2024-12-31,36.7249999511987,3.425000349059701,0.0,True
2024-12-31,36.7249999511987,3.475000349804759,0.0,True
2024-12-31,36.7249999511987,3.525000350549817,0.0,True
2024-12-31,36.67499995045364,3.425000349059701,0.0,True
2024-12-31,36.67499995045364,3.475000349804759,0.0,True
2024-12-31,36.67499995045364,3.525000350549817,0.0,True
2024-12-31,36.62499994970858,3.475000349804759,0.0,True
2024-12-31,36.62499994970858,3.525000350549817,0.0,True
2025-01-01,36.774999951943755,3.425000349059701,0.0,False
2025-01-01,36.774999951943755,3.475000349804759,13.151658058166504,False
2025-01-01,36.7249999511987,3.425000349059701,14.519972801208496,False
2025-01-01,36.7249999511987,3.475000349804759,0.0,False
2025-01-01,36.7249999511987,3.525000350549817,14.642518997192383,False
2025-01-01,36.67499995045364,3.425000349059701,15.585301399230957,True
2025-01-01,36.67499995045364,3.475000349804759,14.49028491973877,False
2025-01-01,36.67499995045364,3.525000350549817,0.0,False
2025-01-01,36.62499994970858,3.475000349804759,0.0,False
2025-01-01,36.62499994970858,3.525000350549817,0.0,False
2025-01-02,36.774999951943755,3.425000349059701,0.0,False
2025-01-02,36.774999951943755,3.475000349804759,6.376148223876953,False
2025-01-02,36.7249999511987,3.425000349059701,5.960668563842773,False
2025-01-02,36.7249999511987,3.475000349804759,0.0,False
2025-01-02,36.7249999511987,3.525000350549817,7.606575012207031,True
2025-01-02,36.67499995045364,3.425000349059701,6.044406414031982,False
2025-01-02,36.67499995045364,3.475000349804759,6.405247211456299,False
2025-01-02,36.67499995045364,3.525000350549817,0.0,False
2025-01-02,36.62499994970858,3.475000349804759,0.0,False
2025-01-02,36.62499994970858,3.525000350549817,0.0,False
2025-01-03,36.774999951943755,3.425000349059701,0.0,True
2025-01-03,36.774999951943755,3.475000349804759,0.0,True
2025-01-03,36.7249999511987,3.425000349059701,0.0,True
2025-01-03,36.7249999511987,3.475000349804759,0.0,True
2025-01-03,36.7249999511987,3.525000350549817,0.0,True
2025-01-03,36.67499995045364,3.425000349059701,0.0,True
2025-01-03,36.67499995045364,3.475000349804759,0.0,True
2025-01-03,36.67499995045364,3.525000350549817,0.0,True
2025-01-03,36.62499994970858,3.475000349804759,0.0,True
2025-01-03,36.62499994970858,3.525000350549817,0.0,True
2025-01-04,36.774999951943755,3.425000349059701,0.0,True
2025-01-04,36.774999951943755,3.475000349804759,0.0,True
2025-01-04,36.7249999511987,3.425000349059701,0.0,True
2025-01-04,36.7249999511987,3.475000349804759,0.0,True
2025-01-04,36.7249999511987,3.525000350549817,0.0,True
2025-01-04,36.67499995045364,3.425000349059701,0.0,True
2025-01-04,36.67499995045364,3.475000349804759,0.0,True
2025-01-04,36.67499995045364,3.525000350549817,0.0,True
2025-01-04,36.62499994970858,3.475000349804759,0.0,True
2025-01-04,36.62499994970858,3.525000350549817,0.0,True
2025-01-05,36.774999951943755,3.425000349059701,0.0,False
2025-01-05,36.774999951943755,3.475000349804759,0.0,False
2025-01-05,36.7249999511987,3.425000349059701,0.0,False
2025-01-05,36.7249999511987,3.475000349804759,16.541545867919922,False
2025-01-05,36.7249999511987,3.525000350549817,0.0,False
2025-01-05,36.67499995045364,3.425000349059701,0.0,False
2025-01-05,36.67499995045364,3.475000349804759,0.0,False
2025-01-05,36.67499995045364,3.525000350549817,17.405214309692383,True
2025-01-05,36.62499994970858,3.475000349804759,13.89389419555664,False
2025-01-05,36.62499994970858,3.525000350549817,15.671799659729004,False
2025-01-06,36.774999951943755,3.425000349059701,0.0,False
2025-01-06,36.774999951943755,3.475000349804759,6.488744258880615,False
2025-01-06,36.7249999511987,3.425000349059701,6.874427795410156,True
2025-01-06,36.7249999511987,3.475000349804759,0.0,False
2025-01-06,36.7249999511987,3.525000350549817,6.83622407913208,False
2025-01-06,36.67499995045364,3.425000349059701,6.6953887939453125,False
2025-01-06,36.67499995045364,3.475000349804759,6.726630210876465,False
2025-01-06,36.67499995045364,3.525000350549817,0.0,False
2025-01-06,36.62499994970858,3.475000349804759,0.0,False
2025-01-06,36.62499994970858,3.525000350549817,0.0,False
2025-01-07,36.774999951943755,3.425000349059701,29.62502670288086,True
2025-01-07,36.774999951943755,3.475000349804759,7.631020545959473,False
2025-01-07,36.7249999511987,3.425000349059701,7.848738670349121,False
2025-01-07,36.7249999511987,3.475000349804759,0.0,False
2025-01-07,36.7249999511987,3.525000350549817,9.221957206726074,False
2025-01-07,36.67499995045364,3.425000349059701,7.9047369956970215,False
2025-01-07,36.67499995045364,3.475000349804759,8.644670486450195,False
2025-01-07,36.67499995045364,3.525000350549817,0.0,False
2025-01-07,36.62499994970858,3.475000349804759,0.0,False
2025-01-07,36.62499994970858,3.525000350549817,0.0,False
2025-01-08,36.774999951943755,3.425000349059701,0.0,True
2025-01-08,36.774999951943755,3.475000349804759,0.0,True
2025-01-08,36.7249999511987,3.425000349059701,0.0,True
2025-01-08,36.7249999511987,3.475000349804759,0.0,True
2025-01-08,36.7249999511987,3.525000350549817,0.0,True
2025-01-08,36.67499995045364,3.425000349059701,0.0,True
2025-01-08,36.67499995045364,3.475000349804759,0.0,True
2025-01-08,36.67499995045364,3.525000350549817,0.0,True
2025-01-08,36.62499994970858,3.475000349804759,0.0,True
2025-01-08,36.62499994970858,3.525000350549817,0.0,True
2025-01-09,36.774999951943755,3.425000349059701,0.0,True
2025-01-09,36.774999951943755,3.475000349804759,0.0,True
2025-01-09,36.7249999511987,3.425000349059701,0.0,True
2025-01-09,36.7249999511987,3.475000349804759,0.0,True
2025-01-09,36.7249999511987,3.525000350549817,0.0,True
2025-01-09,36.67499995045364,3.425000349059701,0.0,True
2025-01-09,36.67499995045364,3.475000349804759,0.0,True
2025-01-09,36.67499995045364,3.525000350549817,0.0,True
2025-01-09,36.62499994970858,3.475000349804759,0.0,True
2025-01-09,36.62499994970858,3.525000350549817,0.0,True
2025-01-10,36.774999951943755,3.425000349059701,0.0,True
2025-01-10,36.774999951943755,3.475000349804759,0.0,True
2025-01-10,36.7249999511987,3.425000349059701,0.0,True
2025-01-10,36.7249999511987,3.475000349804759,0.0,True
2025-01-10,36.7249999511987,3.525000350549817,0.0,True
2025-01-10,36.67499995045364,3.425000349059701,0.0,True
2025-01-10,36.67499995045364,3.475000349804759,0.0,True
2025-01-10,36.67499995045364,3.525000350549817,0.0,True
2025-01-10,36.62499994970858,3.475000349804759,0.0,True
2025-01-10,36.62499994970858,3.525000350549817,0.0,True
2025-01-11,36.774999951943755,3.425000349059701,0.0,True
2025-01-11,36.774999951943755,3.475000349804759,0.0,True
2025-01-11,36.7249999511987,3.425000349059701,0.0,True
2025-01-11,36.7249999511987,3.475000349804759,0.0,True
2025-01-11,36.7249999511987,3.525000350549817,0.0,True
2025-01-11,36.67499995045364,3.425000349059701,0.0,True
2025-01-11,36.67499995045364,3.475000349804759,0.0,True
2025-01-11,36.67499995045364,3.525000350549817,0.0,True
2025-01-11,36.62499994970858,3.475000349804759,0.0,True
2025-01-11,36.62499994970858,3.525000350549817,0.0,True
2025-01-12,36.774999951943755,3.425000349059701,0.0,False
2025-01-12,36.774999951943755,3.475000349804759,0.0,False
2025-01-12,36.7249999511987,3.425000349059701,0.0,False
2025-01-12,36.7249999511987,3.475000349804759,0.0,False
2025-01-12,36.7249999511987,3.525000350549817,0.0,False
2025-01-12,36.67499995045364,3.425000349059701,3.3197083473205566,False
2025-01-12,36.67499995045364,3.475000349804759,3.4164724349975586,True
2025-01-12,36.67499995045364,3.525000350549817,0.0,False
2025-01-12,36.62499994970858,3.475000349804759,0.0,False
2025-01-12,36.62499994970858,3.525000350549817,0.0,False
2025-01-13,36.774999951943755,3.425000349059701,0.0,False
2025-01-13,36.774999951943755,3.475000349804759,8.720512390136719,False
2025-01-13,36.7249999511987,3.425000349059701,8.934691429138184,False
2025-01-13,36.7249999511987,3.475000349804759,0.0,False
2025-01-13,36.7249999511987,3.525000350549817,9.138751029968262,False
2025-01-13,36.67499995045364,3.425000349059701,8.949761390686035,False
2025-01-13,36.67499995045364,3.475000349804759,9.72638988494873,True
2025-01-13,36.67499995045364,3.525000350549817,0.0,False
2025-01-13,36.62499994970858,3.475000349804759,0.0,False
2025-01-13,36.62499994970858,3.525000350549817,0.0,False
2025-01-14,36.774999951943755,3.425000349059701,0.0,True
2025-01-14,36.774999951943755,3.475000349804759,0.0,True
2025-01-14,36.7249999511987,3.425000349059701,0.0,True
2025-01-14,36.7249999511987,3.475000349804759,0.0,True
2025-01-14,36.7249999511987,3.525000350549817,0.0,True
2025-01-14,36.67499995045364,3.425000349059701,0.0,True
2025-01-14,36.67499995045364,3.475000349804759,0.0,True
2025-01-14,36.67499995045364,3.525000350549817,0.0,True
2025-01-14,36.62499994970858,3.475000349804759,0.0,True
2025-01-14,36.62499994970858,3.525000350549817,0.0,True
2025-01-15,36.774999951943755,3.425000349059701,0.0,True
2025-01-15,36.774999951943755,3.475000349804759,0.0,True
2025-01-15,36.7249999511987,3.425000349059701,0.0,True
2025-01-15,36.7249999511987,3.475000349804759,0.0,True
2025-01-15,36.7249999511987,3.525000350549817,0.0,True
2025-01-15,36.67499995045364,3.425000349059701,0.0,True
2025-01-15,36.67499995045364,3.475000349804759,0.0,True
2025-01-15,36.67499995045364,3.525000350549817,0.0,True
2025-01-15,36.62499994970858,3.475000349804759,0.0,True
2025-01-15,36.62499994970858,3.525000350549817,0.0,True
2025-01-16,36.774999951943755,3.425000349059701,0.0,True
2025-01-16,36.774999951943755,3.475000349804759,0.0,True
2025-01-16,36.7249999511987,3.425000349059701,0.0,True
2025-01-16,36.7249999511987,3.475000349804759,0.0,True
2025-01-16,36.7249999511987,3.525000350549817,0.0,True
2025-01-16,36.67499995045364,3.425000349059701,0.0,True
2025-01-16,36.67499995045364,3.475000349804759,0.0,True
2025-01-16,36.67499995045364,3.525000350549817,0.0,True
2025-01-16,36.62499994970858,3.475000349804759,0.0,True
2025-01-16,36.62499994970858,3.525000350549817,0.0,True
2025-01-17,36.774999951943755,3.425000349059701,0.0,False
2025-01-17,36.774999951943755,3.475000349804759,3.4617927074432373,False
2025-01-17,36.7249999511987,3.425000349059701,3.3781235218048096,False
2025-01-17,36.7249999511987,3.475000349804759,84.63924407958984,True
2025-01-17,36.7249999511987,3.525000350549817,3.5498123168945312,False
2025-01-17,36.67499995045364,3.425000349059701,0.0,False
2025-01-17,36.67499995045364,3.475000349804759,3.2574360370635986,False
2025-01-17,36.67499995045364,3.525000350549817,83.32162475585938,False
2025-01-17,36.62499994970858,3.475000349804759,75.51228332519531,False
2025-01-17,36.62499994970858,3.525000350549817,79.59651184082031,False
2025-01-18,36.774999951943755,3.425000349059701,0.0,False
2025-01-18,36.774999951943755,3.475000349804759,12.605179786682129,False
2025-01-18,36.7249999511987,3.425000349059701,12.979726791381836,True
2025-01-18,36.7249999511987,3.475000349804759,0.0,False
2025-01-18,36.7249999511987,3.525000350549817,12.894936561584473,False
2025-01-18,36.67499995045364,3.425000349059701,11.700188636779785,False
2025-01-18,36.67499995045364,3.475000349804759,12.475714683532715,False
2025-01-18,36.67499995045364,3.525000350549817,0.0,False
2025-01-18,36.62499994970858,3.475000349804759,0.0,False
2025-01-18,36.62499994970858,3.525000350549817,0.0,False
2025-01-19,36.774999951943755,3.425000349059701,0.0,True
2025-01-19,36.774999951943755,3.475000349804759,0.0,True
2025-01-19,36.7249999511987,3.425000349059701,0.0,True
2025-01-19,36.7249999511987,3.475000349804759,0.0,True
2025-01-19,36.7249999511987,3.525000350549817,0.0,True
2025-01-19,36.67499995045364,3.425000349059701,0.0,True
2025-01-19,36.67499995045364,3.475000349804759,0.0,True
2025-01-19,36.67499995045364,3.525000350549817,0.0,True
2025-01-19,36.62499994970858,3.475000349804759,0.0,True
2025-01-19,36.62499994970858,3.525000350549817,0.0,True
2025-01-20,36.774999951943755,3.425000349059701,0.0,True
2025-01-20,36.774999951943755,3.475000349804759,0.0,True
2025-01-20,36.7249999511987,3.425000349059701,0.0,True
2025-01-20,36.7249999511987,3.475000349804759,0.0,True
2025-01-20,36.7249999511987,3.525000350549817,0.0,True
2025-01-20,36.67499995045364,3.425000349059701,0.0,True
2025-01-20,36.67499995045364,3.475000349804759,0.0,True
2025-01-20,36.67499995045364,3.525000350549817,0.0,True
2025-01-20,36.62499994970858,3.475000349804759,0.0,True
2025-01-20,36.62499994970858,3.525000350549817,0.0,True
2025-01-21,36.774999951943755,3.425000349059701,20.202133178710938,False
2025-01-21,36.774999951943755,3.475000349804759,20.716064453125,False
2025-01-21,36.7249999511987,3.425000349059701,19.555816650390625,False
2025-01-21,36.7249999511987,3.475000349804759,14.269125938415527,False
2025-01-21,36.7249999511987,3.525000350549817,23.139978408813477,True
2025-01-21,36.67499995045364,3.425000349059701,17.552688598632812,False
2025-01-21,36.67499995045364,3.475000349804759,18.750438690185547,False
2025-01-21,36.67499995045364,3.525000350549817,18.82670021057129,False
2025-01-21,36.62499994970858,3.475000349804759,14.152337074279785,False
2025-01-21,36.62499994970858,3.525000350549817,16.6871280670166,False
2025-01-22,36.774999951943755,3.425000349059701,0.0,True
2025-01-22,36.774999951943755,3.475000349804759,0.0,True
2025-01-22,36.7249999511987,3.425000349059701,0.0,True
2025-01-22,36.7249999511987,3.475000349804759,0.0,True
2025-01-22,36.7249999511987,3.525000350549817,0.0,True
2025-01-22,36.67499995045364,3.425000349059701,0.0,True
2025-01-22,36.67499995045364,3.475000349804759,0.0,True
2025-01-22,36.67499995045364,3.525000350549817,0.0,True
2025-01-22,36.62499994970858,3.475000349804759,0.0,True
2025-01-22,36.62499994970858,3.525000350549817,0.0,True
2025-01-23,36.774999951943755,3.425000349059701,0.0,True
2025-01-23,36.774999951943755,3.475000349804759,0.0,True
2025-01-23,36.7249999511987,3.425000349059701,0.0,True
2025-01-23,36.7249999511987,3.475000349804759,0.0,True
2025-01-23,36.7249999511987,3.525000350549817,0.0,True
2025-01-23,36.67499995045364,3.425000349059701,0.0,True
2025-01-23,36.67499995045364,3.475000349804759,0.0,True
2025-01-23,36.67499995045364,3.525000350549817,0.0,True
2025-01-23,36.62499994970858,3.475000349804759,0.0,True
2025-01-23,36.62499994970858,3.525000350549817,0.0,True
2025-01-24,36.774999951943755,3.425000349059701,0.00013259872503113002,False
2025-01-24,36.774999951943755,3.475000349804759,0.0,False
2025-01-24,36.7249999511987,3.425000349059701,0.0,False
2025-01-24,36.7249999511987,3.475000349804759,0.0001167371156043373,False
2025-01-24,36.7249999511987,3.525000350549817,0.0,False
2025-01-24,36.67499995045364,3.425000349059701,0.0,False
2025-01-24,36.67499995045364,3.475000349804759,0.0,False
2025-01-24,36.67499995045364,3.525000350549817,0.00017145968740805984,True
2025-01-24,36.62499994970858,3.475000349804759,0.00011806529073510319,False
2025-01-24,36.62499994970858,3.525000350549817,0.00014630421355832368,False
2025-01-25,36.774999951943755,3.425000349059701,0.0,True
2025-01-25,36.774999951943755,3.475000349804759,0.0,True
2025-01-25,36.7249999511987,3.425000349059701,0.0,True
2025-01-25,36.7249999511987,3.475000349804759,0.0,True
2025-01-25,36.7249999511987,3.525000350549817,0.0,True
2025-01-25,36.67499995045364,3.425000349059701,0.0,True
2025-01-25,36.67499995045364,3.475000349804759,0.0,True
2025-01-25,36.67499995045364,3.525000350549817,0.0,True
2025-01-25,36.62499994970858,3.475000349804759,0.0,True
2025-01-25,36.62499994970858,3.525000350549817,0.0,True
2025-01-26,36.774999951943755,3.425000349059701,0.0,True
2025-01-26,36.774999951943755,3.475000349804759,0.0,True
2025-01-26,36.7249999511987,3.425000349059701,0.0,True
2025-01-26,36.7249999511987,3.475000349804759,0.0,True
2025-01-26,36.7249999511987,3.525000350549817,0.0,True
2025-01-26,36.67499995045364,3.425000349059701,0.0,True
2025-01-26,36.67499995045364,3.475000349804759,0.0,True
2025-01-26,36.67499995045364,3.525000350549817,0.0,True
2025-01-26,36.62499994970858,3.475000349804759,0.0,True
2025-01-26,36.62499994970858,3.525000350549817,0.0,True
2025-01-27,36.774999951943755,3.425000349059701,0.0,True
2025-01-27,36.774999951943755,3.475000349804759,0.0,True
2025-01-27,36.7249999511987,3.425000349059701,0.0,True
2025-01-27,36.7249999511987,3.475000349804759,0.0,True
2025-01-27,36.7249999511987,3.525000350549817,0.0,True
2025-01-27,36.67499995045364,3.425000349059701,0.0,True
2025-01-27,36.67499995045364,3.475000349804759,0.0,True
2025-01-27,36.67499995045364,3.525000350549817,0.0,True
2025-01-27,36.62499994970858,3.475000349804759,0.0,True
2025-01-27,36.62499994970858,3.525000350549817,0.0,True
2025-01-28,36.774999951943755,3.425000349059701,0.0,False
2025-01-28,36.774999951943755,3.475000349804759,13.55216121673584,False
2025-01-28,36.7249999511987,3.425000349059701,12.839384078979492,False
2025-01-28,36.7249999511987,3.475000349804759,0.0,False
2025-01-28,36.7249999511987,3.525000350549817,15.974028587341309,True
2025-01-28,36.67499995045364,3.425000349059701,11.436592102050781,False
2025-01-28,36.67499995045364,3.475000349804759,14.70425796508789,False
2025-01-28,36.67499995045364,3.525000350549817,0.0,False
2025-01-28,36.62499994970858,3.475000349804759,0.0,False
2025-01-28,36.62499994970858,3.525000350549817,0.0,False
2025-01-29,36.774999951943755,3.425000349059701,0.0,False
2025-01-29,36.774999951943755,3.475000349804759,0.0,False
2025-01-29,36.7249999511987,3.425000349059701,0.0,False
2025-01-29,36.7249999511987,3.475000349804759,0.0,False
2025-01-29,36.7249999511987,3.525000350549817,3.0903384685516357,True
2025-01-29,36.67499995045364,3.425000349059701,0.0,False
2025-01-29,36.67499995045364,3.475000349804759,0.0,False
2025-01-29,36.67499995045364,3.525000350549817,0.0,False
2025-01-29,36.62499994970858,3.475000349804759,0.0,False
2025-01-29,36.62499994970858,3.525000350549817,0.0,False
2025-01-30,36.774999951943755,3.425000349059701,45.44023132324219,True
2025-01-30,36.774999951943755,3.475000349804759,11.434171676635742,False
2025-01-30,36.7249999511987,3.425000349059701,11.701333045959473,False
2025-01-30,36.7249999511987,3.475000349804759,0.0,False
2025-01-30,36.7249999511987,3.525000350549817,13.915617942810059,False
2025-01-30,36.67499995045364,3.425000349059701,11.108805656433105,False
2025-01-30,36.67499995045364,3.475000349804759,14.003570556640625,False
2025-01-30,36.67499995045364,3.525000350549817,0.0,False
2025-01-30,36.62499994970858,3.475000349804759,0.0,False
2025-01-30,36.62499994970858,3.525000350549817,0.0,False
2025-01-31,36.774999951943755,3.425000349059701,0.0,True
2025-01-31,36.774999951943755,3.475000349804759,0.0,True
2025-01-31,36.7249999511987,3.425000349059701,0.0,True
2025-01-31,36.7249999511987,3.475000349804759,0.0,True
2025-01-31,36.7249999511987,3.525000350549817,0.0,True
2025-01-31,36.67499995045364,3.425000349059701,0.0,True
2025-01-31,36.67499995045364,3.475000349804759,0.0,True
2025-01-31,36.67499995045364,3.525000350549817,0.0,True
2025-01-31,36.62499994970858,3.475000349804759,0.0,True
2025-01-31,36.62499994970858,3.525000350549817,0.0,True
2025-02-01,36.774999951943755,3.425000349059701,0.0,True
2025-02-01,36.774999951943755,3.475000349804759,0.0,True
2025-02-01,36.7249999511987,3.425000349059701,0.0,True
2025-02-01,36.7249999511987,3.475000349804759,0.0,True
2025-02-01,36.7249999511987,3.525000350549817,0.0,True
2025-02-01,36.67499995045364,3.425000349059701,0.0,True
2025-02-01,36.67499995045364,3.475000349804759,0.0,True
2025-02-01,36.67499995045364,3.525000350549817,0.0,True
2025-02-01,36.62499994970858,3.475000349804759,0.0,True
2025-02-01,36.62499994970858,3.525000350549817,0.0,True
2025-02-02,36.774999951943755,3.425000349059701,30.309595108032227,True
2025-02-02,36.774999951943755,3.475000349804759,0.0,False
2025-02-02,36.7249999511987,3.425000349059701,25.36857795715332,False
2025-02-02,36.7249999511987,3.475000349804759,0.0,False
2025-02-02,36.7249999511987,3.525000350549817,0.0,False
2025-02-02,36.67499995045364,3.425000349059701,6.439303398132324,False
2025-02-02,36.67499995045364,3.475000349804759,0.0,False
2025-02-02,36.67499995045364,3.525000350549817,0.0,False
2025-02-02,36.62499994970858,3.475000349804759,0.0,False
2025-02-02,36.62499994970858,3.525000350549817,0.0,False
2025-02-03,36.774999951943755,3.425000349059701,0.0,True
2025-02-03,36.774999951943755,3.475000349804759,0.0,True
2025-02-03,36.7249999511987,3.425000349059701,0.0,True
2025-02-03,36.7249999511987,3.475000349804759,0.0,True
2025-02-03,36.7249999511987,3.525000350549817,0.0,True
2025-02-03,36.67499995045364,3.425000349059701,0.0,True
2025-02-03,36.67499995045364,3.475000349804759,0.0,True
2025-02-03,36.67499995045364,3.525000350549817,0.0,True
2025-02-03,36.62499994970858,3.475000349804759,0.0,True
2025-02-03,36.62499994970858,3.525000350549817,0.0,True
2025-02-04,36.774999951943755,3.425000349059701,0.0,True
2025-02-04,36.774999951943755,3.475000349804759,0.0,True
2025-02-04,36.7249999511987,3.425000349059701,0.0,True
2025-02-04,36.7249999511987,3.475000349804759,0.0,True
2025-02-04,36.7249999511987,3.525000350549817,0.0,True
2025-02-04,36.67499995045364,3.425000349059701,0.0,True
2025-02-04,36.67499995045364,3.475000349804759,0.0,True
2025-02-04,36.67499995045364,3.525000350549817,0.0,True
2025-02-04,36.62499994970858,3.475000349804759,0.0,True
2025-02-04,36.62499994970858,3.525000350549817,0.0,True
2025-02-05,36.774999951943755,3.425000349059701,0.0,True
2025-02-05,36.774999951943755,3.475000349804759,0.0,True
2025-02-05,36.7249999511987,3.425000349059701,0.0,True
2025-02-05,36.7249999511987,3.475000349804759,0.0,True
2025-02-05,36.7249999511987,3.525000350549817,0.0,True
2025-02-05,36.67499995045364,3.425000349059701,0.0,True
2025-02-05,36.67499995045364,3.475000349804759,0.0,True
2025-02-05,36.67499995045364,3.525000350549817,0.0,True
2025-02-05,36.62499994970858,3.475000349804759,0.0,True
2025-02-05,36.62499994970858,3.525000350549817,0.0,True
2025-02-06,36.774999951943755,3.425000349059701,0.8078206181526184,False
2025-02-06,36.774999951943755,3.475000349804759,1.9066425561904907,False
2025-02-06,36.7249999511987,3.425000349059701,0.8686038255691528,False
2025-02-06,36.7249999511987,3.475000349804759,1.7248972654342651,False
2025-02-06,36.7249999511987,3.525000350549817,1.987425446510315,False
2025-02-06,36.67499995045364,3.425000349059701,0.0,False
2025-02-06,36.67499995045364,3.475000349804759,2.3505311012268066,True
2025-02-06,36.67499995045364,3.525000350549817,1.4898700714111328,False
2025-02-06,36.62499994970858,3.475000349804759,1.784224271774292,False
2025-02-06,36.62499994970858,3.525000350549817,1.9614590406417847,False
2025-02-07,36.774999951943755,3.425000349059701,0.1616259515285492,False
2025-02-07,36.774999951943755,3.475000349804759,0.3461146950721741,True
2025-02-07,36.7249999511987,3.425000349059701,0.04577100649476051,False
2025-02-07,36.7249999511987,3.475000349804759,0.07389337569475174,False
2025-02-07,36.7249999511987,3.525000350549817,0.06950566172599792,False
2025-02-07,36.67499995045364,3.425000349059701,0.0,False
2025-02-07,36.67499995045364,3.475000349804759,0.0,False
2025-02-07,36.67499995045364,3.525000350549817,0.0,False
2025-02-07,36.62499994970858,3.475000349804759,0.0,False
2025-02-07,36.62499994970858,3.525000350549817,0.0,False
2025-02-08,36.774999951943755,3.425000349059701,3.4589130878448486,False
2025-02-08,36.774999951943755,3.475000349804759,7.725071907043457,False
2025-02-08,36.7249999511987,3.425000349059701,4.421899318695068,False
2025-02-08,36.7249999511987,3.475000349804759,8.151938438415527,False
2025-02-08,36.7249999511987,3.525000350549817,8.770734786987305,False
2025-02-08,36.67499995045364,3.425000349059701,7.815925121307373,False
2025-02-08,36.67499995045364,3.475000349804759,12.242254257202148,True
2025-02-08,36.67499995045364,3.525000350549817,7.167374134063721,False
2025-02-08,36.62499994970858,3.475000349804759,9.66370677947998,False
2025-02-08,36.62499994970858,3.525000350549817,9.779093742370605,False
2025-02-09,36.774999951943755,3.425000349059701,0.11341375857591629,False
2025-02-09,36.774999951943755,3.475000349804759,0.23508284986019135,False
2025-02-09,36.7249999511987,3.425000349059701,0.16517652571201324,False
2025-02-09,36.7249999511987,3.475000349804759,0.2828850746154785,False
2025-02-09,36.7249999511987,3.525000350549817,0.2826215922832489,False
2025-02-09,36.67499995045364,3.425000349059701,0.0,False
2025-02-09,36.67499995045364,3.475000349804759,0.4787651002407074,True
2025-02-09,36.67499995045364,3.525000350549817,0.2605731189250946,False
2025-02-09,36.62499994970858,3.475000349804759,0.4259364902973175,False
2025-02-09,36.62499994970858,3.525000350549817,0.40126824378967285,False
2025-02-10,36.774999951943755,3.425000349059701,2.52386007559835e-06,False
2025-02-10,36.774999951943755,3.475000349804759,5.186959242564626e-06,False
2025-02-10,36.7249999511987,3.425000349059701,4.169403382547898e-06,False
2025-02-10,36.7249999511987,3.475000349804759,7.160943823691923e-06,False
2025-02-10,36.7249999511987,3.525000350549817,7.18248247721931e-06,False
2025-02-10,36.67499995045364,3.425000349059701,0.0,False
2025-02-10,36.67499995045364,3.475000349804759,1.56587666424457e-05,False
2025-02-10,36.67499995045364,3.525000350549817,8.66935351950815e-06,False
2025-02-10,36.62499994970858,3.475000349804759,1.8507220374885947e-05,True
2025-02-10,36.62499994970858,3.525000350549817,1.7904127162182704e-05,False
2025-02-11,36.774999951943755,3.425000349059701,0.0,True
2025-02-11,36.774999951943755,3.475000349804759,0.0,True
2025-02-11,36.7249999511987,3.425000349059701,0.0,True
2025-02-11,36.7249999511987,3.475000349804759,0.0,True
2025-02-11,36.7249999511987,3.525000350549817,0.0,True
2025-02-11,36.67499995045364,3.425000349059701,0.0,True
2025-02-11,36.67499995045364,3.475000349804759,0.0,True
2025-02-11,36.67499995045364,3.525000350549817,0.0,True
2025-02-11,36.62499994970858,3.475000349804759,0.0,True
2025-02-11,36.62499994970858,3.525000350549817,0.0,True
2025-02-12,36.774999951943755,3.425000349059701,0.0,True
2025-02-12,36.774999951943755,3.475000349804759,0.0,True
2025-02-12,36.7249999511987,3.425000349059701,0.0,True
2025-02-12,36.7249999511987,3.475000349804759,0.0,True
2025-02-12,36.7249999511987,3.525000350549817,0.0,True
2025-02-12,36.67499995045364,3.425000349059701,0.0,True
2025-02-12,36.67499995045364,3.475000349804759,0.0,True
2025-02-12,36.67499995045364,3.525000350549817,0.0,True
2025-02-12,36.62499994970858,3.475000349804759,0.0,True
2025-02-12,36.62499994970858,3.525000350549817,0.0,True
2025-02-13,36.774999951943755,3.425000349059701,16.437744140625,False
2025-02-13,36.774999951943755,3.475000349804759,36.39948654174805,False
2025-02-13,36.7249999511987,3.425000349059701,15.496575355529785,False
2025-02-13,36.7249999511987,3.475000349804759,36.78358459472656,False
2025-02-13,36.7249999511987,3.525000350549817,38.58328628540039,True
2025-02-13,36.67499995045364,3.425000349059701,10.526866912841797,False
2025-02-13,36.67499995045364,3.475000349804759,0.0,False
2025-02-13,36.67499995045364,3.525000350549817,20.337648391723633,False
2025-02-13,36.62499994970858,3.475000349804759,0.0,False
2025-02-13,36.62499994970858,3.525000350549817,0.0,False
2025-02-14,36.774999951943755,3.425000349059701,0.0,True
2025-02-14,36.774999951943755,3.475000349804759,0.0,True
2025-02-14,36.7249999511987,3.425000349059701,0.0,True
2025-02-14,36.7249999511987,3.475000349804759,0.0,True
2025-02-14,36.7249999511987,3.525000350549817,0.0,True
2025-02-14,36.67499995045364,3.425000349059701,0.0,True
2025-02-14,36.67499995045364,3.475000349804759,0.0,True
2025-02-14,36.67499995045364,3.525000350549817,0.0,True
2025-02-14,36.62499994970858,3.475000349804759,0.0,True
2025-02-14,36.62499994970858,3.525000350549817,0.0,True
2025-02-15,36.774999951943755,3.425000349059701,0.0,True
2025-02-15,36.774999951943755,3.475000349804759,0.0,True
2025-02-15,36.7249999511987,3.425000349059701,0.0,True
2025-02-15,36.7249999511987,3.475000349804759,0.0,True
2025-02-15,36.7249999511987,3.525000350549817,0.0,True
2025-02-15,36.67499995045364,3.425000349059701,0.0,True
2025-02-15,36.67499995045364,3.475000349804759,0.0,True
2025-02-15,36.67499995045364,3.525000350549817,0.0,True
2025-02-15,36.62499994970858,3.475000349804759,0.0,True
2025-02-15,36.62499994970858,3.525000350549817,0.0,True
2025-02-16,36.774999951943755,3.425000349059701,0.0,True
2025-02-16,36.774999951943755,3.475000349804759,0.0,True
2025-02-16,36.7249999511987,3.425000349059701,0.0,True
2025-02-16,36.7249999511987,3.475000349804759,0.0,True
2025-02-16,36.7249999511987,3.525000350549817,0.0,True
2025-02-16,36.67499995045364,3.425000349059701,0.0,True
2025-02-16,36.67499995045364,3.475000349804759,0.0,True
2025-02-16,36.67499995045364,3.525000350549817,0.0,True
2025-02-16,36.62499994970858,3.475000349804759,0.0,True
2025-02-16,36.62499994970858,3.525000350549817,0.0,True
2025-02-17,36.774999951943755,3.425000349059701,0.0,True
2025-02-17,36.774999951943755,3.475000349804759,0.0,True
2025-02-17,36.7249999511987,3.425000349059701,0.0,True
2025-02-17,36.7249999511987,3.475000349804759,0.0,True
2025-02-17,36.7249999511987,3.525000350549817,0.0,True
2025-02-17,36.67499995045364,3.425000349059701,0.0,True
2025-02-17,36.67499995045364,3.475000349804759,0.0,True
2025-02-17,36.67499995045364,3.525000350549817,0.0,True
2025-02-17,36.62499994970858,3.475000349804759,0.0,True
2025-02-17,36.62499994970858,3.525000350549817,0.0,True
2025-02-18,36.774999951943755,3.425000349059701,0.0,True
2025-02-18,36.774999951943755,3.475000349804759,0.0,True
2025-02-18,36.7249999511987,3.425000349059701,0.0,True
2025-02-18,36.7249999511987,3.475000349804759,0.0,True
2025-02-18,36.7249999511987,3.525000350549817,0.0,True
2025-02-18,36.67499995045364,3.425000349059701,0.0,True
2025-02-18,36.67499995045364,3.475000349804759,0.0,True
2025-02-18,36.67499995045364,3.525000350549817,0.0,True
2025-02-18,36.62499994970858,3.475000349804759,0.0,True
2025-02-18,36.62499994970858,3.525000350549817,0.0,True
2025-02-19,36.774999951943755,3.425000349059701,0.0,True
2025-02-19,36.774999951943755,3.475000349804759,0.0,True
2025-02-19,36.7249999511987,3.425000349059701,0.0,True
2025-02-19,36.7249999511987,3.475000349804759,0.0,True
2025-02-19,36.7249999511987,3.525000350549817,0.0,True
2025-02-19,36.67499995045364,3.425000349059701,0.0,True
2025-02-19,36.67499995045364,3.475000349804759,0.0,True
2025-02-19,36.67499995045364,3.525000350549817,0.0,True
2025-02-19,36.62499994970858,3.475000349804759,0.0,True
2025-02-19,36.62499994970858,3.525000350549817,0.0,True
2025-02-20,36.774999951943755,3.425000349059701,0.0,False
2025-02-20,36.774999951943755,3.475000349804759,0.0,False
2025-02-20,36.7249999511987,3.425000349059701,0.0,False
2025-02-20,36.7249999511987,3.475000349804759,0.0,False
2025-02-20,36.7249999511987,3.525000350549817,0.0,False
2025-02-20,36.67499995045364,3.425000349059701,7.9737868309021,True
2025-02-20,36.67499995045364,3.475000349804759,0.0,False
2025-02-20,36.67499995045364,3.525000350549817,0.0,False
2025-02-20,36.62499994970858,3.475000349804759,0.0,False
2025-02-20,36.62499994970858,3.525000350549817,0.0,False
2025-02-21,36.774999951943755,3.425000349059701,0.0,True
2025-02-21,36.774999951943755,3.475000349804759,0.0,True
2025-02-21,36.7249999511987,3.425000349059701,0.0,True
2025-02-21,36.7249999511987,3.475000349804759,0.0,True
2025-02-21,36.7249999511987,3.525000350549817,0.0,True
2025-02-21,36.67499995045364,3.425000349059701,0.0,True
2025-02-21,36.67499995045364,3.475000349804759,0.0,True
2025-02-21,36.67499995045364,3.525000350549817,0.0,True
2025-02-21,36.62499994970858,3.475000349804759,0.0,True
2025-02-21,36.62499994970858,3.525000350549817,0.0,True
2025-02-22,36.774999951943755,3.425000349059701,0.0,False
2025-02-22,36.774999951943755,3.475000349804759,0.0,False
2025-02-22,36.7249999511987,3.425000349059701,0.0,False
2025-02-22,36.7249999511987,3.475000349804759,0.0,False
2025-02-22,36.7249999511987,3.525000350549817,0.0,False
2025-02-22,36.67499995045364,3.425000349059701,0.0,False
2025-02-22,36.67499995045364,3.475000349804759,18.256507873535156,True
2025-02-22,36.67499995045364,3.525000350549817,10.402695655822754,False
2025-02-22,36.62499994970858,3.475000349804759,17.358699798583984,False
2025-02-22,36.62499994970858,3.525000350549817,16.986251831054688,False
2025-02-23,36.774999951943755,3.425000349059701,0.0,False
2025-02-23,36.774999951943755,3.475000349804759,0.0,False
2025-02-23,36.7249999511987,3.425000349059701,0.0,False
2025-02-23,36.7249999511987,3.475000349804759,0.0,False
2025-02-23,36.7249999511987,3.525000350549817,0.0,False
2025-02-23,36.67499995045364,3.425000349059701,7.370955944061279,True
2025-02-23,36.67499995045364,3.475000349804759,0.0,False
2025-02-23,36.67499995045364,3.525000350549817,0.0,False
2025-02-23,36.62499994970858,3.475000349804759,0.0,False
2025-02-23,36.62499994970858,3.525000350549817,0.0,False
2025-02-24,36.774999951943755,3.425000349059701,0.0,True
2025-02-24,36.774999951943755,3.475000349804759,0.0,True
2025-02-24,36.7249999511987,3.425000349059701,0.0,True
2025-02-24,36.7249999511987,3.475000349804759,0.0,True
2025-02-24,36.7249999511987,3.525000350549817,0.0,True
2025-02-24,36.67499995045364,3.425000349059701,0.0,True
2025-02-24,36.67499995045364,3.475000349804759,0.0,True
2025-02-24,36.67499995045364,3.525000350549817,0.0,True
2025-02-24,36.62499994970858,3.475000349804759,0.0,True
2025-02-24,36.62499994970858,3.525000350549817,0.0,True
2025-02-25,36.774999951943755,3.425000349059701,0.0,True
2025-02-25,36.774999951943755,3.475000349804759,0.0,True
2025-02-25,36.7249999511987,3.425000349059701,0.0,True
2025-02-25,36.7249999511987,3.475000349804759,0.0,True
2025-02-25,36.7249999511987,3.525000350549817,0.0,True
2025-02-25,36.67499995045364,3.425000349059701,0.0,True
2025-02-25,36.67499995045364,3.475000349804759,0.0,True
2025-02-25,36.67499995045364,3.525000350549817,0.0,True
2025-02-25,36.62499994970858,3.475000349804759,0.0,True
2025-02-25,36.62499994970858,3.525000350549817,0.0,True
2025-02-26,36.774999951943755,3.425000349059701,3.423011064529419,False
2025-02-26,36.774999951943755,3.475000349804759,7.674381256103516,False
2025-02-26,36.7249999511987,3.425000349059701,6.103001594543457,False
2025-02-26,36.7249999511987,3.475000349804759,9.414091110229492,False
2025-02-26,36.7249999511987,3.525000350549817,8.110747337341309,False
2025-02-26,36.67499995045364,3.425000349059701,8.02349853515625,False
2025-02-26,36.67499995045364,3.475000349804759,17.261804580688477,False
2025-02-26,36.67499995045364,3.525000350549817,13.515817642211914,False
2025-02-26,36.62499994970858,3.475000349804759,16.287607192993164,False
2025-02-26,36.62499994970858,3.525000350549817,18.70896339416504,True
2025-02-27,36.774999951943755,3.425000349059701,0.0,True
2025-02-27,36.774999951943755,3.475000349804759,0.0,True
2025-02-27,36.7249999511987,3.425000349059701,0.0,True
2025-02-27,36.7249999511987,3.475000349804759,0.0,True
2025-02-27,36.7249999511987,3.525000350549817,0.0,True
2025-02-27,36.67499995045364,3.425000349059701,0.0,True
2025-02-27,36.67499995045364,3.475000349804759,0.0,True
2025-02-27,36.67499995045364,3.525000350549817,0.0,True
2025-02-27,36.62499994970858,3.475000349804759,0.0,True
2025-02-27,36.62499994970858,3.525000350549817,0.0,True
2025-02-28,36.774999951943755,3.425000349059701,0.0022951432038098574,False
2025-02-28,36.774999951943755,3.475000349804759,0.004487024154514074,True
2025-02-28,36.7249999511987,3.425000349059701,1.256499331248051e-07,False
2025-02-28,36.7249999511987,3.475000349804759,1.8966443349199835e-07,False
2025-02-28,36.7249999511987,3.525000350549817,1.599573238308949e-07,False
2025-02-28,36.67499995045364,3.425000349059701,0.0,False
2025-02-28,36.67499995045364,3.475000349804759,0.0,False
2025-02-28,36.67499995045364,3.525000350549817,0.0,False
2025-02-28,36.62499994970858,3.475000349804759,0.0,False
2025-02-28,36.62499994970858,3.525000350549817,0.0,False
