time,latitude,longitude,TUR,SPM,day,distance_km
2024-02-01,36.74768518518518,3.057539682539712,,,2024-02-01,0.3380885596660119
2024-02-01,36.74768518518518,3.0588624338624637,,,2024-02-01,0.276631592011625
2024-02-01,36.74768518518518,3.0601851851852153,,,2024-02-01,0.2579239373431453
2024-02-01,36.74768518518518,3.061507936507965,,,2024-02-01,0.2903498466436768
2024-02-01,36.74768518518518,3.0628306878307168,,,2024-02-01,0.3603607437968025
2024-02-01,36.74861111111111,3.057539682539712,,,2024-02-01,0.26814488002100434
2024-02-01,36.74861111111111,3.0588624338624637,,,2024-02-01,0.18472492001821167
2024-02-01,36.74861111111111,3.0601851851852153,,,2024-02-01,0.15531624674691102
2024-02-01,36.74861111111111,3.061507936507965,,,2024-02-01,0.20469782110899754
2024-02-01,36.74861111111111,3.0628306878307168,,,2024-02-01,0.29573210928483373
2024-02-01,36.74953703703704,3.057539682539712,,,2024-02-01,0.22516724453269812
2024-02-01,36.74953703703704,3.0588624338624637,,,2024-02-01,0.11367657315247216
2024-02-01,36.74953703703704,3.0601851851852153,,,2024-02-01,0.05405852740642433
2024-02-01,36.74953703703704,3.061507936507965,,,2024-02-01,0.14387554106688039
2024-02-01,36.74953703703704,3.0628306878307168,,,2024-02-01,0.2574022223605488
2024-02-01,36.75046296296296,3.057539682539712,,,2024-02-01,0.22516595693912034
2024-02-01,36.75046296296296,3.0588624338624637,,,2024-02-01,0.11367602791756166
2024-02-01,36.75046296296296,3.0601851851852153,,,2024-02-01,0.05405849702281984
2024-02-01,36.75046296296296,3.061507936507965,,,2024-02-01,0.14387478409339177
2024-02-01,36.75046296296296,3.0628306878307168,,,2024-02-01,0.25740073137508096
2024-02-01,36.75138888888889,3.057539682539712,,,2024-02-01,0.2681416363474062
2024-02-01,36.75138888888889,3.0588624338624637,,,2024-02-01,0.18472391343301875
2024-02-01,36.75138888888889,3.0601851851852153,,,2024-02-01,0.1553162150214607
2024-02-01,36.75138888888889,3.061507936507965,,,2024-02-01,0.20469622494972564
2024-02-01,36.75138888888889,3.0628306878307168,,,2024-02-01,0.29572821605468813
2024-02-01,36.75231481481482,3.057539682539712,,,2024-02-01,0.33808427195944535
2024-02-01,36.75231481481482,3.0588624338624637,,,2024-02-01,0.27663047174165517
2024-02-01,36.75231481481482,3.0601851851852153,,,2024-02-01,0.2579239055025071
2024-02-01,36.75231481481482,3.061507936507965,,,2024-02-01,0.2903479711469829
2024-02-01,36.75231481481482,3.0628306878307168,,,2024-02-01,0.3603554187897976
2024-02-02,36.74768518518518,3.057539682539712,,,2024-02-02,0.3380885596660119
2024-02-02,36.74768518518518,3.0588624338624637,,,2024-02-02,0.276631592011625
2024-02-02,36.74768518518518,3.0601851851852153,,,2024-02-02,0.2579239373431453
2024-02-02,36.74768518518518,3.061507936507965,,,2024-02-02,0.2903498466436768
2024-02-02,36.74768518518518,3.0628306878307168,,,2024-02-02,0.3603607437968025
2024-02-02,36.74861111111111,3.057539682539712,,,2024-02-02,0.26814488002100434
2024-02-02,36.74861111111111,3.0588624338624637,,,2024-02-02,0.18472492001821167
2024-02-02,36.74861111111111,3.0601851851852153,,,2024-02-02,0.15531624674691102
2024-02-02,36.74861111111111,3.061507936507965,,,2024-02-02,0.20469782110899754
2024-02-02,36.74861111111111,3.0628306878307168,,,2024-02-02,0.29573210928483373
2024-02-02,36.74953703703704,3.057539682539712,,,2024-02-02,0.22516724453269812
2024-02-02,36.74953703703704,3.0588624338624637,,,2024-02-02,0.11367657315247216
2024-02-02,36.74953703703704,3.0601851851852153,,,2024-02-02,0.05405852740642433
2024-02-02,36.74953703703704,3.061507936507965,,,2024-02-02,0.14387554106688039
2024-02-02,36.74953703703704,3.0628306878307168,,,2024-02-02,0.2574022223605488
2024-02-02,36.75046296296296,3.057539682539712,,,2024-02-02,0.22516595693912034
2024-02-02,36.75046296296296,3.0588624338624637,,,2024-02-02,0.11367602791756166
2024-02-02,36.75046296296296,3.0601851851852153,,,2024-02-02,0.05405849702281984
2024-02-02,36.75046296296296,3.061507936507965,,,2024-02-02,0.14387478409339177
2024-02-02,36.75046296296296,3.0628306878307168,,,2024-02-02,0.25740073137508096
2024-02-02,36.75138888888889,3.057539682539712,,,2024-02-02,0.2681416363474062
2024-02-02,36.75138888888889,3.0588624338624637,,,2024-02-02,0.18472391343301875
2024-02-02,36.75138888888889,3.0601851851852153,,,2024-02-02,0.1553162150214607
2024-02-02,36.75138888888889,3.061507936507965,,,2024-02-02,0.20469622494972564
2024-02-02,36.75138888888889,3.0628306878307168,,,2024-02-02,0.29572821605468813
2024-02-02,36.75231481481482,3.057539682539712,,,2024-02-02,0.33808427195944535
2024-02-02,36.75231481481482,3.0588624338624637,,,2024-02-02,0.27663047174165517
2024-02-02,36.75231481481482,3.0601851851852153,,,2024-02-02,0.2579239055025071
2024-02-02,36.75231481481482,3.061507936507965,,,2024-02-02,0.2903479711469829
2024-02-02,36.75231481481482,3.0628306878307168,,,2024-02-02,0.3603554187897976
2024-02-03,36.74768518518518,3.057539682539712,,,2024-02-03,0.3380885596660119
2024-02-03,36.74768518518518,3.0588624338624637,,,2024-02-03,0.276631592011625
2024-02-03,36.74768518518518,3.0601851851852153,,,2024-02-03,0.2579239373431453
2024-02-03,36.74768518518518,3.061507936507965,,,2024-02-03,0.2903498466436768
2024-02-03,36.74768518518518,3.0628306878307168,,,2024-02-03,0.3603607437968025
2024-02-03,36.74861111111111,3.057539682539712,,,2024-02-03,0.26814488002100434
2024-02-03,36.74861111111111,3.0588624338624637,,,2024-02-03,0.18472492001821167
2024-02-03,36.74861111111111,3.0601851851852153,,,2024-02-03,0.15531624674691102
2024-02-03,36.74861111111111,3.061507936507965,,,2024-02-03,0.20469782110899754
2024-02-03,36.74861111111111,3.0628306878307168,,,2024-02-03,0.29573210928483373
2024-02-03,36.74953703703704,3.057539682539712,,,2024-02-03,0.22516724453269812
2024-02-03,36.74953703703704,3.0588624338624637,,,2024-02-03,0.11367657315247216
2024-02-03,36.74953703703704,3.0601851851852153,,,2024-02-03,0.05405852740642433
2024-02-03,36.74953703703704,3.061507936507965,,,2024-02-03,0.14387554106688039
2024-02-03,36.74953703703704,3.0628306878307168,,,2024-02-03,0.2574022223605488
2024-02-03,36.75046296296296,3.057539682539712,,,2024-02-03,0.22516595693912034
2024-02-03,36.75046296296296,3.0588624338624637,,,2024-02-03,0.11367602791756166
2024-02-03,36.75046296296296,3.0601851851852153,,,2024-02-03,0.05405849702281984
2024-02-03,36.75046296296296,3.061507936507965,,,2024-02-03,0.14387478409339177
2024-02-03,36.75046296296296,3.0628306878307168,,,2024-02-03,0.25740073137508096
2024-02-03,36.75138888888889,3.057539682539712,,,2024-02-03,0.2681416363474062
2024-02-03,36.75138888888889,3.0588624338624637,,,2024-02-03,0.18472391343301875
2024-02-03,36.75138888888889,3.0601851851852153,,,2024-02-03,0.1553162150214607
2024-02-03,36.75138888888889,3.061507936507965,,,2024-02-03,0.20469622494972564
2024-02-03,36.75138888888889,3.0628306878307168,,,2024-02-03,0.29572821605468813
2024-02-03,36.75231481481482,3.057539682539712,,,2024-02-03,0.33808427195944535
2024-02-03,36.75231481481482,3.0588624338624637,,,2024-02-03,0.27663047174165517
2024-02-03,36.75231481481482,3.0601851851852153,,,2024-02-03,0.2579239055025071
2024-02-03,36.75231481481482,3.061507936507965,,,2024-02-03,0.2903479711469829
2024-02-03,36.75231481481482,3.0628306878307168,,,2024-02-03,0.3603554187897976
2024-02-04,36.74768518518518,3.057539682539712,,,2024-02-04,0.3380885596660119
2024-02-04,36.74768518518518,3.0588624338624637,,,2024-02-04,0.276631592011625
2024-02-04,36.74768518518518,3.0601851851852153,,,2024-02-04,0.2579239373431453
2024-02-04,36.74768518518518,3.061507936507965,,,2024-02-04,0.2903498466436768
2024-02-04,36.74768518518518,3.0628306878307168,,,2024-02-04,0.3603607437968025
2024-02-04,36.74861111111111,3.057539682539712,,,2024-02-04,0.26814488002100434
2024-02-04,36.74861111111111,3.0588624338624637,,,2024-02-04,0.18472492001821167
2024-02-04,36.74861111111111,3.0601851851852153,,,2024-02-04,0.15531624674691102
2024-02-04,36.74861111111111,3.061507936507965,,,2024-02-04,0.20469782110899754
2024-02-04,36.74861111111111,3.0628306878307168,,,2024-02-04,0.29573210928483373
2024-02-04,36.74953703703704,3.057539682539712,,,2024-02-04,0.22516724453269812
2024-02-04,36.74953703703704,3.0588624338624637,,,2024-02-04,0.11367657315247216
2024-02-04,36.74953703703704,3.0601851851852153,,,2024-02-04,0.05405852740642433
2024-02-04,36.74953703703704,3.061507936507965,,,2024-02-04,0.14387554106688039
2024-02-04,36.74953703703704,3.0628306878307168,,,2024-02-04,0.2574022223605488
2024-02-04,36.75046296296296,3.057539682539712,,,2024-02-04,0.22516595693912034
2024-02-04,36.75046296296296,3.0588624338624637,,,2024-02-04,0.11367602791756166
2024-02-04,36.75046296296296,3.0601851851852153,,,2024-02-04,0.05405849702281984
2024-02-04,36.75046296296296,3.061507936507965,,,2024-02-04,0.14387478409339177
2024-02-04,36.75046296296296,3.0628306878307168,,,2024-02-04,0.25740073137508096
2024-02-04,36.75138888888889,3.057539682539712,,,2024-02-04,0.2681416363474062
2024-02-04,36.75138888888889,3.0588624338624637,,,2024-02-04,0.18472391343301875
2024-02-04,36.75138888888889,3.0601851851852153,,,2024-02-04,0.1553162150214607
2024-02-04,36.75138888888889,3.061507936507965,,,2024-02-04,0.20469622494972564
2024-02-04,36.75138888888889,3.0628306878307168,,,2024-02-04,0.29572821605468813
2024-02-04,36.75231481481482,3.057539682539712,,,2024-02-04,0.33808427195944535
2024-02-04,36.75231481481482,3.0588624338624637,,,2024-02-04,0.27663047174165517
2024-02-04,36.75231481481482,3.0601851851852153,,,2024-02-04,0.2579239055025071
2024-02-04,36.75231481481482,3.061507936507965,,,2024-02-04,0.2903479711469829
2024-02-04,36.75231481481482,3.0628306878307168,,,2024-02-04,0.3603554187897976
2024-02-05,36.74768518518518,3.057539682539712,,,2024-02-05,0.3380885596660119
2024-02-05,36.74768518518518,3.0588624338624637,,,2024-02-05,0.276631592011625
2024-02-05,36.74768518518518,3.0601851851852153,,,2024-02-05,0.2579239373431453
2024-02-05,36.74768518518518,3.061507936507965,,,2024-02-05,0.2903498466436768
2024-02-05,36.74768518518518,3.0628306878307168,,,2024-02-05,0.3603607437968025
2024-02-05,36.74861111111111,3.057539682539712,,,2024-02-05,0.26814488002100434
2024-02-05,36.74861111111111,3.0588624338624637,,,2024-02-05,0.18472492001821167
2024-02-05,36.74861111111111,3.0601851851852153,,,2024-02-05,0.15531624674691102
2024-02-05,36.74861111111111,3.061507936507965,,,2024-02-05,0.20469782110899754
2024-02-05,36.74861111111111,3.0628306878307168,,,2024-02-05,0.29573210928483373
2024-02-05,36.74953703703704,3.057539682539712,,,2024-02-05,0.22516724453269812
2024-02-05,36.74953703703704,3.0588624338624637,,,2024-02-05,0.11367657315247216
2024-02-05,36.74953703703704,3.0601851851852153,,,2024-02-05,0.05405852740642433
2024-02-05,36.74953703703704,3.061507936507965,,,2024-02-05,0.14387554106688039
2024-02-05,36.74953703703704,3.0628306878307168,,,2024-02-05,0.2574022223605488
2024-02-05,36.75046296296296,3.057539682539712,,,2024-02-05,0.22516595693912034
2024-02-05,36.75046296296296,3.0588624338624637,,,2024-02-05,0.11367602791756166
2024-02-05,36.75046296296296,3.0601851851852153,,,2024-02-05,0.05405849702281984
2024-02-05,36.75046296296296,3.061507936507965,,,2024-02-05,0.14387478409339177
2024-02-05,36.75046296296296,3.0628306878307168,,,2024-02-05,0.25740073137508096
2024-02-05,36.75138888888889,3.057539682539712,,,2024-02-05,0.2681416363474062
2024-02-05,36.75138888888889,3.0588624338624637,,,2024-02-05,0.18472391343301875
2024-02-05,36.75138888888889,3.0601851851852153,,,2024-02-05,0.1553162150214607
2024-02-05,36.75138888888889,3.061507936507965,,,2024-02-05,0.20469622494972564
2024-02-05,36.75138888888889,3.0628306878307168,,,2024-02-05,0.29572821605468813
2024-02-05,36.75231481481482,3.057539682539712,,,2024-02-05,0.33808427195944535
2024-02-05,36.75231481481482,3.0588624338624637,,,2024-02-05,0.27663047174165517
2024-02-05,36.75231481481482,3.0601851851852153,,,2024-02-05,0.2579239055025071
2024-02-05,36.75231481481482,3.061507936507965,,,2024-02-05,0.2903479711469829
2024-02-05,36.75231481481482,3.0628306878307168,,,2024-02-05,0.3603554187897976
2024-02-06,36.74768518518518,3.057539682539712,,,2024-02-06,0.3380885596660119
2024-02-06,36.74768518518518,3.0588624338624637,,,2024-02-06,0.276631592011625
2024-02-06,36.74768518518518,3.0601851851852153,,,2024-02-06,0.2579239373431453
2024-02-06,36.74768518518518,3.061507936507965,,,2024-02-06,0.2903498466436768
2024-02-06,36.74768518518518,3.0628306878307168,,,2024-02-06,0.3603607437968025
2024-02-06,36.74861111111111,3.057539682539712,,,2024-02-06,0.26814488002100434
2024-02-06,36.74861111111111,3.0588624338624637,,,2024-02-06,0.18472492001821167
2024-02-06,36.74861111111111,3.0601851851852153,,,2024-02-06,0.15531624674691102
2024-02-06,36.74861111111111,3.061507936507965,,,2024-02-06,0.20469782110899754
2024-02-06,36.74861111111111,3.0628306878307168,,,2024-02-06,0.29573210928483373
2024-02-06,36.74953703703704,3.057539682539712,,,2024-02-06,0.22516724453269812
2024-02-06,36.74953703703704,3.0588624338624637,,,2024-02-06,0.11367657315247216
2024-02-06,36.74953703703704,3.0601851851852153,,,2024-02-06,0.05405852740642433
2024-02-06,36.74953703703704,3.061507936507965,,,2024-02-06,0.14387554106688039
2024-02-06,36.74953703703704,3.0628306878307168,,,2024-02-06,0.2574022223605488
2024-02-06,36.75046296296296,3.057539682539712,,,2024-02-06,0.22516595693912034
2024-02-06,36.75046296296296,3.0588624338624637,,,2024-02-06,0.11367602791756166
2024-02-06,36.75046296296296,3.0601851851852153,,,2024-02-06,0.05405849702281984
2024-02-06,36.75046296296296,3.061507936507965,,,2024-02-06,0.14387478409339177
2024-02-06,36.75046296296296,3.0628306878307168,,,2024-02-06,0.25740073137508096
2024-02-06,36.75138888888889,3.057539682539712,,,2024-02-06,0.2681416363474062
2024-02-06,36.75138888888889,3.0588624338624637,,,2024-02-06,0.18472391343301875
2024-02-06,36.75138888888889,3.0601851851852153,,,2024-02-06,0.1553162150214607
2024-02-06,36.75138888888889,3.061507936507965,,,2024-02-06,0.20469622494972564
2024-02-06,36.75138888888889,3.0628306878307168,,,2024-02-06,0.29572821605468813
2024-02-06,36.75231481481482,3.057539682539712,,,2024-02-06,0.33808427195944535
2024-02-06,36.75231481481482,3.0588624338624637,,,2024-02-06,0.27663047174165517
2024-02-06,36.75231481481482,3.0601851851852153,,,2024-02-06,0.2579239055025071
2024-02-06,36.75231481481482,3.061507936507965,,,2024-02-06,0.2903479711469829
2024-02-06,36.75231481481482,3.0628306878307168,,,2024-02-06,0.3603554187897976
2024-02-07,36.74768518518518,3.057539682539712,,,2024-02-07,0.3380885596660119
2024-02-07,36.74768518518518,3.0588624338624637,,,2024-02-07,0.276631592011625
2024-02-07,36.74768518518518,3.0601851851852153,,,2024-02-07,0.2579239373431453
2024-02-07,36.74768518518518,3.061507936507965,,,2024-02-07,0.2903498466436768
2024-02-07,36.74768518518518,3.0628306878307168,,,2024-02-07,0.3603607437968025
2024-02-07,36.74861111111111,3.057539682539712,,,2024-02-07,0.26814488002100434
2024-02-07,36.74861111111111,3.0588624338624637,,,2024-02-07,0.18472492001821167
2024-02-07,36.74861111111111,3.0601851851852153,,,2024-02-07,0.15531624674691102
2024-02-07,36.74861111111111,3.061507936507965,,,2024-02-07,0.20469782110899754
2024-02-07,36.74861111111111,3.0628306878307168,,,2024-02-07,0.29573210928483373
2024-02-07,36.74953703703704,3.057539682539712,,,2024-02-07,0.22516724453269812
2024-02-07,36.74953703703704,3.0588624338624637,,,2024-02-07,0.11367657315247216
2024-02-07,36.74953703703704,3.0601851851852153,,,2024-02-07,0.05405852740642433
2024-02-07,36.74953703703704,3.061507936507965,,,2024-02-07,0.14387554106688039
2024-02-07,36.74953703703704,3.0628306878307168,,,2024-02-07,0.2574022223605488
2024-02-07,36.75046296296296,3.057539682539712,,,2024-02-07,0.22516595693912034
2024-02-07,36.75046296296296,3.0588624338624637,,,2024-02-07,0.11367602791756166
2024-02-07,36.75046296296296,3.0601851851852153,,,2024-02-07,0.05405849702281984
2024-02-07,36.75046296296296,3.061507936507965,,,2024-02-07,0.14387478409339177
2024-02-07,36.75046296296296,3.0628306878307168,,,2024-02-07,0.25740073137508096
2024-02-07,36.75138888888889,3.057539682539712,,,2024-02-07,0.2681416363474062
2024-02-07,36.75138888888889,3.0588624338624637,,,2024-02-07,0.18472391343301875
2024-02-07,36.75138888888889,3.0601851851852153,,,2024-02-07,0.1553162150214607
2024-02-07,36.75138888888889,3.061507936507965,,,2024-02-07,0.20469622494972564
2024-02-07,36.75138888888889,3.0628306878307168,,,2024-02-07,0.29572821605468813
2024-02-07,36.75231481481482,3.057539682539712,,,2024-02-07,0.33808427195944535
2024-02-07,36.75231481481482,3.0588624338624637,,,2024-02-07,0.27663047174165517
2024-02-07,36.75231481481482,3.0601851851852153,,,2024-02-07,0.2579239055025071
2024-02-07,36.75231481481482,3.061507936507965,,,2024-02-07,0.2903479711469829
2024-02-07,36.75231481481482,3.0628306878307168,,,2024-02-07,0.3603554187897976
2024-02-08,36.74768518518518,3.057539682539712,,,2024-02-08,0.3380885596660119
2024-02-08,36.74768518518518,3.0588624338624637,,,2024-02-08,0.276631592011625
2024-02-08,36.74768518518518,3.0601851851852153,,,2024-02-08,0.2579239373431453
2024-02-08,36.74768518518518,3.061507936507965,,,2024-02-08,0.2903498466436768
2024-02-08,36.74768518518518,3.0628306878307168,,,2024-02-08,0.3603607437968025
2024-02-08,36.74861111111111,3.057539682539712,,,2024-02-08,0.26814488002100434
2024-02-08,36.74861111111111,3.0588624338624637,,,2024-02-08,0.18472492001821167
2024-02-08,36.74861111111111,3.0601851851852153,,,2024-02-08,0.15531624674691102
2024-02-08,36.74861111111111,3.061507936507965,,,2024-02-08,0.20469782110899754
2024-02-08,36.74861111111111,3.0628306878307168,,,2024-02-08,0.29573210928483373
2024-02-08,36.74953703703704,3.057539682539712,,,2024-02-08,0.22516724453269812
2024-02-08,36.74953703703704,3.0588624338624637,,,2024-02-08,0.11367657315247216
2024-02-08,36.74953703703704,3.0601851851852153,,,2024-02-08,0.05405852740642433
2024-02-08,36.74953703703704,3.061507936507965,,,2024-02-08,0.14387554106688039
2024-02-08,36.74953703703704,3.0628306878307168,,,2024-02-08,0.2574022223605488
2024-02-08,36.75046296296296,3.057539682539712,,,2024-02-08,0.22516595693912034
2024-02-08,36.75046296296296,3.0588624338624637,,,2024-02-08,0.11367602791756166
2024-02-08,36.75046296296296,3.0601851851852153,,,2024-02-08,0.05405849702281984
2024-02-08,36.75046296296296,3.061507936507965,,,2024-02-08,0.14387478409339177
2024-02-08,36.75046296296296,3.0628306878307168,,,2024-02-08,0.25740073137508096
2024-02-08,36.75138888888889,3.057539682539712,,,2024-02-08,0.2681416363474062
2024-02-08,36.75138888888889,3.0588624338624637,,,2024-02-08,0.18472391343301875
2024-02-08,36.75138888888889,3.0601851851852153,,,2024-02-08,0.1553162150214607
2024-02-08,36.75138888888889,3.061507936507965,,,2024-02-08,0.20469622494972564
2024-02-08,36.75138888888889,3.0628306878307168,,,2024-02-08,0.29572821605468813
2024-02-08,36.75231481481482,3.057539682539712,,,2024-02-08,0.33808427195944535
2024-02-08,36.75231481481482,3.0588624338624637,,,2024-02-08,0.27663047174165517
2024-02-08,36.75231481481482,3.0601851851852153,,,2024-02-08,0.2579239055025071
2024-02-08,36.75231481481482,3.061507936507965,,,2024-02-08,0.2903479711469829
2024-02-08,36.75231481481482,3.0628306878307168,,,2024-02-08,0.3603554187897976
2024-02-09,36.74768518518518,3.057539682539712,,,2024-02-09,0.3380885596660119
2024-02-09,36.74768518518518,3.0588624338624637,,,2024-02-09,0.276631592011625
2024-02-09,36.74768518518518,3.0601851851852153,,,2024-02-09,0.2579239373431453
2024-02-09,36.74768518518518,3.061507936507965,,,2024-02-09,0.2903498466436768
2024-02-09,36.74768518518518,3.0628306878307168,,,2024-02-09,0.3603607437968025
2024-02-09,36.74861111111111,3.057539682539712,,,2024-02-09,0.26814488002100434
2024-02-09,36.74861111111111,3.0588624338624637,,,2024-02-09,0.18472492001821167
2024-02-09,36.74861111111111,3.0601851851852153,,,2024-02-09,0.15531624674691102
2024-02-09,36.74861111111111,3.061507936507965,,,2024-02-09,0.20469782110899754
2024-02-09,36.74861111111111,3.0628306878307168,,,2024-02-09,0.29573210928483373
2024-02-09,36.74953703703704,3.057539682539712,,,2024-02-09,0.22516724453269812
2024-02-09,36.74953703703704,3.0588624338624637,,,2024-02-09,0.11367657315247216
2024-02-09,36.74953703703704,3.0601851851852153,,,2024-02-09,0.05405852740642433
2024-02-09,36.74953703703704,3.061507936507965,,,2024-02-09,0.14387554106688039
2024-02-09,36.74953703703704,3.0628306878307168,,,2024-02-09,0.2574022223605488
2024-02-09,36.75046296296296,3.057539682539712,,,2024-02-09,0.22516595693912034
2024-02-09,36.75046296296296,3.0588624338624637,,,2024-02-09,0.11367602791756166
2024-02-09,36.75046296296296,3.0601851851852153,,,2024-02-09,0.05405849702281984
2024-02-09,36.75046296296296,3.061507936507965,,,2024-02-09,0.14387478409339177
2024-02-09,36.75046296296296,3.0628306878307168,,,2024-02-09,0.25740073137508096
2024-02-09,36.75138888888889,3.057539682539712,,,2024-02-09,0.2681416363474062
2024-02-09,36.75138888888889,3.0588624338624637,,,2024-02-09,0.18472391343301875
2024-02-09,36.75138888888889,3.0601851851852153,,,2024-02-09,0.1553162150214607
2024-02-09,36.75138888888889,3.061507936507965,,,2024-02-09,0.20469622494972564
2024-02-09,36.75138888888889,3.0628306878307168,,,2024-02-09,0.29572821605468813
2024-02-09,36.75231481481482,3.057539682539712,,,2024-02-09,0.33808427195944535
2024-02-09,36.75231481481482,3.0588624338624637,,,2024-02-09,0.27663047174165517
2024-02-09,36.75231481481482,3.0601851851852153,,,2024-02-09,0.2579239055025071
2024-02-09,36.75231481481482,3.061507936507965,,,2024-02-09,0.2903479711469829
2024-02-09,36.75231481481482,3.0628306878307168,,,2024-02-09,0.3603554187897976
2024-02-10,36.74768518518518,3.057539682539712,,,2024-02-10,0.3380885596660119
2024-02-10,36.74768518518518,3.0588624338624637,,,2024-02-10,0.276631592011625
2024-02-10,36.74768518518518,3.0601851851852153,,,2024-02-10,0.2579239373431453
2024-02-10,36.74768518518518,3.061507936507965,,,2024-02-10,0.2903498466436768
2024-02-10,36.74768518518518,3.0628306878307168,,,2024-02-10,0.3603607437968025
2024-02-10,36.74861111111111,3.057539682539712,,,2024-02-10,0.26814488002100434
2024-02-10,36.74861111111111,3.0588624338624637,,,2024-02-10,0.18472492001821167
2024-02-10,36.74861111111111,3.0601851851852153,,,2024-02-10,0.15531624674691102
2024-02-10,36.74861111111111,3.061507936507965,,,2024-02-10,0.20469782110899754
2024-02-10,36.74861111111111,3.0628306878307168,,,2024-02-10,0.29573210928483373
2024-02-10,36.74953703703704,3.057539682539712,,,2024-02-10,0.22516724453269812
2024-02-10,36.74953703703704,3.0588624338624637,,,2024-02-10,0.11367657315247216
2024-02-10,36.74953703703704,3.0601851851852153,,,2024-02-10,0.05405852740642433
2024-02-10,36.74953703703704,3.061507936507965,,,2024-02-10,0.14387554106688039
2024-02-10,36.74953703703704,3.0628306878307168,,,2024-02-10,0.2574022223605488
2024-02-10,36.75046296296296,3.057539682539712,,,2024-02-10,0.22516595693912034
2024-02-10,36.75046296296296,3.0588624338624637,,,2024-02-10,0.11367602791756166
2024-02-10,36.75046296296296,3.0601851851852153,,,2024-02-10,0.05405849702281984
2024-02-10,36.75046296296296,3.061507936507965,,,2024-02-10,0.14387478409339177
2024-02-10,36.75046296296296,3.0628306878307168,,,2024-02-10,0.25740073137508096
2024-02-10,36.75138888888889,3.057539682539712,,,2024-02-10,0.2681416363474062
2024-02-10,36.75138888888889,3.0588624338624637,,,2024-02-10,0.18472391343301875
2024-02-10,36.75138888888889,3.0601851851852153,,,2024-02-10,0.1553162150214607
2024-02-10,36.75138888888889,3.061507936507965,,,2024-02-10,0.20469622494972564
2024-02-10,36.75138888888889,3.0628306878307168,,,2024-02-10,0.29572821605468813
2024-02-10,36.75231481481482,3.057539682539712,,,2024-02-10,0.33808427195944535
2024-02-10,36.75231481481482,3.0588624338624637,,,2024-02-10,0.27663047174165517
2024-02-10,36.75231481481482,3.0601851851852153,,,2024-02-10,0.2579239055025071
2024-02-10,36.75231481481482,3.061507936507965,,,2024-02-10,0.2903479711469829
2024-02-10,36.75231481481482,3.0628306878307168,,,2024-02-10,0.3603554187897976
2024-02-11,36.74768518518518,3.057539682539712,,,2024-02-11,0.3380885596660119
2024-02-11,36.74768518518518,3.0588624338624637,,,2024-02-11,0.276631592011625
2024-02-11,36.74768518518518,3.0601851851852153,,,2024-02-11,0.2579239373431453
2024-02-11,36.74768518518518,3.061507936507965,,,2024-02-11,0.2903498466436768
2024-02-11,36.74768518518518,3.0628306878307168,,,2024-02-11,0.3603607437968025
2024-02-11,36.74861111111111,3.057539682539712,,,2024-02-11,0.26814488002100434
2024-02-11,36.74861111111111,3.0588624338624637,,,2024-02-11,0.18472492001821167
2024-02-11,36.74861111111111,3.0601851851852153,,,2024-02-11,0.15531624674691102
2024-02-11,36.74861111111111,3.061507936507965,,,2024-02-11,0.20469782110899754
2024-02-11,36.74861111111111,3.0628306878307168,,,2024-02-11,0.29573210928483373
2024-02-11,36.74953703703704,3.057539682539712,,,2024-02-11,0.22516724453269812
2024-02-11,36.74953703703704,3.0588624338624637,,,2024-02-11,0.11367657315247216
2024-02-11,36.74953703703704,3.0601851851852153,,,2024-02-11,0.05405852740642433
2024-02-11,36.74953703703704,3.061507936507965,,,2024-02-11,0.14387554106688039
2024-02-11,36.74953703703704,3.0628306878307168,,,2024-02-11,0.2574022223605488
2024-02-11,36.75046296296296,3.057539682539712,,,2024-02-11,0.22516595693912034
2024-02-11,36.75046296296296,3.0588624338624637,,,2024-02-11,0.11367602791756166
2024-02-11,36.75046296296296,3.0601851851852153,,,2024-02-11,0.05405849702281984
2024-02-11,36.75046296296296,3.061507936507965,,,2024-02-11,0.14387478409339177
2024-02-11,36.75046296296296,3.0628306878307168,,,2024-02-11,0.25740073137508096
2024-02-11,36.75138888888889,3.057539682539712,,,2024-02-11,0.2681416363474062
2024-02-11,36.75138888888889,3.0588624338624637,,,2024-02-11,0.18472391343301875
2024-02-11,36.75138888888889,3.0601851851852153,,,2024-02-11,0.1553162150214607
2024-02-11,36.75138888888889,3.061507936507965,,,2024-02-11,0.20469622494972564
2024-02-11,36.75138888888889,3.0628306878307168,,,2024-02-11,0.29572821605468813
2024-02-11,36.75231481481482,3.057539682539712,,,2024-02-11,0.33808427195944535
2024-02-11,36.75231481481482,3.0588624338624637,,,2024-02-11,0.27663047174165517
2024-02-11,36.75231481481482,3.0601851851852153,,,2024-02-11,0.2579239055025071
2024-02-11,36.75231481481482,3.061507936507965,,,2024-02-11,0.2903479711469829
2024-02-11,36.75231481481482,3.0628306878307168,,,2024-02-11,0.3603554187897976
2024-02-12,36.74768518518518,3.057539682539712,,,2024-02-12,0.3380885596660119
2024-02-12,36.74768518518518,3.0588624338624637,,,2024-02-12,0.276631592011625
2024-02-12,36.74768518518518,3.0601851851852153,,,2024-02-12,0.2579239373431453
2024-02-12,36.74768518518518,3.061507936507965,,,2024-02-12,0.2903498466436768
2024-02-12,36.74768518518518,3.0628306878307168,,,2024-02-12,0.3603607437968025
2024-02-12,36.74861111111111,3.057539682539712,,,2024-02-12,0.26814488002100434
2024-02-12,36.74861111111111,3.0588624338624637,,,2024-02-12,0.18472492001821167
2024-02-12,36.74861111111111,3.0601851851852153,,,2024-02-12,0.15531624674691102
2024-02-12,36.74861111111111,3.061507936507965,,,2024-02-12,0.20469782110899754
2024-02-12,36.74861111111111,3.0628306878307168,,,2024-02-12,0.29573210928483373
2024-02-12,36.74953703703704,3.057539682539712,,,2024-02-12,0.22516724453269812
2024-02-12,36.74953703703704,3.0588624338624637,,,2024-02-12,0.11367657315247216
2024-02-12,36.74953703703704,3.0601851851852153,,,2024-02-12,0.05405852740642433
2024-02-12,36.74953703703704,3.061507936507965,,,2024-02-12,0.14387554106688039
2024-02-12,36.74953703703704,3.0628306878307168,,,2024-02-12,0.2574022223605488
2024-02-12,36.75046296296296,3.057539682539712,,,2024-02-12,0.22516595693912034
2024-02-12,36.75046296296296,3.0588624338624637,,,2024-02-12,0.11367602791756166
2024-02-12,36.75046296296296,3.0601851851852153,,,2024-02-12,0.05405849702281984
2024-02-12,36.75046296296296,3.061507936507965,,,2024-02-12,0.14387478409339177
2024-02-12,36.75046296296296,3.0628306878307168,,,2024-02-12,0.25740073137508096
2024-02-12,36.75138888888889,3.057539682539712,,,2024-02-12,0.2681416363474062
2024-02-12,36.75138888888889,3.0588624338624637,,,2024-02-12,0.18472391343301875
2024-02-12,36.75138888888889,3.0601851851852153,,,2024-02-12,0.1553162150214607
2024-02-12,36.75138888888889,3.061507936507965,,,2024-02-12,0.20469622494972564
2024-02-12,36.75138888888889,3.0628306878307168,,,2024-02-12,0.29572821605468813
2024-02-12,36.75231481481482,3.057539682539712,,,2024-02-12,0.33808427195944535
2024-02-12,36.75231481481482,3.0588624338624637,,,2024-02-12,0.27663047174165517
2024-02-12,36.75231481481482,3.0601851851852153,,,2024-02-12,0.2579239055025071
2024-02-12,36.75231481481482,3.061507936507965,,,2024-02-12,0.2903479711469829
2024-02-12,36.75231481481482,3.0628306878307168,,,2024-02-12,0.3603554187897976
2024-02-13,36.74768518518518,3.057539682539712,,,2024-02-13,0.3380885596660119
2024-02-13,36.74768518518518,3.0588624338624637,,,2024-02-13,0.276631592011625
2024-02-13,36.74768518518518,3.0601851851852153,,,2024-02-13,0.2579239373431453
2024-02-13,36.74768518518518,3.061507936507965,,,2024-02-13,0.2903498466436768
2024-02-13,36.74768518518518,3.0628306878307168,,,2024-02-13,0.3603607437968025
2024-02-13,36.74861111111111,3.057539682539712,,,2024-02-13,0.26814488002100434
2024-02-13,36.74861111111111,3.0588624338624637,,,2024-02-13,0.18472492001821167
2024-02-13,36.74861111111111,3.0601851851852153,,,2024-02-13,0.15531624674691102
2024-02-13,36.74861111111111,3.061507936507965,,,2024-02-13,0.20469782110899754
2024-02-13,36.74861111111111,3.0628306878307168,,,2024-02-13,0.29573210928483373
2024-02-13,36.74953703703704,3.057539682539712,,,2024-02-13,0.22516724453269812
2024-02-13,36.74953703703704,3.0588624338624637,,,2024-02-13,0.11367657315247216
2024-02-13,36.74953703703704,3.0601851851852153,,,2024-02-13,0.05405852740642433
2024-02-13,36.74953703703704,3.061507936507965,,,2024-02-13,0.14387554106688039
2024-02-13,36.74953703703704,3.0628306878307168,,,2024-02-13,0.2574022223605488
2024-02-13,36.75046296296296,3.057539682539712,,,2024-02-13,0.22516595693912034
2024-02-13,36.75046296296296,3.0588624338624637,,,2024-02-13,0.11367602791756166
2024-02-13,36.75046296296296,3.0601851851852153,,,2024-02-13,0.05405849702281984
2024-02-13,36.75046296296296,3.061507936507965,,,2024-02-13,0.14387478409339177
2024-02-13,36.75046296296296,3.0628306878307168,,,2024-02-13,0.25740073137508096
2024-02-13,36.75138888888889,3.057539682539712,,,2024-02-13,0.2681416363474062
2024-02-13,36.75138888888889,3.0588624338624637,,,2024-02-13,0.18472391343301875
2024-02-13,36.75138888888889,3.0601851851852153,,,2024-02-13,0.1553162150214607
2024-02-13,36.75138888888889,3.061507936507965,,,2024-02-13,0.20469622494972564
2024-02-13,36.75138888888889,3.0628306878307168,,,2024-02-13,0.29572821605468813
2024-02-13,36.75231481481482,3.057539682539712,,,2024-02-13,0.33808427195944535
2024-02-13,36.75231481481482,3.0588624338624637,,,2024-02-13,0.27663047174165517
2024-02-13,36.75231481481482,3.0601851851852153,,,2024-02-13,0.2579239055025071
2024-02-13,36.75231481481482,3.061507936507965,,,2024-02-13,0.2903479711469829
2024-02-13,36.75231481481482,3.0628306878307168,,,2024-02-13,0.3603554187897976
2024-02-14,36.74768518518518,3.057539682539712,,,2024-02-14,0.3380885596660119
2024-02-14,36.74768518518518,3.0588624338624637,,,2024-02-14,0.276631592011625
2024-02-14,36.74768518518518,3.0601851851852153,,,2024-02-14,0.2579239373431453
2024-02-14,36.74768518518518,3.061507936507965,,,2024-02-14,0.2903498466436768
2024-02-14,36.74768518518518,3.0628306878307168,,,2024-02-14,0.3603607437968025
2024-02-14,36.74861111111111,3.057539682539712,,,2024-02-14,0.26814488002100434
2024-02-14,36.74861111111111,3.0588624338624637,,,2024-02-14,0.18472492001821167
2024-02-14,36.74861111111111,3.0601851851852153,,,2024-02-14,0.15531624674691102
2024-02-14,36.74861111111111,3.061507936507965,,,2024-02-14,0.20469782110899754
2024-02-14,36.74861111111111,3.0628306878307168,,,2024-02-14,0.29573210928483373
2024-02-14,36.74953703703704,3.057539682539712,,,2024-02-14,0.22516724453269812
2024-02-14,36.74953703703704,3.0588624338624637,,,2024-02-14,0.11367657315247216
2024-02-14,36.74953703703704,3.0601851851852153,,,2024-02-14,0.05405852740642433
2024-02-14,36.74953703703704,3.061507936507965,,,2024-02-14,0.14387554106688039
2024-02-14,36.74953703703704,3.0628306878307168,,,2024-02-14,0.2574022223605488
2024-02-14,36.75046296296296,3.057539682539712,,,2024-02-14,0.22516595693912034
2024-02-14,36.75046296296296,3.0588624338624637,,,2024-02-14,0.11367602791756166
2024-02-14,36.75046296296296,3.0601851851852153,,,2024-02-14,0.05405849702281984
2024-02-14,36.75046296296296,3.061507936507965,,,2024-02-14,0.14387478409339177
2024-02-14,36.75046296296296,3.0628306878307168,,,2024-02-14,0.25740073137508096
2024-02-14,36.75138888888889,3.057539682539712,,,2024-02-14,0.2681416363474062
2024-02-14,36.75138888888889,3.0588624338624637,,,2024-02-14,0.18472391343301875
2024-02-14,36.75138888888889,3.0601851851852153,,,2024-02-14,0.1553162150214607
2024-02-14,36.75138888888889,3.061507936507965,,,2024-02-14,0.20469622494972564
2024-02-14,36.75138888888889,3.0628306878307168,,,2024-02-14,0.29572821605468813
2024-02-14,36.75231481481482,3.057539682539712,,,2024-02-14,0.33808427195944535
2024-02-14,36.75231481481482,3.0588624338624637,,,2024-02-14,0.27663047174165517
2024-02-14,36.75231481481482,3.0601851851852153,,,2024-02-14,0.2579239055025071
2024-02-14,36.75231481481482,3.061507936507965,,,2024-02-14,0.2903479711469829
2024-02-14,36.75231481481482,3.0628306878307168,,,2024-02-14,0.3603554187897976
2024-02-15,36.74768518518518,3.057539682539712,,,2024-02-15,0.3380885596660119
2024-02-15,36.74768518518518,3.0588624338624637,,,2024-02-15,0.276631592011625
2024-02-15,36.74768518518518,3.0601851851852153,,,2024-02-15,0.2579239373431453
2024-02-15,36.74768518518518,3.061507936507965,,,2024-02-15,0.2903498466436768
2024-02-15,36.74768518518518,3.0628306878307168,,,2024-02-15,0.3603607437968025
2024-02-15,36.74861111111111,3.057539682539712,,,2024-02-15,0.26814488002100434
2024-02-15,36.74861111111111,3.0588624338624637,,,2024-02-15,0.18472492001821167
2024-02-15,36.74861111111111,3.0601851851852153,,,2024-02-15,0.15531624674691102
2024-02-15,36.74861111111111,3.061507936507965,,,2024-02-15,0.20469782110899754
2024-02-15,36.74861111111111,3.0628306878307168,,,2024-02-15,0.29573210928483373
2024-02-15,36.74953703703704,3.057539682539712,,,2024-02-15,0.22516724453269812
2024-02-15,36.74953703703704,3.0588624338624637,,,2024-02-15,0.11367657315247216
2024-02-15,36.74953703703704,3.0601851851852153,,,2024-02-15,0.05405852740642433
2024-02-15,36.74953703703704,3.061507936507965,,,2024-02-15,0.14387554106688039
2024-02-15,36.74953703703704,3.0628306878307168,,,2024-02-15,0.2574022223605488
2024-02-15,36.75046296296296,3.057539682539712,,,2024-02-15,0.22516595693912034
2024-02-15,36.75046296296296,3.0588624338624637,,,2024-02-15,0.11367602791756166
2024-02-15,36.75046296296296,3.0601851851852153,,,2024-02-15,0.05405849702281984
2024-02-15,36.75046296296296,3.061507936507965,,,2024-02-15,0.14387478409339177
2024-02-15,36.75046296296296,3.0628306878307168,,,2024-02-15,0.25740073137508096
2024-02-15,36.75138888888889,3.057539682539712,,,2024-02-15,0.2681416363474062
2024-02-15,36.75138888888889,3.0588624338624637,,,2024-02-15,0.18472391343301875
2024-02-15,36.75138888888889,3.0601851851852153,,,2024-02-15,0.1553162150214607
2024-02-15,36.75138888888889,3.061507936507965,,,2024-02-15,0.20469622494972564
2024-02-15,36.75138888888889,3.0628306878307168,,,2024-02-15,0.29572821605468813
2024-02-15,36.75231481481482,3.057539682539712,,,2024-02-15,0.33808427195944535
2024-02-15,36.75231481481482,3.0588624338624637,,,2024-02-15,0.27663047174165517
2024-02-15,36.75231481481482,3.0601851851852153,,,2024-02-15,0.2579239055025071
2024-02-15,36.75231481481482,3.061507936507965,,,2024-02-15,0.2903479711469829
2024-02-15,36.75231481481482,3.0628306878307168,,,2024-02-15,0.3603554187897976
2024-02-16,36.74768518518518,3.057539682539712,,,2024-02-16,0.3380885596660119
2024-02-16,36.74768518518518,3.0588624338624637,,,2024-02-16,0.276631592011625
2024-02-16,36.74768518518518,3.0601851851852153,,,2024-02-16,0.2579239373431453
2024-02-16,36.74768518518518,3.061507936507965,,,2024-02-16,0.2903498466436768
2024-02-16,36.74768518518518,3.0628306878307168,,,2024-02-16,0.3603607437968025
2024-02-16,36.74861111111111,3.057539682539712,,,2024-02-16,0.26814488002100434
2024-02-16,36.74861111111111,3.0588624338624637,,,2024-02-16,0.18472492001821167
2024-02-16,36.74861111111111,3.0601851851852153,,,2024-02-16,0.15531624674691102
2024-02-16,36.74861111111111,3.061507936507965,,,2024-02-16,0.20469782110899754
2024-02-16,36.74861111111111,3.0628306878307168,,,2024-02-16,0.29573210928483373
2024-02-16,36.74953703703704,3.057539682539712,,,2024-02-16,0.22516724453269812
2024-02-16,36.74953703703704,3.0588624338624637,,,2024-02-16,0.11367657315247216
2024-02-16,36.74953703703704,3.0601851851852153,,,2024-02-16,0.05405852740642433
2024-02-16,36.74953703703704,3.061507936507965,,,2024-02-16,0.14387554106688039
2024-02-16,36.74953703703704,3.0628306878307168,,,2024-02-16,0.2574022223605488
2024-02-16,36.75046296296296,3.057539682539712,,,2024-02-16,0.22516595693912034
2024-02-16,36.75046296296296,3.0588624338624637,,,2024-02-16,0.11367602791756166
2024-02-16,36.75046296296296,3.0601851851852153,,,2024-02-16,0.05405849702281984
2024-02-16,36.75046296296296,3.061507936507965,,,2024-02-16,0.14387478409339177
2024-02-16,36.75046296296296,3.0628306878307168,,,2024-02-16,0.25740073137508096
2024-02-16,36.75138888888889,3.057539682539712,,,2024-02-16,0.2681416363474062
2024-02-16,36.75138888888889,3.0588624338624637,,,2024-02-16,0.18472391343301875
2024-02-16,36.75138888888889,3.0601851851852153,,,2024-02-16,0.1553162150214607
2024-02-16,36.75138888888889,3.061507936507965,,,2024-02-16,0.20469622494972564
2024-02-16,36.75138888888889,3.0628306878307168,,,2024-02-16,0.29572821605468813
2024-02-16,36.75231481481482,3.057539682539712,,,2024-02-16,0.33808427195944535
2024-02-16,36.75231481481482,3.0588624338624637,,,2024-02-16,0.27663047174165517
2024-02-16,36.75231481481482,3.0601851851852153,,,2024-02-16,0.2579239055025071
2024-02-16,36.75231481481482,3.061507936507965,,,2024-02-16,0.2903479711469829
2024-02-16,36.75231481481482,3.0628306878307168,,,2024-02-16,0.3603554187897976
2024-02-17,36.74768518518518,3.057539682539712,,,2024-02-17,0.3380885596660119
2024-02-17,36.74768518518518,3.0588624338624637,,,2024-02-17,0.276631592011625
2024-02-17,36.74768518518518,3.0601851851852153,,,2024-02-17,0.2579239373431453
2024-02-17,36.74768518518518,3.061507936507965,,,2024-02-17,0.2903498466436768
2024-02-17,36.74768518518518,3.0628306878307168,,,2024-02-17,0.3603607437968025
2024-02-17,36.74861111111111,3.057539682539712,,,2024-02-17,0.26814488002100434
2024-02-17,36.74861111111111,3.0588624338624637,,,2024-02-17,0.18472492001821167
2024-02-17,36.74861111111111,3.0601851851852153,,,2024-02-17,0.15531624674691102
2024-02-17,36.74861111111111,3.061507936507965,,,2024-02-17,0.20469782110899754
2024-02-17,36.74861111111111,3.0628306878307168,,,2024-02-17,0.29573210928483373
2024-02-17,36.74953703703704,3.057539682539712,,,2024-02-17,0.22516724453269812
2024-02-17,36.74953703703704,3.0588624338624637,,,2024-02-17,0.11367657315247216
2024-02-17,36.74953703703704,3.0601851851852153,,,2024-02-17,0.05405852740642433
2024-02-17,36.74953703703704,3.061507936507965,,,2024-02-17,0.14387554106688039
2024-02-17,36.74953703703704,3.0628306878307168,,,2024-02-17,0.2574022223605488
2024-02-17,36.75046296296296,3.057539682539712,,,2024-02-17,0.22516595693912034
2024-02-17,36.75046296296296,3.0588624338624637,,,2024-02-17,0.11367602791756166
2024-02-17,36.75046296296296,3.0601851851852153,,,2024-02-17,0.05405849702281984
2024-02-17,36.75046296296296,3.061507936507965,,,2024-02-17,0.14387478409339177
2024-02-17,36.75046296296296,3.0628306878307168,,,2024-02-17,0.25740073137508096
2024-02-17,36.75138888888889,3.057539682539712,,,2024-02-17,0.2681416363474062
2024-02-17,36.75138888888889,3.0588624338624637,,,2024-02-17,0.18472391343301875
2024-02-17,36.75138888888889,3.0601851851852153,,,2024-02-17,0.1553162150214607
2024-02-17,36.75138888888889,3.061507936507965,,,2024-02-17,0.20469622494972564
2024-02-17,36.75138888888889,3.0628306878307168,,,2024-02-17,0.29572821605468813
2024-02-17,36.75231481481482,3.057539682539712,,,2024-02-17,0.33808427195944535
2024-02-17,36.75231481481482,3.0588624338624637,,,2024-02-17,0.27663047174165517
2024-02-17,36.75231481481482,3.0601851851852153,,,2024-02-17,0.2579239055025071
2024-02-17,36.75231481481482,3.061507936507965,,,2024-02-17,0.2903479711469829
2024-02-17,36.75231481481482,3.0628306878307168,,,2024-02-17,0.3603554187897976
2024-02-18,36.74768518518518,3.057539682539712,,,2024-02-18,0.3380885596660119
2024-02-18,36.74768518518518,3.0588624338624637,,,2024-02-18,0.276631592011625
2024-02-18,36.74768518518518,3.0601851851852153,,,2024-02-18,0.2579239373431453
2024-02-18,36.74768518518518,3.061507936507965,,,2024-02-18,0.2903498466436768
2024-02-18,36.74768518518518,3.0628306878307168,,,2024-02-18,0.3603607437968025
2024-02-18,36.74861111111111,3.057539682539712,,,2024-02-18,0.26814488002100434
2024-02-18,36.74861111111111,3.0588624338624637,,,2024-02-18,0.18472492001821167
2024-02-18,36.74861111111111,3.0601851851852153,,,2024-02-18,0.15531624674691102
2024-02-18,36.74861111111111,3.061507936507965,,,2024-02-18,0.20469782110899754
2024-02-18,36.74861111111111,3.0628306878307168,,,2024-02-18,0.29573210928483373
2024-02-18,36.74953703703704,3.057539682539712,,,2024-02-18,0.22516724453269812
2024-02-18,36.74953703703704,3.0588624338624637,,,2024-02-18,0.11367657315247216
2024-02-18,36.74953703703704,3.0601851851852153,,,2024-02-18,0.05405852740642433
2024-02-18,36.74953703703704,3.061507936507965,,,2024-02-18,0.14387554106688039
2024-02-18,36.74953703703704,3.0628306878307168,,,2024-02-18,0.2574022223605488
2024-02-18,36.75046296296296,3.057539682539712,,,2024-02-18,0.22516595693912034
2024-02-18,36.75046296296296,3.0588624338624637,,,2024-02-18,0.11367602791756166
2024-02-18,36.75046296296296,3.0601851851852153,,,2024-02-18,0.05405849702281984
2024-02-18,36.75046296296296,3.061507936507965,,,2024-02-18,0.14387478409339177
2024-02-18,36.75046296296296,3.0628306878307168,,,2024-02-18,0.25740073137508096
2024-02-18,36.75138888888889,3.057539682539712,,,2024-02-18,0.2681416363474062
2024-02-18,36.75138888888889,3.0588624338624637,,,2024-02-18,0.18472391343301875
2024-02-18,36.75138888888889,3.0601851851852153,,,2024-02-18,0.1553162150214607
2024-02-18,36.75138888888889,3.061507936507965,,,2024-02-18,0.20469622494972564
2024-02-18,36.75138888888889,3.0628306878307168,,,2024-02-18,0.29572821605468813
2024-02-18,36.75231481481482,3.057539682539712,,,2024-02-18,0.33808427195944535
2024-02-18,36.75231481481482,3.0588624338624637,,,2024-02-18,0.27663047174165517
2024-02-18,36.75231481481482,3.0601851851852153,,,2024-02-18,0.2579239055025071
2024-02-18,36.75231481481482,3.061507936507965,,,2024-02-18,0.2903479711469829
2024-02-18,36.75231481481482,3.0628306878307168,,,2024-02-18,0.3603554187897976
2024-02-19,36.74768518518518,3.057539682539712,,,2024-02-19,0.3380885596660119
2024-02-19,36.74768518518518,3.0588624338624637,,,2024-02-19,0.276631592011625
2024-02-19,36.74768518518518,3.0601851851852153,,,2024-02-19,0.2579239373431453
2024-02-19,36.74768518518518,3.061507936507965,,,2024-02-19,0.2903498466436768
2024-02-19,36.74768518518518,3.0628306878307168,,,2024-02-19,0.3603607437968025
2024-02-19,36.74861111111111,3.057539682539712,,,2024-02-19,0.26814488002100434
2024-02-19,36.74861111111111,3.0588624338624637,,,2024-02-19,0.18472492001821167
2024-02-19,36.74861111111111,3.0601851851852153,,,2024-02-19,0.15531624674691102
2024-02-19,36.74861111111111,3.061507936507965,,,2024-02-19,0.20469782110899754
2024-02-19,36.74861111111111,3.0628306878307168,,,2024-02-19,0.29573210928483373
2024-02-19,36.74953703703704,3.057539682539712,,,2024-02-19,0.22516724453269812
2024-02-19,36.74953703703704,3.0588624338624637,,,2024-02-19,0.11367657315247216
2024-02-19,36.74953703703704,3.0601851851852153,,,2024-02-19,0.05405852740642433
2024-02-19,36.74953703703704,3.061507936507965,,,2024-02-19,0.14387554106688039
2024-02-19,36.74953703703704,3.0628306878307168,,,2024-02-19,0.2574022223605488
2024-02-19,36.75046296296296,3.057539682539712,,,2024-02-19,0.22516595693912034
2024-02-19,36.75046296296296,3.0588624338624637,,,2024-02-19,0.11367602791756166
2024-02-19,36.75046296296296,3.0601851851852153,,,2024-02-19,0.05405849702281984
2024-02-19,36.75046296296296,3.061507936507965,,,2024-02-19,0.14387478409339177
2024-02-19,36.75046296296296,3.0628306878307168,,,2024-02-19,0.25740073137508096
2024-02-19,36.75138888888889,3.057539682539712,,,2024-02-19,0.2681416363474062
2024-02-19,36.75138888888889,3.0588624338624637,,,2024-02-19,0.18472391343301875
2024-02-19,36.75138888888889,3.0601851851852153,,,2024-02-19,0.1553162150214607
2024-02-19,36.75138888888889,3.061507936507965,,,2024-02-19,0.20469622494972564
2024-02-19,36.75138888888889,3.0628306878307168,,,2024-02-19,0.29572821605468813
2024-02-19,36.75231481481482,3.057539682539712,,,2024-02-19,0.33808427195944535
2024-02-19,36.75231481481482,3.0588624338624637,,,2024-02-19,0.27663047174165517
2024-02-19,36.75231481481482,3.0601851851852153,,,2024-02-19,0.2579239055025071
2024-02-19,36.75231481481482,3.061507936507965,,,2024-02-19,0.2903479711469829
2024-02-19,36.75231481481482,3.0628306878307168,,,2024-02-19,0.3603554187897976
2024-02-20,36.74768518518518,3.057539682539712,,,2024-02-20,0.3380885596660119
2024-02-20,36.74768518518518,3.0588624338624637,,,2024-02-20,0.276631592011625
2024-02-20,36.74768518518518,3.0601851851852153,,,2024-02-20,0.2579239373431453
2024-02-20,36.74768518518518,3.061507936507965,,,2024-02-20,0.2903498466436768
2024-02-20,36.74768518518518,3.0628306878307168,,,2024-02-20,0.3603607437968025
2024-02-20,36.74861111111111,3.057539682539712,,,2024-02-20,0.26814488002100434
2024-02-20,36.74861111111111,3.0588624338624637,,,2024-02-20,0.18472492001821167
2024-02-20,36.74861111111111,3.0601851851852153,,,2024-02-20,0.15531624674691102
2024-02-20,36.74861111111111,3.061507936507965,,,2024-02-20,0.20469782110899754
2024-02-20,36.74861111111111,3.0628306878307168,,,2024-02-20,0.29573210928483373
2024-02-20,36.74953703703704,3.057539682539712,,,2024-02-20,0.22516724453269812
2024-02-20,36.74953703703704,3.0588624338624637,,,2024-02-20,0.11367657315247216
2024-02-20,36.74953703703704,3.0601851851852153,,,2024-02-20,0.05405852740642433
2024-02-20,36.74953703703704,3.061507936507965,,,2024-02-20,0.14387554106688039
2024-02-20,36.74953703703704,3.0628306878307168,,,2024-02-20,0.2574022223605488
2024-02-20,36.75046296296296,3.057539682539712,,,2024-02-20,0.22516595693912034
2024-02-20,36.75046296296296,3.0588624338624637,,,2024-02-20,0.11367602791756166
2024-02-20,36.75046296296296,3.0601851851852153,,,2024-02-20,0.05405849702281984
2024-02-20,36.75046296296296,3.061507936507965,,,2024-02-20,0.14387478409339177
2024-02-20,36.75046296296296,3.0628306878307168,,,2024-02-20,0.25740073137508096
2024-02-20,36.75138888888889,3.057539682539712,,,2024-02-20,0.2681416363474062
2024-02-20,36.75138888888889,3.0588624338624637,,,2024-02-20,0.18472391343301875
2024-02-20,36.75138888888889,3.0601851851852153,,,2024-02-20,0.1553162150214607
2024-02-20,36.75138888888889,3.061507936507965,,,2024-02-20,0.20469622494972564
2024-02-20,36.75138888888889,3.0628306878307168,,,2024-02-20,0.29572821605468813
2024-02-20,36.75231481481482,3.057539682539712,,,2024-02-20,0.33808427195944535
2024-02-20,36.75231481481482,3.0588624338624637,,,2024-02-20,0.27663047174165517
2024-02-20,36.75231481481482,3.0601851851852153,,,2024-02-20,0.2579239055025071
2024-02-20,36.75231481481482,3.061507936507965,,,2024-02-20,0.2903479711469829
2024-02-20,36.75231481481482,3.0628306878307168,,,2024-02-20,0.3603554187897976
2024-02-21,36.74768518518518,3.057539682539712,,,2024-02-21,0.3380885596660119
2024-02-21,36.74768518518518,3.0588624338624637,,,2024-02-21,0.276631592011625
2024-02-21,36.74768518518518,3.0601851851852153,,,2024-02-21,0.2579239373431453
2024-02-21,36.74768518518518,3.061507936507965,,,2024-02-21,0.2903498466436768
2024-02-21,36.74768518518518,3.0628306878307168,,,2024-02-21,0.3603607437968025
2024-02-21,36.74861111111111,3.057539682539712,,,2024-02-21,0.26814488002100434
2024-02-21,36.74861111111111,3.0588624338624637,,,2024-02-21,0.18472492001821167
2024-02-21,36.74861111111111,3.0601851851852153,,,2024-02-21,0.15531624674691102
2024-02-21,36.74861111111111,3.061507936507965,,,2024-02-21,0.20469782110899754
2024-02-21,36.74861111111111,3.0628306878307168,,,2024-02-21,0.29573210928483373
2024-02-21,36.74953703703704,3.057539682539712,,,2024-02-21,0.22516724453269812
2024-02-21,36.74953703703704,3.0588624338624637,,,2024-02-21,0.11367657315247216
2024-02-21,36.74953703703704,3.0601851851852153,,,2024-02-21,0.05405852740642433
2024-02-21,36.74953703703704,3.061507936507965,,,2024-02-21,0.14387554106688039
2024-02-21,36.74953703703704,3.0628306878307168,,,2024-02-21,0.2574022223605488
2024-02-21,36.75046296296296,3.057539682539712,,,2024-02-21,0.22516595693912034
2024-02-21,36.75046296296296,3.0588624338624637,,,2024-02-21,0.11367602791756166
2024-02-21,36.75046296296296,3.0601851851852153,,,2024-02-21,0.05405849702281984
2024-02-21,36.75046296296296,3.061507936507965,,,2024-02-21,0.14387478409339177
2024-02-21,36.75046296296296,3.0628306878307168,,,2024-02-21,0.25740073137508096
2024-02-21,36.75138888888889,3.057539682539712,,,2024-02-21,0.2681416363474062
2024-02-21,36.75138888888889,3.0588624338624637,,,2024-02-21,0.18472391343301875
2024-02-21,36.75138888888889,3.0601851851852153,,,2024-02-21,0.1553162150214607
2024-02-21,36.75138888888889,3.061507936507965,,,2024-02-21,0.20469622494972564
2024-02-21,36.75138888888889,3.0628306878307168,,,2024-02-21,0.29572821605468813
2024-02-21,36.75231481481482,3.057539682539712,,,2024-02-21,0.33808427195944535
2024-02-21,36.75231481481482,3.0588624338624637,,,2024-02-21,0.27663047174165517
2024-02-21,36.75231481481482,3.0601851851852153,,,2024-02-21,0.2579239055025071
2024-02-21,36.75231481481482,3.061507936507965,,,2024-02-21,0.2903479711469829
2024-02-21,36.75231481481482,3.0628306878307168,,,2024-02-21,0.3603554187897976
2024-02-22,36.74768518518518,3.057539682539712,,,2024-02-22,0.3380885596660119
2024-02-22,36.74768518518518,3.0588624338624637,,,2024-02-22,0.276631592011625
2024-02-22,36.74768518518518,3.0601851851852153,,,2024-02-22,0.2579239373431453
2024-02-22,36.74768518518518,3.061507936507965,,,2024-02-22,0.2903498466436768
2024-02-22,36.74768518518518,3.0628306878307168,,,2024-02-22,0.3603607437968025
2024-02-22,36.74861111111111,3.057539682539712,,,2024-02-22,0.26814488002100434
2024-02-22,36.74861111111111,3.0588624338624637,,,2024-02-22,0.18472492001821167
2024-02-22,36.74861111111111,3.0601851851852153,,,2024-02-22,0.15531624674691102
2024-02-22,36.74861111111111,3.061507936507965,,,2024-02-22,0.20469782110899754
2024-02-22,36.74861111111111,3.0628306878307168,,,2024-02-22,0.29573210928483373
2024-02-22,36.74953703703704,3.057539682539712,,,2024-02-22,0.22516724453269812
2024-02-22,36.74953703703704,3.0588624338624637,,,2024-02-22,0.11367657315247216
2024-02-22,36.74953703703704,3.0601851851852153,,,2024-02-22,0.05405852740642433
2024-02-22,36.74953703703704,3.061507936507965,,,2024-02-22,0.14387554106688039
2024-02-22,36.74953703703704,3.0628306878307168,,,2024-02-22,0.2574022223605488
2024-02-22,36.75046296296296,3.057539682539712,,,2024-02-22,0.22516595693912034
2024-02-22,36.75046296296296,3.0588624338624637,,,2024-02-22,0.11367602791756166
2024-02-22,36.75046296296296,3.0601851851852153,,,2024-02-22,0.05405849702281984
2024-02-22,36.75046296296296,3.061507936507965,,,2024-02-22,0.14387478409339177
2024-02-22,36.75046296296296,3.0628306878307168,,,2024-02-22,0.25740073137508096
2024-02-22,36.75138888888889,3.057539682539712,,,2024-02-22,0.2681416363474062
2024-02-22,36.75138888888889,3.0588624338624637,,,2024-02-22,0.18472391343301875
2024-02-22,36.75138888888889,3.0601851851852153,,,2024-02-22,0.1553162150214607
2024-02-22,36.75138888888889,3.061507936507965,,,2024-02-22,0.20469622494972564
2024-02-22,36.75138888888889,3.0628306878307168,,,2024-02-22,0.29572821605468813
2024-02-22,36.75231481481482,3.057539682539712,,,2024-02-22,0.33808427195944535
2024-02-22,36.75231481481482,3.0588624338624637,,,2024-02-22,0.27663047174165517
2024-02-22,36.75231481481482,3.0601851851852153,,,2024-02-22,0.2579239055025071
2024-02-22,36.75231481481482,3.061507936507965,,,2024-02-22,0.2903479711469829
2024-02-22,36.75231481481482,3.0628306878307168,,,2024-02-22,0.3603554187897976
2024-02-23,36.74768518518518,3.057539682539712,,,2024-02-23,0.3380885596660119
2024-02-23,36.74768518518518,3.0588624338624637,,,2024-02-23,0.276631592011625
2024-02-23,36.74768518518518,3.0601851851852153,,,2024-02-23,0.2579239373431453
2024-02-23,36.74768518518518,3.061507936507965,,,2024-02-23,0.2903498466436768
2024-02-23,36.74768518518518,3.0628306878307168,,,2024-02-23,0.3603607437968025
2024-02-23,36.74861111111111,3.057539682539712,,,2024-02-23,0.26814488002100434
2024-02-23,36.74861111111111,3.0588624338624637,,,2024-02-23,0.18472492001821167
2024-02-23,36.74861111111111,3.0601851851852153,,,2024-02-23,0.15531624674691102
2024-02-23,36.74861111111111,3.061507936507965,,,2024-02-23,0.20469782110899754
2024-02-23,36.74861111111111,3.0628306878307168,,,2024-02-23,0.29573210928483373
2024-02-23,36.74953703703704,3.057539682539712,,,2024-02-23,0.22516724453269812
2024-02-23,36.74953703703704,3.0588624338624637,,,2024-02-23,0.11367657315247216
2024-02-23,36.74953703703704,3.0601851851852153,,,2024-02-23,0.05405852740642433
2024-02-23,36.74953703703704,3.061507936507965,,,2024-02-23,0.14387554106688039
2024-02-23,36.74953703703704,3.0628306878307168,,,2024-02-23,0.2574022223605488
2024-02-23,36.75046296296296,3.057539682539712,,,2024-02-23,0.22516595693912034
2024-02-23,36.75046296296296,3.0588624338624637,,,2024-02-23,0.11367602791756166
2024-02-23,36.75046296296296,3.0601851851852153,,,2024-02-23,0.05405849702281984
2024-02-23,36.75046296296296,3.061507936507965,,,2024-02-23,0.14387478409339177
2024-02-23,36.75046296296296,3.0628306878307168,,,2024-02-23,0.25740073137508096
2024-02-23,36.75138888888889,3.057539682539712,,,2024-02-23,0.2681416363474062
2024-02-23,36.75138888888889,3.0588624338624637,,,2024-02-23,0.18472391343301875
2024-02-23,36.75138888888889,3.0601851851852153,,,2024-02-23,0.1553162150214607
2024-02-23,36.75138888888889,3.061507936507965,,,2024-02-23,0.20469622494972564
2024-02-23,36.75138888888889,3.0628306878307168,,,2024-02-23,0.29572821605468813
2024-02-23,36.75231481481482,3.057539682539712,,,2024-02-23,0.33808427195944535
2024-02-23,36.75231481481482,3.0588624338624637,,,2024-02-23,0.27663047174165517
2024-02-23,36.75231481481482,3.0601851851852153,,,2024-02-23,0.2579239055025071
2024-02-23,36.75231481481482,3.061507936507965,,,2024-02-23,0.2903479711469829
2024-02-23,36.75231481481482,3.0628306878307168,,,2024-02-23,0.3603554187897976
2024-02-24,36.74768518518518,3.057539682539712,,,2024-02-24,0.3380885596660119
2024-02-24,36.74768518518518,3.0588624338624637,,,2024-02-24,0.276631592011625
2024-02-24,36.74768518518518,3.0601851851852153,,,2024-02-24,0.2579239373431453
2024-02-24,36.74768518518518,3.061507936507965,,,2024-02-24,0.2903498466436768
2024-02-24,36.74768518518518,3.0628306878307168,,,2024-02-24,0.3603607437968025
2024-02-24,36.74861111111111,3.057539682539712,,,2024-02-24,0.26814488002100434
2024-02-24,36.74861111111111,3.0588624338624637,,,2024-02-24,0.18472492001821167
2024-02-24,36.74861111111111,3.0601851851852153,,,2024-02-24,0.15531624674691102
2024-02-24,36.74861111111111,3.061507936507965,,,2024-02-24,0.20469782110899754
2024-02-24,36.74861111111111,3.0628306878307168,,,2024-02-24,0.29573210928483373
2024-02-24,36.74953703703704,3.057539682539712,,,2024-02-24,0.22516724453269812
2024-02-24,36.74953703703704,3.0588624338624637,,,2024-02-24,0.11367657315247216
2024-02-24,36.74953703703704,3.0601851851852153,,,2024-02-24,0.05405852740642433
2024-02-24,36.74953703703704,3.061507936507965,,,2024-02-24,0.14387554106688039
2024-02-24,36.74953703703704,3.0628306878307168,,,2024-02-24,0.2574022223605488
2024-02-24,36.75046296296296,3.057539682539712,,,2024-02-24,0.22516595693912034
2024-02-24,36.75046296296296,3.0588624338624637,,,2024-02-24,0.11367602791756166
2024-02-24,36.75046296296296,3.0601851851852153,,,2024-02-24,0.05405849702281984
2024-02-24,36.75046296296296,3.061507936507965,,,2024-02-24,0.14387478409339177
2024-02-24,36.75046296296296,3.0628306878307168,,,2024-02-24,0.25740073137508096
2024-02-24,36.75138888888889,3.057539682539712,,,2024-02-24,0.2681416363474062
2024-02-24,36.75138888888889,3.0588624338624637,,,2024-02-24,0.18472391343301875
2024-02-24,36.75138888888889,3.0601851851852153,,,2024-02-24,0.1553162150214607
2024-02-24,36.75138888888889,3.061507936507965,,,2024-02-24,0.20469622494972564
2024-02-24,36.75138888888889,3.0628306878307168,,,2024-02-24,0.29572821605468813
2024-02-24,36.75231481481482,3.057539682539712,,,2024-02-24,0.33808427195944535
2024-02-24,36.75231481481482,3.0588624338624637,,,2024-02-24,0.27663047174165517
2024-02-24,36.75231481481482,3.0601851851852153,,,2024-02-24,0.2579239055025071
2024-02-24,36.75231481481482,3.061507936507965,,,2024-02-24,0.2903479711469829
2024-02-24,36.75231481481482,3.0628306878307168,,,2024-02-24,0.3603554187897976
2024-02-25,36.74768518518518,3.057539682539712,,,2024-02-25,0.3380885596660119
2024-02-25,36.74768518518518,3.0588624338624637,,,2024-02-25,0.276631592011625
2024-02-25,36.74768518518518,3.0601851851852153,,,2024-02-25,0.2579239373431453
2024-02-25,36.74768518518518,3.061507936507965,,,2024-02-25,0.2903498466436768
2024-02-25,36.74768518518518,3.0628306878307168,,,2024-02-25,0.3603607437968025
2024-02-25,36.74861111111111,3.057539682539712,,,2024-02-25,0.26814488002100434
2024-02-25,36.74861111111111,3.0588624338624637,,,2024-02-25,0.18472492001821167
2024-02-25,36.74861111111111,3.0601851851852153,,,2024-02-25,0.15531624674691102
2024-02-25,36.74861111111111,3.061507936507965,,,2024-02-25,0.20469782110899754
2024-02-25,36.74861111111111,3.0628306878307168,,,2024-02-25,0.29573210928483373
2024-02-25,36.74953703703704,3.057539682539712,,,2024-02-25,0.22516724453269812
2024-02-25,36.74953703703704,3.0588624338624637,,,2024-02-25,0.11367657315247216
2024-02-25,36.74953703703704,3.0601851851852153,,,2024-02-25,0.05405852740642433
2024-02-25,36.74953703703704,3.061507936507965,,,2024-02-25,0.14387554106688039
2024-02-25,36.74953703703704,3.0628306878307168,,,2024-02-25,0.2574022223605488
2024-02-25,36.75046296296296,3.057539682539712,,,2024-02-25,0.22516595693912034
2024-02-25,36.75046296296296,3.0588624338624637,,,2024-02-25,0.11367602791756166
2024-02-25,36.75046296296296,3.0601851851852153,,,2024-02-25,0.05405849702281984
2024-02-25,36.75046296296296,3.061507936507965,,,2024-02-25,0.14387478409339177
2024-02-25,36.75046296296296,3.0628306878307168,,,2024-02-25,0.25740073137508096
2024-02-25,36.75138888888889,3.057539682539712,,,2024-02-25,0.2681416363474062
2024-02-25,36.75138888888889,3.0588624338624637,,,2024-02-25,0.18472391343301875
2024-02-25,36.75138888888889,3.0601851851852153,,,2024-02-25,0.1553162150214607
2024-02-25,36.75138888888889,3.061507936507965,,,2024-02-25,0.20469622494972564
2024-02-25,36.75138888888889,3.0628306878307168,,,2024-02-25,0.29572821605468813
2024-02-25,36.75231481481482,3.057539682539712,,,2024-02-25,0.33808427195944535
2024-02-25,36.75231481481482,3.0588624338624637,,,2024-02-25,0.27663047174165517
2024-02-25,36.75231481481482,3.0601851851852153,,,2024-02-25,0.2579239055025071
2024-02-25,36.75231481481482,3.061507936507965,,,2024-02-25,0.2903479711469829
2024-02-25,36.75231481481482,3.0628306878307168,,,2024-02-25,0.3603554187897976
2024-02-26,36.74768518518518,3.057539682539712,,,2024-02-26,0.3380885596660119
2024-02-26,36.74768518518518,3.0588624338624637,,,2024-02-26,0.276631592011625
2024-02-26,36.74768518518518,3.0601851851852153,,,2024-02-26,0.2579239373431453
2024-02-26,36.74768518518518,3.061507936507965,,,2024-02-26,0.2903498466436768
2024-02-26,36.74768518518518,3.0628306878307168,,,2024-02-26,0.3603607437968025
2024-02-26,36.74861111111111,3.057539682539712,,,2024-02-26,0.26814488002100434
2024-02-26,36.74861111111111,3.0588624338624637,,,2024-02-26,0.18472492001821167
2024-02-26,36.74861111111111,3.0601851851852153,,,2024-02-26,0.15531624674691102
2024-02-26,36.74861111111111,3.061507936507965,,,2024-02-26,0.20469782110899754
2024-02-26,36.74861111111111,3.0628306878307168,,,2024-02-26,0.29573210928483373
2024-02-26,36.74953703703704,3.057539682539712,,,2024-02-26,0.22516724453269812
2024-02-26,36.74953703703704,3.0588624338624637,,,2024-02-26,0.11367657315247216
2024-02-26,36.74953703703704,3.0601851851852153,,,2024-02-26,0.05405852740642433
2024-02-26,36.74953703703704,3.061507936507965,,,2024-02-26,0.14387554106688039
2024-02-26,36.74953703703704,3.0628306878307168,,,2024-02-26,0.2574022223605488
2024-02-26,36.75046296296296,3.057539682539712,,,2024-02-26,0.22516595693912034
2024-02-26,36.75046296296296,3.0588624338624637,,,2024-02-26,0.11367602791756166
2024-02-26,36.75046296296296,3.0601851851852153,,,2024-02-26,0.05405849702281984
2024-02-26,36.75046296296296,3.061507936507965,,,2024-02-26,0.14387478409339177
2024-02-26,36.75046296296296,3.0628306878307168,,,2024-02-26,0.25740073137508096
2024-02-26,36.75138888888889,3.057539682539712,,,2024-02-26,0.2681416363474062
2024-02-26,36.75138888888889,3.0588624338624637,,,2024-02-26,0.18472391343301875
2024-02-26,36.75138888888889,3.0601851851852153,,,2024-02-26,0.1553162150214607
2024-02-26,36.75138888888889,3.061507936507965,,,2024-02-26,0.20469622494972564
2024-02-26,36.75138888888889,3.0628306878307168,,,2024-02-26,0.29572821605468813
2024-02-26,36.75231481481482,3.057539682539712,,,2024-02-26,0.33808427195944535
2024-02-26,36.75231481481482,3.0588624338624637,,,2024-02-26,0.27663047174165517
2024-02-26,36.75231481481482,3.0601851851852153,,,2024-02-26,0.2579239055025071
2024-02-26,36.75231481481482,3.061507936507965,,,2024-02-26,0.2903479711469829
2024-02-26,36.75231481481482,3.0628306878307168,,,2024-02-26,0.3603554187897976
2024-02-27,36.74768518518518,3.057539682539712,,,2024-02-27,0.3380885596660119
2024-02-27,36.74768518518518,3.0588624338624637,,,2024-02-27,0.276631592011625
2024-02-27,36.74768518518518,3.0601851851852153,,,2024-02-27,0.2579239373431453
2024-02-27,36.74768518518518,3.061507936507965,,,2024-02-27,0.2903498466436768
2024-02-27,36.74768518518518,3.0628306878307168,,,2024-02-27,0.3603607437968025
2024-02-27,36.74861111111111,3.057539682539712,,,2024-02-27,0.26814488002100434
2024-02-27,36.74861111111111,3.0588624338624637,,,2024-02-27,0.18472492001821167
2024-02-27,36.74861111111111,3.0601851851852153,,,2024-02-27,0.15531624674691102
2024-02-27,36.74861111111111,3.061507936507965,,,2024-02-27,0.20469782110899754
2024-02-27,36.74861111111111,3.0628306878307168,,,2024-02-27,0.29573210928483373
2024-02-27,36.74953703703704,3.057539682539712,,,2024-02-27,0.22516724453269812
2024-02-27,36.74953703703704,3.0588624338624637,,,2024-02-27,0.11367657315247216
2024-02-27,36.74953703703704,3.0601851851852153,,,2024-02-27,0.05405852740642433
2024-02-27,36.74953703703704,3.061507936507965,,,2024-02-27,0.14387554106688039
2024-02-27,36.74953703703704,3.0628306878307168,,,2024-02-27,0.2574022223605488
2024-02-27,36.75046296296296,3.057539682539712,,,2024-02-27,0.22516595693912034
2024-02-27,36.75046296296296,3.0588624338624637,,,2024-02-27,0.11367602791756166
2024-02-27,36.75046296296296,3.0601851851852153,,,2024-02-27,0.05405849702281984
2024-02-27,36.75046296296296,3.061507936507965,,,2024-02-27,0.14387478409339177
2024-02-27,36.75046296296296,3.0628306878307168,,,2024-02-27,0.25740073137508096
2024-02-27,36.75138888888889,3.057539682539712,,,2024-02-27,0.2681416363474062
2024-02-27,36.75138888888889,3.0588624338624637,,,2024-02-27,0.18472391343301875
2024-02-27,36.75138888888889,3.0601851851852153,,,2024-02-27,0.1553162150214607
2024-02-27,36.75138888888889,3.061507936507965,,,2024-02-27,0.20469622494972564
2024-02-27,36.75138888888889,3.0628306878307168,,,2024-02-27,0.29572821605468813
2024-02-27,36.75231481481482,3.057539682539712,,,2024-02-27,0.33808427195944535
2024-02-27,36.75231481481482,3.0588624338624637,,,2024-02-27,0.27663047174165517
2024-02-27,36.75231481481482,3.0601851851852153,,,2024-02-27,0.2579239055025071
2024-02-27,36.75231481481482,3.061507936507965,,,2024-02-27,0.2903479711469829
2024-02-27,36.75231481481482,3.0628306878307168,,,2024-02-27,0.3603554187897976
2024-02-28,36.74768518518518,3.057539682539712,,,2024-02-28,0.3380885596660119
2024-02-28,36.74768518518518,3.0588624338624637,,,2024-02-28,0.276631592011625
2024-02-28,36.74768518518518,3.0601851851852153,,,2024-02-28,0.2579239373431453
2024-02-28,36.74768518518518,3.061507936507965,,,2024-02-28,0.2903498466436768
2024-02-28,36.74768518518518,3.0628306878307168,,,2024-02-28,0.3603607437968025
2024-02-28,36.74861111111111,3.057539682539712,,,2024-02-28,0.26814488002100434
2024-02-28,36.74861111111111,3.0588624338624637,,,2024-02-28,0.18472492001821167
2024-02-28,36.74861111111111,3.0601851851852153,,,2024-02-28,0.15531624674691102
2024-02-28,36.74861111111111,3.061507936507965,,,2024-02-28,0.20469782110899754
2024-02-28,36.74861111111111,3.0628306878307168,,,2024-02-28,0.29573210928483373
2024-02-28,36.74953703703704,3.057539682539712,,,2024-02-28,0.22516724453269812
2024-02-28,36.74953703703704,3.0588624338624637,,,2024-02-28,0.11367657315247216
2024-02-28,36.74953703703704,3.0601851851852153,,,2024-02-28,0.05405852740642433
2024-02-28,36.74953703703704,3.061507936507965,,,2024-02-28,0.14387554106688039
2024-02-28,36.74953703703704,3.0628306878307168,,,2024-02-28,0.2574022223605488
2024-02-28,36.75046296296296,3.057539682539712,,,2024-02-28,0.22516595693912034
2024-02-28,36.75046296296296,3.0588624338624637,,,2024-02-28,0.11367602791756166
2024-02-28,36.75046296296296,3.0601851851852153,,,2024-02-28,0.05405849702281984
2024-02-28,36.75046296296296,3.061507936507965,,,2024-02-28,0.14387478409339177
2024-02-28,36.75046296296296,3.0628306878307168,,,2024-02-28,0.25740073137508096
2024-02-28,36.75138888888889,3.057539682539712,,,2024-02-28,0.2681416363474062
2024-02-28,36.75138888888889,3.0588624338624637,,,2024-02-28,0.18472391343301875
2024-02-28,36.75138888888889,3.0601851851852153,,,2024-02-28,0.1553162150214607
2024-02-28,36.75138888888889,3.061507936507965,,,2024-02-28,0.20469622494972564
2024-02-28,36.75138888888889,3.0628306878307168,,,2024-02-28,0.29572821605468813
2024-02-28,36.75231481481482,3.057539682539712,,,2024-02-28,0.33808427195944535
2024-02-28,36.75231481481482,3.0588624338624637,,,2024-02-28,0.27663047174165517
2024-02-28,36.75231481481482,3.0601851851852153,,,2024-02-28,0.2579239055025071
2024-02-28,36.75231481481482,3.061507936507965,,,2024-02-28,0.2903479711469829
2024-02-28,36.75231481481482,3.0628306878307168,,,2024-02-28,0.3603554187897976
2024-02-29,36.74768518518518,3.057539682539712,,,2024-02-29,0.3380885596660119
2024-02-29,36.74768518518518,3.0588624338624637,,,2024-02-29,0.276631592011625
2024-02-29,36.74768518518518,3.0601851851852153,,,2024-02-29,0.2579239373431453
2024-02-29,36.74768518518518,3.061507936507965,,,2024-02-29,0.2903498466436768
2024-02-29,36.74768518518518,3.0628306878307168,,,2024-02-29,0.3603607437968025
2024-02-29,36.74861111111111,3.057539682539712,,,2024-02-29,0.26814488002100434
2024-02-29,36.74861111111111,3.0588624338624637,,,2024-02-29,0.18472492001821167
2024-02-29,36.74861111111111,3.0601851851852153,,,2024-02-29,0.15531624674691102
2024-02-29,36.74861111111111,3.061507936507965,,,2024-02-29,0.20469782110899754
2024-02-29,36.74861111111111,3.0628306878307168,,,2024-02-29,0.29573210928483373
2024-02-29,36.74953703703704,3.057539682539712,,,2024-02-29,0.22516724453269812
2024-02-29,36.74953703703704,3.0588624338624637,,,2024-02-29,0.11367657315247216
2024-02-29,36.74953703703704,3.0601851851852153,,,2024-02-29,0.05405852740642433
2024-02-29,36.74953703703704,3.061507936507965,,,2024-02-29,0.14387554106688039
2024-02-29,36.74953703703704,3.0628306878307168,,,2024-02-29,0.2574022223605488
2024-02-29,36.75046296296296,3.057539682539712,,,2024-02-29,0.22516595693912034
2024-02-29,36.75046296296296,3.0588624338624637,,,2024-02-29,0.11367602791756166
2024-02-29,36.75046296296296,3.0601851851852153,,,2024-02-29,0.05405849702281984
2024-02-29,36.75046296296296,3.061507936507965,,,2024-02-29,0.14387478409339177
2024-02-29,36.75046296296296,3.0628306878307168,,,2024-02-29,0.25740073137508096
2024-02-29,36.75138888888889,3.057539682539712,,,2024-02-29,0.2681416363474062
2024-02-29,36.75138888888889,3.0588624338624637,,,2024-02-29,0.18472391343301875
2024-02-29,36.75138888888889,3.0601851851852153,,,2024-02-29,0.1553162150214607
2024-02-29,36.75138888888889,3.061507936507965,,,2024-02-29,0.20469622494972564
2024-02-29,36.75138888888889,3.0628306878307168,,,2024-02-29,0.29572821605468813
2024-02-29,36.75231481481482,3.057539682539712,,,2024-02-29,0.33808427195944535
2024-02-29,36.75231481481482,3.0588624338624637,,,2024-02-29,0.27663047174165517
2024-02-29,36.75231481481482,3.0601851851852153,,,2024-02-29,0.2579239055025071
2024-02-29,36.75231481481482,3.061507936507965,,,2024-02-29,0.2903479711469829
2024-02-29,36.75231481481482,3.0628306878307168,,,2024-02-29,0.3603554187897976
2024-03-01,36.74768518518518,3.057539682539712,,,2024-03-01,0.3380885596660119
2024-03-01,36.74768518518518,3.0588624338624637,,,2024-03-01,0.276631592011625
2024-03-01,36.74768518518518,3.0601851851852153,,,2024-03-01,0.2579239373431453
2024-03-01,36.74768518518518,3.061507936507965,,,2024-03-01,0.2903498466436768
2024-03-01,36.74768518518518,3.0628306878307168,,,2024-03-01,0.3603607437968025
2024-03-01,36.74861111111111,3.057539682539712,,,2024-03-01,0.26814488002100434
2024-03-01,36.74861111111111,3.0588624338624637,,,2024-03-01,0.18472492001821167
2024-03-01,36.74861111111111,3.0601851851852153,,,2024-03-01,0.15531624674691102
2024-03-01,36.74861111111111,3.061507936507965,,,2024-03-01,0.20469782110899754
2024-03-01,36.74861111111111,3.0628306878307168,,,2024-03-01,0.29573210928483373
2024-03-01,36.74953703703704,3.057539682539712,,,2024-03-01,0.22516724453269812
2024-03-01,36.74953703703704,3.0588624338624637,,,2024-03-01,0.11367657315247216
2024-03-01,36.74953703703704,3.0601851851852153,,,2024-03-01,0.05405852740642433
2024-03-01,36.74953703703704,3.061507936507965,,,2024-03-01,0.14387554106688039
2024-03-01,36.74953703703704,3.0628306878307168,,,2024-03-01,0.2574022223605488
2024-03-01,36.75046296296296,3.057539682539712,,,2024-03-01,0.22516595693912034
2024-03-01,36.75046296296296,3.0588624338624637,,,2024-03-01,0.11367602791756166
2024-03-01,36.75046296296296,3.0601851851852153,,,2024-03-01,0.05405849702281984
2024-03-01,36.75046296296296,3.061507936507965,,,2024-03-01,0.14387478409339177
2024-03-01,36.75046296296296,3.0628306878307168,,,2024-03-01,0.25740073137508096
2024-03-01,36.75138888888889,3.057539682539712,,,2024-03-01,0.2681416363474062
2024-03-01,36.75138888888889,3.0588624338624637,,,2024-03-01,0.18472391343301875
2024-03-01,36.75138888888889,3.0601851851852153,,,2024-03-01,0.1553162150214607
2024-03-01,36.75138888888889,3.061507936507965,,,2024-03-01,0.20469622494972564
2024-03-01,36.75138888888889,3.0628306878307168,,,2024-03-01,0.29572821605468813
2024-03-01,36.75231481481482,3.057539682539712,,,2024-03-01,0.33808427195944535
2024-03-01,36.75231481481482,3.0588624338624637,,,2024-03-01,0.27663047174165517
2024-03-01,36.75231481481482,3.0601851851852153,,,2024-03-01,0.2579239055025071
2024-03-01,36.75231481481482,3.061507936507965,,,2024-03-01,0.2903479711469829
2024-03-01,36.75231481481482,3.0628306878307168,,,2024-03-01,0.3603554187897976
2024-03-02,36.74768518518518,3.057539682539712,,,2024-03-02,0.3380885596660119
2024-03-02,36.74768518518518,3.0588624338624637,,,2024-03-02,0.276631592011625
2024-03-02,36.74768518518518,3.0601851851852153,,,2024-03-02,0.2579239373431453
2024-03-02,36.74768518518518,3.061507936507965,,,2024-03-02,0.2903498466436768
2024-03-02,36.74768518518518,3.0628306878307168,,,2024-03-02,0.3603607437968025
2024-03-02,36.74861111111111,3.057539682539712,,,2024-03-02,0.26814488002100434
2024-03-02,36.74861111111111,3.0588624338624637,,,2024-03-02,0.18472492001821167
2024-03-02,36.74861111111111,3.0601851851852153,,,2024-03-02,0.15531624674691102
2024-03-02,36.74861111111111,3.061507936507965,,,2024-03-02,0.20469782110899754
2024-03-02,36.74861111111111,3.0628306878307168,,,2024-03-02,0.29573210928483373
2024-03-02,36.74953703703704,3.057539682539712,,,2024-03-02,0.22516724453269812
2024-03-02,36.74953703703704,3.0588624338624637,,,2024-03-02,0.11367657315247216
2024-03-02,36.74953703703704,3.0601851851852153,,,2024-03-02,0.05405852740642433
2024-03-02,36.74953703703704,3.061507936507965,,,2024-03-02,0.14387554106688039
2024-03-02,36.74953703703704,3.0628306878307168,,,2024-03-02,0.2574022223605488
2024-03-02,36.75046296296296,3.057539682539712,,,2024-03-02,0.22516595693912034
2024-03-02,36.75046296296296,3.0588624338624637,,,2024-03-02,0.11367602791756166
2024-03-02,36.75046296296296,3.0601851851852153,,,2024-03-02,0.05405849702281984
2024-03-02,36.75046296296296,3.061507936507965,,,2024-03-02,0.14387478409339177
2024-03-02,36.75046296296296,3.0628306878307168,,,2024-03-02,0.25740073137508096
2024-03-02,36.75138888888889,3.057539682539712,,,2024-03-02,0.2681416363474062
2024-03-02,36.75138888888889,3.0588624338624637,,,2024-03-02,0.18472391343301875
2024-03-02,36.75138888888889,3.0601851851852153,,,2024-03-02,0.1553162150214607
2024-03-02,36.75138888888889,3.061507936507965,,,2024-03-02,0.20469622494972564
2024-03-02,36.75138888888889,3.0628306878307168,,,2024-03-02,0.29572821605468813
2024-03-02,36.75231481481482,3.057539682539712,,,2024-03-02,0.33808427195944535
2024-03-02,36.75231481481482,3.0588624338624637,,,2024-03-02,0.27663047174165517
2024-03-02,36.75231481481482,3.0601851851852153,,,2024-03-02,0.2579239055025071
2024-03-02,36.75231481481482,3.061507936507965,,,2024-03-02,0.2903479711469829
2024-03-02,36.75231481481482,3.0628306878307168,,,2024-03-02,0.3603554187897976
2024-03-03,36.74768518518518,3.057539682539712,,,2024-03-03,0.3380885596660119
2024-03-03,36.74768518518518,3.0588624338624637,,,2024-03-03,0.276631592011625
2024-03-03,36.74768518518518,3.0601851851852153,,,2024-03-03,0.2579239373431453
2024-03-03,36.74768518518518,3.061507936507965,,,2024-03-03,0.2903498466436768
2024-03-03,36.74768518518518,3.0628306878307168,,,2024-03-03,0.3603607437968025
2024-03-03,36.74861111111111,3.057539682539712,,,2024-03-03,0.26814488002100434
2024-03-03,36.74861111111111,3.0588624338624637,,,2024-03-03,0.18472492001821167
2024-03-03,36.74861111111111,3.0601851851852153,,,2024-03-03,0.15531624674691102
2024-03-03,36.74861111111111,3.061507936507965,,,2024-03-03,0.20469782110899754
2024-03-03,36.74861111111111,3.0628306878307168,,,2024-03-03,0.29573210928483373
2024-03-03,36.74953703703704,3.057539682539712,,,2024-03-03,0.22516724453269812
2024-03-03,36.74953703703704,3.0588624338624637,,,2024-03-03,0.11367657315247216
2024-03-03,36.74953703703704,3.0601851851852153,,,2024-03-03,0.05405852740642433
2024-03-03,36.74953703703704,3.061507936507965,,,2024-03-03,0.14387554106688039
2024-03-03,36.74953703703704,3.0628306878307168,,,2024-03-03,0.2574022223605488
2024-03-03,36.75046296296296,3.057539682539712,,,2024-03-03,0.22516595693912034
2024-03-03,36.75046296296296,3.0588624338624637,,,2024-03-03,0.11367602791756166
2024-03-03,36.75046296296296,3.0601851851852153,,,2024-03-03,0.05405849702281984
2024-03-03,36.75046296296296,3.061507936507965,,,2024-03-03,0.14387478409339177
2024-03-03,36.75046296296296,3.0628306878307168,,,2024-03-03,0.25740073137508096
2024-03-03,36.75138888888889,3.057539682539712,,,2024-03-03,0.2681416363474062
2024-03-03,36.75138888888889,3.0588624338624637,,,2024-03-03,0.18472391343301875
2024-03-03,36.75138888888889,3.0601851851852153,,,2024-03-03,0.1553162150214607
2024-03-03,36.75138888888889,3.061507936507965,,,2024-03-03,0.20469622494972564
2024-03-03,36.75138888888889,3.0628306878307168,,,2024-03-03,0.29572821605468813
2024-03-03,36.75231481481482,3.057539682539712,,,2024-03-03,0.33808427195944535
2024-03-03,36.75231481481482,3.0588624338624637,,,2024-03-03,0.27663047174165517
2024-03-03,36.75231481481482,3.0601851851852153,,,2024-03-03,0.2579239055025071
2024-03-03,36.75231481481482,3.061507936507965,,,2024-03-03,0.2903479711469829
2024-03-03,36.75231481481482,3.0628306878307168,,,2024-03-03,0.3603554187897976
2024-03-04,36.74768518518518,3.057539682539712,,,2024-03-04,0.3380885596660119
2024-03-04,36.74768518518518,3.0588624338624637,,,2024-03-04,0.276631592011625
2024-03-04,36.74768518518518,3.0601851851852153,,,2024-03-04,0.2579239373431453
2024-03-04,36.74768518518518,3.061507936507965,,,2024-03-04,0.2903498466436768
2024-03-04,36.74768518518518,3.0628306878307168,,,2024-03-04,0.3603607437968025
2024-03-04,36.74861111111111,3.057539682539712,,,2024-03-04,0.26814488002100434
2024-03-04,36.74861111111111,3.0588624338624637,,,2024-03-04,0.18472492001821167
2024-03-04,36.74861111111111,3.0601851851852153,,,2024-03-04,0.15531624674691102
2024-03-04,36.74861111111111,3.061507936507965,,,2024-03-04,0.20469782110899754
2024-03-04,36.74861111111111,3.0628306878307168,,,2024-03-04,0.29573210928483373
2024-03-04,36.74953703703704,3.057539682539712,,,2024-03-04,0.22516724453269812
2024-03-04,36.74953703703704,3.0588624338624637,,,2024-03-04,0.11367657315247216
2024-03-04,36.74953703703704,3.0601851851852153,,,2024-03-04,0.05405852740642433
2024-03-04,36.74953703703704,3.061507936507965,,,2024-03-04,0.14387554106688039
2024-03-04,36.74953703703704,3.0628306878307168,,,2024-03-04,0.2574022223605488
2024-03-04,36.75046296296296,3.057539682539712,,,2024-03-04,0.22516595693912034
2024-03-04,36.75046296296296,3.0588624338624637,,,2024-03-04,0.11367602791756166
2024-03-04,36.75046296296296,3.0601851851852153,,,2024-03-04,0.05405849702281984
2024-03-04,36.75046296296296,3.061507936507965,,,2024-03-04,0.14387478409339177
2024-03-04,36.75046296296296,3.0628306878307168,,,2024-03-04,0.25740073137508096
2024-03-04,36.75138888888889,3.057539682539712,,,2024-03-04,0.2681416363474062
2024-03-04,36.75138888888889,3.0588624338624637,,,2024-03-04,0.18472391343301875
2024-03-04,36.75138888888889,3.0601851851852153,,,2024-03-04,0.1553162150214607
2024-03-04,36.75138888888889,3.061507936507965,,,2024-03-04,0.20469622494972564
2024-03-04,36.75138888888889,3.0628306878307168,,,2024-03-04,0.29572821605468813
2024-03-04,36.75231481481482,3.057539682539712,,,2024-03-04,0.33808427195944535
2024-03-04,36.75231481481482,3.0588624338624637,,,2024-03-04,0.27663047174165517
2024-03-04,36.75231481481482,3.0601851851852153,,,2024-03-04,0.2579239055025071
2024-03-04,36.75231481481482,3.061507936507965,,,2024-03-04,0.2903479711469829
2024-03-04,36.75231481481482,3.0628306878307168,,,2024-03-04,0.3603554187897976
2024-03-05,36.74768518518518,3.057539682539712,,,2024-03-05,0.3380885596660119
2024-03-05,36.74768518518518,3.0588624338624637,,,2024-03-05,0.276631592011625
2024-03-05,36.74768518518518,3.0601851851852153,,,2024-03-05,0.2579239373431453
2024-03-05,36.74768518518518,3.061507936507965,,,2024-03-05,0.2903498466436768
2024-03-05,36.74768518518518,3.0628306878307168,,,2024-03-05,0.3603607437968025
2024-03-05,36.74861111111111,3.057539682539712,,,2024-03-05,0.26814488002100434
2024-03-05,36.74861111111111,3.0588624338624637,,,2024-03-05,0.18472492001821167
2024-03-05,36.74861111111111,3.0601851851852153,,,2024-03-05,0.15531624674691102
2024-03-05,36.74861111111111,3.061507936507965,,,2024-03-05,0.20469782110899754
2024-03-05,36.74861111111111,3.0628306878307168,,,2024-03-05,0.29573210928483373
2024-03-05,36.74953703703704,3.057539682539712,,,2024-03-05,0.22516724453269812
2024-03-05,36.74953703703704,3.0588624338624637,,,2024-03-05,0.11367657315247216
2024-03-05,36.74953703703704,3.0601851851852153,,,2024-03-05,0.05405852740642433
2024-03-05,36.74953703703704,3.061507936507965,,,2024-03-05,0.14387554106688039
2024-03-05,36.74953703703704,3.0628306878307168,,,2024-03-05,0.2574022223605488
2024-03-05,36.75046296296296,3.057539682539712,,,2024-03-05,0.22516595693912034
2024-03-05,36.75046296296296,3.0588624338624637,,,2024-03-05,0.11367602791756166
2024-03-05,36.75046296296296,3.0601851851852153,,,2024-03-05,0.05405849702281984
2024-03-05,36.75046296296296,3.061507936507965,,,2024-03-05,0.14387478409339177
2024-03-05,36.75046296296296,3.0628306878307168,,,2024-03-05,0.25740073137508096
2024-03-05,36.75138888888889,3.057539682539712,,,2024-03-05,0.2681416363474062
2024-03-05,36.75138888888889,3.0588624338624637,,,2024-03-05,0.18472391343301875
2024-03-05,36.75138888888889,3.0601851851852153,,,2024-03-05,0.1553162150214607
2024-03-05,36.75138888888889,3.061507936507965,,,2024-03-05,0.20469622494972564
2024-03-05,36.75138888888889,3.0628306878307168,,,2024-03-05,0.29572821605468813
2024-03-05,36.75231481481482,3.057539682539712,,,2024-03-05,0.33808427195944535
2024-03-05,36.75231481481482,3.0588624338624637,,,2024-03-05,0.27663047174165517
2024-03-05,36.75231481481482,3.0601851851852153,,,2024-03-05,0.2579239055025071
2024-03-05,36.75231481481482,3.061507936507965,,,2024-03-05,0.2903479711469829
2024-03-05,36.75231481481482,3.0628306878307168,,,2024-03-05,0.3603554187897976
2024-03-06,36.74768518518518,3.057539682539712,,,2024-03-06,0.3380885596660119
2024-03-06,36.74768518518518,3.0588624338624637,,,2024-03-06,0.276631592011625
2024-03-06,36.74768518518518,3.0601851851852153,,,2024-03-06,0.2579239373431453
2024-03-06,36.74768518518518,3.061507936507965,,,2024-03-06,0.2903498466436768
2024-03-06,36.74768518518518,3.0628306878307168,,,2024-03-06,0.3603607437968025
2024-03-06,36.74861111111111,3.057539682539712,,,2024-03-06,0.26814488002100434
2024-03-06,36.74861111111111,3.0588624338624637,,,2024-03-06,0.18472492001821167
2024-03-06,36.74861111111111,3.0601851851852153,,,2024-03-06,0.15531624674691102
2024-03-06,36.74861111111111,3.061507936507965,,,2024-03-06,0.20469782110899754
2024-03-06,36.74861111111111,3.0628306878307168,,,2024-03-06,0.29573210928483373
2024-03-06,36.74953703703704,3.057539682539712,,,2024-03-06,0.22516724453269812
2024-03-06,36.74953703703704,3.0588624338624637,,,2024-03-06,0.11367657315247216
2024-03-06,36.74953703703704,3.0601851851852153,,,2024-03-06,0.05405852740642433
2024-03-06,36.74953703703704,3.061507936507965,,,2024-03-06,0.14387554106688039
2024-03-06,36.74953703703704,3.0628306878307168,,,2024-03-06,0.2574022223605488
2024-03-06,36.75046296296296,3.057539682539712,,,2024-03-06,0.22516595693912034
2024-03-06,36.75046296296296,3.0588624338624637,,,2024-03-06,0.11367602791756166
2024-03-06,36.75046296296296,3.0601851851852153,,,2024-03-06,0.05405849702281984
2024-03-06,36.75046296296296,3.061507936507965,,,2024-03-06,0.14387478409339177
2024-03-06,36.75046296296296,3.0628306878307168,,,2024-03-06,0.25740073137508096
2024-03-06,36.75138888888889,3.057539682539712,,,2024-03-06,0.2681416363474062
2024-03-06,36.75138888888889,3.0588624338624637,,,2024-03-06,0.18472391343301875
2024-03-06,36.75138888888889,3.0601851851852153,,,2024-03-06,0.1553162150214607
2024-03-06,36.75138888888889,3.061507936507965,,,2024-03-06,0.20469622494972564
2024-03-06,36.75138888888889,3.0628306878307168,,,2024-03-06,0.29572821605468813
2024-03-06,36.75231481481482,3.057539682539712,,,2024-03-06,0.33808427195944535
2024-03-06,36.75231481481482,3.0588624338624637,,,2024-03-06,0.27663047174165517
2024-03-06,36.75231481481482,3.0601851851852153,,,2024-03-06,0.2579239055025071
2024-03-06,36.75231481481482,3.061507936507965,,,2024-03-06,0.2903479711469829
2024-03-06,36.75231481481482,3.0628306878307168,,,2024-03-06,0.3603554187897976
2024-03-07,36.74768518518518,3.057539682539712,,,2024-03-07,0.3380885596660119
2024-03-07,36.74768518518518,3.0588624338624637,,,2024-03-07,0.276631592011625
2024-03-07,36.74768518518518,3.0601851851852153,,,2024-03-07,0.2579239373431453
2024-03-07,36.74768518518518,3.061507936507965,,,2024-03-07,0.2903498466436768
2024-03-07,36.74768518518518,3.0628306878307168,,,2024-03-07,0.3603607437968025
2024-03-07,36.74861111111111,3.057539682539712,,,2024-03-07,0.26814488002100434
2024-03-07,36.74861111111111,3.0588624338624637,,,2024-03-07,0.18472492001821167
2024-03-07,36.74861111111111,3.0601851851852153,,,2024-03-07,0.15531624674691102
2024-03-07,36.74861111111111,3.061507936507965,,,2024-03-07,0.20469782110899754
2024-03-07,36.74861111111111,3.0628306878307168,,,2024-03-07,0.29573210928483373
2024-03-07,36.74953703703704,3.057539682539712,,,2024-03-07,0.22516724453269812
2024-03-07,36.74953703703704,3.0588624338624637,,,2024-03-07,0.11367657315247216
2024-03-07,36.74953703703704,3.0601851851852153,,,2024-03-07,0.05405852740642433
2024-03-07,36.74953703703704,3.061507936507965,,,2024-03-07,0.14387554106688039
2024-03-07,36.74953703703704,3.0628306878307168,,,2024-03-07,0.2574022223605488
2024-03-07,36.75046296296296,3.057539682539712,,,2024-03-07,0.22516595693912034
2024-03-07,36.75046296296296,3.0588624338624637,,,2024-03-07,0.11367602791756166
2024-03-07,36.75046296296296,3.0601851851852153,,,2024-03-07,0.05405849702281984
2024-03-07,36.75046296296296,3.061507936507965,,,2024-03-07,0.14387478409339177
2024-03-07,36.75046296296296,3.0628306878307168,,,2024-03-07,0.25740073137508096
2024-03-07,36.75138888888889,3.057539682539712,,,2024-03-07,0.2681416363474062
2024-03-07,36.75138888888889,3.0588624338624637,,,2024-03-07,0.18472391343301875
2024-03-07,36.75138888888889,3.0601851851852153,,,2024-03-07,0.1553162150214607
2024-03-07,36.75138888888889,3.061507936507965,,,2024-03-07,0.20469622494972564
2024-03-07,36.75138888888889,3.0628306878307168,,,2024-03-07,0.29572821605468813
2024-03-07,36.75231481481482,3.057539682539712,,,2024-03-07,0.33808427195944535
2024-03-07,36.75231481481482,3.0588624338624637,,,2024-03-07,0.27663047174165517
2024-03-07,36.75231481481482,3.0601851851852153,,,2024-03-07,0.2579239055025071
2024-03-07,36.75231481481482,3.061507936507965,,,2024-03-07,0.2903479711469829
2024-03-07,36.75231481481482,3.0628306878307168,,,2024-03-07,0.3603554187897976
2024-03-08,36.74768518518518,3.057539682539712,,,2024-03-08,0.3380885596660119
2024-03-08,36.74768518518518,3.0588624338624637,,,2024-03-08,0.276631592011625
2024-03-08,36.74768518518518,3.0601851851852153,,,2024-03-08,0.2579239373431453
2024-03-08,36.74768518518518,3.061507936507965,,,2024-03-08,0.2903498466436768
2024-03-08,36.74768518518518,3.0628306878307168,,,2024-03-08,0.3603607437968025
2024-03-08,36.74861111111111,3.057539682539712,,,2024-03-08,0.26814488002100434
2024-03-08,36.74861111111111,3.0588624338624637,,,2024-03-08,0.18472492001821167
2024-03-08,36.74861111111111,3.0601851851852153,,,2024-03-08,0.15531624674691102
2024-03-08,36.74861111111111,3.061507936507965,,,2024-03-08,0.20469782110899754
2024-03-08,36.74861111111111,3.0628306878307168,,,2024-03-08,0.29573210928483373
2024-03-08,36.74953703703704,3.057539682539712,,,2024-03-08,0.22516724453269812
2024-03-08,36.74953703703704,3.0588624338624637,,,2024-03-08,0.11367657315247216
2024-03-08,36.74953703703704,3.0601851851852153,,,2024-03-08,0.05405852740642433
2024-03-08,36.74953703703704,3.061507936507965,,,2024-03-08,0.14387554106688039
2024-03-08,36.74953703703704,3.0628306878307168,,,2024-03-08,0.2574022223605488
2024-03-08,36.75046296296296,3.057539682539712,,,2024-03-08,0.22516595693912034
2024-03-08,36.75046296296296,3.0588624338624637,,,2024-03-08,0.11367602791756166
2024-03-08,36.75046296296296,3.0601851851852153,,,2024-03-08,0.05405849702281984
2024-03-08,36.75046296296296,3.061507936507965,,,2024-03-08,0.14387478409339177
2024-03-08,36.75046296296296,3.0628306878307168,,,2024-03-08,0.25740073137508096
2024-03-08,36.75138888888889,3.057539682539712,,,2024-03-08,0.2681416363474062
2024-03-08,36.75138888888889,3.0588624338624637,,,2024-03-08,0.18472391343301875
2024-03-08,36.75138888888889,3.0601851851852153,,,2024-03-08,0.1553162150214607
2024-03-08,36.75138888888889,3.061507936507965,,,2024-03-08,0.20469622494972564
2024-03-08,36.75138888888889,3.0628306878307168,,,2024-03-08,0.29572821605468813
2024-03-08,36.75231481481482,3.057539682539712,,,2024-03-08,0.33808427195944535
2024-03-08,36.75231481481482,3.0588624338624637,,,2024-03-08,0.27663047174165517
2024-03-08,36.75231481481482,3.0601851851852153,,,2024-03-08,0.2579239055025071
2024-03-08,36.75231481481482,3.061507936507965,,,2024-03-08,0.2903479711469829
2024-03-08,36.75231481481482,3.0628306878307168,,,2024-03-08,0.3603554187897976
2024-03-09,36.74768518518518,3.057539682539712,,,2024-03-09,0.3380885596660119
2024-03-09,36.74768518518518,3.0588624338624637,,,2024-03-09,0.276631592011625
2024-03-09,36.74768518518518,3.0601851851852153,,,2024-03-09,0.2579239373431453
2024-03-09,36.74768518518518,3.061507936507965,,,2024-03-09,0.2903498466436768
2024-03-09,36.74768518518518,3.0628306878307168,,,2024-03-09,0.3603607437968025
2024-03-09,36.74861111111111,3.057539682539712,,,2024-03-09,0.26814488002100434
2024-03-09,36.74861111111111,3.0588624338624637,,,2024-03-09,0.18472492001821167
2024-03-09,36.74861111111111,3.0601851851852153,,,2024-03-09,0.15531624674691102
2024-03-09,36.74861111111111,3.061507936507965,,,2024-03-09,0.20469782110899754
2024-03-09,36.74861111111111,3.0628306878307168,,,2024-03-09,0.29573210928483373
2024-03-09,36.74953703703704,3.057539682539712,,,2024-03-09,0.22516724453269812
2024-03-09,36.74953703703704,3.0588624338624637,,,2024-03-09,0.11367657315247216
2024-03-09,36.74953703703704,3.0601851851852153,,,2024-03-09,0.05405852740642433
2024-03-09,36.74953703703704,3.061507936507965,,,2024-03-09,0.14387554106688039
2024-03-09,36.74953703703704,3.0628306878307168,,,2024-03-09,0.2574022223605488
2024-03-09,36.75046296296296,3.057539682539712,,,2024-03-09,0.22516595693912034
2024-03-09,36.75046296296296,3.0588624338624637,,,2024-03-09,0.11367602791756166
2024-03-09,36.75046296296296,3.0601851851852153,,,2024-03-09,0.05405849702281984
2024-03-09,36.75046296296296,3.061507936507965,,,2024-03-09,0.14387478409339177
2024-03-09,36.75046296296296,3.0628306878307168,,,2024-03-09,0.25740073137508096
2024-03-09,36.75138888888889,3.057539682539712,,,2024-03-09,0.2681416363474062
2024-03-09,36.75138888888889,3.0588624338624637,,,2024-03-09,0.18472391343301875
2024-03-09,36.75138888888889,3.0601851851852153,,,2024-03-09,0.1553162150214607
2024-03-09,36.75138888888889,3.061507936507965,,,2024-03-09,0.20469622494972564
2024-03-09,36.75138888888889,3.0628306878307168,,,2024-03-09,0.29572821605468813
2024-03-09,36.75231481481482,3.057539682539712,,,2024-03-09,0.33808427195944535
2024-03-09,36.75231481481482,3.0588624338624637,,,2024-03-09,0.27663047174165517
2024-03-09,36.75231481481482,3.0601851851852153,,,2024-03-09,0.2579239055025071
2024-03-09,36.75231481481482,3.061507936507965,,,2024-03-09,0.2903479711469829
2024-03-09,36.75231481481482,3.0628306878307168,,,2024-03-09,0.3603554187897976
2024-03-10,36.74768518518518,3.057539682539712,,,2024-03-10,0.3380885596660119
2024-03-10,36.74768518518518,3.0588624338624637,,,2024-03-10,0.276631592011625
2024-03-10,36.74768518518518,3.0601851851852153,,,2024-03-10,0.2579239373431453
2024-03-10,36.74768518518518,3.061507936507965,,,2024-03-10,0.2903498466436768
2024-03-10,36.74768518518518,3.0628306878307168,,,2024-03-10,0.3603607437968025
2024-03-10,36.74861111111111,3.057539682539712,,,2024-03-10,0.26814488002100434
2024-03-10,36.74861111111111,3.0588624338624637,,,2024-03-10,0.18472492001821167
2024-03-10,36.74861111111111,3.0601851851852153,,,2024-03-10,0.15531624674691102
2024-03-10,36.74861111111111,3.061507936507965,,,2024-03-10,0.20469782110899754
2024-03-10,36.74861111111111,3.0628306878307168,,,2024-03-10,0.29573210928483373
2024-03-10,36.74953703703704,3.057539682539712,,,2024-03-10,0.22516724453269812
2024-03-10,36.74953703703704,3.0588624338624637,,,2024-03-10,0.11367657315247216
2024-03-10,36.74953703703704,3.0601851851852153,,,2024-03-10,0.05405852740642433
2024-03-10,36.74953703703704,3.061507936507965,,,2024-03-10,0.14387554106688039
2024-03-10,36.74953703703704,3.0628306878307168,,,2024-03-10,0.2574022223605488
2024-03-10,36.75046296296296,3.057539682539712,,,2024-03-10,0.22516595693912034
2024-03-10,36.75046296296296,3.0588624338624637,,,2024-03-10,0.11367602791756166
2024-03-10,36.75046296296296,3.0601851851852153,,,2024-03-10,0.05405849702281984
2024-03-10,36.75046296296296,3.061507936507965,,,2024-03-10,0.14387478409339177
2024-03-10,36.75046296296296,3.0628306878307168,,,2024-03-10,0.25740073137508096
2024-03-10,36.75138888888889,3.057539682539712,,,2024-03-10,0.2681416363474062
2024-03-10,36.75138888888889,3.0588624338624637,,,2024-03-10,0.18472391343301875
2024-03-10,36.75138888888889,3.0601851851852153,,,2024-03-10,0.1553162150214607
2024-03-10,36.75138888888889,3.061507936507965,,,2024-03-10,0.20469622494972564
2024-03-10,36.75138888888889,3.0628306878307168,,,2024-03-10,0.29572821605468813
2024-03-10,36.75231481481482,3.057539682539712,,,2024-03-10,0.33808427195944535
2024-03-10,36.75231481481482,3.0588624338624637,,,2024-03-10,0.27663047174165517
2024-03-10,36.75231481481482,3.0601851851852153,,,2024-03-10,0.2579239055025071
2024-03-10,36.75231481481482,3.061507936507965,,,2024-03-10,0.2903479711469829
2024-03-10,36.75231481481482,3.0628306878307168,,,2024-03-10,0.3603554187897976
2024-03-11,36.74768518518518,3.057539682539712,,,2024-03-11,0.3380885596660119
2024-03-11,36.74768518518518,3.0588624338624637,,,2024-03-11,0.276631592011625
2024-03-11,36.74768518518518,3.0601851851852153,,,2024-03-11,0.2579239373431453
2024-03-11,36.74768518518518,3.061507936507965,,,2024-03-11,0.2903498466436768
2024-03-11,36.74768518518518,3.0628306878307168,,,2024-03-11,0.3603607437968025
2024-03-11,36.74861111111111,3.057539682539712,,,2024-03-11,0.26814488002100434
2024-03-11,36.74861111111111,3.0588624338624637,,,2024-03-11,0.18472492001821167
2024-03-11,36.74861111111111,3.0601851851852153,,,2024-03-11,0.15531624674691102
2024-03-11,36.74861111111111,3.061507936507965,,,2024-03-11,0.20469782110899754
2024-03-11,36.74861111111111,3.0628306878307168,,,2024-03-11,0.29573210928483373
2024-03-11,36.74953703703704,3.057539682539712,,,2024-03-11,0.22516724453269812
2024-03-11,36.74953703703704,3.0588624338624637,,,2024-03-11,0.11367657315247216
2024-03-11,36.74953703703704,3.0601851851852153,,,2024-03-11,0.05405852740642433
2024-03-11,36.74953703703704,3.061507936507965,,,2024-03-11,0.14387554106688039
2024-03-11,36.74953703703704,3.0628306878307168,,,2024-03-11,0.2574022223605488
2024-03-11,36.75046296296296,3.057539682539712,,,2024-03-11,0.22516595693912034
2024-03-11,36.75046296296296,3.0588624338624637,,,2024-03-11,0.11367602791756166
2024-03-11,36.75046296296296,3.0601851851852153,,,2024-03-11,0.05405849702281984
2024-03-11,36.75046296296296,3.061507936507965,,,2024-03-11,0.14387478409339177
2024-03-11,36.75046296296296,3.0628306878307168,,,2024-03-11,0.25740073137508096
2024-03-11,36.75138888888889,3.057539682539712,,,2024-03-11,0.2681416363474062
2024-03-11,36.75138888888889,3.0588624338624637,,,2024-03-11,0.18472391343301875
2024-03-11,36.75138888888889,3.0601851851852153,,,2024-03-11,0.1553162150214607
2024-03-11,36.75138888888889,3.061507936507965,,,2024-03-11,0.20469622494972564
2024-03-11,36.75138888888889,3.0628306878307168,,,2024-03-11,0.29572821605468813
2024-03-11,36.75231481481482,3.057539682539712,,,2024-03-11,0.33808427195944535
2024-03-11,36.75231481481482,3.0588624338624637,,,2024-03-11,0.27663047174165517
2024-03-11,36.75231481481482,3.0601851851852153,,,2024-03-11,0.2579239055025071
2024-03-11,36.75231481481482,3.061507936507965,,,2024-03-11,0.2903479711469829
2024-03-11,36.75231481481482,3.0628306878307168,,,2024-03-11,0.3603554187897976
2024-03-12,36.74768518518518,3.057539682539712,,,2024-03-12,0.3380885596660119
2024-03-12,36.74768518518518,3.0588624338624637,,,2024-03-12,0.276631592011625
2024-03-12,36.74768518518518,3.0601851851852153,,,2024-03-12,0.2579239373431453
2024-03-12,36.74768518518518,3.061507936507965,,,2024-03-12,0.2903498466436768
2024-03-12,36.74768518518518,3.0628306878307168,,,2024-03-12,0.3603607437968025
2024-03-12,36.74861111111111,3.057539682539712,,,2024-03-12,0.26814488002100434
2024-03-12,36.74861111111111,3.0588624338624637,,,2024-03-12,0.18472492001821167
2024-03-12,36.74861111111111,3.0601851851852153,,,2024-03-12,0.15531624674691102
2024-03-12,36.74861111111111,3.061507936507965,,,2024-03-12,0.20469782110899754
2024-03-12,36.74861111111111,3.0628306878307168,,,2024-03-12,0.29573210928483373
2024-03-12,36.74953703703704,3.057539682539712,,,2024-03-12,0.22516724453269812
2024-03-12,36.74953703703704,3.0588624338624637,,,2024-03-12,0.11367657315247216
2024-03-12,36.74953703703704,3.0601851851852153,,,2024-03-12,0.05405852740642433
2024-03-12,36.74953703703704,3.061507936507965,,,2024-03-12,0.14387554106688039
2024-03-12,36.74953703703704,3.0628306878307168,,,2024-03-12,0.2574022223605488
2024-03-12,36.75046296296296,3.057539682539712,,,2024-03-12,0.22516595693912034
2024-03-12,36.75046296296296,3.0588624338624637,,,2024-03-12,0.11367602791756166
2024-03-12,36.75046296296296,3.0601851851852153,,,2024-03-12,0.05405849702281984
2024-03-12,36.75046296296296,3.061507936507965,,,2024-03-12,0.14387478409339177
2024-03-12,36.75046296296296,3.0628306878307168,,,2024-03-12,0.25740073137508096
2024-03-12,36.75138888888889,3.057539682539712,,,2024-03-12,0.2681416363474062
2024-03-12,36.75138888888889,3.0588624338624637,,,2024-03-12,0.18472391343301875
2024-03-12,36.75138888888889,3.0601851851852153,,,2024-03-12,0.1553162150214607
2024-03-12,36.75138888888889,3.061507936507965,,,2024-03-12,0.20469622494972564
2024-03-12,36.75138888888889,3.0628306878307168,,,2024-03-12,0.29572821605468813
2024-03-12,36.75231481481482,3.057539682539712,,,2024-03-12,0.33808427195944535
2024-03-12,36.75231481481482,3.0588624338624637,,,2024-03-12,0.27663047174165517
2024-03-12,36.75231481481482,3.0601851851852153,,,2024-03-12,0.2579239055025071
2024-03-12,36.75231481481482,3.061507936507965,,,2024-03-12,0.2903479711469829
2024-03-12,36.75231481481482,3.0628306878307168,,,2024-03-12,0.3603554187897976
2024-03-13,36.74768518518518,3.057539682539712,,,2024-03-13,0.3380885596660119
2024-03-13,36.74768518518518,3.0588624338624637,,,2024-03-13,0.276631592011625
2024-03-13,36.74768518518518,3.0601851851852153,,,2024-03-13,0.2579239373431453
2024-03-13,36.74768518518518,3.061507936507965,,,2024-03-13,0.2903498466436768
2024-03-13,36.74768518518518,3.0628306878307168,,,2024-03-13,0.3603607437968025
2024-03-13,36.74861111111111,3.057539682539712,,,2024-03-13,0.26814488002100434
2024-03-13,36.74861111111111,3.0588624338624637,,,2024-03-13,0.18472492001821167
2024-03-13,36.74861111111111,3.0601851851852153,,,2024-03-13,0.15531624674691102
2024-03-13,36.74861111111111,3.061507936507965,,,2024-03-13,0.20469782110899754
2024-03-13,36.74861111111111,3.0628306878307168,,,2024-03-13,0.29573210928483373
2024-03-13,36.74953703703704,3.057539682539712,,,2024-03-13,0.22516724453269812
2024-03-13,36.74953703703704,3.0588624338624637,,,2024-03-13,0.11367657315247216
2024-03-13,36.74953703703704,3.0601851851852153,,,2024-03-13,0.05405852740642433
2024-03-13,36.74953703703704,3.061507936507965,,,2024-03-13,0.14387554106688039
2024-03-13,36.74953703703704,3.0628306878307168,,,2024-03-13,0.2574022223605488
2024-03-13,36.75046296296296,3.057539682539712,,,2024-03-13,0.22516595693912034
2024-03-13,36.75046296296296,3.0588624338624637,,,2024-03-13,0.11367602791756166
2024-03-13,36.75046296296296,3.0601851851852153,,,2024-03-13,0.05405849702281984
2024-03-13,36.75046296296296,3.061507936507965,,,2024-03-13,0.14387478409339177
2024-03-13,36.75046296296296,3.0628306878307168,,,2024-03-13,0.25740073137508096
2024-03-13,36.75138888888889,3.057539682539712,,,2024-03-13,0.2681416363474062
2024-03-13,36.75138888888889,3.0588624338624637,,,2024-03-13,0.18472391343301875
2024-03-13,36.75138888888889,3.0601851851852153,,,2024-03-13,0.1553162150214607
2024-03-13,36.75138888888889,3.061507936507965,,,2024-03-13,0.20469622494972564
2024-03-13,36.75138888888889,3.0628306878307168,,,2024-03-13,0.29572821605468813
2024-03-13,36.75231481481482,3.057539682539712,,,2024-03-13,0.33808427195944535
2024-03-13,36.75231481481482,3.0588624338624637,,,2024-03-13,0.27663047174165517
2024-03-13,36.75231481481482,3.0601851851852153,,,2024-03-13,0.2579239055025071
2024-03-13,36.75231481481482,3.061507936507965,,,2024-03-13,0.2903479711469829
2024-03-13,36.75231481481482,3.0628306878307168,,,2024-03-13,0.3603554187897976
2024-03-14,36.74768518518518,3.057539682539712,,,2024-03-14,0.3380885596660119
2024-03-14,36.74768518518518,3.0588624338624637,,,2024-03-14,0.276631592011625
2024-03-14,36.74768518518518,3.0601851851852153,,,2024-03-14,0.2579239373431453
2024-03-14,36.74768518518518,3.061507936507965,,,2024-03-14,0.2903498466436768
2024-03-14,36.74768518518518,3.0628306878307168,,,2024-03-14,0.3603607437968025
2024-03-14,36.74861111111111,3.057539682539712,,,2024-03-14,0.26814488002100434
2024-03-14,36.74861111111111,3.0588624338624637,,,2024-03-14,0.18472492001821167
2024-03-14,36.74861111111111,3.0601851851852153,,,2024-03-14,0.15531624674691102
2024-03-14,36.74861111111111,3.061507936507965,,,2024-03-14,0.20469782110899754
2024-03-14,36.74861111111111,3.0628306878307168,,,2024-03-14,0.29573210928483373
2024-03-14,36.74953703703704,3.057539682539712,,,2024-03-14,0.22516724453269812
2024-03-14,36.74953703703704,3.0588624338624637,,,2024-03-14,0.11367657315247216
2024-03-14,36.74953703703704,3.0601851851852153,,,2024-03-14,0.05405852740642433
2024-03-14,36.74953703703704,3.061507936507965,,,2024-03-14,0.14387554106688039
2024-03-14,36.74953703703704,3.0628306878307168,,,2024-03-14,0.2574022223605488
2024-03-14,36.75046296296296,3.057539682539712,,,2024-03-14,0.22516595693912034
2024-03-14,36.75046296296296,3.0588624338624637,,,2024-03-14,0.11367602791756166
2024-03-14,36.75046296296296,3.0601851851852153,,,2024-03-14,0.05405849702281984
2024-03-14,36.75046296296296,3.061507936507965,,,2024-03-14,0.14387478409339177
2024-03-14,36.75046296296296,3.0628306878307168,,,2024-03-14,0.25740073137508096
2024-03-14,36.75138888888889,3.057539682539712,,,2024-03-14,0.2681416363474062
2024-03-14,36.75138888888889,3.0588624338624637,,,2024-03-14,0.18472391343301875
2024-03-14,36.75138888888889,3.0601851851852153,,,2024-03-14,0.1553162150214607
2024-03-14,36.75138888888889,3.061507936507965,,,2024-03-14,0.20469622494972564
2024-03-14,36.75138888888889,3.0628306878307168,,,2024-03-14,0.29572821605468813
2024-03-14,36.75231481481482,3.057539682539712,,,2024-03-14,0.33808427195944535
2024-03-14,36.75231481481482,3.0588624338624637,,,2024-03-14,0.27663047174165517
2024-03-14,36.75231481481482,3.0601851851852153,,,2024-03-14,0.2579239055025071
2024-03-14,36.75231481481482,3.061507936507965,,,2024-03-14,0.2903479711469829
2024-03-14,36.75231481481482,3.0628306878307168,,,2024-03-14,0.3603554187897976
2024-03-15,36.74768518518518,3.057539682539712,,,2024-03-15,0.3380885596660119
2024-03-15,36.74768518518518,3.0588624338624637,,,2024-03-15,0.276631592011625
2024-03-15,36.74768518518518,3.0601851851852153,,,2024-03-15,0.2579239373431453
2024-03-15,36.74768518518518,3.061507936507965,,,2024-03-15,0.2903498466436768
2024-03-15,36.74768518518518,3.0628306878307168,,,2024-03-15,0.3603607437968025
2024-03-15,36.74861111111111,3.057539682539712,,,2024-03-15,0.26814488002100434
2024-03-15,36.74861111111111,3.0588624338624637,,,2024-03-15,0.18472492001821167
2024-03-15,36.74861111111111,3.0601851851852153,,,2024-03-15,0.15531624674691102
2024-03-15,36.74861111111111,3.061507936507965,,,2024-03-15,0.20469782110899754
2024-03-15,36.74861111111111,3.0628306878307168,,,2024-03-15,0.29573210928483373
2024-03-15,36.74953703703704,3.057539682539712,,,2024-03-15,0.22516724453269812
2024-03-15,36.74953703703704,3.0588624338624637,,,2024-03-15,0.11367657315247216
2024-03-15,36.74953703703704,3.0601851851852153,,,2024-03-15,0.05405852740642433
2024-03-15,36.74953703703704,3.061507936507965,,,2024-03-15,0.14387554106688039
2024-03-15,36.74953703703704,3.0628306878307168,,,2024-03-15,0.2574022223605488
2024-03-15,36.75046296296296,3.057539682539712,,,2024-03-15,0.22516595693912034
2024-03-15,36.75046296296296,3.0588624338624637,,,2024-03-15,0.11367602791756166
2024-03-15,36.75046296296296,3.0601851851852153,,,2024-03-15,0.05405849702281984
2024-03-15,36.75046296296296,3.061507936507965,,,2024-03-15,0.14387478409339177
2024-03-15,36.75046296296296,3.0628306878307168,,,2024-03-15,0.25740073137508096
2024-03-15,36.75138888888889,3.057539682539712,,,2024-03-15,0.2681416363474062
2024-03-15,36.75138888888889,3.0588624338624637,,,2024-03-15,0.18472391343301875
2024-03-15,36.75138888888889,3.0601851851852153,,,2024-03-15,0.1553162150214607
2024-03-15,36.75138888888889,3.061507936507965,,,2024-03-15,0.20469622494972564
2024-03-15,36.75138888888889,3.0628306878307168,,,2024-03-15,0.29572821605468813
2024-03-15,36.75231481481482,3.057539682539712,,,2024-03-15,0.33808427195944535
2024-03-15,36.75231481481482,3.0588624338624637,,,2024-03-15,0.27663047174165517
2024-03-15,36.75231481481482,3.0601851851852153,,,2024-03-15,0.2579239055025071
2024-03-15,36.75231481481482,3.061507936507965,,,2024-03-15,0.2903479711469829
2024-03-15,36.75231481481482,3.0628306878307168,,,2024-03-15,0.3603554187897976
2024-03-16,36.74768518518518,3.057539682539712,,,2024-03-16,0.3380885596660119
2024-03-16,36.74768518518518,3.0588624338624637,,,2024-03-16,0.276631592011625
2024-03-16,36.74768518518518,3.0601851851852153,,,2024-03-16,0.2579239373431453
2024-03-16,36.74768518518518,3.061507936507965,,,2024-03-16,0.2903498466436768
2024-03-16,36.74768518518518,3.0628306878307168,,,2024-03-16,0.3603607437968025
2024-03-16,36.74861111111111,3.057539682539712,,,2024-03-16,0.26814488002100434
2024-03-16,36.74861111111111,3.0588624338624637,,,2024-03-16,0.18472492001821167
2024-03-16,36.74861111111111,3.0601851851852153,,,2024-03-16,0.15531624674691102
2024-03-16,36.74861111111111,3.061507936507965,,,2024-03-16,0.20469782110899754
2024-03-16,36.74861111111111,3.0628306878307168,,,2024-03-16,0.29573210928483373
2024-03-16,36.74953703703704,3.057539682539712,,,2024-03-16,0.22516724453269812
2024-03-16,36.74953703703704,3.0588624338624637,,,2024-03-16,0.11367657315247216
2024-03-16,36.74953703703704,3.0601851851852153,,,2024-03-16,0.05405852740642433
2024-03-16,36.74953703703704,3.061507936507965,,,2024-03-16,0.14387554106688039
2024-03-16,36.74953703703704,3.0628306878307168,,,2024-03-16,0.2574022223605488
2024-03-16,36.75046296296296,3.057539682539712,,,2024-03-16,0.22516595693912034
2024-03-16,36.75046296296296,3.0588624338624637,,,2024-03-16,0.11367602791756166
2024-03-16,36.75046296296296,3.0601851851852153,,,2024-03-16,0.05405849702281984
2024-03-16,36.75046296296296,3.061507936507965,,,2024-03-16,0.14387478409339177
2024-03-16,36.75046296296296,3.0628306878307168,,,2024-03-16,0.25740073137508096
2024-03-16,36.75138888888889,3.057539682539712,,,2024-03-16,0.2681416363474062
2024-03-16,36.75138888888889,3.0588624338624637,,,2024-03-16,0.18472391343301875
2024-03-16,36.75138888888889,3.0601851851852153,,,2024-03-16,0.1553162150214607
2024-03-16,36.75138888888889,3.061507936507965,,,2024-03-16,0.20469622494972564
2024-03-16,36.75138888888889,3.0628306878307168,,,2024-03-16,0.29572821605468813
2024-03-16,36.75231481481482,3.057539682539712,,,2024-03-16,0.33808427195944535
2024-03-16,36.75231481481482,3.0588624338624637,,,2024-03-16,0.27663047174165517
2024-03-16,36.75231481481482,3.0601851851852153,,,2024-03-16,0.2579239055025071
2024-03-16,36.75231481481482,3.061507936507965,,,2024-03-16,0.2903479711469829
2024-03-16,36.75231481481482,3.0628306878307168,,,2024-03-16,0.3603554187897976
2024-03-17,36.74768518518518,3.057539682539712,,,2024-03-17,0.3380885596660119
2024-03-17,36.74768518518518,3.0588624338624637,,,2024-03-17,0.276631592011625
2024-03-17,36.74768518518518,3.0601851851852153,,,2024-03-17,0.2579239373431453
2024-03-17,36.74768518518518,3.061507936507965,,,2024-03-17,0.2903498466436768
2024-03-17,36.74768518518518,3.0628306878307168,,,2024-03-17,0.3603607437968025
2024-03-17,36.74861111111111,3.057539682539712,,,2024-03-17,0.26814488002100434
2024-03-17,36.74861111111111,3.0588624338624637,,,2024-03-17,0.18472492001821167
2024-03-17,36.74861111111111,3.0601851851852153,,,2024-03-17,0.15531624674691102
2024-03-17,36.74861111111111,3.061507936507965,,,2024-03-17,0.20469782110899754
2024-03-17,36.74861111111111,3.0628306878307168,,,2024-03-17,0.29573210928483373
2024-03-17,36.74953703703704,3.057539682539712,,,2024-03-17,0.22516724453269812
2024-03-17,36.74953703703704,3.0588624338624637,,,2024-03-17,0.11367657315247216
2024-03-17,36.74953703703704,3.0601851851852153,,,2024-03-17,0.05405852740642433
2024-03-17,36.74953703703704,3.061507936507965,,,2024-03-17,0.14387554106688039
2024-03-17,36.74953703703704,3.0628306878307168,,,2024-03-17,0.2574022223605488
2024-03-17,36.75046296296296,3.057539682539712,,,2024-03-17,0.22516595693912034
2024-03-17,36.75046296296296,3.0588624338624637,,,2024-03-17,0.11367602791756166
2024-03-17,36.75046296296296,3.0601851851852153,,,2024-03-17,0.05405849702281984
2024-03-17,36.75046296296296,3.061507936507965,,,2024-03-17,0.14387478409339177
2024-03-17,36.75046296296296,3.0628306878307168,,,2024-03-17,0.25740073137508096
2024-03-17,36.75138888888889,3.057539682539712,,,2024-03-17,0.2681416363474062
2024-03-17,36.75138888888889,3.0588624338624637,,,2024-03-17,0.18472391343301875
2024-03-17,36.75138888888889,3.0601851851852153,,,2024-03-17,0.1553162150214607
2024-03-17,36.75138888888889,3.061507936507965,,,2024-03-17,0.20469622494972564
2024-03-17,36.75138888888889,3.0628306878307168,,,2024-03-17,0.29572821605468813
2024-03-17,36.75231481481482,3.057539682539712,,,2024-03-17,0.33808427195944535
2024-03-17,36.75231481481482,3.0588624338624637,,,2024-03-17,0.27663047174165517
2024-03-17,36.75231481481482,3.0601851851852153,,,2024-03-17,0.2579239055025071
2024-03-17,36.75231481481482,3.061507936507965,,,2024-03-17,0.2903479711469829
2024-03-17,36.75231481481482,3.0628306878307168,,,2024-03-17,0.3603554187897976
2024-03-18,36.74768518518518,3.057539682539712,,,2024-03-18,0.3380885596660119
2024-03-18,36.74768518518518,3.0588624338624637,,,2024-03-18,0.276631592011625
2024-03-18,36.74768518518518,3.0601851851852153,,,2024-03-18,0.2579239373431453
2024-03-18,36.74768518518518,3.061507936507965,,,2024-03-18,0.2903498466436768
2024-03-18,36.74768518518518,3.0628306878307168,,,2024-03-18,0.3603607437968025
2024-03-18,36.74861111111111,3.057539682539712,,,2024-03-18,0.26814488002100434
2024-03-18,36.74861111111111,3.0588624338624637,,,2024-03-18,0.18472492001821167
2024-03-18,36.74861111111111,3.0601851851852153,,,2024-03-18,0.15531624674691102
2024-03-18,36.74861111111111,3.061507936507965,,,2024-03-18,0.20469782110899754
2024-03-18,36.74861111111111,3.0628306878307168,,,2024-03-18,0.29573210928483373
2024-03-18,36.74953703703704,3.057539682539712,,,2024-03-18,0.22516724453269812
2024-03-18,36.74953703703704,3.0588624338624637,,,2024-03-18,0.11367657315247216
2024-03-18,36.74953703703704,3.0601851851852153,,,2024-03-18,0.05405852740642433
2024-03-18,36.74953703703704,3.061507936507965,,,2024-03-18,0.14387554106688039
2024-03-18,36.74953703703704,3.0628306878307168,,,2024-03-18,0.2574022223605488
2024-03-18,36.75046296296296,3.057539682539712,,,2024-03-18,0.22516595693912034
2024-03-18,36.75046296296296,3.0588624338624637,,,2024-03-18,0.11367602791756166
2024-03-18,36.75046296296296,3.0601851851852153,,,2024-03-18,0.05405849702281984
2024-03-18,36.75046296296296,3.061507936507965,,,2024-03-18,0.14387478409339177
2024-03-18,36.75046296296296,3.0628306878307168,,,2024-03-18,0.25740073137508096
2024-03-18,36.75138888888889,3.057539682539712,,,2024-03-18,0.2681416363474062
2024-03-18,36.75138888888889,3.0588624338624637,,,2024-03-18,0.18472391343301875
2024-03-18,36.75138888888889,3.0601851851852153,,,2024-03-18,0.1553162150214607
2024-03-18,36.75138888888889,3.061507936507965,,,2024-03-18,0.20469622494972564
2024-03-18,36.75138888888889,3.0628306878307168,,,2024-03-18,0.29572821605468813
2024-03-18,36.75231481481482,3.057539682539712,,,2024-03-18,0.33808427195944535
2024-03-18,36.75231481481482,3.0588624338624637,,,2024-03-18,0.27663047174165517
2024-03-18,36.75231481481482,3.0601851851852153,,,2024-03-18,0.2579239055025071
2024-03-18,36.75231481481482,3.061507936507965,,,2024-03-18,0.2903479711469829
2024-03-18,36.75231481481482,3.0628306878307168,,,2024-03-18,0.3603554187897976
2024-03-19,36.74768518518518,3.057539682539712,,,2024-03-19,0.3380885596660119
2024-03-19,36.74768518518518,3.0588624338624637,,,2024-03-19,0.276631592011625
2024-03-19,36.74768518518518,3.0601851851852153,,,2024-03-19,0.2579239373431453
2024-03-19,36.74768518518518,3.061507936507965,,,2024-03-19,0.2903498466436768
2024-03-19,36.74768518518518,3.0628306878307168,,,2024-03-19,0.3603607437968025
2024-03-19,36.74861111111111,3.057539682539712,,,2024-03-19,0.26814488002100434
2024-03-19,36.74861111111111,3.0588624338624637,,,2024-03-19,0.18472492001821167
2024-03-19,36.74861111111111,3.0601851851852153,,,2024-03-19,0.15531624674691102
2024-03-19,36.74861111111111,3.061507936507965,,,2024-03-19,0.20469782110899754
2024-03-19,36.74861111111111,3.0628306878307168,,,2024-03-19,0.29573210928483373
2024-03-19,36.74953703703704,3.057539682539712,,,2024-03-19,0.22516724453269812
2024-03-19,36.74953703703704,3.0588624338624637,,,2024-03-19,0.11367657315247216
2024-03-19,36.74953703703704,3.0601851851852153,,,2024-03-19,0.05405852740642433
2024-03-19,36.74953703703704,3.061507936507965,,,2024-03-19,0.14387554106688039
2024-03-19,36.74953703703704,3.0628306878307168,,,2024-03-19,0.2574022223605488
2024-03-19,36.75046296296296,3.057539682539712,,,2024-03-19,0.22516595693912034
2024-03-19,36.75046296296296,3.0588624338624637,,,2024-03-19,0.11367602791756166
2024-03-19,36.75046296296296,3.0601851851852153,,,2024-03-19,0.05405849702281984
2024-03-19,36.75046296296296,3.061507936507965,,,2024-03-19,0.14387478409339177
2024-03-19,36.75046296296296,3.0628306878307168,,,2024-03-19,0.25740073137508096
2024-03-19,36.75138888888889,3.057539682539712,,,2024-03-19,0.2681416363474062
2024-03-19,36.75138888888889,3.0588624338624637,,,2024-03-19,0.18472391343301875
2024-03-19,36.75138888888889,3.0601851851852153,,,2024-03-19,0.1553162150214607
2024-03-19,36.75138888888889,3.061507936507965,,,2024-03-19,0.20469622494972564
2024-03-19,36.75138888888889,3.0628306878307168,,,2024-03-19,0.29572821605468813
2024-03-19,36.75231481481482,3.057539682539712,,,2024-03-19,0.33808427195944535
2024-03-19,36.75231481481482,3.0588624338624637,,,2024-03-19,0.27663047174165517
2024-03-19,36.75231481481482,3.0601851851852153,,,2024-03-19,0.2579239055025071
2024-03-19,36.75231481481482,3.061507936507965,,,2024-03-19,0.2903479711469829
2024-03-19,36.75231481481482,3.0628306878307168,,,2024-03-19,0.3603554187897976
2024-03-20,36.74768518518518,3.057539682539712,,,2024-03-20,0.3380885596660119
2024-03-20,36.74768518518518,3.0588624338624637,,,2024-03-20,0.276631592011625
2024-03-20,36.74768518518518,3.0601851851852153,,,2024-03-20,0.2579239373431453
2024-03-20,36.74768518518518,3.061507936507965,,,2024-03-20,0.2903498466436768
2024-03-20,36.74768518518518,3.0628306878307168,,,2024-03-20,0.3603607437968025
2024-03-20,36.74861111111111,3.057539682539712,,,2024-03-20,0.26814488002100434
2024-03-20,36.74861111111111,3.0588624338624637,,,2024-03-20,0.18472492001821167
2024-03-20,36.74861111111111,3.0601851851852153,,,2024-03-20,0.15531624674691102
2024-03-20,36.74861111111111,3.061507936507965,,,2024-03-20,0.20469782110899754
2024-03-20,36.74861111111111,3.0628306878307168,,,2024-03-20,0.29573210928483373
2024-03-20,36.74953703703704,3.057539682539712,,,2024-03-20,0.22516724453269812
2024-03-20,36.74953703703704,3.0588624338624637,,,2024-03-20,0.11367657315247216
2024-03-20,36.74953703703704,3.0601851851852153,,,2024-03-20,0.05405852740642433
2024-03-20,36.74953703703704,3.061507936507965,,,2024-03-20,0.14387554106688039
2024-03-20,36.74953703703704,3.0628306878307168,,,2024-03-20,0.2574022223605488
2024-03-20,36.75046296296296,3.057539682539712,,,2024-03-20,0.22516595693912034
2024-03-20,36.75046296296296,3.0588624338624637,,,2024-03-20,0.11367602791756166
2024-03-20,36.75046296296296,3.0601851851852153,,,2024-03-20,0.05405849702281984
2024-03-20,36.75046296296296,3.061507936507965,,,2024-03-20,0.14387478409339177
2024-03-20,36.75046296296296,3.0628306878307168,,,2024-03-20,0.25740073137508096
2024-03-20,36.75138888888889,3.057539682539712,,,2024-03-20,0.2681416363474062
2024-03-20,36.75138888888889,3.0588624338624637,,,2024-03-20,0.18472391343301875
2024-03-20,36.75138888888889,3.0601851851852153,,,2024-03-20,0.1553162150214607
2024-03-20,36.75138888888889,3.061507936507965,,,2024-03-20,0.20469622494972564
2024-03-20,36.75138888888889,3.0628306878307168,,,2024-03-20,0.29572821605468813
2024-03-20,36.75231481481482,3.057539682539712,,,2024-03-20,0.33808427195944535
2024-03-20,36.75231481481482,3.0588624338624637,,,2024-03-20,0.27663047174165517
2024-03-20,36.75231481481482,3.0601851851852153,,,2024-03-20,0.2579239055025071
2024-03-20,36.75231481481482,3.061507936507965,,,2024-03-20,0.2903479711469829
2024-03-20,36.75231481481482,3.0628306878307168,,,2024-03-20,0.3603554187897976
2024-03-21,36.74768518518518,3.057539682539712,,,2024-03-21,0.3380885596660119
2024-03-21,36.74768518518518,3.0588624338624637,,,2024-03-21,0.276631592011625
2024-03-21,36.74768518518518,3.0601851851852153,,,2024-03-21,0.2579239373431453
2024-03-21,36.74768518518518,3.061507936507965,,,2024-03-21,0.2903498466436768
2024-03-21,36.74768518518518,3.0628306878307168,,,2024-03-21,0.3603607437968025
2024-03-21,36.74861111111111,3.057539682539712,,,2024-03-21,0.26814488002100434
2024-03-21,36.74861111111111,3.0588624338624637,,,2024-03-21,0.18472492001821167
2024-03-21,36.74861111111111,3.0601851851852153,,,2024-03-21,0.15531624674691102
2024-03-21,36.74861111111111,3.061507936507965,,,2024-03-21,0.20469782110899754
2024-03-21,36.74861111111111,3.0628306878307168,,,2024-03-21,0.29573210928483373
2024-03-21,36.74953703703704,3.057539682539712,,,2024-03-21,0.22516724453269812
2024-03-21,36.74953703703704,3.0588624338624637,,,2024-03-21,0.11367657315247216
2024-03-21,36.74953703703704,3.0601851851852153,,,2024-03-21,0.05405852740642433
2024-03-21,36.74953703703704,3.061507936507965,,,2024-03-21,0.14387554106688039
2024-03-21,36.74953703703704,3.0628306878307168,,,2024-03-21,0.2574022223605488
2024-03-21,36.75046296296296,3.057539682539712,,,2024-03-21,0.22516595693912034
2024-03-21,36.75046296296296,3.0588624338624637,,,2024-03-21,0.11367602791756166
2024-03-21,36.75046296296296,3.0601851851852153,,,2024-03-21,0.05405849702281984
2024-03-21,36.75046296296296,3.061507936507965,,,2024-03-21,0.14387478409339177
2024-03-21,36.75046296296296,3.0628306878307168,,,2024-03-21,0.25740073137508096
2024-03-21,36.75138888888889,3.057539682539712,,,2024-03-21,0.2681416363474062
2024-03-21,36.75138888888889,3.0588624338624637,,,2024-03-21,0.18472391343301875
2024-03-21,36.75138888888889,3.0601851851852153,,,2024-03-21,0.1553162150214607
2024-03-21,36.75138888888889,3.061507936507965,,,2024-03-21,0.20469622494972564
2024-03-21,36.75138888888889,3.0628306878307168,,,2024-03-21,0.29572821605468813
2024-03-21,36.75231481481482,3.057539682539712,,,2024-03-21,0.33808427195944535
2024-03-21,36.75231481481482,3.0588624338624637,,,2024-03-21,0.27663047174165517
2024-03-21,36.75231481481482,3.0601851851852153,,,2024-03-21,0.2579239055025071
2024-03-21,36.75231481481482,3.061507936507965,,,2024-03-21,0.2903479711469829
2024-03-21,36.75231481481482,3.0628306878307168,,,2024-03-21,0.3603554187897976
2024-03-22,36.74768518518518,3.057539682539712,,,2024-03-22,0.3380885596660119
2024-03-22,36.74768518518518,3.0588624338624637,,,2024-03-22,0.276631592011625
2024-03-22,36.74768518518518,3.0601851851852153,,,2024-03-22,0.2579239373431453
2024-03-22,36.74768518518518,3.061507936507965,,,2024-03-22,0.2903498466436768
2024-03-22,36.74768518518518,3.0628306878307168,,,2024-03-22,0.3603607437968025
2024-03-22,36.74861111111111,3.057539682539712,,,2024-03-22,0.26814488002100434
2024-03-22,36.74861111111111,3.0588624338624637,,,2024-03-22,0.18472492001821167
2024-03-22,36.74861111111111,3.0601851851852153,,,2024-03-22,0.15531624674691102
2024-03-22,36.74861111111111,3.061507936507965,,,2024-03-22,0.20469782110899754
2024-03-22,36.74861111111111,3.0628306878307168,,,2024-03-22,0.29573210928483373
2024-03-22,36.74953703703704,3.057539682539712,,,2024-03-22,0.22516724453269812
2024-03-22,36.74953703703704,3.0588624338624637,,,2024-03-22,0.11367657315247216
2024-03-22,36.74953703703704,3.0601851851852153,,,2024-03-22,0.05405852740642433
2024-03-22,36.74953703703704,3.061507936507965,,,2024-03-22,0.14387554106688039
2024-03-22,36.74953703703704,3.0628306878307168,,,2024-03-22,0.2574022223605488
2024-03-22,36.75046296296296,3.057539682539712,,,2024-03-22,0.22516595693912034
2024-03-22,36.75046296296296,3.0588624338624637,,,2024-03-22,0.11367602791756166
2024-03-22,36.75046296296296,3.0601851851852153,,,2024-03-22,0.05405849702281984
2024-03-22,36.75046296296296,3.061507936507965,,,2024-03-22,0.14387478409339177
2024-03-22,36.75046296296296,3.0628306878307168,,,2024-03-22,0.25740073137508096
2024-03-22,36.75138888888889,3.057539682539712,,,2024-03-22,0.2681416363474062
2024-03-22,36.75138888888889,3.0588624338624637,,,2024-03-22,0.18472391343301875
2024-03-22,36.75138888888889,3.0601851851852153,,,2024-03-22,0.1553162150214607
2024-03-22,36.75138888888889,3.061507936507965,,,2024-03-22,0.20469622494972564
2024-03-22,36.75138888888889,3.0628306878307168,,,2024-03-22,0.29572821605468813
2024-03-22,36.75231481481482,3.057539682539712,,,2024-03-22,0.33808427195944535
2024-03-22,36.75231481481482,3.0588624338624637,,,2024-03-22,0.27663047174165517
2024-03-22,36.75231481481482,3.0601851851852153,,,2024-03-22,0.2579239055025071
2024-03-22,36.75231481481482,3.061507936507965,,,2024-03-22,0.2903479711469829
2024-03-22,36.75231481481482,3.0628306878307168,,,2024-03-22,0.3603554187897976
2024-03-23,36.74768518518518,3.057539682539712,,,2024-03-23,0.3380885596660119
2024-03-23,36.74768518518518,3.0588624338624637,,,2024-03-23,0.276631592011625
2024-03-23,36.74768518518518,3.0601851851852153,,,2024-03-23,0.2579239373431453
2024-03-23,36.74768518518518,3.061507936507965,,,2024-03-23,0.2903498466436768
2024-03-23,36.74768518518518,3.0628306878307168,,,2024-03-23,0.3603607437968025
2024-03-23,36.74861111111111,3.057539682539712,,,2024-03-23,0.26814488002100434
2024-03-23,36.74861111111111,3.0588624338624637,,,2024-03-23,0.18472492001821167
2024-03-23,36.74861111111111,3.0601851851852153,,,2024-03-23,0.15531624674691102
2024-03-23,36.74861111111111,3.061507936507965,,,2024-03-23,0.20469782110899754
2024-03-23,36.74861111111111,3.0628306878307168,,,2024-03-23,0.29573210928483373
2024-03-23,36.74953703703704,3.057539682539712,,,2024-03-23,0.22516724453269812
2024-03-23,36.74953703703704,3.0588624338624637,,,2024-03-23,0.11367657315247216
2024-03-23,36.74953703703704,3.0601851851852153,,,2024-03-23,0.05405852740642433
2024-03-23,36.74953703703704,3.061507936507965,,,2024-03-23,0.14387554106688039
2024-03-23,36.74953703703704,3.0628306878307168,,,2024-03-23,0.2574022223605488
2024-03-23,36.75046296296296,3.057539682539712,,,2024-03-23,0.22516595693912034
2024-03-23,36.75046296296296,3.0588624338624637,,,2024-03-23,0.11367602791756166
2024-03-23,36.75046296296296,3.0601851851852153,,,2024-03-23,0.05405849702281984
2024-03-23,36.75046296296296,3.061507936507965,,,2024-03-23,0.14387478409339177
2024-03-23,36.75046296296296,3.0628306878307168,,,2024-03-23,0.25740073137508096
2024-03-23,36.75138888888889,3.057539682539712,,,2024-03-23,0.2681416363474062
2024-03-23,36.75138888888889,3.0588624338624637,,,2024-03-23,0.18472391343301875
2024-03-23,36.75138888888889,3.0601851851852153,,,2024-03-23,0.1553162150214607
2024-03-23,36.75138888888889,3.061507936507965,,,2024-03-23,0.20469622494972564
2024-03-23,36.75138888888889,3.0628306878307168,,,2024-03-23,0.29572821605468813
2024-03-23,36.75231481481482,3.057539682539712,,,2024-03-23,0.33808427195944535
2024-03-23,36.75231481481482,3.0588624338624637,,,2024-03-23,0.27663047174165517
2024-03-23,36.75231481481482,3.0601851851852153,,,2024-03-23,0.2579239055025071
2024-03-23,36.75231481481482,3.061507936507965,,,2024-03-23,0.2903479711469829
2024-03-23,36.75231481481482,3.0628306878307168,,,2024-03-23,0.3603554187897976
2024-03-24,36.74768518518518,3.057539682539712,,,2024-03-24,0.3380885596660119
2024-03-24,36.74768518518518,3.0588624338624637,,,2024-03-24,0.276631592011625
2024-03-24,36.74768518518518,3.0601851851852153,,,2024-03-24,0.2579239373431453
2024-03-24,36.74768518518518,3.061507936507965,,,2024-03-24,0.2903498466436768
2024-03-24,36.74768518518518,3.0628306878307168,,,2024-03-24,0.3603607437968025
2024-03-24,36.74861111111111,3.057539682539712,,,2024-03-24,0.26814488002100434
2024-03-24,36.74861111111111,3.0588624338624637,,,2024-03-24,0.18472492001821167
2024-03-24,36.74861111111111,3.0601851851852153,,,2024-03-24,0.15531624674691102
2024-03-24,36.74861111111111,3.061507936507965,,,2024-03-24,0.20469782110899754
2024-03-24,36.74861111111111,3.0628306878307168,,,2024-03-24,0.29573210928483373
2024-03-24,36.74953703703704,3.057539682539712,,,2024-03-24,0.22516724453269812
2024-03-24,36.74953703703704,3.0588624338624637,,,2024-03-24,0.11367657315247216
2024-03-24,36.74953703703704,3.0601851851852153,,,2024-03-24,0.05405852740642433
2024-03-24,36.74953703703704,3.061507936507965,,,2024-03-24,0.14387554106688039
2024-03-24,36.74953703703704,3.0628306878307168,,,2024-03-24,0.2574022223605488
2024-03-24,36.75046296296296,3.057539682539712,,,2024-03-24,0.22516595693912034
2024-03-24,36.75046296296296,3.0588624338624637,,,2024-03-24,0.11367602791756166
2024-03-24,36.75046296296296,3.0601851851852153,,,2024-03-24,0.05405849702281984
2024-03-24,36.75046296296296,3.061507936507965,,,2024-03-24,0.14387478409339177
2024-03-24,36.75046296296296,3.0628306878307168,,,2024-03-24,0.25740073137508096
2024-03-24,36.75138888888889,3.057539682539712,,,2024-03-24,0.2681416363474062
2024-03-24,36.75138888888889,3.0588624338624637,,,2024-03-24,0.18472391343301875
2024-03-24,36.75138888888889,3.0601851851852153,,,2024-03-24,0.1553162150214607
2024-03-24,36.75138888888889,3.061507936507965,,,2024-03-24,0.20469622494972564
2024-03-24,36.75138888888889,3.0628306878307168,,,2024-03-24,0.29572821605468813
2024-03-24,36.75231481481482,3.057539682539712,,,2024-03-24,0.33808427195944535
2024-03-24,36.75231481481482,3.0588624338624637,,,2024-03-24,0.27663047174165517
2024-03-24,36.75231481481482,3.0601851851852153,,,2024-03-24,0.2579239055025071
2024-03-24,36.75231481481482,3.061507936507965,,,2024-03-24,0.2903479711469829
2024-03-24,36.75231481481482,3.0628306878307168,,,2024-03-24,0.3603554187897976
2024-03-25,36.74768518518518,3.057539682539712,,,2024-03-25,0.3380885596660119
2024-03-25,36.74768518518518,3.0588624338624637,,,2024-03-25,0.276631592011625
2024-03-25,36.74768518518518,3.0601851851852153,,,2024-03-25,0.2579239373431453
2024-03-25,36.74768518518518,3.061507936507965,,,2024-03-25,0.2903498466436768
2024-03-25,36.74768518518518,3.0628306878307168,,,2024-03-25,0.3603607437968025
2024-03-25,36.74861111111111,3.057539682539712,,,2024-03-25,0.26814488002100434
2024-03-25,36.74861111111111,3.0588624338624637,,,2024-03-25,0.18472492001821167
2024-03-25,36.74861111111111,3.0601851851852153,,,2024-03-25,0.15531624674691102
2024-03-25,36.74861111111111,3.061507936507965,,,2024-03-25,0.20469782110899754
2024-03-25,36.74861111111111,3.0628306878307168,,,2024-03-25,0.29573210928483373
2024-03-25,36.74953703703704,3.057539682539712,,,2024-03-25,0.22516724453269812
2024-03-25,36.74953703703704,3.0588624338624637,,,2024-03-25,0.11367657315247216
2024-03-25,36.74953703703704,3.0601851851852153,,,2024-03-25,0.05405852740642433
2024-03-25,36.74953703703704,3.061507936507965,,,2024-03-25,0.14387554106688039
2024-03-25,36.74953703703704,3.0628306878307168,,,2024-03-25,0.2574022223605488
2024-03-25,36.75046296296296,3.057539682539712,,,2024-03-25,0.22516595693912034
2024-03-25,36.75046296296296,3.0588624338624637,,,2024-03-25,0.11367602791756166
2024-03-25,36.75046296296296,3.0601851851852153,,,2024-03-25,0.05405849702281984
2024-03-25,36.75046296296296,3.061507936507965,,,2024-03-25,0.14387478409339177
2024-03-25,36.75046296296296,3.0628306878307168,,,2024-03-25,0.25740073137508096
2024-03-25,36.75138888888889,3.057539682539712,,,2024-03-25,0.2681416363474062
2024-03-25,36.75138888888889,3.0588624338624637,,,2024-03-25,0.18472391343301875
2024-03-25,36.75138888888889,3.0601851851852153,,,2024-03-25,0.1553162150214607
2024-03-25,36.75138888888889,3.061507936507965,,,2024-03-25,0.20469622494972564
2024-03-25,36.75138888888889,3.0628306878307168,,,2024-03-25,0.29572821605468813
2024-03-25,36.75231481481482,3.057539682539712,,,2024-03-25,0.33808427195944535
2024-03-25,36.75231481481482,3.0588624338624637,,,2024-03-25,0.27663047174165517
2024-03-25,36.75231481481482,3.0601851851852153,,,2024-03-25,0.2579239055025071
2024-03-25,36.75231481481482,3.061507936507965,,,2024-03-25,0.2903479711469829
2024-03-25,36.75231481481482,3.0628306878307168,,,2024-03-25,0.3603554187897976
2024-03-26,36.74768518518518,3.057539682539712,,,2024-03-26,0.3380885596660119
2024-03-26,36.74768518518518,3.0588624338624637,,,2024-03-26,0.276631592011625
2024-03-26,36.74768518518518,3.0601851851852153,,,2024-03-26,0.2579239373431453
2024-03-26,36.74768518518518,3.061507936507965,,,2024-03-26,0.2903498466436768
2024-03-26,36.74768518518518,3.0628306878307168,,,2024-03-26,0.3603607437968025
2024-03-26,36.74861111111111,3.057539682539712,,,2024-03-26,0.26814488002100434
2024-03-26,36.74861111111111,3.0588624338624637,,,2024-03-26,0.18472492001821167
2024-03-26,36.74861111111111,3.0601851851852153,,,2024-03-26,0.15531624674691102
2024-03-26,36.74861111111111,3.061507936507965,,,2024-03-26,0.20469782110899754
2024-03-26,36.74861111111111,3.0628306878307168,,,2024-03-26,0.29573210928483373
2024-03-26,36.74953703703704,3.057539682539712,,,2024-03-26,0.22516724453269812
2024-03-26,36.74953703703704,3.0588624338624637,,,2024-03-26,0.11367657315247216
2024-03-26,36.74953703703704,3.0601851851852153,,,2024-03-26,0.05405852740642433
2024-03-26,36.74953703703704,3.061507936507965,,,2024-03-26,0.14387554106688039
2024-03-26,36.74953703703704,3.0628306878307168,,,2024-03-26,0.2574022223605488
2024-03-26,36.75046296296296,3.057539682539712,,,2024-03-26,0.22516595693912034
2024-03-26,36.75046296296296,3.0588624338624637,,,2024-03-26,0.11367602791756166
2024-03-26,36.75046296296296,3.0601851851852153,,,2024-03-26,0.05405849702281984
2024-03-26,36.75046296296296,3.061507936507965,,,2024-03-26,0.14387478409339177
2024-03-26,36.75046296296296,3.0628306878307168,,,2024-03-26,0.25740073137508096
2024-03-26,36.75138888888889,3.057539682539712,,,2024-03-26,0.2681416363474062
2024-03-26,36.75138888888889,3.0588624338624637,,,2024-03-26,0.18472391343301875
2024-03-26,36.75138888888889,3.0601851851852153,,,2024-03-26,0.1553162150214607
2024-03-26,36.75138888888889,3.061507936507965,,,2024-03-26,0.20469622494972564
2024-03-26,36.75138888888889,3.0628306878307168,,,2024-03-26,0.29572821605468813
2024-03-26,36.75231481481482,3.057539682539712,,,2024-03-26,0.33808427195944535
2024-03-26,36.75231481481482,3.0588624338624637,,,2024-03-26,0.27663047174165517
2024-03-26,36.75231481481482,3.0601851851852153,,,2024-03-26,0.2579239055025071
2024-03-26,36.75231481481482,3.061507936507965,,,2024-03-26,0.2903479711469829
2024-03-26,36.75231481481482,3.0628306878307168,,,2024-03-26,0.3603554187897976
2024-03-27,36.74768518518518,3.057539682539712,,,2024-03-27,0.3380885596660119
2024-03-27,36.74768518518518,3.0588624338624637,,,2024-03-27,0.276631592011625
2024-03-27,36.74768518518518,3.0601851851852153,,,2024-03-27,0.2579239373431453
2024-03-27,36.74768518518518,3.061507936507965,,,2024-03-27,0.2903498466436768
2024-03-27,36.74768518518518,3.0628306878307168,,,2024-03-27,0.3603607437968025
2024-03-27,36.74861111111111,3.057539682539712,,,2024-03-27,0.26814488002100434
2024-03-27,36.74861111111111,3.0588624338624637,,,2024-03-27,0.18472492001821167
2024-03-27,36.74861111111111,3.0601851851852153,,,2024-03-27,0.15531624674691102
2024-03-27,36.74861111111111,3.061507936507965,,,2024-03-27,0.20469782110899754
2024-03-27,36.74861111111111,3.0628306878307168,,,2024-03-27,0.29573210928483373
2024-03-27,36.74953703703704,3.057539682539712,,,2024-03-27,0.22516724453269812
2024-03-27,36.74953703703704,3.0588624338624637,,,2024-03-27,0.11367657315247216
2024-03-27,36.74953703703704,3.0601851851852153,,,2024-03-27,0.05405852740642433
2024-03-27,36.74953703703704,3.061507936507965,,,2024-03-27,0.14387554106688039
2024-03-27,36.74953703703704,3.0628306878307168,,,2024-03-27,0.2574022223605488
2024-03-27,36.75046296296296,3.057539682539712,,,2024-03-27,0.22516595693912034
2024-03-27,36.75046296296296,3.0588624338624637,,,2024-03-27,0.11367602791756166
2024-03-27,36.75046296296296,3.0601851851852153,,,2024-03-27,0.05405849702281984
2024-03-27,36.75046296296296,3.061507936507965,,,2024-03-27,0.14387478409339177
2024-03-27,36.75046296296296,3.0628306878307168,,,2024-03-27,0.25740073137508096
2024-03-27,36.75138888888889,3.057539682539712,,,2024-03-27,0.2681416363474062
2024-03-27,36.75138888888889,3.0588624338624637,,,2024-03-27,0.18472391343301875
2024-03-27,36.75138888888889,3.0601851851852153,,,2024-03-27,0.1553162150214607
2024-03-27,36.75138888888889,3.061507936507965,,,2024-03-27,0.20469622494972564
2024-03-27,36.75138888888889,3.0628306878307168,,,2024-03-27,0.29572821605468813
2024-03-27,36.75231481481482,3.057539682539712,,,2024-03-27,0.33808427195944535
2024-03-27,36.75231481481482,3.0588624338624637,,,2024-03-27,0.27663047174165517
2024-03-27,36.75231481481482,3.0601851851852153,,,2024-03-27,0.2579239055025071
2024-03-27,36.75231481481482,3.061507936507965,,,2024-03-27,0.2903479711469829
2024-03-27,36.75231481481482,3.0628306878307168,,,2024-03-27,0.3603554187897976
2024-03-28,36.74768518518518,3.057539682539712,,,2024-03-28,0.3380885596660119
2024-03-28,36.74768518518518,3.0588624338624637,,,2024-03-28,0.276631592011625
2024-03-28,36.74768518518518,3.0601851851852153,,,2024-03-28,0.2579239373431453
2024-03-28,36.74768518518518,3.061507936507965,,,2024-03-28,0.2903498466436768
2024-03-28,36.74768518518518,3.0628306878307168,,,2024-03-28,0.3603607437968025
2024-03-28,36.74861111111111,3.057539682539712,,,2024-03-28,0.26814488002100434
2024-03-28,36.74861111111111,3.0588624338624637,,,2024-03-28,0.18472492001821167
2024-03-28,36.74861111111111,3.0601851851852153,,,2024-03-28,0.15531624674691102
2024-03-28,36.74861111111111,3.061507936507965,,,2024-03-28,0.20469782110899754
2024-03-28,36.74861111111111,3.0628306878307168,,,2024-03-28,0.29573210928483373
2024-03-28,36.74953703703704,3.057539682539712,,,2024-03-28,0.22516724453269812
2024-03-28,36.74953703703704,3.0588624338624637,,,2024-03-28,0.11367657315247216
2024-03-28,36.74953703703704,3.0601851851852153,,,2024-03-28,0.05405852740642433
2024-03-28,36.74953703703704,3.061507936507965,,,2024-03-28,0.14387554106688039
2024-03-28,36.74953703703704,3.0628306878307168,,,2024-03-28,0.2574022223605488
2024-03-28,36.75046296296296,3.057539682539712,,,2024-03-28,0.22516595693912034
2024-03-28,36.75046296296296,3.0588624338624637,,,2024-03-28,0.11367602791756166
2024-03-28,36.75046296296296,3.0601851851852153,,,2024-03-28,0.05405849702281984
2024-03-28,36.75046296296296,3.061507936507965,,,2024-03-28,0.14387478409339177
2024-03-28,36.75046296296296,3.0628306878307168,,,2024-03-28,0.25740073137508096
2024-03-28,36.75138888888889,3.057539682539712,,,2024-03-28,0.2681416363474062
2024-03-28,36.75138888888889,3.0588624338624637,,,2024-03-28,0.18472391343301875
2024-03-28,36.75138888888889,3.0601851851852153,,,2024-03-28,0.1553162150214607
2024-03-28,36.75138888888889,3.061507936507965,,,2024-03-28,0.20469622494972564
2024-03-28,36.75138888888889,3.0628306878307168,,,2024-03-28,0.29572821605468813
2024-03-28,36.75231481481482,3.057539682539712,,,2024-03-28,0.33808427195944535
2024-03-28,36.75231481481482,3.0588624338624637,,,2024-03-28,0.27663047174165517
2024-03-28,36.75231481481482,3.0601851851852153,,,2024-03-28,0.2579239055025071
2024-03-28,36.75231481481482,3.061507936507965,,,2024-03-28,0.2903479711469829
2024-03-28,36.75231481481482,3.0628306878307168,,,2024-03-28,0.3603554187897976
2024-03-29,36.74768518518518,3.057539682539712,,,2024-03-29,0.3380885596660119
2024-03-29,36.74768518518518,3.0588624338624637,,,2024-03-29,0.276631592011625
2024-03-29,36.74768518518518,3.0601851851852153,,,2024-03-29,0.2579239373431453
2024-03-29,36.74768518518518,3.061507936507965,,,2024-03-29,0.2903498466436768
2024-03-29,36.74768518518518,3.0628306878307168,,,2024-03-29,0.3603607437968025
2024-03-29,36.74861111111111,3.057539682539712,,,2024-03-29,0.26814488002100434
2024-03-29,36.74861111111111,3.0588624338624637,,,2024-03-29,0.18472492001821167
2024-03-29,36.74861111111111,3.0601851851852153,,,2024-03-29,0.15531624674691102
2024-03-29,36.74861111111111,3.061507936507965,,,2024-03-29,0.20469782110899754
2024-03-29,36.74861111111111,3.0628306878307168,,,2024-03-29,0.29573210928483373
2024-03-29,36.74953703703704,3.057539682539712,,,2024-03-29,0.22516724453269812
2024-03-29,36.74953703703704,3.0588624338624637,,,2024-03-29,0.11367657315247216
2024-03-29,36.74953703703704,3.0601851851852153,,,2024-03-29,0.05405852740642433
2024-03-29,36.74953703703704,3.061507936507965,,,2024-03-29,0.14387554106688039
2024-03-29,36.74953703703704,3.0628306878307168,,,2024-03-29,0.2574022223605488
2024-03-29,36.75046296296296,3.057539682539712,,,2024-03-29,0.22516595693912034
2024-03-29,36.75046296296296,3.0588624338624637,,,2024-03-29,0.11367602791756166
2024-03-29,36.75046296296296,3.0601851851852153,,,2024-03-29,0.05405849702281984
2024-03-29,36.75046296296296,3.061507936507965,,,2024-03-29,0.14387478409339177
2024-03-29,36.75046296296296,3.0628306878307168,,,2024-03-29,0.25740073137508096
2024-03-29,36.75138888888889,3.057539682539712,,,2024-03-29,0.2681416363474062
2024-03-29,36.75138888888889,3.0588624338624637,,,2024-03-29,0.18472391343301875
2024-03-29,36.75138888888889,3.0601851851852153,,,2024-03-29,0.1553162150214607
2024-03-29,36.75138888888889,3.061507936507965,,,2024-03-29,0.20469622494972564
2024-03-29,36.75138888888889,3.0628306878307168,,,2024-03-29,0.29572821605468813
2024-03-29,36.75231481481482,3.057539682539712,,,2024-03-29,0.33808427195944535
2024-03-29,36.75231481481482,3.0588624338624637,,,2024-03-29,0.27663047174165517
2024-03-29,36.75231481481482,3.0601851851852153,,,2024-03-29,0.2579239055025071
2024-03-29,36.75231481481482,3.061507936507965,,,2024-03-29,0.2903479711469829
2024-03-29,36.75231481481482,3.0628306878307168,,,2024-03-29,0.3603554187897976
2024-03-30,36.74768518518518,3.057539682539712,,,2024-03-30,0.3380885596660119
2024-03-30,36.74768518518518,3.0588624338624637,,,2024-03-30,0.276631592011625
2024-03-30,36.74768518518518,3.0601851851852153,,,2024-03-30,0.2579239373431453
2024-03-30,36.74768518518518,3.061507936507965,,,2024-03-30,0.2903498466436768
2024-03-30,36.74768518518518,3.0628306878307168,,,2024-03-30,0.3603607437968025
2024-03-30,36.74861111111111,3.057539682539712,,,2024-03-30,0.26814488002100434
2024-03-30,36.74861111111111,3.0588624338624637,,,2024-03-30,0.18472492001821167
2024-03-30,36.74861111111111,3.0601851851852153,,,2024-03-30,0.15531624674691102
2024-03-30,36.74861111111111,3.061507936507965,,,2024-03-30,0.20469782110899754
2024-03-30,36.74861111111111,3.0628306878307168,,,2024-03-30,0.29573210928483373
2024-03-30,36.74953703703704,3.057539682539712,,,2024-03-30,0.22516724453269812
2024-03-30,36.74953703703704,3.0588624338624637,,,2024-03-30,0.11367657315247216
2024-03-30,36.74953703703704,3.0601851851852153,,,2024-03-30,0.05405852740642433
2024-03-30,36.74953703703704,3.061507936507965,,,2024-03-30,0.14387554106688039
2024-03-30,36.74953703703704,3.0628306878307168,,,2024-03-30,0.2574022223605488
2024-03-30,36.75046296296296,3.057539682539712,,,2024-03-30,0.22516595693912034
2024-03-30,36.75046296296296,3.0588624338624637,,,2024-03-30,0.11367602791756166
2024-03-30,36.75046296296296,3.0601851851852153,,,2024-03-30,0.05405849702281984
2024-03-30,36.75046296296296,3.061507936507965,,,2024-03-30,0.14387478409339177
2024-03-30,36.75046296296296,3.0628306878307168,,,2024-03-30,0.25740073137508096
2024-03-30,36.75138888888889,3.057539682539712,,,2024-03-30,0.2681416363474062
2024-03-30,36.75138888888889,3.0588624338624637,,,2024-03-30,0.18472391343301875
2024-03-30,36.75138888888889,3.0601851851852153,,,2024-03-30,0.1553162150214607
2024-03-30,36.75138888888889,3.061507936507965,,,2024-03-30,0.20469622494972564
2024-03-30,36.75138888888889,3.0628306878307168,,,2024-03-30,0.29572821605468813
2024-03-30,36.75231481481482,3.057539682539712,,,2024-03-30,0.33808427195944535
2024-03-30,36.75231481481482,3.0588624338624637,,,2024-03-30,0.27663047174165517
2024-03-30,36.75231481481482,3.0601851851852153,,,2024-03-30,0.2579239055025071
2024-03-30,36.75231481481482,3.061507936507965,,,2024-03-30,0.2903479711469829
2024-03-30,36.75231481481482,3.0628306878307168,,,2024-03-30,0.3603554187897976
2024-03-31,36.74768518518518,3.057539682539712,,,2024-03-31,0.3380885596660119
2024-03-31,36.74768518518518,3.0588624338624637,,,2024-03-31,0.276631592011625
2024-03-31,36.74768518518518,3.0601851851852153,,,2024-03-31,0.2579239373431453
2024-03-31,36.74768518518518,3.061507936507965,,,2024-03-31,0.2903498466436768
2024-03-31,36.74768518518518,3.0628306878307168,,,2024-03-31,0.3603607437968025
2024-03-31,36.74861111111111,3.057539682539712,,,2024-03-31,0.26814488002100434
2024-03-31,36.74861111111111,3.0588624338624637,,,2024-03-31,0.18472492001821167
2024-03-31,36.74861111111111,3.0601851851852153,,,2024-03-31,0.15531624674691102
2024-03-31,36.74861111111111,3.061507936507965,,,2024-03-31,0.20469782110899754
2024-03-31,36.74861111111111,3.0628306878307168,,,2024-03-31,0.29573210928483373
2024-03-31,36.74953703703704,3.057539682539712,,,2024-03-31,0.22516724453269812
2024-03-31,36.74953703703704,3.0588624338624637,,,2024-03-31,0.11367657315247216
2024-03-31,36.74953703703704,3.0601851851852153,,,2024-03-31,0.05405852740642433
2024-03-31,36.74953703703704,3.061507936507965,,,2024-03-31,0.14387554106688039
2024-03-31,36.74953703703704,3.0628306878307168,,,2024-03-31,0.2574022223605488
2024-03-31,36.75046296296296,3.057539682539712,,,2024-03-31,0.22516595693912034
2024-03-31,36.75046296296296,3.0588624338624637,,,2024-03-31,0.11367602791756166
2024-03-31,36.75046296296296,3.0601851851852153,,,2024-03-31,0.05405849702281984
2024-03-31,36.75046296296296,3.061507936507965,,,2024-03-31,0.14387478409339177
2024-03-31,36.75046296296296,3.0628306878307168,,,2024-03-31,0.25740073137508096
2024-03-31,36.75138888888889,3.057539682539712,,,2024-03-31,0.2681416363474062
2024-03-31,36.75138888888889,3.0588624338624637,,,2024-03-31,0.18472391343301875
2024-03-31,36.75138888888889,3.0601851851852153,,,2024-03-31,0.1553162150214607
2024-03-31,36.75138888888889,3.061507936507965,,,2024-03-31,0.20469622494972564
2024-03-31,36.75138888888889,3.0628306878307168,,,2024-03-31,0.29572821605468813
2024-03-31,36.75231481481482,3.057539682539712,,,2024-03-31,0.33808427195944535
2024-03-31,36.75231481481482,3.0588624338624637,,,2024-03-31,0.27663047174165517
2024-03-31,36.75231481481482,3.0601851851852153,,,2024-03-31,0.2579239055025071
2024-03-31,36.75231481481482,3.061507936507965,,,2024-03-31,0.2903479711469829
2024-03-31,36.75231481481482,3.0628306878307168,,,2024-03-31,0.3603554187897976
2024-04-01,36.74768518518518,3.057539682539712,,,2024-04-01,0.3380885596660119
2024-04-01,36.74768518518518,3.0588624338624637,,,2024-04-01,0.276631592011625
2024-04-01,36.74768518518518,3.0601851851852153,,,2024-04-01,0.2579239373431453
2024-04-01,36.74768518518518,3.061507936507965,,,2024-04-01,0.2903498466436768
2024-04-01,36.74768518518518,3.0628306878307168,,,2024-04-01,0.3603607437968025
2024-04-01,36.74861111111111,3.057539682539712,,,2024-04-01,0.26814488002100434
2024-04-01,36.74861111111111,3.0588624338624637,,,2024-04-01,0.18472492001821167
2024-04-01,36.74861111111111,3.0601851851852153,,,2024-04-01,0.15531624674691102
2024-04-01,36.74861111111111,3.061507936507965,,,2024-04-01,0.20469782110899754
2024-04-01,36.74861111111111,3.0628306878307168,,,2024-04-01,0.29573210928483373
2024-04-01,36.74953703703704,3.057539682539712,,,2024-04-01,0.22516724453269812
2024-04-01,36.74953703703704,3.0588624338624637,,,2024-04-01,0.11367657315247216
2024-04-01,36.74953703703704,3.0601851851852153,,,2024-04-01,0.05405852740642433
2024-04-01,36.74953703703704,3.061507936507965,,,2024-04-01,0.14387554106688039
2024-04-01,36.74953703703704,3.0628306878307168,,,2024-04-01,0.2574022223605488
2024-04-01,36.75046296296296,3.057539682539712,,,2024-04-01,0.22516595693912034
2024-04-01,36.75046296296296,3.0588624338624637,,,2024-04-01,0.11367602791756166
2024-04-01,36.75046296296296,3.0601851851852153,,,2024-04-01,0.05405849702281984
2024-04-01,36.75046296296296,3.061507936507965,,,2024-04-01,0.14387478409339177
2024-04-01,36.75046296296296,3.0628306878307168,,,2024-04-01,0.25740073137508096
2024-04-01,36.75138888888889,3.057539682539712,,,2024-04-01,0.2681416363474062
2024-04-01,36.75138888888889,3.0588624338624637,,,2024-04-01,0.18472391343301875
2024-04-01,36.75138888888889,3.0601851851852153,,,2024-04-01,0.1553162150214607
2024-04-01,36.75138888888889,3.061507936507965,,,2024-04-01,0.20469622494972564
2024-04-01,36.75138888888889,3.0628306878307168,,,2024-04-01,0.29572821605468813
2024-04-01,36.75231481481482,3.057539682539712,,,2024-04-01,0.33808427195944535
2024-04-01,36.75231481481482,3.0588624338624637,,,2024-04-01,0.27663047174165517
2024-04-01,36.75231481481482,3.0601851851852153,,,2024-04-01,0.2579239055025071
2024-04-01,36.75231481481482,3.061507936507965,,,2024-04-01,0.2903479711469829
2024-04-01,36.75231481481482,3.0628306878307168,,,2024-04-01,0.3603554187897976
2024-04-02,36.74768518518518,3.057539682539712,,,2024-04-02,0.3380885596660119
2024-04-02,36.74768518518518,3.0588624338624637,,,2024-04-02,0.276631592011625
2024-04-02,36.74768518518518,3.0601851851852153,,,2024-04-02,0.2579239373431453
2024-04-02,36.74768518518518,3.061507936507965,,,2024-04-02,0.2903498466436768
2024-04-02,36.74768518518518,3.0628306878307168,,,2024-04-02,0.3603607437968025
2024-04-02,36.74861111111111,3.057539682539712,,,2024-04-02,0.26814488002100434
2024-04-02,36.74861111111111,3.0588624338624637,,,2024-04-02,0.18472492001821167
2024-04-02,36.74861111111111,3.0601851851852153,,,2024-04-02,0.15531624674691102
2024-04-02,36.74861111111111,3.061507936507965,,,2024-04-02,0.20469782110899754
2024-04-02,36.74861111111111,3.0628306878307168,,,2024-04-02,0.29573210928483373
2024-04-02,36.74953703703704,3.057539682539712,,,2024-04-02,0.22516724453269812
2024-04-02,36.74953703703704,3.0588624338624637,,,2024-04-02,0.11367657315247216
2024-04-02,36.74953703703704,3.0601851851852153,,,2024-04-02,0.05405852740642433
2024-04-02,36.74953703703704,3.061507936507965,,,2024-04-02,0.14387554106688039
2024-04-02,36.74953703703704,3.0628306878307168,,,2024-04-02,0.2574022223605488
2024-04-02,36.75046296296296,3.057539682539712,,,2024-04-02,0.22516595693912034
2024-04-02,36.75046296296296,3.0588624338624637,,,2024-04-02,0.11367602791756166
2024-04-02,36.75046296296296,3.0601851851852153,,,2024-04-02,0.05405849702281984
2024-04-02,36.75046296296296,3.061507936507965,,,2024-04-02,0.14387478409339177
2024-04-02,36.75046296296296,3.0628306878307168,,,2024-04-02,0.25740073137508096
2024-04-02,36.75138888888889,3.057539682539712,,,2024-04-02,0.2681416363474062
2024-04-02,36.75138888888889,3.0588624338624637,,,2024-04-02,0.18472391343301875
2024-04-02,36.75138888888889,3.0601851851852153,,,2024-04-02,0.1553162150214607
2024-04-02,36.75138888888889,3.061507936507965,,,2024-04-02,0.20469622494972564
2024-04-02,36.75138888888889,3.0628306878307168,,,2024-04-02,0.29572821605468813
2024-04-02,36.75231481481482,3.057539682539712,,,2024-04-02,0.33808427195944535
2024-04-02,36.75231481481482,3.0588624338624637,,,2024-04-02,0.27663047174165517
2024-04-02,36.75231481481482,3.0601851851852153,,,2024-04-02,0.2579239055025071
2024-04-02,36.75231481481482,3.061507936507965,,,2024-04-02,0.2903479711469829
2024-04-02,36.75231481481482,3.0628306878307168,,,2024-04-02,0.3603554187897976
2024-04-03,36.74768518518518,3.057539682539712,,,2024-04-03,0.3380885596660119
2024-04-03,36.74768518518518,3.0588624338624637,,,2024-04-03,0.276631592011625
2024-04-03,36.74768518518518,3.0601851851852153,,,2024-04-03,0.2579239373431453
2024-04-03,36.74768518518518,3.061507936507965,,,2024-04-03,0.2903498466436768
2024-04-03,36.74768518518518,3.0628306878307168,,,2024-04-03,0.3603607437968025
2024-04-03,36.74861111111111,3.057539682539712,,,2024-04-03,0.26814488002100434
2024-04-03,36.74861111111111,3.0588624338624637,,,2024-04-03,0.18472492001821167
2024-04-03,36.74861111111111,3.0601851851852153,,,2024-04-03,0.15531624674691102
2024-04-03,36.74861111111111,3.061507936507965,,,2024-04-03,0.20469782110899754
2024-04-03,36.74861111111111,3.0628306878307168,,,2024-04-03,0.29573210928483373
2024-04-03,36.74953703703704,3.057539682539712,,,2024-04-03,0.22516724453269812
2024-04-03,36.74953703703704,3.0588624338624637,,,2024-04-03,0.11367657315247216
2024-04-03,36.74953703703704,3.0601851851852153,,,2024-04-03,0.05405852740642433
2024-04-03,36.74953703703704,3.061507936507965,,,2024-04-03,0.14387554106688039
2024-04-03,36.74953703703704,3.0628306878307168,,,2024-04-03,0.2574022223605488
2024-04-03,36.75046296296296,3.057539682539712,,,2024-04-03,0.22516595693912034
2024-04-03,36.75046296296296,3.0588624338624637,,,2024-04-03,0.11367602791756166
2024-04-03,36.75046296296296,3.0601851851852153,,,2024-04-03,0.05405849702281984
2024-04-03,36.75046296296296,3.061507936507965,,,2024-04-03,0.14387478409339177
2024-04-03,36.75046296296296,3.0628306878307168,,,2024-04-03,0.25740073137508096
2024-04-03,36.75138888888889,3.057539682539712,,,2024-04-03,0.2681416363474062
2024-04-03,36.75138888888889,3.0588624338624637,,,2024-04-03,0.18472391343301875
2024-04-03,36.75138888888889,3.0601851851852153,,,2024-04-03,0.1553162150214607
2024-04-03,36.75138888888889,3.061507936507965,,,2024-04-03,0.20469622494972564
2024-04-03,36.75138888888889,3.0628306878307168,,,2024-04-03,0.29572821605468813
2024-04-03,36.75231481481482,3.057539682539712,,,2024-04-03,0.33808427195944535
2024-04-03,36.75231481481482,3.0588624338624637,,,2024-04-03,0.27663047174165517
2024-04-03,36.75231481481482,3.0601851851852153,,,2024-04-03,0.2579239055025071
2024-04-03,36.75231481481482,3.061507936507965,,,2024-04-03,0.2903479711469829
2024-04-03,36.75231481481482,3.0628306878307168,,,2024-04-03,0.3603554187897976
2024-04-04,36.74768518518518,3.057539682539712,,,2024-04-04,0.3380885596660119
2024-04-04,36.74768518518518,3.0588624338624637,,,2024-04-04,0.276631592011625
2024-04-04,36.74768518518518,3.0601851851852153,,,2024-04-04,0.2579239373431453
2024-04-04,36.74768518518518,3.061507936507965,,,2024-04-04,0.2903498466436768
2024-04-04,36.74768518518518,3.0628306878307168,,,2024-04-04,0.3603607437968025
2024-04-04,36.74861111111111,3.057539682539712,,,2024-04-04,0.26814488002100434
2024-04-04,36.74861111111111,3.0588624338624637,,,2024-04-04,0.18472492001821167
2024-04-04,36.74861111111111,3.0601851851852153,,,2024-04-04,0.15531624674691102
2024-04-04,36.74861111111111,3.061507936507965,,,2024-04-04,0.20469782110899754
2024-04-04,36.74861111111111,3.0628306878307168,,,2024-04-04,0.29573210928483373
2024-04-04,36.74953703703704,3.057539682539712,,,2024-04-04,0.22516724453269812
2024-04-04,36.74953703703704,3.0588624338624637,,,2024-04-04,0.11367657315247216
2024-04-04,36.74953703703704,3.0601851851852153,,,2024-04-04,0.05405852740642433
2024-04-04,36.74953703703704,3.061507936507965,,,2024-04-04,0.14387554106688039
2024-04-04,36.74953703703704,3.0628306878307168,,,2024-04-04,0.2574022223605488
2024-04-04,36.75046296296296,3.057539682539712,,,2024-04-04,0.22516595693912034
2024-04-04,36.75046296296296,3.0588624338624637,,,2024-04-04,0.11367602791756166
2024-04-04,36.75046296296296,3.0601851851852153,,,2024-04-04,0.05405849702281984
2024-04-04,36.75046296296296,3.061507936507965,,,2024-04-04,0.14387478409339177
2024-04-04,36.75046296296296,3.0628306878307168,,,2024-04-04,0.25740073137508096
2024-04-04,36.75138888888889,3.057539682539712,,,2024-04-04,0.2681416363474062
2024-04-04,36.75138888888889,3.0588624338624637,,,2024-04-04,0.18472391343301875
2024-04-04,36.75138888888889,3.0601851851852153,,,2024-04-04,0.1553162150214607
2024-04-04,36.75138888888889,3.061507936507965,,,2024-04-04,0.20469622494972564
2024-04-04,36.75138888888889,3.0628306878307168,,,2024-04-04,0.29572821605468813
2024-04-04,36.75231481481482,3.057539682539712,,,2024-04-04,0.33808427195944535
2024-04-04,36.75231481481482,3.0588624338624637,,,2024-04-04,0.27663047174165517
2024-04-04,36.75231481481482,3.0601851851852153,,,2024-04-04,0.2579239055025071
2024-04-04,36.75231481481482,3.061507936507965,,,2024-04-04,0.2903479711469829
2024-04-04,36.75231481481482,3.0628306878307168,,,2024-04-04,0.3603554187897976
2024-04-05,36.74768518518518,3.057539682539712,,,2024-04-05,0.3380885596660119
2024-04-05,36.74768518518518,3.0588624338624637,,,2024-04-05,0.276631592011625
2024-04-05,36.74768518518518,3.0601851851852153,,,2024-04-05,0.2579239373431453
2024-04-05,36.74768518518518,3.061507936507965,,,2024-04-05,0.2903498466436768
2024-04-05,36.74768518518518,3.0628306878307168,,,2024-04-05,0.3603607437968025
2024-04-05,36.74861111111111,3.057539682539712,,,2024-04-05,0.26814488002100434
2024-04-05,36.74861111111111,3.0588624338624637,,,2024-04-05,0.18472492001821167
2024-04-05,36.74861111111111,3.0601851851852153,,,2024-04-05,0.15531624674691102
2024-04-05,36.74861111111111,3.061507936507965,,,2024-04-05,0.20469782110899754
2024-04-05,36.74861111111111,3.0628306878307168,,,2024-04-05,0.29573210928483373
2024-04-05,36.74953703703704,3.057539682539712,,,2024-04-05,0.22516724453269812
2024-04-05,36.74953703703704,3.0588624338624637,,,2024-04-05,0.11367657315247216
2024-04-05,36.74953703703704,3.0601851851852153,,,2024-04-05,0.05405852740642433
2024-04-05,36.74953703703704,3.061507936507965,,,2024-04-05,0.14387554106688039
2024-04-05,36.74953703703704,3.0628306878307168,,,2024-04-05,0.2574022223605488
2024-04-05,36.75046296296296,3.057539682539712,,,2024-04-05,0.22516595693912034
2024-04-05,36.75046296296296,3.0588624338624637,,,2024-04-05,0.11367602791756166
2024-04-05,36.75046296296296,3.0601851851852153,,,2024-04-05,0.05405849702281984
2024-04-05,36.75046296296296,3.061507936507965,,,2024-04-05,0.14387478409339177
2024-04-05,36.75046296296296,3.0628306878307168,,,2024-04-05,0.25740073137508096
2024-04-05,36.75138888888889,3.057539682539712,,,2024-04-05,0.2681416363474062
2024-04-05,36.75138888888889,3.0588624338624637,,,2024-04-05,0.18472391343301875
2024-04-05,36.75138888888889,3.0601851851852153,,,2024-04-05,0.1553162150214607
2024-04-05,36.75138888888889,3.061507936507965,,,2024-04-05,0.20469622494972564
2024-04-05,36.75138888888889,3.0628306878307168,,,2024-04-05,0.29572821605468813
2024-04-05,36.75231481481482,3.057539682539712,,,2024-04-05,0.33808427195944535
2024-04-05,36.75231481481482,3.0588624338624637,,,2024-04-05,0.27663047174165517
2024-04-05,36.75231481481482,3.0601851851852153,,,2024-04-05,0.2579239055025071
2024-04-05,36.75231481481482,3.061507936507965,,,2024-04-05,0.2903479711469829
2024-04-05,36.75231481481482,3.0628306878307168,,,2024-04-05,0.3603554187897976
2024-04-06,36.74768518518518,3.057539682539712,,,2024-04-06,0.3380885596660119
2024-04-06,36.74768518518518,3.0588624338624637,,,2024-04-06,0.276631592011625
2024-04-06,36.74768518518518,3.0601851851852153,,,2024-04-06,0.2579239373431453
2024-04-06,36.74768518518518,3.061507936507965,,,2024-04-06,0.2903498466436768
2024-04-06,36.74768518518518,3.0628306878307168,,,2024-04-06,0.3603607437968025
2024-04-06,36.74861111111111,3.057539682539712,,,2024-04-06,0.26814488002100434
2024-04-06,36.74861111111111,3.0588624338624637,,,2024-04-06,0.18472492001821167
2024-04-06,36.74861111111111,3.0601851851852153,,,2024-04-06,0.15531624674691102
2024-04-06,36.74861111111111,3.061507936507965,,,2024-04-06,0.20469782110899754
2024-04-06,36.74861111111111,3.0628306878307168,,,2024-04-06,0.29573210928483373
2024-04-06,36.74953703703704,3.057539682539712,,,2024-04-06,0.22516724453269812
2024-04-06,36.74953703703704,3.0588624338624637,,,2024-04-06,0.11367657315247216
2024-04-06,36.74953703703704,3.0601851851852153,,,2024-04-06,0.05405852740642433
2024-04-06,36.74953703703704,3.061507936507965,,,2024-04-06,0.14387554106688039
2024-04-06,36.74953703703704,3.0628306878307168,,,2024-04-06,0.2574022223605488
2024-04-06,36.75046296296296,3.057539682539712,,,2024-04-06,0.22516595693912034
2024-04-06,36.75046296296296,3.0588624338624637,,,2024-04-06,0.11367602791756166
2024-04-06,36.75046296296296,3.0601851851852153,,,2024-04-06,0.05405849702281984
2024-04-06,36.75046296296296,3.061507936507965,,,2024-04-06,0.14387478409339177
2024-04-06,36.75046296296296,3.0628306878307168,,,2024-04-06,0.25740073137508096
2024-04-06,36.75138888888889,3.057539682539712,,,2024-04-06,0.2681416363474062
2024-04-06,36.75138888888889,3.0588624338624637,,,2024-04-06,0.18472391343301875
2024-04-06,36.75138888888889,3.0601851851852153,,,2024-04-06,0.1553162150214607
2024-04-06,36.75138888888889,3.061507936507965,,,2024-04-06,0.20469622494972564
2024-04-06,36.75138888888889,3.0628306878307168,,,2024-04-06,0.29572821605468813
2024-04-06,36.75231481481482,3.057539682539712,,,2024-04-06,0.33808427195944535
2024-04-06,36.75231481481482,3.0588624338624637,,,2024-04-06,0.27663047174165517
2024-04-06,36.75231481481482,3.0601851851852153,,,2024-04-06,0.2579239055025071
2024-04-06,36.75231481481482,3.061507936507965,,,2024-04-06,0.2903479711469829
2024-04-06,36.75231481481482,3.0628306878307168,,,2024-04-06,0.3603554187897976
2024-04-07,36.74768518518518,3.057539682539712,,,2024-04-07,0.3380885596660119
2024-04-07,36.74768518518518,3.0588624338624637,,,2024-04-07,0.276631592011625
2024-04-07,36.74768518518518,3.0601851851852153,,,2024-04-07,0.2579239373431453
2024-04-07,36.74768518518518,3.061507936507965,,,2024-04-07,0.2903498466436768
2024-04-07,36.74768518518518,3.0628306878307168,,,2024-04-07,0.3603607437968025
2024-04-07,36.74861111111111,3.057539682539712,,,2024-04-07,0.26814488002100434
2024-04-07,36.74861111111111,3.0588624338624637,,,2024-04-07,0.18472492001821167
2024-04-07,36.74861111111111,3.0601851851852153,,,2024-04-07,0.15531624674691102
2024-04-07,36.74861111111111,3.061507936507965,,,2024-04-07,0.20469782110899754
2024-04-07,36.74861111111111,3.0628306878307168,,,2024-04-07,0.29573210928483373
2024-04-07,36.74953703703704,3.057539682539712,,,2024-04-07,0.22516724453269812
2024-04-07,36.74953703703704,3.0588624338624637,,,2024-04-07,0.11367657315247216
2024-04-07,36.74953703703704,3.0601851851852153,,,2024-04-07,0.05405852740642433
2024-04-07,36.74953703703704,3.061507936507965,,,2024-04-07,0.14387554106688039
2024-04-07,36.74953703703704,3.0628306878307168,,,2024-04-07,0.2574022223605488
2024-04-07,36.75046296296296,3.057539682539712,,,2024-04-07,0.22516595693912034
2024-04-07,36.75046296296296,3.0588624338624637,,,2024-04-07,0.11367602791756166
2024-04-07,36.75046296296296,3.0601851851852153,,,2024-04-07,0.05405849702281984
2024-04-07,36.75046296296296,3.061507936507965,,,2024-04-07,0.14387478409339177
2024-04-07,36.75046296296296,3.0628306878307168,,,2024-04-07,0.25740073137508096
2024-04-07,36.75138888888889,3.057539682539712,,,2024-04-07,0.2681416363474062
2024-04-07,36.75138888888889,3.0588624338624637,,,2024-04-07,0.18472391343301875
2024-04-07,36.75138888888889,3.0601851851852153,,,2024-04-07,0.1553162150214607
2024-04-07,36.75138888888889,3.061507936507965,,,2024-04-07,0.20469622494972564
2024-04-07,36.75138888888889,3.0628306878307168,,,2024-04-07,0.29572821605468813
2024-04-07,36.75231481481482,3.057539682539712,,,2024-04-07,0.33808427195944535
2024-04-07,36.75231481481482,3.0588624338624637,,,2024-04-07,0.27663047174165517
2024-04-07,36.75231481481482,3.0601851851852153,,,2024-04-07,0.2579239055025071
2024-04-07,36.75231481481482,3.061507936507965,,,2024-04-07,0.2903479711469829
2024-04-07,36.75231481481482,3.0628306878307168,,,2024-04-07,0.3603554187897976
2024-04-08,36.74768518518518,3.057539682539712,,,2024-04-08,0.3380885596660119
2024-04-08,36.74768518518518,3.0588624338624637,,,2024-04-08,0.276631592011625
2024-04-08,36.74768518518518,3.0601851851852153,,,2024-04-08,0.2579239373431453
2024-04-08,36.74768518518518,3.061507936507965,,,2024-04-08,0.2903498466436768
2024-04-08,36.74768518518518,3.0628306878307168,,,2024-04-08,0.3603607437968025
2024-04-08,36.74861111111111,3.057539682539712,,,2024-04-08,0.26814488002100434
2024-04-08,36.74861111111111,3.0588624338624637,,,2024-04-08,0.18472492001821167
2024-04-08,36.74861111111111,3.0601851851852153,,,2024-04-08,0.15531624674691102
2024-04-08,36.74861111111111,3.061507936507965,,,2024-04-08,0.20469782110899754
2024-04-08,36.74861111111111,3.0628306878307168,,,2024-04-08,0.29573210928483373
2024-04-08,36.74953703703704,3.057539682539712,,,2024-04-08,0.22516724453269812
2024-04-08,36.74953703703704,3.0588624338624637,,,2024-04-08,0.11367657315247216
2024-04-08,36.74953703703704,3.0601851851852153,,,2024-04-08,0.05405852740642433
2024-04-08,36.74953703703704,3.061507936507965,,,2024-04-08,0.14387554106688039
2024-04-08,36.74953703703704,3.0628306878307168,,,2024-04-08,0.2574022223605488
2024-04-08,36.75046296296296,3.057539682539712,,,2024-04-08,0.22516595693912034
2024-04-08,36.75046296296296,3.0588624338624637,,,2024-04-08,0.11367602791756166
2024-04-08,36.75046296296296,3.0601851851852153,,,2024-04-08,0.05405849702281984
2024-04-08,36.75046296296296,3.061507936507965,,,2024-04-08,0.14387478409339177
2024-04-08,36.75046296296296,3.0628306878307168,,,2024-04-08,0.25740073137508096
2024-04-08,36.75138888888889,3.057539682539712,,,2024-04-08,0.2681416363474062
2024-04-08,36.75138888888889,3.0588624338624637,,,2024-04-08,0.18472391343301875
2024-04-08,36.75138888888889,3.0601851851852153,,,2024-04-08,0.1553162150214607
2024-04-08,36.75138888888889,3.061507936507965,,,2024-04-08,0.20469622494972564
2024-04-08,36.75138888888889,3.0628306878307168,,,2024-04-08,0.29572821605468813
2024-04-08,36.75231481481482,3.057539682539712,,,2024-04-08,0.33808427195944535
2024-04-08,36.75231481481482,3.0588624338624637,,,2024-04-08,0.27663047174165517
2024-04-08,36.75231481481482,3.0601851851852153,,,2024-04-08,0.2579239055025071
2024-04-08,36.75231481481482,3.061507936507965,,,2024-04-08,0.2903479711469829
2024-04-08,36.75231481481482,3.0628306878307168,,,2024-04-08,0.3603554187897976
2024-04-09,36.74768518518518,3.057539682539712,,,2024-04-09,0.3380885596660119
2024-04-09,36.74768518518518,3.0588624338624637,,,2024-04-09,0.276631592011625
2024-04-09,36.74768518518518,3.0601851851852153,,,2024-04-09,0.2579239373431453
2024-04-09,36.74768518518518,3.061507936507965,,,2024-04-09,0.2903498466436768
2024-04-09,36.74768518518518,3.0628306878307168,,,2024-04-09,0.3603607437968025
2024-04-09,36.74861111111111,3.057539682539712,,,2024-04-09,0.26814488002100434
2024-04-09,36.74861111111111,3.0588624338624637,,,2024-04-09,0.18472492001821167
2024-04-09,36.74861111111111,3.0601851851852153,,,2024-04-09,0.15531624674691102
2024-04-09,36.74861111111111,3.061507936507965,,,2024-04-09,0.20469782110899754
2024-04-09,36.74861111111111,3.0628306878307168,,,2024-04-09,0.29573210928483373
2024-04-09,36.74953703703704,3.057539682539712,,,2024-04-09,0.22516724453269812
2024-04-09,36.74953703703704,3.0588624338624637,,,2024-04-09,0.11367657315247216
2024-04-09,36.74953703703704,3.0601851851852153,,,2024-04-09,0.05405852740642433
2024-04-09,36.74953703703704,3.061507936507965,,,2024-04-09,0.14387554106688039
2024-04-09,36.74953703703704,3.0628306878307168,,,2024-04-09,0.2574022223605488
2024-04-09,36.75046296296296,3.057539682539712,,,2024-04-09,0.22516595693912034
2024-04-09,36.75046296296296,3.0588624338624637,,,2024-04-09,0.11367602791756166
2024-04-09,36.75046296296296,3.0601851851852153,,,2024-04-09,0.05405849702281984
2024-04-09,36.75046296296296,3.061507936507965,,,2024-04-09,0.14387478409339177
2024-04-09,36.75046296296296,3.0628306878307168,,,2024-04-09,0.25740073137508096
2024-04-09,36.75138888888889,3.057539682539712,,,2024-04-09,0.2681416363474062
2024-04-09,36.75138888888889,3.0588624338624637,,,2024-04-09,0.18472391343301875
2024-04-09,36.75138888888889,3.0601851851852153,,,2024-04-09,0.1553162150214607
2024-04-09,36.75138888888889,3.061507936507965,,,2024-04-09,0.20469622494972564
2024-04-09,36.75138888888889,3.0628306878307168,,,2024-04-09,0.29572821605468813
2024-04-09,36.75231481481482,3.057539682539712,,,2024-04-09,0.33808427195944535
2024-04-09,36.75231481481482,3.0588624338624637,,,2024-04-09,0.27663047174165517
2024-04-09,36.75231481481482,3.0601851851852153,,,2024-04-09,0.2579239055025071
2024-04-09,36.75231481481482,3.061507936507965,,,2024-04-09,0.2903479711469829
2024-04-09,36.75231481481482,3.0628306878307168,,,2024-04-09,0.3603554187897976
2024-04-10,36.74768518518518,3.057539682539712,,,2024-04-10,0.3380885596660119
2024-04-10,36.74768518518518,3.0588624338624637,,,2024-04-10,0.276631592011625
2024-04-10,36.74768518518518,3.0601851851852153,,,2024-04-10,0.2579239373431453
2024-04-10,36.74768518518518,3.061507936507965,,,2024-04-10,0.2903498466436768
2024-04-10,36.74768518518518,3.0628306878307168,,,2024-04-10,0.3603607437968025
2024-04-10,36.74861111111111,3.057539682539712,,,2024-04-10,0.26814488002100434
2024-04-10,36.74861111111111,3.0588624338624637,,,2024-04-10,0.18472492001821167
2024-04-10,36.74861111111111,3.0601851851852153,,,2024-04-10,0.15531624674691102
2024-04-10,36.74861111111111,3.061507936507965,,,2024-04-10,0.20469782110899754
2024-04-10,36.74861111111111,3.0628306878307168,,,2024-04-10,0.29573210928483373
2024-04-10,36.74953703703704,3.057539682539712,,,2024-04-10,0.22516724453269812
2024-04-10,36.74953703703704,3.0588624338624637,,,2024-04-10,0.11367657315247216
2024-04-10,36.74953703703704,3.0601851851852153,,,2024-04-10,0.05405852740642433
2024-04-10,36.74953703703704,3.061507936507965,,,2024-04-10,0.14387554106688039
2024-04-10,36.74953703703704,3.0628306878307168,,,2024-04-10,0.2574022223605488
2024-04-10,36.75046296296296,3.057539682539712,,,2024-04-10,0.22516595693912034
2024-04-10,36.75046296296296,3.0588624338624637,,,2024-04-10,0.11367602791756166
2024-04-10,36.75046296296296,3.0601851851852153,,,2024-04-10,0.05405849702281984
2024-04-10,36.75046296296296,3.061507936507965,,,2024-04-10,0.14387478409339177
2024-04-10,36.75046296296296,3.0628306878307168,,,2024-04-10,0.25740073137508096
2024-04-10,36.75138888888889,3.057539682539712,,,2024-04-10,0.2681416363474062
2024-04-10,36.75138888888889,3.0588624338624637,,,2024-04-10,0.18472391343301875
2024-04-10,36.75138888888889,3.0601851851852153,,,2024-04-10,0.1553162150214607
2024-04-10,36.75138888888889,3.061507936507965,,,2024-04-10,0.20469622494972564
2024-04-10,36.75138888888889,3.0628306878307168,,,2024-04-10,0.29572821605468813
2024-04-10,36.75231481481482,3.057539682539712,,,2024-04-10,0.33808427195944535
2024-04-10,36.75231481481482,3.0588624338624637,,,2024-04-10,0.27663047174165517
2024-04-10,36.75231481481482,3.0601851851852153,,,2024-04-10,0.2579239055025071
2024-04-10,36.75231481481482,3.061507936507965,,,2024-04-10,0.2903479711469829
2024-04-10,36.75231481481482,3.0628306878307168,,,2024-04-10,0.3603554187897976
2024-04-11,36.74768518518518,3.057539682539712,,,2024-04-11,0.3380885596660119
2024-04-11,36.74768518518518,3.0588624338624637,,,2024-04-11,0.276631592011625
2024-04-11,36.74768518518518,3.0601851851852153,,,2024-04-11,0.2579239373431453
2024-04-11,36.74768518518518,3.061507936507965,,,2024-04-11,0.2903498466436768
2024-04-11,36.74768518518518,3.0628306878307168,,,2024-04-11,0.3603607437968025
2024-04-11,36.74861111111111,3.057539682539712,,,2024-04-11,0.26814488002100434
2024-04-11,36.74861111111111,3.0588624338624637,,,2024-04-11,0.18472492001821167
2024-04-11,36.74861111111111,3.0601851851852153,,,2024-04-11,0.15531624674691102
2024-04-11,36.74861111111111,3.061507936507965,,,2024-04-11,0.20469782110899754
2024-04-11,36.74861111111111,3.0628306878307168,,,2024-04-11,0.29573210928483373
2024-04-11,36.74953703703704,3.057539682539712,,,2024-04-11,0.22516724453269812
2024-04-11,36.74953703703704,3.0588624338624637,,,2024-04-11,0.11367657315247216
2024-04-11,36.74953703703704,3.0601851851852153,,,2024-04-11,0.05405852740642433
2024-04-11,36.74953703703704,3.061507936507965,,,2024-04-11,0.14387554106688039
2024-04-11,36.74953703703704,3.0628306878307168,,,2024-04-11,0.2574022223605488
2024-04-11,36.75046296296296,3.057539682539712,,,2024-04-11,0.22516595693912034
2024-04-11,36.75046296296296,3.0588624338624637,,,2024-04-11,0.11367602791756166
2024-04-11,36.75046296296296,3.0601851851852153,,,2024-04-11,0.05405849702281984
2024-04-11,36.75046296296296,3.061507936507965,,,2024-04-11,0.14387478409339177
2024-04-11,36.75046296296296,3.0628306878307168,,,2024-04-11,0.25740073137508096
2024-04-11,36.75138888888889,3.057539682539712,,,2024-04-11,0.2681416363474062
2024-04-11,36.75138888888889,3.0588624338624637,,,2024-04-11,0.18472391343301875
2024-04-11,36.75138888888889,3.0601851851852153,,,2024-04-11,0.1553162150214607
2024-04-11,36.75138888888889,3.061507936507965,,,2024-04-11,0.20469622494972564
2024-04-11,36.75138888888889,3.0628306878307168,,,2024-04-11,0.29572821605468813
2024-04-11,36.75231481481482,3.057539682539712,,,2024-04-11,0.33808427195944535
2024-04-11,36.75231481481482,3.0588624338624637,,,2024-04-11,0.27663047174165517
2024-04-11,36.75231481481482,3.0601851851852153,,,2024-04-11,0.2579239055025071
2024-04-11,36.75231481481482,3.061507936507965,,,2024-04-11,0.2903479711469829
2024-04-11,36.75231481481482,3.0628306878307168,,,2024-04-11,0.3603554187897976
2024-04-12,36.74768518518518,3.057539682539712,,,2024-04-12,0.3380885596660119
2024-04-12,36.74768518518518,3.0588624338624637,,,2024-04-12,0.276631592011625
2024-04-12,36.74768518518518,3.0601851851852153,,,2024-04-12,0.2579239373431453
2024-04-12,36.74768518518518,3.061507936507965,,,2024-04-12,0.2903498466436768
2024-04-12,36.74768518518518,3.0628306878307168,,,2024-04-12,0.3603607437968025
2024-04-12,36.74861111111111,3.057539682539712,,,2024-04-12,0.26814488002100434
2024-04-12,36.74861111111111,3.0588624338624637,,,2024-04-12,0.18472492001821167
2024-04-12,36.74861111111111,3.0601851851852153,,,2024-04-12,0.15531624674691102
2024-04-12,36.74861111111111,3.061507936507965,,,2024-04-12,0.20469782110899754
2024-04-12,36.74861111111111,3.0628306878307168,,,2024-04-12,0.29573210928483373
2024-04-12,36.74953703703704,3.057539682539712,,,2024-04-12,0.22516724453269812
2024-04-12,36.74953703703704,3.0588624338624637,,,2024-04-12,0.11367657315247216
2024-04-12,36.74953703703704,3.0601851851852153,,,2024-04-12,0.05405852740642433
2024-04-12,36.74953703703704,3.061507936507965,,,2024-04-12,0.14387554106688039
2024-04-12,36.74953703703704,3.0628306878307168,,,2024-04-12,0.2574022223605488
2024-04-12,36.75046296296296,3.057539682539712,,,2024-04-12,0.22516595693912034
2024-04-12,36.75046296296296,3.0588624338624637,,,2024-04-12,0.11367602791756166
2024-04-12,36.75046296296296,3.0601851851852153,,,2024-04-12,0.05405849702281984
2024-04-12,36.75046296296296,3.061507936507965,,,2024-04-12,0.14387478409339177
2024-04-12,36.75046296296296,3.0628306878307168,,,2024-04-12,0.25740073137508096
2024-04-12,36.75138888888889,3.057539682539712,,,2024-04-12,0.2681416363474062
2024-04-12,36.75138888888889,3.0588624338624637,,,2024-04-12,0.18472391343301875
2024-04-12,36.75138888888889,3.0601851851852153,,,2024-04-12,0.1553162150214607
2024-04-12,36.75138888888889,3.061507936507965,,,2024-04-12,0.20469622494972564
2024-04-12,36.75138888888889,3.0628306878307168,,,2024-04-12,0.29572821605468813
2024-04-12,36.75231481481482,3.057539682539712,,,2024-04-12,0.33808427195944535
2024-04-12,36.75231481481482,3.0588624338624637,,,2024-04-12,0.27663047174165517
2024-04-12,36.75231481481482,3.0601851851852153,,,2024-04-12,0.2579239055025071
2024-04-12,36.75231481481482,3.061507936507965,,,2024-04-12,0.2903479711469829
2024-04-12,36.75231481481482,3.0628306878307168,,,2024-04-12,0.3603554187897976
2024-04-13,36.74768518518518,3.057539682539712,,,2024-04-13,0.3380885596660119
2024-04-13,36.74768518518518,3.0588624338624637,,,2024-04-13,0.276631592011625
2024-04-13,36.74768518518518,3.0601851851852153,,,2024-04-13,0.2579239373431453
2024-04-13,36.74768518518518,3.061507936507965,,,2024-04-13,0.2903498466436768
2024-04-13,36.74768518518518,3.0628306878307168,,,2024-04-13,0.3603607437968025
2024-04-13,36.74861111111111,3.057539682539712,,,2024-04-13,0.26814488002100434
2024-04-13,36.74861111111111,3.0588624338624637,,,2024-04-13,0.18472492001821167
2024-04-13,36.74861111111111,3.0601851851852153,,,2024-04-13,0.15531624674691102
2024-04-13,36.74861111111111,3.061507936507965,,,2024-04-13,0.20469782110899754
2024-04-13,36.74861111111111,3.0628306878307168,,,2024-04-13,0.29573210928483373
2024-04-13,36.74953703703704,3.057539682539712,,,2024-04-13,0.22516724453269812
2024-04-13,36.74953703703704,3.0588624338624637,,,2024-04-13,0.11367657315247216
2024-04-13,36.74953703703704,3.0601851851852153,,,2024-04-13,0.05405852740642433
2024-04-13,36.74953703703704,3.061507936507965,,,2024-04-13,0.14387554106688039
2024-04-13,36.74953703703704,3.0628306878307168,,,2024-04-13,0.2574022223605488
2024-04-13,36.75046296296296,3.057539682539712,,,2024-04-13,0.22516595693912034
2024-04-13,36.75046296296296,3.0588624338624637,,,2024-04-13,0.11367602791756166
2024-04-13,36.75046296296296,3.0601851851852153,,,2024-04-13,0.05405849702281984
2024-04-13,36.75046296296296,3.061507936507965,,,2024-04-13,0.14387478409339177
2024-04-13,36.75046296296296,3.0628306878307168,,,2024-04-13,0.25740073137508096
2024-04-13,36.75138888888889,3.057539682539712,,,2024-04-13,0.2681416363474062
2024-04-13,36.75138888888889,3.0588624338624637,,,2024-04-13,0.18472391343301875
2024-04-13,36.75138888888889,3.0601851851852153,,,2024-04-13,0.1553162150214607
2024-04-13,36.75138888888889,3.061507936507965,,,2024-04-13,0.20469622494972564
2024-04-13,36.75138888888889,3.0628306878307168,,,2024-04-13,0.29572821605468813
2024-04-13,36.75231481481482,3.057539682539712,,,2024-04-13,0.33808427195944535
2024-04-13,36.75231481481482,3.0588624338624637,,,2024-04-13,0.27663047174165517
2024-04-13,36.75231481481482,3.0601851851852153,,,2024-04-13,0.2579239055025071
2024-04-13,36.75231481481482,3.061507936507965,,,2024-04-13,0.2903479711469829
2024-04-13,36.75231481481482,3.0628306878307168,,,2024-04-13,0.3603554187897976
2024-04-14,36.74768518518518,3.057539682539712,,,2024-04-14,0.3380885596660119
2024-04-14,36.74768518518518,3.0588624338624637,,,2024-04-14,0.276631592011625
2024-04-14,36.74768518518518,3.0601851851852153,,,2024-04-14,0.2579239373431453
2024-04-14,36.74768518518518,3.061507936507965,,,2024-04-14,0.2903498466436768
2024-04-14,36.74768518518518,3.0628306878307168,,,2024-04-14,0.3603607437968025
2024-04-14,36.74861111111111,3.057539682539712,,,2024-04-14,0.26814488002100434
2024-04-14,36.74861111111111,3.0588624338624637,,,2024-04-14,0.18472492001821167
2024-04-14,36.74861111111111,3.0601851851852153,,,2024-04-14,0.15531624674691102
2024-04-14,36.74861111111111,3.061507936507965,,,2024-04-14,0.20469782110899754
2024-04-14,36.74861111111111,3.0628306878307168,,,2024-04-14,0.29573210928483373
2024-04-14,36.74953703703704,3.057539682539712,,,2024-04-14,0.22516724453269812
2024-04-14,36.74953703703704,3.0588624338624637,,,2024-04-14,0.11367657315247216
2024-04-14,36.74953703703704,3.0601851851852153,,,2024-04-14,0.05405852740642433
2024-04-14,36.74953703703704,3.061507936507965,,,2024-04-14,0.14387554106688039
2024-04-14,36.74953703703704,3.0628306878307168,,,2024-04-14,0.2574022223605488
2024-04-14,36.75046296296296,3.057539682539712,,,2024-04-14,0.22516595693912034
2024-04-14,36.75046296296296,3.0588624338624637,,,2024-04-14,0.11367602791756166
2024-04-14,36.75046296296296,3.0601851851852153,,,2024-04-14,0.05405849702281984
2024-04-14,36.75046296296296,3.061507936507965,,,2024-04-14,0.14387478409339177
2024-04-14,36.75046296296296,3.0628306878307168,,,2024-04-14,0.25740073137508096
2024-04-14,36.75138888888889,3.057539682539712,,,2024-04-14,0.2681416363474062
2024-04-14,36.75138888888889,3.0588624338624637,,,2024-04-14,0.18472391343301875
2024-04-14,36.75138888888889,3.0601851851852153,,,2024-04-14,0.1553162150214607
2024-04-14,36.75138888888889,3.061507936507965,,,2024-04-14,0.20469622494972564
2024-04-14,36.75138888888889,3.0628306878307168,,,2024-04-14,0.29572821605468813
2024-04-14,36.75231481481482,3.057539682539712,,,2024-04-14,0.33808427195944535
2024-04-14,36.75231481481482,3.0588624338624637,,,2024-04-14,0.27663047174165517
2024-04-14,36.75231481481482,3.0601851851852153,,,2024-04-14,0.2579239055025071
2024-04-14,36.75231481481482,3.061507936507965,,,2024-04-14,0.2903479711469829
2024-04-14,36.75231481481482,3.0628306878307168,,,2024-04-14,0.3603554187897976
2024-04-15,36.74768518518518,3.057539682539712,,,2024-04-15,0.3380885596660119
2024-04-15,36.74768518518518,3.0588624338624637,,,2024-04-15,0.276631592011625
2024-04-15,36.74768518518518,3.0601851851852153,,,2024-04-15,0.2579239373431453
2024-04-15,36.74768518518518,3.061507936507965,,,2024-04-15,0.2903498466436768
2024-04-15,36.74768518518518,3.0628306878307168,,,2024-04-15,0.3603607437968025
2024-04-15,36.74861111111111,3.057539682539712,,,2024-04-15,0.26814488002100434
2024-04-15,36.74861111111111,3.0588624338624637,,,2024-04-15,0.18472492001821167
2024-04-15,36.74861111111111,3.0601851851852153,,,2024-04-15,0.15531624674691102
2024-04-15,36.74861111111111,3.061507936507965,,,2024-04-15,0.20469782110899754
2024-04-15,36.74861111111111,3.0628306878307168,,,2024-04-15,0.29573210928483373
2024-04-15,36.74953703703704,3.057539682539712,,,2024-04-15,0.22516724453269812
2024-04-15,36.74953703703704,3.0588624338624637,,,2024-04-15,0.11367657315247216
2024-04-15,36.74953703703704,3.0601851851852153,,,2024-04-15,0.05405852740642433
2024-04-15,36.74953703703704,3.061507936507965,,,2024-04-15,0.14387554106688039
2024-04-15,36.74953703703704,3.0628306878307168,,,2024-04-15,0.2574022223605488
2024-04-15,36.75046296296296,3.057539682539712,,,2024-04-15,0.22516595693912034
2024-04-15,36.75046296296296,3.0588624338624637,,,2024-04-15,0.11367602791756166
2024-04-15,36.75046296296296,3.0601851851852153,,,2024-04-15,0.05405849702281984
2024-04-15,36.75046296296296,3.061507936507965,,,2024-04-15,0.14387478409339177
2024-04-15,36.75046296296296,3.0628306878307168,,,2024-04-15,0.25740073137508096
2024-04-15,36.75138888888889,3.057539682539712,,,2024-04-15,0.2681416363474062
2024-04-15,36.75138888888889,3.0588624338624637,,,2024-04-15,0.18472391343301875
2024-04-15,36.75138888888889,3.0601851851852153,,,2024-04-15,0.1553162150214607
2024-04-15,36.75138888888889,3.061507936507965,,,2024-04-15,0.20469622494972564
2024-04-15,36.75138888888889,3.0628306878307168,,,2024-04-15,0.29572821605468813
2024-04-15,36.75231481481482,3.057539682539712,,,2024-04-15,0.33808427195944535
2024-04-15,36.75231481481482,3.0588624338624637,,,2024-04-15,0.27663047174165517
2024-04-15,36.75231481481482,3.0601851851852153,,,2024-04-15,0.2579239055025071
2024-04-15,36.75231481481482,3.061507936507965,,,2024-04-15,0.2903479711469829
2024-04-15,36.75231481481482,3.0628306878307168,,,2024-04-15,0.3603554187897976
2024-04-16,36.74768518518518,3.057539682539712,,,2024-04-16,0.3380885596660119
2024-04-16,36.74768518518518,3.0588624338624637,,,2024-04-16,0.276631592011625
2024-04-16,36.74768518518518,3.0601851851852153,,,2024-04-16,0.2579239373431453
2024-04-16,36.74768518518518,3.061507936507965,,,2024-04-16,0.2903498466436768
2024-04-16,36.74768518518518,3.0628306878307168,,,2024-04-16,0.3603607437968025
2024-04-16,36.74861111111111,3.057539682539712,,,2024-04-16,0.26814488002100434
2024-04-16,36.74861111111111,3.0588624338624637,,,2024-04-16,0.18472492001821167
2024-04-16,36.74861111111111,3.0601851851852153,,,2024-04-16,0.15531624674691102
2024-04-16,36.74861111111111,3.061507936507965,,,2024-04-16,0.20469782110899754
2024-04-16,36.74861111111111,3.0628306878307168,,,2024-04-16,0.29573210928483373
2024-04-16,36.74953703703704,3.057539682539712,,,2024-04-16,0.22516724453269812
2024-04-16,36.74953703703704,3.0588624338624637,,,2024-04-16,0.11367657315247216
2024-04-16,36.74953703703704,3.0601851851852153,,,2024-04-16,0.05405852740642433
2024-04-16,36.74953703703704,3.061507936507965,,,2024-04-16,0.14387554106688039
2024-04-16,36.74953703703704,3.0628306878307168,,,2024-04-16,0.2574022223605488
2024-04-16,36.75046296296296,3.057539682539712,,,2024-04-16,0.22516595693912034
2024-04-16,36.75046296296296,3.0588624338624637,,,2024-04-16,0.11367602791756166
2024-04-16,36.75046296296296,3.0601851851852153,,,2024-04-16,0.05405849702281984
2024-04-16,36.75046296296296,3.061507936507965,,,2024-04-16,0.14387478409339177
2024-04-16,36.75046296296296,3.0628306878307168,,,2024-04-16,0.25740073137508096
2024-04-16,36.75138888888889,3.057539682539712,,,2024-04-16,0.2681416363474062
2024-04-16,36.75138888888889,3.0588624338624637,,,2024-04-16,0.18472391343301875
2024-04-16,36.75138888888889,3.0601851851852153,,,2024-04-16,0.1553162150214607
2024-04-16,36.75138888888889,3.061507936507965,,,2024-04-16,0.20469622494972564
2024-04-16,36.75138888888889,3.0628306878307168,,,2024-04-16,0.29572821605468813
2024-04-16,36.75231481481482,3.057539682539712,,,2024-04-16,0.33808427195944535
2024-04-16,36.75231481481482,3.0588624338624637,,,2024-04-16,0.27663047174165517
2024-04-16,36.75231481481482,3.0601851851852153,,,2024-04-16,0.2579239055025071
2024-04-16,36.75231481481482,3.061507936507965,,,2024-04-16,0.2903479711469829
2024-04-16,36.75231481481482,3.0628306878307168,,,2024-04-16,0.3603554187897976
2024-04-17,36.74768518518518,3.057539682539712,,,2024-04-17,0.3380885596660119
2024-04-17,36.74768518518518,3.0588624338624637,,,2024-04-17,0.276631592011625
2024-04-17,36.74768518518518,3.0601851851852153,,,2024-04-17,0.2579239373431453
2024-04-17,36.74768518518518,3.061507936507965,,,2024-04-17,0.2903498466436768
2024-04-17,36.74768518518518,3.0628306878307168,,,2024-04-17,0.3603607437968025
2024-04-17,36.74861111111111,3.057539682539712,,,2024-04-17,0.26814488002100434
2024-04-17,36.74861111111111,3.0588624338624637,,,2024-04-17,0.18472492001821167
2024-04-17,36.74861111111111,3.0601851851852153,,,2024-04-17,0.15531624674691102
2024-04-17,36.74861111111111,3.061507936507965,,,2024-04-17,0.20469782110899754
2024-04-17,36.74861111111111,3.0628306878307168,,,2024-04-17,0.29573210928483373
2024-04-17,36.74953703703704,3.057539682539712,,,2024-04-17,0.22516724453269812
2024-04-17,36.74953703703704,3.0588624338624637,,,2024-04-17,0.11367657315247216
2024-04-17,36.74953703703704,3.0601851851852153,,,2024-04-17,0.05405852740642433
2024-04-17,36.74953703703704,3.061507936507965,,,2024-04-17,0.14387554106688039
2024-04-17,36.74953703703704,3.0628306878307168,,,2024-04-17,0.2574022223605488
2024-04-17,36.75046296296296,3.057539682539712,,,2024-04-17,0.22516595693912034
2024-04-17,36.75046296296296,3.0588624338624637,,,2024-04-17,0.11367602791756166
2024-04-17,36.75046296296296,3.0601851851852153,,,2024-04-17,0.05405849702281984
2024-04-17,36.75046296296296,3.061507936507965,,,2024-04-17,0.14387478409339177
2024-04-17,36.75046296296296,3.0628306878307168,,,2024-04-17,0.25740073137508096
2024-04-17,36.75138888888889,3.057539682539712,,,2024-04-17,0.2681416363474062
2024-04-17,36.75138888888889,3.0588624338624637,,,2024-04-17,0.18472391343301875
2024-04-17,36.75138888888889,3.0601851851852153,,,2024-04-17,0.1553162150214607
2024-04-17,36.75138888888889,3.061507936507965,,,2024-04-17,0.20469622494972564
2024-04-17,36.75138888888889,3.0628306878307168,,,2024-04-17,0.29572821605468813
2024-04-17,36.75231481481482,3.057539682539712,,,2024-04-17,0.33808427195944535
2024-04-17,36.75231481481482,3.0588624338624637,,,2024-04-17,0.27663047174165517
2024-04-17,36.75231481481482,3.0601851851852153,,,2024-04-17,0.2579239055025071
2024-04-17,36.75231481481482,3.061507936507965,,,2024-04-17,0.2903479711469829
2024-04-17,36.75231481481482,3.0628306878307168,,,2024-04-17,0.3603554187897976
2024-04-18,36.74768518518518,3.057539682539712,,,2024-04-18,0.3380885596660119
2024-04-18,36.74768518518518,3.0588624338624637,,,2024-04-18,0.276631592011625
2024-04-18,36.74768518518518,3.0601851851852153,,,2024-04-18,0.2579239373431453
2024-04-18,36.74768518518518,3.061507936507965,,,2024-04-18,0.2903498466436768
2024-04-18,36.74768518518518,3.0628306878307168,,,2024-04-18,0.3603607437968025
2024-04-18,36.74861111111111,3.057539682539712,,,2024-04-18,0.26814488002100434
2024-04-18,36.74861111111111,3.0588624338624637,,,2024-04-18,0.18472492001821167
2024-04-18,36.74861111111111,3.0601851851852153,,,2024-04-18,0.15531624674691102
2024-04-18,36.74861111111111,3.061507936507965,,,2024-04-18,0.20469782110899754
2024-04-18,36.74861111111111,3.0628306878307168,,,2024-04-18,0.29573210928483373
2024-04-18,36.74953703703704,3.057539682539712,,,2024-04-18,0.22516724453269812
2024-04-18,36.74953703703704,3.0588624338624637,,,2024-04-18,0.11367657315247216
2024-04-18,36.74953703703704,3.0601851851852153,,,2024-04-18,0.05405852740642433
2024-04-18,36.74953703703704,3.061507936507965,,,2024-04-18,0.14387554106688039
2024-04-18,36.74953703703704,3.0628306878307168,,,2024-04-18,0.2574022223605488
2024-04-18,36.75046296296296,3.057539682539712,,,2024-04-18,0.22516595693912034
2024-04-18,36.75046296296296,3.0588624338624637,,,2024-04-18,0.11367602791756166
2024-04-18,36.75046296296296,3.0601851851852153,,,2024-04-18,0.05405849702281984
2024-04-18,36.75046296296296,3.061507936507965,,,2024-04-18,0.14387478409339177
2024-04-18,36.75046296296296,3.0628306878307168,,,2024-04-18,0.25740073137508096
2024-04-18,36.75138888888889,3.057539682539712,,,2024-04-18,0.2681416363474062
2024-04-18,36.75138888888889,3.0588624338624637,,,2024-04-18,0.18472391343301875
2024-04-18,36.75138888888889,3.0601851851852153,,,2024-04-18,0.1553162150214607
2024-04-18,36.75138888888889,3.061507936507965,,,2024-04-18,0.20469622494972564
2024-04-18,36.75138888888889,3.0628306878307168,,,2024-04-18,0.29572821605468813
2024-04-18,36.75231481481482,3.057539682539712,,,2024-04-18,0.33808427195944535
2024-04-18,36.75231481481482,3.0588624338624637,,,2024-04-18,0.27663047174165517
2024-04-18,36.75231481481482,3.0601851851852153,,,2024-04-18,0.2579239055025071
2024-04-18,36.75231481481482,3.061507936507965,,,2024-04-18,0.2903479711469829
2024-04-18,36.75231481481482,3.0628306878307168,,,2024-04-18,0.3603554187897976
2024-04-19,36.74768518518518,3.057539682539712,,,2024-04-19,0.3380885596660119
2024-04-19,36.74768518518518,3.0588624338624637,,,2024-04-19,0.276631592011625
2024-04-19,36.74768518518518,3.0601851851852153,,,2024-04-19,0.2579239373431453
2024-04-19,36.74768518518518,3.061507936507965,,,2024-04-19,0.2903498466436768
2024-04-19,36.74768518518518,3.0628306878307168,,,2024-04-19,0.3603607437968025
2024-04-19,36.74861111111111,3.057539682539712,,,2024-04-19,0.26814488002100434
2024-04-19,36.74861111111111,3.0588624338624637,,,2024-04-19,0.18472492001821167
2024-04-19,36.74861111111111,3.0601851851852153,,,2024-04-19,0.15531624674691102
2024-04-19,36.74861111111111,3.061507936507965,,,2024-04-19,0.20469782110899754
2024-04-19,36.74861111111111,3.0628306878307168,,,2024-04-19,0.29573210928483373
2024-04-19,36.74953703703704,3.057539682539712,,,2024-04-19,0.22516724453269812
2024-04-19,36.74953703703704,3.0588624338624637,,,2024-04-19,0.11367657315247216
2024-04-19,36.74953703703704,3.0601851851852153,,,2024-04-19,0.05405852740642433
2024-04-19,36.74953703703704,3.061507936507965,,,2024-04-19,0.14387554106688039
2024-04-19,36.74953703703704,3.0628306878307168,,,2024-04-19,0.2574022223605488
2024-04-19,36.75046296296296,3.057539682539712,,,2024-04-19,0.22516595693912034
2024-04-19,36.75046296296296,3.0588624338624637,,,2024-04-19,0.11367602791756166
2024-04-19,36.75046296296296,3.0601851851852153,,,2024-04-19,0.05405849702281984
2024-04-19,36.75046296296296,3.061507936507965,,,2024-04-19,0.14387478409339177
2024-04-19,36.75046296296296,3.0628306878307168,,,2024-04-19,0.25740073137508096
2024-04-19,36.75138888888889,3.057539682539712,,,2024-04-19,0.2681416363474062
2024-04-19,36.75138888888889,3.0588624338624637,,,2024-04-19,0.18472391343301875
2024-04-19,36.75138888888889,3.0601851851852153,,,2024-04-19,0.1553162150214607
2024-04-19,36.75138888888889,3.061507936507965,,,2024-04-19,0.20469622494972564
2024-04-19,36.75138888888889,3.0628306878307168,,,2024-04-19,0.29572821605468813
2024-04-19,36.75231481481482,3.057539682539712,,,2024-04-19,0.33808427195944535
2024-04-19,36.75231481481482,3.0588624338624637,,,2024-04-19,0.27663047174165517
2024-04-19,36.75231481481482,3.0601851851852153,,,2024-04-19,0.2579239055025071
2024-04-19,36.75231481481482,3.061507936507965,,,2024-04-19,0.2903479711469829
2024-04-19,36.75231481481482,3.0628306878307168,,,2024-04-19,0.3603554187897976
2024-04-20,36.74768518518518,3.057539682539712,,,2024-04-20,0.3380885596660119
2024-04-20,36.74768518518518,3.0588624338624637,,,2024-04-20,0.276631592011625
2024-04-20,36.74768518518518,3.0601851851852153,,,2024-04-20,0.2579239373431453
2024-04-20,36.74768518518518,3.061507936507965,,,2024-04-20,0.2903498466436768
2024-04-20,36.74768518518518,3.0628306878307168,,,2024-04-20,0.3603607437968025
2024-04-20,36.74861111111111,3.057539682539712,,,2024-04-20,0.26814488002100434
2024-04-20,36.74861111111111,3.0588624338624637,,,2024-04-20,0.18472492001821167
2024-04-20,36.74861111111111,3.0601851851852153,,,2024-04-20,0.15531624674691102
2024-04-20,36.74861111111111,3.061507936507965,,,2024-04-20,0.20469782110899754
2024-04-20,36.74861111111111,3.0628306878307168,,,2024-04-20,0.29573210928483373
2024-04-20,36.74953703703704,3.057539682539712,,,2024-04-20,0.22516724453269812
2024-04-20,36.74953703703704,3.0588624338624637,,,2024-04-20,0.11367657315247216
2024-04-20,36.74953703703704,3.0601851851852153,,,2024-04-20,0.05405852740642433
2024-04-20,36.74953703703704,3.061507936507965,,,2024-04-20,0.14387554106688039
2024-04-20,36.74953703703704,3.0628306878307168,,,2024-04-20,0.2574022223605488
2024-04-20,36.75046296296296,3.057539682539712,,,2024-04-20,0.22516595693912034
2024-04-20,36.75046296296296,3.0588624338624637,,,2024-04-20,0.11367602791756166
2024-04-20,36.75046296296296,3.0601851851852153,,,2024-04-20,0.05405849702281984
2024-04-20,36.75046296296296,3.061507936507965,,,2024-04-20,0.14387478409339177
2024-04-20,36.75046296296296,3.0628306878307168,,,2024-04-20,0.25740073137508096
2024-04-20,36.75138888888889,3.057539682539712,,,2024-04-20,0.2681416363474062
2024-04-20,36.75138888888889,3.0588624338624637,,,2024-04-20,0.18472391343301875
2024-04-20,36.75138888888889,3.0601851851852153,,,2024-04-20,0.1553162150214607
2024-04-20,36.75138888888889,3.061507936507965,,,2024-04-20,0.20469622494972564
2024-04-20,36.75138888888889,3.0628306878307168,,,2024-04-20,0.29572821605468813
2024-04-20,36.75231481481482,3.057539682539712,,,2024-04-20,0.33808427195944535
2024-04-20,36.75231481481482,3.0588624338624637,,,2024-04-20,0.27663047174165517
2024-04-20,36.75231481481482,3.0601851851852153,,,2024-04-20,0.2579239055025071
2024-04-20,36.75231481481482,3.061507936507965,,,2024-04-20,0.2903479711469829
2024-04-20,36.75231481481482,3.0628306878307168,,,2024-04-20,0.3603554187897976
2024-04-21,36.74768518518518,3.057539682539712,,,2024-04-21,0.3380885596660119
2024-04-21,36.74768518518518,3.0588624338624637,,,2024-04-21,0.276631592011625
2024-04-21,36.74768518518518,3.0601851851852153,,,2024-04-21,0.2579239373431453
2024-04-21,36.74768518518518,3.061507936507965,,,2024-04-21,0.2903498466436768
2024-04-21,36.74768518518518,3.0628306878307168,,,2024-04-21,0.3603607437968025
2024-04-21,36.74861111111111,3.057539682539712,,,2024-04-21,0.26814488002100434
2024-04-21,36.74861111111111,3.0588624338624637,,,2024-04-21,0.18472492001821167
2024-04-21,36.74861111111111,3.0601851851852153,,,2024-04-21,0.15531624674691102
2024-04-21,36.74861111111111,3.061507936507965,,,2024-04-21,0.20469782110899754
2024-04-21,36.74861111111111,3.0628306878307168,,,2024-04-21,0.29573210928483373
2024-04-21,36.74953703703704,3.057539682539712,,,2024-04-21,0.22516724453269812
2024-04-21,36.74953703703704,3.0588624338624637,,,2024-04-21,0.11367657315247216
2024-04-21,36.74953703703704,3.0601851851852153,,,2024-04-21,0.05405852740642433
2024-04-21,36.74953703703704,3.061507936507965,,,2024-04-21,0.14387554106688039
2024-04-21,36.74953703703704,3.0628306878307168,,,2024-04-21,0.2574022223605488
2024-04-21,36.75046296296296,3.057539682539712,,,2024-04-21,0.22516595693912034
2024-04-21,36.75046296296296,3.0588624338624637,,,2024-04-21,0.11367602791756166
2024-04-21,36.75046296296296,3.0601851851852153,,,2024-04-21,0.05405849702281984
2024-04-21,36.75046296296296,3.061507936507965,,,2024-04-21,0.14387478409339177
2024-04-21,36.75046296296296,3.0628306878307168,,,2024-04-21,0.25740073137508096
2024-04-21,36.75138888888889,3.057539682539712,,,2024-04-21,0.2681416363474062
2024-04-21,36.75138888888889,3.0588624338624637,,,2024-04-21,0.18472391343301875
2024-04-21,36.75138888888889,3.0601851851852153,,,2024-04-21,0.1553162150214607
2024-04-21,36.75138888888889,3.061507936507965,,,2024-04-21,0.20469622494972564
2024-04-21,36.75138888888889,3.0628306878307168,,,2024-04-21,0.29572821605468813
2024-04-21,36.75231481481482,3.057539682539712,,,2024-04-21,0.33808427195944535
2024-04-21,36.75231481481482,3.0588624338624637,,,2024-04-21,0.27663047174165517
2024-04-21,36.75231481481482,3.0601851851852153,,,2024-04-21,0.2579239055025071
2024-04-21,36.75231481481482,3.061507936507965,,,2024-04-21,0.2903479711469829
2024-04-21,36.75231481481482,3.0628306878307168,,,2024-04-21,0.3603554187897976
2024-04-22,36.74768518518518,3.057539682539712,,,2024-04-22,0.3380885596660119
2024-04-22,36.74768518518518,3.0588624338624637,,,2024-04-22,0.276631592011625
2024-04-22,36.74768518518518,3.0601851851852153,,,2024-04-22,0.2579239373431453
2024-04-22,36.74768518518518,3.061507936507965,,,2024-04-22,0.2903498466436768
2024-04-22,36.74768518518518,3.0628306878307168,,,2024-04-22,0.3603607437968025
2024-04-22,36.74861111111111,3.057539682539712,,,2024-04-22,0.26814488002100434
2024-04-22,36.74861111111111,3.0588624338624637,,,2024-04-22,0.18472492001821167
2024-04-22,36.74861111111111,3.0601851851852153,,,2024-04-22,0.15531624674691102
2024-04-22,36.74861111111111,3.061507936507965,,,2024-04-22,0.20469782110899754
2024-04-22,36.74861111111111,3.0628306878307168,,,2024-04-22,0.29573210928483373
2024-04-22,36.74953703703704,3.057539682539712,,,2024-04-22,0.22516724453269812
2024-04-22,36.74953703703704,3.0588624338624637,,,2024-04-22,0.11367657315247216
2024-04-22,36.74953703703704,3.0601851851852153,,,2024-04-22,0.05405852740642433
2024-04-22,36.74953703703704,3.061507936507965,,,2024-04-22,0.14387554106688039
2024-04-22,36.74953703703704,3.0628306878307168,,,2024-04-22,0.2574022223605488
2024-04-22,36.75046296296296,3.057539682539712,,,2024-04-22,0.22516595693912034
2024-04-22,36.75046296296296,3.0588624338624637,,,2024-04-22,0.11367602791756166
2024-04-22,36.75046296296296,3.0601851851852153,,,2024-04-22,0.05405849702281984
2024-04-22,36.75046296296296,3.061507936507965,,,2024-04-22,0.14387478409339177
2024-04-22,36.75046296296296,3.0628306878307168,,,2024-04-22,0.25740073137508096
2024-04-22,36.75138888888889,3.057539682539712,,,2024-04-22,0.2681416363474062
2024-04-22,36.75138888888889,3.0588624338624637,,,2024-04-22,0.18472391343301875
2024-04-22,36.75138888888889,3.0601851851852153,,,2024-04-22,0.1553162150214607
2024-04-22,36.75138888888889,3.061507936507965,,,2024-04-22,0.20469622494972564
2024-04-22,36.75138888888889,3.0628306878307168,,,2024-04-22,0.29572821605468813
2024-04-22,36.75231481481482,3.057539682539712,,,2024-04-22,0.33808427195944535
2024-04-22,36.75231481481482,3.0588624338624637,,,2024-04-22,0.27663047174165517
2024-04-22,36.75231481481482,3.0601851851852153,,,2024-04-22,0.2579239055025071
2024-04-22,36.75231481481482,3.061507936507965,,,2024-04-22,0.2903479711469829
2024-04-22,36.75231481481482,3.0628306878307168,,,2024-04-22,0.3603554187897976
2024-04-23,36.74768518518518,3.057539682539712,,,2024-04-23,0.3380885596660119
2024-04-23,36.74768518518518,3.0588624338624637,,,2024-04-23,0.276631592011625
2024-04-23,36.74768518518518,3.0601851851852153,,,2024-04-23,0.2579239373431453
2024-04-23,36.74768518518518,3.061507936507965,,,2024-04-23,0.2903498466436768
2024-04-23,36.74768518518518,3.0628306878307168,,,2024-04-23,0.3603607437968025
2024-04-23,36.74861111111111,3.057539682539712,,,2024-04-23,0.26814488002100434
2024-04-23,36.74861111111111,3.0588624338624637,,,2024-04-23,0.18472492001821167
2024-04-23,36.74861111111111,3.0601851851852153,,,2024-04-23,0.15531624674691102
2024-04-23,36.74861111111111,3.061507936507965,,,2024-04-23,0.20469782110899754
2024-04-23,36.74861111111111,3.0628306878307168,,,2024-04-23,0.29573210928483373
2024-04-23,36.74953703703704,3.057539682539712,,,2024-04-23,0.22516724453269812
2024-04-23,36.74953703703704,3.0588624338624637,,,2024-04-23,0.11367657315247216
2024-04-23,36.74953703703704,3.0601851851852153,,,2024-04-23,0.05405852740642433
2024-04-23,36.74953703703704,3.061507936507965,,,2024-04-23,0.14387554106688039
2024-04-23,36.74953703703704,3.0628306878307168,,,2024-04-23,0.2574022223605488
2024-04-23,36.75046296296296,3.057539682539712,,,2024-04-23,0.22516595693912034
2024-04-23,36.75046296296296,3.0588624338624637,,,2024-04-23,0.11367602791756166
2024-04-23,36.75046296296296,3.0601851851852153,,,2024-04-23,0.05405849702281984
2024-04-23,36.75046296296296,3.061507936507965,,,2024-04-23,0.14387478409339177
2024-04-23,36.75046296296296,3.0628306878307168,,,2024-04-23,0.25740073137508096
2024-04-23,36.75138888888889,3.057539682539712,,,2024-04-23,0.2681416363474062
2024-04-23,36.75138888888889,3.0588624338624637,,,2024-04-23,0.18472391343301875
2024-04-23,36.75138888888889,3.0601851851852153,,,2024-04-23,0.1553162150214607
2024-04-23,36.75138888888889,3.061507936507965,,,2024-04-23,0.20469622494972564
2024-04-23,36.75138888888889,3.0628306878307168,,,2024-04-23,0.29572821605468813
2024-04-23,36.75231481481482,3.057539682539712,,,2024-04-23,0.33808427195944535
2024-04-23,36.75231481481482,3.0588624338624637,,,2024-04-23,0.27663047174165517
2024-04-23,36.75231481481482,3.0601851851852153,,,2024-04-23,0.2579239055025071
2024-04-23,36.75231481481482,3.061507936507965,,,2024-04-23,0.2903479711469829
2024-04-23,36.75231481481482,3.0628306878307168,,,2024-04-23,0.3603554187897976
2024-04-24,36.74768518518518,3.057539682539712,,,2024-04-24,0.3380885596660119
2024-04-24,36.74768518518518,3.0588624338624637,,,2024-04-24,0.276631592011625
2024-04-24,36.74768518518518,3.0601851851852153,,,2024-04-24,0.2579239373431453
2024-04-24,36.74768518518518,3.061507936507965,,,2024-04-24,0.2903498466436768
2024-04-24,36.74768518518518,3.0628306878307168,,,2024-04-24,0.3603607437968025
2024-04-24,36.74861111111111,3.057539682539712,,,2024-04-24,0.26814488002100434
2024-04-24,36.74861111111111,3.0588624338624637,,,2024-04-24,0.18472492001821167
2024-04-24,36.74861111111111,3.0601851851852153,,,2024-04-24,0.15531624674691102
2024-04-24,36.74861111111111,3.061507936507965,,,2024-04-24,0.20469782110899754
2024-04-24,36.74861111111111,3.0628306878307168,,,2024-04-24,0.29573210928483373
2024-04-24,36.74953703703704,3.057539682539712,,,2024-04-24,0.22516724453269812
2024-04-24,36.74953703703704,3.0588624338624637,,,2024-04-24,0.11367657315247216
2024-04-24,36.74953703703704,3.0601851851852153,,,2024-04-24,0.05405852740642433
2024-04-24,36.74953703703704,3.061507936507965,,,2024-04-24,0.14387554106688039
2024-04-24,36.74953703703704,3.0628306878307168,,,2024-04-24,0.2574022223605488
2024-04-24,36.75046296296296,3.057539682539712,,,2024-04-24,0.22516595693912034
2024-04-24,36.75046296296296,3.0588624338624637,,,2024-04-24,0.11367602791756166
2024-04-24,36.75046296296296,3.0601851851852153,,,2024-04-24,0.05405849702281984
2024-04-24,36.75046296296296,3.061507936507965,,,2024-04-24,0.14387478409339177
2024-04-24,36.75046296296296,3.0628306878307168,,,2024-04-24,0.25740073137508096
2024-04-24,36.75138888888889,3.057539682539712,,,2024-04-24,0.2681416363474062
2024-04-24,36.75138888888889,3.0588624338624637,,,2024-04-24,0.18472391343301875
2024-04-24,36.75138888888889,3.0601851851852153,,,2024-04-24,0.1553162150214607
2024-04-24,36.75138888888889,3.061507936507965,,,2024-04-24,0.20469622494972564
2024-04-24,36.75138888888889,3.0628306878307168,,,2024-04-24,0.29572821605468813
2024-04-24,36.75231481481482,3.057539682539712,,,2024-04-24,0.33808427195944535
2024-04-24,36.75231481481482,3.0588624338624637,,,2024-04-24,0.27663047174165517
2024-04-24,36.75231481481482,3.0601851851852153,,,2024-04-24,0.2579239055025071
2024-04-24,36.75231481481482,3.061507936507965,,,2024-04-24,0.2903479711469829
2024-04-24,36.75231481481482,3.0628306878307168,,,2024-04-24,0.3603554187897976
2024-04-25,36.74768518518518,3.057539682539712,,,2024-04-25,0.3380885596660119
2024-04-25,36.74768518518518,3.0588624338624637,,,2024-04-25,0.276631592011625
2024-04-25,36.74768518518518,3.0601851851852153,,,2024-04-25,0.2579239373431453
2024-04-25,36.74768518518518,3.061507936507965,,,2024-04-25,0.2903498466436768
2024-04-25,36.74768518518518,3.0628306878307168,,,2024-04-25,0.3603607437968025
2024-04-25,36.74861111111111,3.057539682539712,,,2024-04-25,0.26814488002100434
2024-04-25,36.74861111111111,3.0588624338624637,,,2024-04-25,0.18472492001821167
2024-04-25,36.74861111111111,3.0601851851852153,,,2024-04-25,0.15531624674691102
2024-04-25,36.74861111111111,3.061507936507965,,,2024-04-25,0.20469782110899754
2024-04-25,36.74861111111111,3.0628306878307168,,,2024-04-25,0.29573210928483373
2024-04-25,36.74953703703704,3.057539682539712,,,2024-04-25,0.22516724453269812
2024-04-25,36.74953703703704,3.0588624338624637,,,2024-04-25,0.11367657315247216
2024-04-25,36.74953703703704,3.0601851851852153,,,2024-04-25,0.05405852740642433
2024-04-25,36.74953703703704,3.061507936507965,,,2024-04-25,0.14387554106688039
2024-04-25,36.74953703703704,3.0628306878307168,,,2024-04-25,0.2574022223605488
2024-04-25,36.75046296296296,3.057539682539712,,,2024-04-25,0.22516595693912034
2024-04-25,36.75046296296296,3.0588624338624637,,,2024-04-25,0.11367602791756166
2024-04-25,36.75046296296296,3.0601851851852153,,,2024-04-25,0.05405849702281984
2024-04-25,36.75046296296296,3.061507936507965,,,2024-04-25,0.14387478409339177
2024-04-25,36.75046296296296,3.0628306878307168,,,2024-04-25,0.25740073137508096
2024-04-25,36.75138888888889,3.057539682539712,,,2024-04-25,0.2681416363474062
2024-04-25,36.75138888888889,3.0588624338624637,,,2024-04-25,0.18472391343301875
2024-04-25,36.75138888888889,3.0601851851852153,,,2024-04-25,0.1553162150214607
2024-04-25,36.75138888888889,3.061507936507965,,,2024-04-25,0.20469622494972564
2024-04-25,36.75138888888889,3.0628306878307168,,,2024-04-25,0.29572821605468813
2024-04-25,36.75231481481482,3.057539682539712,,,2024-04-25,0.33808427195944535
2024-04-25,36.75231481481482,3.0588624338624637,,,2024-04-25,0.27663047174165517
2024-04-25,36.75231481481482,3.0601851851852153,,,2024-04-25,0.2579239055025071
2024-04-25,36.75231481481482,3.061507936507965,,,2024-04-25,0.2903479711469829
2024-04-25,36.75231481481482,3.0628306878307168,,,2024-04-25,0.3603554187897976
2024-04-26,36.74768518518518,3.057539682539712,,,2024-04-26,0.3380885596660119
2024-04-26,36.74768518518518,3.0588624338624637,,,2024-04-26,0.276631592011625
2024-04-26,36.74768518518518,3.0601851851852153,,,2024-04-26,0.2579239373431453
2024-04-26,36.74768518518518,3.061507936507965,,,2024-04-26,0.2903498466436768
2024-04-26,36.74768518518518,3.0628306878307168,,,2024-04-26,0.3603607437968025
2024-04-26,36.74861111111111,3.057539682539712,,,2024-04-26,0.26814488002100434
2024-04-26,36.74861111111111,3.0588624338624637,,,2024-04-26,0.18472492001821167
2024-04-26,36.74861111111111,3.0601851851852153,,,2024-04-26,0.15531624674691102
2024-04-26,36.74861111111111,3.061507936507965,,,2024-04-26,0.20469782110899754
2024-04-26,36.74861111111111,3.0628306878307168,,,2024-04-26,0.29573210928483373
2024-04-26,36.74953703703704,3.057539682539712,,,2024-04-26,0.22516724453269812
2024-04-26,36.74953703703704,3.0588624338624637,,,2024-04-26,0.11367657315247216
2024-04-26,36.74953703703704,3.0601851851852153,,,2024-04-26,0.05405852740642433
2024-04-26,36.74953703703704,3.061507936507965,,,2024-04-26,0.14387554106688039
2024-04-26,36.74953703703704,3.0628306878307168,,,2024-04-26,0.2574022223605488
2024-04-26,36.75046296296296,3.057539682539712,,,2024-04-26,0.22516595693912034
2024-04-26,36.75046296296296,3.0588624338624637,,,2024-04-26,0.11367602791756166
2024-04-26,36.75046296296296,3.0601851851852153,,,2024-04-26,0.05405849702281984
2024-04-26,36.75046296296296,3.061507936507965,,,2024-04-26,0.14387478409339177
2024-04-26,36.75046296296296,3.0628306878307168,,,2024-04-26,0.25740073137508096
2024-04-26,36.75138888888889,3.057539682539712,,,2024-04-26,0.2681416363474062
2024-04-26,36.75138888888889,3.0588624338624637,,,2024-04-26,0.18472391343301875
2024-04-26,36.75138888888889,3.0601851851852153,,,2024-04-26,0.1553162150214607
2024-04-26,36.75138888888889,3.061507936507965,,,2024-04-26,0.20469622494972564
2024-04-26,36.75138888888889,3.0628306878307168,,,2024-04-26,0.29572821605468813
2024-04-26,36.75231481481482,3.057539682539712,,,2024-04-26,0.33808427195944535
2024-04-26,36.75231481481482,3.0588624338624637,,,2024-04-26,0.27663047174165517
2024-04-26,36.75231481481482,3.0601851851852153,,,2024-04-26,0.2579239055025071
2024-04-26,36.75231481481482,3.061507936507965,,,2024-04-26,0.2903479711469829
2024-04-26,36.75231481481482,3.0628306878307168,,,2024-04-26,0.3603554187897976
2024-04-27,36.74768518518518,3.057539682539712,,,2024-04-27,0.3380885596660119
2024-04-27,36.74768518518518,3.0588624338624637,,,2024-04-27,0.276631592011625
2024-04-27,36.74768518518518,3.0601851851852153,,,2024-04-27,0.2579239373431453
2024-04-27,36.74768518518518,3.061507936507965,,,2024-04-27,0.2903498466436768
2024-04-27,36.74768518518518,3.0628306878307168,,,2024-04-27,0.3603607437968025
2024-04-27,36.74861111111111,3.057539682539712,,,2024-04-27,0.26814488002100434
2024-04-27,36.74861111111111,3.0588624338624637,,,2024-04-27,0.18472492001821167
2024-04-27,36.74861111111111,3.0601851851852153,,,2024-04-27,0.15531624674691102
2024-04-27,36.74861111111111,3.061507936507965,,,2024-04-27,0.20469782110899754
2024-04-27,36.74861111111111,3.0628306878307168,,,2024-04-27,0.29573210928483373
2024-04-27,36.74953703703704,3.057539682539712,,,2024-04-27,0.22516724453269812
2024-04-27,36.74953703703704,3.0588624338624637,,,2024-04-27,0.11367657315247216
2024-04-27,36.74953703703704,3.0601851851852153,,,2024-04-27,0.05405852740642433
2024-04-27,36.74953703703704,3.061507936507965,,,2024-04-27,0.14387554106688039
2024-04-27,36.74953703703704,3.0628306878307168,,,2024-04-27,0.2574022223605488
2024-04-27,36.75046296296296,3.057539682539712,,,2024-04-27,0.22516595693912034
2024-04-27,36.75046296296296,3.0588624338624637,,,2024-04-27,0.11367602791756166
2024-04-27,36.75046296296296,3.0601851851852153,,,2024-04-27,0.05405849702281984
2024-04-27,36.75046296296296,3.061507936507965,,,2024-04-27,0.14387478409339177
2024-04-27,36.75046296296296,3.0628306878307168,,,2024-04-27,0.25740073137508096
2024-04-27,36.75138888888889,3.057539682539712,,,2024-04-27,0.2681416363474062
2024-04-27,36.75138888888889,3.0588624338624637,,,2024-04-27,0.18472391343301875
2024-04-27,36.75138888888889,3.0601851851852153,,,2024-04-27,0.1553162150214607
2024-04-27,36.75138888888889,3.061507936507965,,,2024-04-27,0.20469622494972564
2024-04-27,36.75138888888889,3.0628306878307168,,,2024-04-27,0.29572821605468813
2024-04-27,36.75231481481482,3.057539682539712,,,2024-04-27,0.33808427195944535
2024-04-27,36.75231481481482,3.0588624338624637,,,2024-04-27,0.27663047174165517
2024-04-27,36.75231481481482,3.0601851851852153,,,2024-04-27,0.2579239055025071
2024-04-27,36.75231481481482,3.061507936507965,,,2024-04-27,0.2903479711469829
2024-04-27,36.75231481481482,3.0628306878307168,,,2024-04-27,0.3603554187897976
2024-04-28,36.74768518518518,3.057539682539712,,,2024-04-28,0.3380885596660119
2024-04-28,36.74768518518518,3.0588624338624637,,,2024-04-28,0.276631592011625
2024-04-28,36.74768518518518,3.0601851851852153,,,2024-04-28,0.2579239373431453
2024-04-28,36.74768518518518,3.061507936507965,,,2024-04-28,0.2903498466436768
2024-04-28,36.74768518518518,3.0628306878307168,,,2024-04-28,0.3603607437968025
2024-04-28,36.74861111111111,3.057539682539712,,,2024-04-28,0.26814488002100434
2024-04-28,36.74861111111111,3.0588624338624637,,,2024-04-28,0.18472492001821167
2024-04-28,36.74861111111111,3.0601851851852153,,,2024-04-28,0.15531624674691102
2024-04-28,36.74861111111111,3.061507936507965,,,2024-04-28,0.20469782110899754
2024-04-28,36.74861111111111,3.0628306878307168,,,2024-04-28,0.29573210928483373
2024-04-28,36.74953703703704,3.057539682539712,,,2024-04-28,0.22516724453269812
2024-04-28,36.74953703703704,3.0588624338624637,,,2024-04-28,0.11367657315247216
2024-04-28,36.74953703703704,3.0601851851852153,,,2024-04-28,0.05405852740642433
2024-04-28,36.74953703703704,3.061507936507965,,,2024-04-28,0.14387554106688039
2024-04-28,36.74953703703704,3.0628306878307168,,,2024-04-28,0.2574022223605488
2024-04-28,36.75046296296296,3.057539682539712,,,2024-04-28,0.22516595693912034
2024-04-28,36.75046296296296,3.0588624338624637,,,2024-04-28,0.11367602791756166
2024-04-28,36.75046296296296,3.0601851851852153,,,2024-04-28,0.05405849702281984
2024-04-28,36.75046296296296,3.061507936507965,,,2024-04-28,0.14387478409339177
2024-04-28,36.75046296296296,3.0628306878307168,,,2024-04-28,0.25740073137508096
2024-04-28,36.75138888888889,3.057539682539712,,,2024-04-28,0.2681416363474062
2024-04-28,36.75138888888889,3.0588624338624637,,,2024-04-28,0.18472391343301875
2024-04-28,36.75138888888889,3.0601851851852153,,,2024-04-28,0.1553162150214607
2024-04-28,36.75138888888889,3.061507936507965,,,2024-04-28,0.20469622494972564
2024-04-28,36.75138888888889,3.0628306878307168,,,2024-04-28,0.29572821605468813
2024-04-28,36.75231481481482,3.057539682539712,,,2024-04-28,0.33808427195944535
2024-04-28,36.75231481481482,3.0588624338624637,,,2024-04-28,0.27663047174165517
2024-04-28,36.75231481481482,3.0601851851852153,,,2024-04-28,0.2579239055025071
2024-04-28,36.75231481481482,3.061507936507965,,,2024-04-28,0.2903479711469829
2024-04-28,36.75231481481482,3.0628306878307168,,,2024-04-28,0.3603554187897976
2024-04-29,36.74768518518518,3.057539682539712,,,2024-04-29,0.3380885596660119
2024-04-29,36.74768518518518,3.0588624338624637,,,2024-04-29,0.276631592011625
2024-04-29,36.74768518518518,3.0601851851852153,,,2024-04-29,0.2579239373431453
2024-04-29,36.74768518518518,3.061507936507965,,,2024-04-29,0.2903498466436768
2024-04-29,36.74768518518518,3.0628306878307168,,,2024-04-29,0.3603607437968025
2024-04-29,36.74861111111111,3.057539682539712,,,2024-04-29,0.26814488002100434
2024-04-29,36.74861111111111,3.0588624338624637,,,2024-04-29,0.18472492001821167
2024-04-29,36.74861111111111,3.0601851851852153,,,2024-04-29,0.15531624674691102
2024-04-29,36.74861111111111,3.061507936507965,,,2024-04-29,0.20469782110899754
2024-04-29,36.74861111111111,3.0628306878307168,,,2024-04-29,0.29573210928483373
2024-04-29,36.74953703703704,3.057539682539712,,,2024-04-29,0.22516724453269812
2024-04-29,36.74953703703704,3.0588624338624637,,,2024-04-29,0.11367657315247216
2024-04-29,36.74953703703704,3.0601851851852153,,,2024-04-29,0.05405852740642433
2024-04-29,36.74953703703704,3.061507936507965,,,2024-04-29,0.14387554106688039
2024-04-29,36.74953703703704,3.0628306878307168,,,2024-04-29,0.2574022223605488
2024-04-29,36.75046296296296,3.057539682539712,,,2024-04-29,0.22516595693912034
2024-04-29,36.75046296296296,3.0588624338624637,,,2024-04-29,0.11367602791756166
2024-04-29,36.75046296296296,3.0601851851852153,,,2024-04-29,0.05405849702281984
2024-04-29,36.75046296296296,3.061507936507965,,,2024-04-29,0.14387478409339177
2024-04-29,36.75046296296296,3.0628306878307168,,,2024-04-29,0.25740073137508096
2024-04-29,36.75138888888889,3.057539682539712,,,2024-04-29,0.2681416363474062
2024-04-29,36.75138888888889,3.0588624338624637,,,2024-04-29,0.18472391343301875
2024-04-29,36.75138888888889,3.0601851851852153,,,2024-04-29,0.1553162150214607
2024-04-29,36.75138888888889,3.061507936507965,,,2024-04-29,0.20469622494972564
2024-04-29,36.75138888888889,3.0628306878307168,,,2024-04-29,0.29572821605468813
2024-04-29,36.75231481481482,3.057539682539712,,,2024-04-29,0.33808427195944535
2024-04-29,36.75231481481482,3.0588624338624637,,,2024-04-29,0.27663047174165517
2024-04-29,36.75231481481482,3.0601851851852153,,,2024-04-29,0.2579239055025071
2024-04-29,36.75231481481482,3.061507936507965,,,2024-04-29,0.2903479711469829
2024-04-29,36.75231481481482,3.0628306878307168,,,2024-04-29,0.3603554187897976
2024-04-30,36.74768518518518,3.057539682539712,,,2024-04-30,0.3380885596660119
2024-04-30,36.74768518518518,3.0588624338624637,,,2024-04-30,0.276631592011625
2024-04-30,36.74768518518518,3.0601851851852153,,,2024-04-30,0.2579239373431453
2024-04-30,36.74768518518518,3.061507936507965,,,2024-04-30,0.2903498466436768
2024-04-30,36.74768518518518,3.0628306878307168,,,2024-04-30,0.3603607437968025
2024-04-30,36.74861111111111,3.057539682539712,,,2024-04-30,0.26814488002100434
2024-04-30,36.74861111111111,3.0588624338624637,,,2024-04-30,0.18472492001821167
2024-04-30,36.74861111111111,3.0601851851852153,,,2024-04-30,0.15531624674691102
2024-04-30,36.74861111111111,3.061507936507965,,,2024-04-30,0.20469782110899754
2024-04-30,36.74861111111111,3.0628306878307168,,,2024-04-30,0.29573210928483373
2024-04-30,36.74953703703704,3.057539682539712,,,2024-04-30,0.22516724453269812
2024-04-30,36.74953703703704,3.0588624338624637,,,2024-04-30,0.11367657315247216
2024-04-30,36.74953703703704,3.0601851851852153,,,2024-04-30,0.05405852740642433
2024-04-30,36.74953703703704,3.061507936507965,,,2024-04-30,0.14387554106688039
2024-04-30,36.74953703703704,3.0628306878307168,,,2024-04-30,0.2574022223605488
2024-04-30,36.75046296296296,3.057539682539712,,,2024-04-30,0.22516595693912034
2024-04-30,36.75046296296296,3.0588624338624637,,,2024-04-30,0.11367602791756166
2024-04-30,36.75046296296296,3.0601851851852153,,,2024-04-30,0.05405849702281984
2024-04-30,36.75046296296296,3.061507936507965,,,2024-04-30,0.14387478409339177
2024-04-30,36.75046296296296,3.0628306878307168,,,2024-04-30,0.25740073137508096
2024-04-30,36.75138888888889,3.057539682539712,,,2024-04-30,0.2681416363474062
2024-04-30,36.75138888888889,3.0588624338624637,,,2024-04-30,0.18472391343301875
2024-04-30,36.75138888888889,3.0601851851852153,,,2024-04-30,0.1553162150214607
2024-04-30,36.75138888888889,3.061507936507965,,,2024-04-30,0.20469622494972564
2024-04-30,36.75138888888889,3.0628306878307168,,,2024-04-30,0.29572821605468813
2024-04-30,36.75231481481482,3.057539682539712,,,2024-04-30,0.33808427195944535
2024-04-30,36.75231481481482,3.0588624338624637,,,2024-04-30,0.27663047174165517
2024-04-30,36.75231481481482,3.0601851851852153,,,2024-04-30,0.2579239055025071
2024-04-30,36.75231481481482,3.061507936507965,,,2024-04-30,0.2903479711469829
2024-04-30,36.75231481481482,3.0628306878307168,,,2024-04-30,0.3603554187897976
2024-05-01,36.74768518518518,3.057539682539712,,,2024-05-01,0.3380885596660119
2024-05-01,36.74768518518518,3.0588624338624637,,,2024-05-01,0.276631592011625
2024-05-01,36.74768518518518,3.0601851851852153,,,2024-05-01,0.2579239373431453
2024-05-01,36.74768518518518,3.061507936507965,,,2024-05-01,0.2903498466436768
2024-05-01,36.74768518518518,3.0628306878307168,,,2024-05-01,0.3603607437968025
2024-05-01,36.74861111111111,3.057539682539712,,,2024-05-01,0.26814488002100434
2024-05-01,36.74861111111111,3.0588624338624637,,,2024-05-01,0.18472492001821167
2024-05-01,36.74861111111111,3.0601851851852153,,,2024-05-01,0.15531624674691102
2024-05-01,36.74861111111111,3.061507936507965,,,2024-05-01,0.20469782110899754
2024-05-01,36.74861111111111,3.0628306878307168,,,2024-05-01,0.29573210928483373
2024-05-01,36.74953703703704,3.057539682539712,,,2024-05-01,0.22516724453269812
2024-05-01,36.74953703703704,3.0588624338624637,,,2024-05-01,0.11367657315247216
2024-05-01,36.74953703703704,3.0601851851852153,,,2024-05-01,0.05405852740642433
2024-05-01,36.74953703703704,3.061507936507965,,,2024-05-01,0.14387554106688039
2024-05-01,36.74953703703704,3.0628306878307168,,,2024-05-01,0.2574022223605488
2024-05-01,36.75046296296296,3.057539682539712,,,2024-05-01,0.22516595693912034
2024-05-01,36.75046296296296,3.0588624338624637,,,2024-05-01,0.11367602791756166
2024-05-01,36.75046296296296,3.0601851851852153,,,2024-05-01,0.05405849702281984
2024-05-01,36.75046296296296,3.061507936507965,,,2024-05-01,0.14387478409339177
2024-05-01,36.75046296296296,3.0628306878307168,,,2024-05-01,0.25740073137508096
2024-05-01,36.75138888888889,3.057539682539712,,,2024-05-01,0.2681416363474062
2024-05-01,36.75138888888889,3.0588624338624637,,,2024-05-01,0.18472391343301875
2024-05-01,36.75138888888889,3.0601851851852153,,,2024-05-01,0.1553162150214607
2024-05-01,36.75138888888889,3.061507936507965,,,2024-05-01,0.20469622494972564
2024-05-01,36.75138888888889,3.0628306878307168,,,2024-05-01,0.29572821605468813
2024-05-01,36.75231481481482,3.057539682539712,,,2024-05-01,0.33808427195944535
2024-05-01,36.75231481481482,3.0588624338624637,,,2024-05-01,0.27663047174165517
2024-05-01,36.75231481481482,3.0601851851852153,,,2024-05-01,0.2579239055025071
2024-05-01,36.75231481481482,3.061507936507965,,,2024-05-01,0.2903479711469829
2024-05-01,36.75231481481482,3.0628306878307168,,,2024-05-01,0.3603554187897976
2024-05-02,36.74768518518518,3.057539682539712,,,2024-05-02,0.3380885596660119
2024-05-02,36.74768518518518,3.0588624338624637,,,2024-05-02,0.276631592011625
2024-05-02,36.74768518518518,3.0601851851852153,,,2024-05-02,0.2579239373431453
2024-05-02,36.74768518518518,3.061507936507965,,,2024-05-02,0.2903498466436768
2024-05-02,36.74768518518518,3.0628306878307168,,,2024-05-02,0.3603607437968025
2024-05-02,36.74861111111111,3.057539682539712,,,2024-05-02,0.26814488002100434
2024-05-02,36.74861111111111,3.0588624338624637,,,2024-05-02,0.18472492001821167
2024-05-02,36.74861111111111,3.0601851851852153,,,2024-05-02,0.15531624674691102
2024-05-02,36.74861111111111,3.061507936507965,,,2024-05-02,0.20469782110899754
2024-05-02,36.74861111111111,3.0628306878307168,,,2024-05-02,0.29573210928483373
2024-05-02,36.74953703703704,3.057539682539712,,,2024-05-02,0.22516724453269812
2024-05-02,36.74953703703704,3.0588624338624637,,,2024-05-02,0.11367657315247216
2024-05-02,36.74953703703704,3.0601851851852153,,,2024-05-02,0.05405852740642433
2024-05-02,36.74953703703704,3.061507936507965,,,2024-05-02,0.14387554106688039
2024-05-02,36.74953703703704,3.0628306878307168,,,2024-05-02,0.2574022223605488
2024-05-02,36.75046296296296,3.057539682539712,,,2024-05-02,0.22516595693912034
2024-05-02,36.75046296296296,3.0588624338624637,,,2024-05-02,0.11367602791756166
2024-05-02,36.75046296296296,3.0601851851852153,,,2024-05-02,0.05405849702281984
2024-05-02,36.75046296296296,3.061507936507965,,,2024-05-02,0.14387478409339177
2024-05-02,36.75046296296296,3.0628306878307168,,,2024-05-02,0.25740073137508096
2024-05-02,36.75138888888889,3.057539682539712,,,2024-05-02,0.2681416363474062
2024-05-02,36.75138888888889,3.0588624338624637,,,2024-05-02,0.18472391343301875
2024-05-02,36.75138888888889,3.0601851851852153,,,2024-05-02,0.1553162150214607
2024-05-02,36.75138888888889,3.061507936507965,,,2024-05-02,0.20469622494972564
2024-05-02,36.75138888888889,3.0628306878307168,,,2024-05-02,0.29572821605468813
2024-05-02,36.75231481481482,3.057539682539712,,,2024-05-02,0.33808427195944535
2024-05-02,36.75231481481482,3.0588624338624637,,,2024-05-02,0.27663047174165517
2024-05-02,36.75231481481482,3.0601851851852153,,,2024-05-02,0.2579239055025071
2024-05-02,36.75231481481482,3.061507936507965,,,2024-05-02,0.2903479711469829
2024-05-02,36.75231481481482,3.0628306878307168,,,2024-05-02,0.3603554187897976
2024-05-03,36.74768518518518,3.057539682539712,,,2024-05-03,0.3380885596660119
2024-05-03,36.74768518518518,3.0588624338624637,,,2024-05-03,0.276631592011625
2024-05-03,36.74768518518518,3.0601851851852153,,,2024-05-03,0.2579239373431453
2024-05-03,36.74768518518518,3.061507936507965,,,2024-05-03,0.2903498466436768
2024-05-03,36.74768518518518,3.0628306878307168,,,2024-05-03,0.3603607437968025
2024-05-03,36.74861111111111,3.057539682539712,,,2024-05-03,0.26814488002100434
2024-05-03,36.74861111111111,3.0588624338624637,,,2024-05-03,0.18472492001821167
2024-05-03,36.74861111111111,3.0601851851852153,,,2024-05-03,0.15531624674691102
2024-05-03,36.74861111111111,3.061507936507965,,,2024-05-03,0.20469782110899754
2024-05-03,36.74861111111111,3.0628306878307168,,,2024-05-03,0.29573210928483373
2024-05-03,36.74953703703704,3.057539682539712,,,2024-05-03,0.22516724453269812
2024-05-03,36.74953703703704,3.0588624338624637,,,2024-05-03,0.11367657315247216
2024-05-03,36.74953703703704,3.0601851851852153,,,2024-05-03,0.05405852740642433
2024-05-03,36.74953703703704,3.061507936507965,,,2024-05-03,0.14387554106688039
2024-05-03,36.74953703703704,3.0628306878307168,,,2024-05-03,0.2574022223605488
2024-05-03,36.75046296296296,3.057539682539712,,,2024-05-03,0.22516595693912034
2024-05-03,36.75046296296296,3.0588624338624637,,,2024-05-03,0.11367602791756166
2024-05-03,36.75046296296296,3.0601851851852153,,,2024-05-03,0.05405849702281984
2024-05-03,36.75046296296296,3.061507936507965,,,2024-05-03,0.14387478409339177
2024-05-03,36.75046296296296,3.0628306878307168,,,2024-05-03,0.25740073137508096
2024-05-03,36.75138888888889,3.057539682539712,,,2024-05-03,0.2681416363474062
2024-05-03,36.75138888888889,3.0588624338624637,,,2024-05-03,0.18472391343301875
2024-05-03,36.75138888888889,3.0601851851852153,,,2024-05-03,0.1553162150214607
2024-05-03,36.75138888888889,3.061507936507965,,,2024-05-03,0.20469622494972564
2024-05-03,36.75138888888889,3.0628306878307168,,,2024-05-03,0.29572821605468813
2024-05-03,36.75231481481482,3.057539682539712,,,2024-05-03,0.33808427195944535
2024-05-03,36.75231481481482,3.0588624338624637,,,2024-05-03,0.27663047174165517
2024-05-03,36.75231481481482,3.0601851851852153,,,2024-05-03,0.2579239055025071
2024-05-03,36.75231481481482,3.061507936507965,,,2024-05-03,0.2903479711469829
2024-05-03,36.75231481481482,3.0628306878307168,,,2024-05-03,0.3603554187897976
2024-05-04,36.74768518518518,3.057539682539712,,,2024-05-04,0.3380885596660119
2024-05-04,36.74768518518518,3.0588624338624637,,,2024-05-04,0.276631592011625
2024-05-04,36.74768518518518,3.0601851851852153,,,2024-05-04,0.2579239373431453
2024-05-04,36.74768518518518,3.061507936507965,,,2024-05-04,0.2903498466436768
2024-05-04,36.74768518518518,3.0628306878307168,,,2024-05-04,0.3603607437968025
2024-05-04,36.74861111111111,3.057539682539712,,,2024-05-04,0.26814488002100434
2024-05-04,36.74861111111111,3.0588624338624637,,,2024-05-04,0.18472492001821167
2024-05-04,36.74861111111111,3.0601851851852153,,,2024-05-04,0.15531624674691102
2024-05-04,36.74861111111111,3.061507936507965,,,2024-05-04,0.20469782110899754
2024-05-04,36.74861111111111,3.0628306878307168,,,2024-05-04,0.29573210928483373
2024-05-04,36.74953703703704,3.057539682539712,,,2024-05-04,0.22516724453269812
2024-05-04,36.74953703703704,3.0588624338624637,,,2024-05-04,0.11367657315247216
2024-05-04,36.74953703703704,3.0601851851852153,,,2024-05-04,0.05405852740642433
2024-05-04,36.74953703703704,3.061507936507965,,,2024-05-04,0.14387554106688039
2024-05-04,36.74953703703704,3.0628306878307168,,,2024-05-04,0.2574022223605488
2024-05-04,36.75046296296296,3.057539682539712,,,2024-05-04,0.22516595693912034
2024-05-04,36.75046296296296,3.0588624338624637,,,2024-05-04,0.11367602791756166
2024-05-04,36.75046296296296,3.0601851851852153,,,2024-05-04,0.05405849702281984
2024-05-04,36.75046296296296,3.061507936507965,,,2024-05-04,0.14387478409339177
2024-05-04,36.75046296296296,3.0628306878307168,,,2024-05-04,0.25740073137508096
2024-05-04,36.75138888888889,3.057539682539712,,,2024-05-04,0.2681416363474062
2024-05-04,36.75138888888889,3.0588624338624637,,,2024-05-04,0.18472391343301875
2024-05-04,36.75138888888889,3.0601851851852153,,,2024-05-04,0.1553162150214607
2024-05-04,36.75138888888889,3.061507936507965,,,2024-05-04,0.20469622494972564
2024-05-04,36.75138888888889,3.0628306878307168,,,2024-05-04,0.29572821605468813
2024-05-04,36.75231481481482,3.057539682539712,,,2024-05-04,0.33808427195944535
2024-05-04,36.75231481481482,3.0588624338624637,,,2024-05-04,0.27663047174165517
2024-05-04,36.75231481481482,3.0601851851852153,,,2024-05-04,0.2579239055025071
2024-05-04,36.75231481481482,3.061507936507965,,,2024-05-04,0.2903479711469829
2024-05-04,36.75231481481482,3.0628306878307168,,,2024-05-04,0.3603554187897976
2024-05-05,36.74768518518518,3.057539682539712,,,2024-05-05,0.3380885596660119
2024-05-05,36.74768518518518,3.0588624338624637,,,2024-05-05,0.276631592011625
2024-05-05,36.74768518518518,3.0601851851852153,,,2024-05-05,0.2579239373431453
2024-05-05,36.74768518518518,3.061507936507965,,,2024-05-05,0.2903498466436768
2024-05-05,36.74768518518518,3.0628306878307168,,,2024-05-05,0.3603607437968025
2024-05-05,36.74861111111111,3.057539682539712,,,2024-05-05,0.26814488002100434
2024-05-05,36.74861111111111,3.0588624338624637,,,2024-05-05,0.18472492001821167
2024-05-05,36.74861111111111,3.0601851851852153,,,2024-05-05,0.15531624674691102
2024-05-05,36.74861111111111,3.061507936507965,,,2024-05-05,0.20469782110899754
2024-05-05,36.74861111111111,3.0628306878307168,,,2024-05-05,0.29573210928483373
2024-05-05,36.74953703703704,3.057539682539712,,,2024-05-05,0.22516724453269812
2024-05-05,36.74953703703704,3.0588624338624637,,,2024-05-05,0.11367657315247216
2024-05-05,36.74953703703704,3.0601851851852153,,,2024-05-05,0.05405852740642433
2024-05-05,36.74953703703704,3.061507936507965,,,2024-05-05,0.14387554106688039
2024-05-05,36.74953703703704,3.0628306878307168,,,2024-05-05,0.2574022223605488
2024-05-05,36.75046296296296,3.057539682539712,,,2024-05-05,0.22516595693912034
2024-05-05,36.75046296296296,3.0588624338624637,,,2024-05-05,0.11367602791756166
2024-05-05,36.75046296296296,3.0601851851852153,,,2024-05-05,0.05405849702281984
2024-05-05,36.75046296296296,3.061507936507965,,,2024-05-05,0.14387478409339177
2024-05-05,36.75046296296296,3.0628306878307168,,,2024-05-05,0.25740073137508096
2024-05-05,36.75138888888889,3.057539682539712,,,2024-05-05,0.2681416363474062
2024-05-05,36.75138888888889,3.0588624338624637,,,2024-05-05,0.18472391343301875
2024-05-05,36.75138888888889,3.0601851851852153,,,2024-05-05,0.1553162150214607
2024-05-05,36.75138888888889,3.061507936507965,,,2024-05-05,0.20469622494972564
2024-05-05,36.75138888888889,3.0628306878307168,,,2024-05-05,0.29572821605468813
2024-05-05,36.75231481481482,3.057539682539712,,,2024-05-05,0.33808427195944535
2024-05-05,36.75231481481482,3.0588624338624637,,,2024-05-05,0.27663047174165517
2024-05-05,36.75231481481482,3.0601851851852153,,,2024-05-05,0.2579239055025071
2024-05-05,36.75231481481482,3.061507936507965,,,2024-05-05,0.2903479711469829
2024-05-05,36.75231481481482,3.0628306878307168,,,2024-05-05,0.3603554187897976
2024-05-06,36.74768518518518,3.057539682539712,,,2024-05-06,0.3380885596660119
2024-05-06,36.74768518518518,3.0588624338624637,,,2024-05-06,0.276631592011625
2024-05-06,36.74768518518518,3.0601851851852153,,,2024-05-06,0.2579239373431453
2024-05-06,36.74768518518518,3.061507936507965,,,2024-05-06,0.2903498466436768
2024-05-06,36.74768518518518,3.0628306878307168,,,2024-05-06,0.3603607437968025
2024-05-06,36.74861111111111,3.057539682539712,,,2024-05-06,0.26814488002100434
2024-05-06,36.74861111111111,3.0588624338624637,,,2024-05-06,0.18472492001821167
2024-05-06,36.74861111111111,3.0601851851852153,,,2024-05-06,0.15531624674691102
2024-05-06,36.74861111111111,3.061507936507965,,,2024-05-06,0.20469782110899754
2024-05-06,36.74861111111111,3.0628306878307168,,,2024-05-06,0.29573210928483373
2024-05-06,36.74953703703704,3.057539682539712,,,2024-05-06,0.22516724453269812
2024-05-06,36.74953703703704,3.0588624338624637,,,2024-05-06,0.11367657315247216
2024-05-06,36.74953703703704,3.0601851851852153,,,2024-05-06,0.05405852740642433
2024-05-06,36.74953703703704,3.061507936507965,,,2024-05-06,0.14387554106688039
2024-05-06,36.74953703703704,3.0628306878307168,,,2024-05-06,0.2574022223605488
2024-05-06,36.75046296296296,3.057539682539712,,,2024-05-06,0.22516595693912034
2024-05-06,36.75046296296296,3.0588624338624637,,,2024-05-06,0.11367602791756166
2024-05-06,36.75046296296296,3.0601851851852153,,,2024-05-06,0.05405849702281984
2024-05-06,36.75046296296296,3.061507936507965,,,2024-05-06,0.14387478409339177
2024-05-06,36.75046296296296,3.0628306878307168,,,2024-05-06,0.25740073137508096
2024-05-06,36.75138888888889,3.057539682539712,,,2024-05-06,0.2681416363474062
2024-05-06,36.75138888888889,3.0588624338624637,,,2024-05-06,0.18472391343301875
2024-05-06,36.75138888888889,3.0601851851852153,,,2024-05-06,0.1553162150214607
2024-05-06,36.75138888888889,3.061507936507965,,,2024-05-06,0.20469622494972564
2024-05-06,36.75138888888889,3.0628306878307168,,,2024-05-06,0.29572821605468813
2024-05-06,36.75231481481482,3.057539682539712,,,2024-05-06,0.33808427195944535
2024-05-06,36.75231481481482,3.0588624338624637,,,2024-05-06,0.27663047174165517
2024-05-06,36.75231481481482,3.0601851851852153,,,2024-05-06,0.2579239055025071
2024-05-06,36.75231481481482,3.061507936507965,,,2024-05-06,0.2903479711469829
2024-05-06,36.75231481481482,3.0628306878307168,,,2024-05-06,0.3603554187897976
2024-05-07,36.74768518518518,3.057539682539712,,,2024-05-07,0.3380885596660119
2024-05-07,36.74768518518518,3.0588624338624637,,,2024-05-07,0.276631592011625
2024-05-07,36.74768518518518,3.0601851851852153,,,2024-05-07,0.2579239373431453
2024-05-07,36.74768518518518,3.061507936507965,,,2024-05-07,0.2903498466436768
2024-05-07,36.74768518518518,3.0628306878307168,,,2024-05-07,0.3603607437968025
2024-05-07,36.74861111111111,3.057539682539712,,,2024-05-07,0.26814488002100434
2024-05-07,36.74861111111111,3.0588624338624637,,,2024-05-07,0.18472492001821167
2024-05-07,36.74861111111111,3.0601851851852153,,,2024-05-07,0.15531624674691102
2024-05-07,36.74861111111111,3.061507936507965,,,2024-05-07,0.20469782110899754
2024-05-07,36.74861111111111,3.0628306878307168,,,2024-05-07,0.29573210928483373
2024-05-07,36.74953703703704,3.057539682539712,,,2024-05-07,0.22516724453269812
2024-05-07,36.74953703703704,3.0588624338624637,,,2024-05-07,0.11367657315247216
2024-05-07,36.74953703703704,3.0601851851852153,,,2024-05-07,0.05405852740642433
2024-05-07,36.74953703703704,3.061507936507965,,,2024-05-07,0.14387554106688039
2024-05-07,36.74953703703704,3.0628306878307168,,,2024-05-07,0.2574022223605488
2024-05-07,36.75046296296296,3.057539682539712,,,2024-05-07,0.22516595693912034
2024-05-07,36.75046296296296,3.0588624338624637,,,2024-05-07,0.11367602791756166
2024-05-07,36.75046296296296,3.0601851851852153,,,2024-05-07,0.05405849702281984
2024-05-07,36.75046296296296,3.061507936507965,,,2024-05-07,0.14387478409339177
2024-05-07,36.75046296296296,3.0628306878307168,,,2024-05-07,0.25740073137508096
2024-05-07,36.75138888888889,3.057539682539712,,,2024-05-07,0.2681416363474062
2024-05-07,36.75138888888889,3.0588624338624637,,,2024-05-07,0.18472391343301875
2024-05-07,36.75138888888889,3.0601851851852153,,,2024-05-07,0.1553162150214607
2024-05-07,36.75138888888889,3.061507936507965,,,2024-05-07,0.20469622494972564
2024-05-07,36.75138888888889,3.0628306878307168,,,2024-05-07,0.29572821605468813
2024-05-07,36.75231481481482,3.057539682539712,,,2024-05-07,0.33808427195944535
2024-05-07,36.75231481481482,3.0588624338624637,,,2024-05-07,0.27663047174165517
2024-05-07,36.75231481481482,3.0601851851852153,,,2024-05-07,0.2579239055025071
2024-05-07,36.75231481481482,3.061507936507965,,,2024-05-07,0.2903479711469829
2024-05-07,36.75231481481482,3.0628306878307168,,,2024-05-07,0.3603554187897976
2024-05-08,36.74768518518518,3.057539682539712,,,2024-05-08,0.3380885596660119
2024-05-08,36.74768518518518,3.0588624338624637,,,2024-05-08,0.276631592011625
2024-05-08,36.74768518518518,3.0601851851852153,,,2024-05-08,0.2579239373431453
2024-05-08,36.74768518518518,3.061507936507965,,,2024-05-08,0.2903498466436768
2024-05-08,36.74768518518518,3.0628306878307168,,,2024-05-08,0.3603607437968025
2024-05-08,36.74861111111111,3.057539682539712,,,2024-05-08,0.26814488002100434
2024-05-08,36.74861111111111,3.0588624338624637,,,2024-05-08,0.18472492001821167
2024-05-08,36.74861111111111,3.0601851851852153,,,2024-05-08,0.15531624674691102
2024-05-08,36.74861111111111,3.061507936507965,,,2024-05-08,0.20469782110899754
2024-05-08,36.74861111111111,3.0628306878307168,,,2024-05-08,0.29573210928483373
2024-05-08,36.74953703703704,3.057539682539712,,,2024-05-08,0.22516724453269812
2024-05-08,36.74953703703704,3.0588624338624637,,,2024-05-08,0.11367657315247216
2024-05-08,36.74953703703704,3.0601851851852153,,,2024-05-08,0.05405852740642433
2024-05-08,36.74953703703704,3.061507936507965,,,2024-05-08,0.14387554106688039
2024-05-08,36.74953703703704,3.0628306878307168,,,2024-05-08,0.2574022223605488
2024-05-08,36.75046296296296,3.057539682539712,,,2024-05-08,0.22516595693912034
2024-05-08,36.75046296296296,3.0588624338624637,,,2024-05-08,0.11367602791756166
2024-05-08,36.75046296296296,3.0601851851852153,,,2024-05-08,0.05405849702281984
2024-05-08,36.75046296296296,3.061507936507965,,,2024-05-08,0.14387478409339177
2024-05-08,36.75046296296296,3.0628306878307168,,,2024-05-08,0.25740073137508096
2024-05-08,36.75138888888889,3.057539682539712,,,2024-05-08,0.2681416363474062
2024-05-08,36.75138888888889,3.0588624338624637,,,2024-05-08,0.18472391343301875
2024-05-08,36.75138888888889,3.0601851851852153,,,2024-05-08,0.1553162150214607
2024-05-08,36.75138888888889,3.061507936507965,,,2024-05-08,0.20469622494972564
2024-05-08,36.75138888888889,3.0628306878307168,,,2024-05-08,0.29572821605468813
2024-05-08,36.75231481481482,3.057539682539712,,,2024-05-08,0.33808427195944535
2024-05-08,36.75231481481482,3.0588624338624637,,,2024-05-08,0.27663047174165517
2024-05-08,36.75231481481482,3.0601851851852153,,,2024-05-08,0.2579239055025071
2024-05-08,36.75231481481482,3.061507936507965,,,2024-05-08,0.2903479711469829
2024-05-08,36.75231481481482,3.0628306878307168,,,2024-05-08,0.3603554187897976
2024-05-09,36.74768518518518,3.057539682539712,,,2024-05-09,0.3380885596660119
2024-05-09,36.74768518518518,3.0588624338624637,,,2024-05-09,0.276631592011625
2024-05-09,36.74768518518518,3.0601851851852153,,,2024-05-09,0.2579239373431453
2024-05-09,36.74768518518518,3.061507936507965,,,2024-05-09,0.2903498466436768
2024-05-09,36.74768518518518,3.0628306878307168,,,2024-05-09,0.3603607437968025
2024-05-09,36.74861111111111,3.057539682539712,,,2024-05-09,0.26814488002100434
2024-05-09,36.74861111111111,3.0588624338624637,,,2024-05-09,0.18472492001821167
2024-05-09,36.74861111111111,3.0601851851852153,,,2024-05-09,0.15531624674691102
2024-05-09,36.74861111111111,3.061507936507965,,,2024-05-09,0.20469782110899754
2024-05-09,36.74861111111111,3.0628306878307168,,,2024-05-09,0.29573210928483373
2024-05-09,36.74953703703704,3.057539682539712,,,2024-05-09,0.22516724453269812
2024-05-09,36.74953703703704,3.0588624338624637,,,2024-05-09,0.11367657315247216
2024-05-09,36.74953703703704,3.0601851851852153,,,2024-05-09,0.05405852740642433
2024-05-09,36.74953703703704,3.061507936507965,,,2024-05-09,0.14387554106688039
2024-05-09,36.74953703703704,3.0628306878307168,,,2024-05-09,0.2574022223605488
2024-05-09,36.75046296296296,3.057539682539712,,,2024-05-09,0.22516595693912034
2024-05-09,36.75046296296296,3.0588624338624637,,,2024-05-09,0.11367602791756166
2024-05-09,36.75046296296296,3.0601851851852153,,,2024-05-09,0.05405849702281984
2024-05-09,36.75046296296296,3.061507936507965,,,2024-05-09,0.14387478409339177
2024-05-09,36.75046296296296,3.0628306878307168,,,2024-05-09,0.25740073137508096
2024-05-09,36.75138888888889,3.057539682539712,,,2024-05-09,0.2681416363474062
2024-05-09,36.75138888888889,3.0588624338624637,,,2024-05-09,0.18472391343301875
2024-05-09,36.75138888888889,3.0601851851852153,,,2024-05-09,0.1553162150214607
2024-05-09,36.75138888888889,3.061507936507965,,,2024-05-09,0.20469622494972564
2024-05-09,36.75138888888889,3.0628306878307168,,,2024-05-09,0.29572821605468813
2024-05-09,36.75231481481482,3.057539682539712,,,2024-05-09,0.33808427195944535
2024-05-09,36.75231481481482,3.0588624338624637,,,2024-05-09,0.27663047174165517
2024-05-09,36.75231481481482,3.0601851851852153,,,2024-05-09,0.2579239055025071
2024-05-09,36.75231481481482,3.061507936507965,,,2024-05-09,0.2903479711469829
2024-05-09,36.75231481481482,3.0628306878307168,,,2024-05-09,0.3603554187897976
2024-05-10,36.74768518518518,3.057539682539712,,,2024-05-10,0.3380885596660119
2024-05-10,36.74768518518518,3.0588624338624637,,,2024-05-10,0.276631592011625
2024-05-10,36.74768518518518,3.0601851851852153,,,2024-05-10,0.2579239373431453
2024-05-10,36.74768518518518,3.061507936507965,,,2024-05-10,0.2903498466436768
2024-05-10,36.74768518518518,3.0628306878307168,,,2024-05-10,0.3603607437968025
2024-05-10,36.74861111111111,3.057539682539712,,,2024-05-10,0.26814488002100434
2024-05-10,36.74861111111111,3.0588624338624637,,,2024-05-10,0.18472492001821167
2024-05-10,36.74861111111111,3.0601851851852153,,,2024-05-10,0.15531624674691102
2024-05-10,36.74861111111111,3.061507936507965,,,2024-05-10,0.20469782110899754
2024-05-10,36.74861111111111,3.0628306878307168,,,2024-05-10,0.29573210928483373
2024-05-10,36.74953703703704,3.057539682539712,,,2024-05-10,0.22516724453269812
2024-05-10,36.74953703703704,3.0588624338624637,,,2024-05-10,0.11367657315247216
2024-05-10,36.74953703703704,3.0601851851852153,,,2024-05-10,0.05405852740642433
2024-05-10,36.74953703703704,3.061507936507965,,,2024-05-10,0.14387554106688039
2024-05-10,36.74953703703704,3.0628306878307168,,,2024-05-10,0.2574022223605488
2024-05-10,36.75046296296296,3.057539682539712,,,2024-05-10,0.22516595693912034
2024-05-10,36.75046296296296,3.0588624338624637,,,2024-05-10,0.11367602791756166
2024-05-10,36.75046296296296,3.0601851851852153,,,2024-05-10,0.05405849702281984
2024-05-10,36.75046296296296,3.061507936507965,,,2024-05-10,0.14387478409339177
2024-05-10,36.75046296296296,3.0628306878307168,,,2024-05-10,0.25740073137508096
2024-05-10,36.75138888888889,3.057539682539712,,,2024-05-10,0.2681416363474062
2024-05-10,36.75138888888889,3.0588624338624637,,,2024-05-10,0.18472391343301875
2024-05-10,36.75138888888889,3.0601851851852153,,,2024-05-10,0.1553162150214607
2024-05-10,36.75138888888889,3.061507936507965,,,2024-05-10,0.20469622494972564
2024-05-10,36.75138888888889,3.0628306878307168,,,2024-05-10,0.29572821605468813
2024-05-10,36.75231481481482,3.057539682539712,,,2024-05-10,0.33808427195944535
2024-05-10,36.75231481481482,3.0588624338624637,,,2024-05-10,0.27663047174165517
2024-05-10,36.75231481481482,3.0601851851852153,,,2024-05-10,0.2579239055025071
2024-05-10,36.75231481481482,3.061507936507965,,,2024-05-10,0.2903479711469829
2024-05-10,36.75231481481482,3.0628306878307168,,,2024-05-10,0.3603554187897976
2024-05-11,36.74768518518518,3.057539682539712,,,2024-05-11,0.3380885596660119
2024-05-11,36.74768518518518,3.0588624338624637,,,2024-05-11,0.276631592011625
2024-05-11,36.74768518518518,3.0601851851852153,,,2024-05-11,0.2579239373431453
2024-05-11,36.74768518518518,3.061507936507965,,,2024-05-11,0.2903498466436768
2024-05-11,36.74768518518518,3.0628306878307168,,,2024-05-11,0.3603607437968025
2024-05-11,36.74861111111111,3.057539682539712,,,2024-05-11,0.26814488002100434
2024-05-11,36.74861111111111,3.0588624338624637,,,2024-05-11,0.18472492001821167
2024-05-11,36.74861111111111,3.0601851851852153,,,2024-05-11,0.15531624674691102
2024-05-11,36.74861111111111,3.061507936507965,,,2024-05-11,0.20469782110899754
2024-05-11,36.74861111111111,3.0628306878307168,,,2024-05-11,0.29573210928483373
2024-05-11,36.74953703703704,3.057539682539712,,,2024-05-11,0.22516724453269812
2024-05-11,36.74953703703704,3.0588624338624637,,,2024-05-11,0.11367657315247216
2024-05-11,36.74953703703704,3.0601851851852153,,,2024-05-11,0.05405852740642433
2024-05-11,36.74953703703704,3.061507936507965,,,2024-05-11,0.14387554106688039
2024-05-11,36.74953703703704,3.0628306878307168,,,2024-05-11,0.2574022223605488
2024-05-11,36.75046296296296,3.057539682539712,,,2024-05-11,0.22516595693912034
2024-05-11,36.75046296296296,3.0588624338624637,,,2024-05-11,0.11367602791756166
2024-05-11,36.75046296296296,3.0601851851852153,,,2024-05-11,0.05405849702281984
2024-05-11,36.75046296296296,3.061507936507965,,,2024-05-11,0.14387478409339177
2024-05-11,36.75046296296296,3.0628306878307168,,,2024-05-11,0.25740073137508096
2024-05-11,36.75138888888889,3.057539682539712,,,2024-05-11,0.2681416363474062
2024-05-11,36.75138888888889,3.0588624338624637,,,2024-05-11,0.18472391343301875
2024-05-11,36.75138888888889,3.0601851851852153,,,2024-05-11,0.1553162150214607
2024-05-11,36.75138888888889,3.061507936507965,,,2024-05-11,0.20469622494972564
2024-05-11,36.75138888888889,3.0628306878307168,,,2024-05-11,0.29572821605468813
2024-05-11,36.75231481481482,3.057539682539712,,,2024-05-11,0.33808427195944535
2024-05-11,36.75231481481482,3.0588624338624637,,,2024-05-11,0.27663047174165517
2024-05-11,36.75231481481482,3.0601851851852153,,,2024-05-11,0.2579239055025071
2024-05-11,36.75231481481482,3.061507936507965,,,2024-05-11,0.2903479711469829
2024-05-11,36.75231481481482,3.0628306878307168,,,2024-05-11,0.3603554187897976
2024-05-12,36.74768518518518,3.057539682539712,,,2024-05-12,0.3380885596660119
2024-05-12,36.74768518518518,3.0588624338624637,,,2024-05-12,0.276631592011625
2024-05-12,36.74768518518518,3.0601851851852153,,,2024-05-12,0.2579239373431453
2024-05-12,36.74768518518518,3.061507936507965,,,2024-05-12,0.2903498466436768
2024-05-12,36.74768518518518,3.0628306878307168,,,2024-05-12,0.3603607437968025
2024-05-12,36.74861111111111,3.057539682539712,,,2024-05-12,0.26814488002100434
2024-05-12,36.74861111111111,3.0588624338624637,,,2024-05-12,0.18472492001821167
2024-05-12,36.74861111111111,3.0601851851852153,,,2024-05-12,0.15531624674691102
2024-05-12,36.74861111111111,3.061507936507965,,,2024-05-12,0.20469782110899754
2024-05-12,36.74861111111111,3.0628306878307168,,,2024-05-12,0.29573210928483373
2024-05-12,36.74953703703704,3.057539682539712,,,2024-05-12,0.22516724453269812
2024-05-12,36.74953703703704,3.0588624338624637,,,2024-05-12,0.11367657315247216
2024-05-12,36.74953703703704,3.0601851851852153,,,2024-05-12,0.05405852740642433
2024-05-12,36.74953703703704,3.061507936507965,,,2024-05-12,0.14387554106688039
2024-05-12,36.74953703703704,3.0628306878307168,,,2024-05-12,0.2574022223605488
2024-05-12,36.75046296296296,3.057539682539712,,,2024-05-12,0.22516595693912034
2024-05-12,36.75046296296296,3.0588624338624637,,,2024-05-12,0.11367602791756166
2024-05-12,36.75046296296296,3.0601851851852153,,,2024-05-12,0.05405849702281984
2024-05-12,36.75046296296296,3.061507936507965,,,2024-05-12,0.14387478409339177
2024-05-12,36.75046296296296,3.0628306878307168,,,2024-05-12,0.25740073137508096
2024-05-12,36.75138888888889,3.057539682539712,,,2024-05-12,0.2681416363474062
2024-05-12,36.75138888888889,3.0588624338624637,,,2024-05-12,0.18472391343301875
2024-05-12,36.75138888888889,3.0601851851852153,,,2024-05-12,0.1553162150214607
2024-05-12,36.75138888888889,3.061507936507965,,,2024-05-12,0.20469622494972564
2024-05-12,36.75138888888889,3.0628306878307168,,,2024-05-12,0.29572821605468813
2024-05-12,36.75231481481482,3.057539682539712,,,2024-05-12,0.33808427195944535
2024-05-12,36.75231481481482,3.0588624338624637,,,2024-05-12,0.27663047174165517
2024-05-12,36.75231481481482,3.0601851851852153,,,2024-05-12,0.2579239055025071
2024-05-12,36.75231481481482,3.061507936507965,,,2024-05-12,0.2903479711469829
2024-05-12,36.75231481481482,3.0628306878307168,,,2024-05-12,0.3603554187897976
2024-05-13,36.74768518518518,3.057539682539712,,,2024-05-13,0.3380885596660119
2024-05-13,36.74768518518518,3.0588624338624637,,,2024-05-13,0.276631592011625
2024-05-13,36.74768518518518,3.0601851851852153,,,2024-05-13,0.2579239373431453
2024-05-13,36.74768518518518,3.061507936507965,,,2024-05-13,0.2903498466436768
2024-05-13,36.74768518518518,3.0628306878307168,,,2024-05-13,0.3603607437968025
2024-05-13,36.74861111111111,3.057539682539712,,,2024-05-13,0.26814488002100434
2024-05-13,36.74861111111111,3.0588624338624637,,,2024-05-13,0.18472492001821167
2024-05-13,36.74861111111111,3.0601851851852153,,,2024-05-13,0.15531624674691102
2024-05-13,36.74861111111111,3.061507936507965,,,2024-05-13,0.20469782110899754
2024-05-13,36.74861111111111,3.0628306878307168,,,2024-05-13,0.29573210928483373
2024-05-13,36.74953703703704,3.057539682539712,,,2024-05-13,0.22516724453269812
2024-05-13,36.74953703703704,3.0588624338624637,,,2024-05-13,0.11367657315247216
2024-05-13,36.74953703703704,3.0601851851852153,,,2024-05-13,0.05405852740642433
2024-05-13,36.74953703703704,3.061507936507965,,,2024-05-13,0.14387554106688039
2024-05-13,36.74953703703704,3.0628306878307168,,,2024-05-13,0.2574022223605488
2024-05-13,36.75046296296296,3.057539682539712,,,2024-05-13,0.22516595693912034
2024-05-13,36.75046296296296,3.0588624338624637,,,2024-05-13,0.11367602791756166
2024-05-13,36.75046296296296,3.0601851851852153,,,2024-05-13,0.05405849702281984
2024-05-13,36.75046296296296,3.061507936507965,,,2024-05-13,0.14387478409339177
2024-05-13,36.75046296296296,3.0628306878307168,,,2024-05-13,0.25740073137508096
2024-05-13,36.75138888888889,3.057539682539712,,,2024-05-13,0.2681416363474062
2024-05-13,36.75138888888889,3.0588624338624637,,,2024-05-13,0.18472391343301875
2024-05-13,36.75138888888889,3.0601851851852153,,,2024-05-13,0.1553162150214607
2024-05-13,36.75138888888889,3.061507936507965,,,2024-05-13,0.20469622494972564
2024-05-13,36.75138888888889,3.0628306878307168,,,2024-05-13,0.29572821605468813
2024-05-13,36.75231481481482,3.057539682539712,,,2024-05-13,0.33808427195944535
2024-05-13,36.75231481481482,3.0588624338624637,,,2024-05-13,0.27663047174165517
2024-05-13,36.75231481481482,3.0601851851852153,,,2024-05-13,0.2579239055025071
2024-05-13,36.75231481481482,3.061507936507965,,,2024-05-13,0.2903479711469829
2024-05-13,36.75231481481482,3.0628306878307168,,,2024-05-13,0.3603554187897976
2024-05-14,36.74768518518518,3.057539682539712,,,2024-05-14,0.3380885596660119
2024-05-14,36.74768518518518,3.0588624338624637,,,2024-05-14,0.276631592011625
2024-05-14,36.74768518518518,3.0601851851852153,,,2024-05-14,0.2579239373431453
2024-05-14,36.74768518518518,3.061507936507965,,,2024-05-14,0.2903498466436768
2024-05-14,36.74768518518518,3.0628306878307168,,,2024-05-14,0.3603607437968025
2024-05-14,36.74861111111111,3.057539682539712,,,2024-05-14,0.26814488002100434
2024-05-14,36.74861111111111,3.0588624338624637,,,2024-05-14,0.18472492001821167
2024-05-14,36.74861111111111,3.0601851851852153,,,2024-05-14,0.15531624674691102
2024-05-14,36.74861111111111,3.061507936507965,,,2024-05-14,0.20469782110899754
2024-05-14,36.74861111111111,3.0628306878307168,,,2024-05-14,0.29573210928483373
2024-05-14,36.74953703703704,3.057539682539712,,,2024-05-14,0.22516724453269812
2024-05-14,36.74953703703704,3.0588624338624637,,,2024-05-14,0.11367657315247216
2024-05-14,36.74953703703704,3.0601851851852153,,,2024-05-14,0.05405852740642433
2024-05-14,36.74953703703704,3.061507936507965,,,2024-05-14,0.14387554106688039
2024-05-14,36.74953703703704,3.0628306878307168,,,2024-05-14,0.2574022223605488
2024-05-14,36.75046296296296,3.057539682539712,,,2024-05-14,0.22516595693912034
2024-05-14,36.75046296296296,3.0588624338624637,,,2024-05-14,0.11367602791756166
2024-05-14,36.75046296296296,3.0601851851852153,,,2024-05-14,0.05405849702281984
2024-05-14,36.75046296296296,3.061507936507965,,,2024-05-14,0.14387478409339177
2024-05-14,36.75046296296296,3.0628306878307168,,,2024-05-14,0.25740073137508096
2024-05-14,36.75138888888889,3.057539682539712,,,2024-05-14,0.2681416363474062
2024-05-14,36.75138888888889,3.0588624338624637,,,2024-05-14,0.18472391343301875
2024-05-14,36.75138888888889,3.0601851851852153,,,2024-05-14,0.1553162150214607
2024-05-14,36.75138888888889,3.061507936507965,,,2024-05-14,0.20469622494972564
2024-05-14,36.75138888888889,3.0628306878307168,,,2024-05-14,0.29572821605468813
2024-05-14,36.75231481481482,3.057539682539712,,,2024-05-14,0.33808427195944535
2024-05-14,36.75231481481482,3.0588624338624637,,,2024-05-14,0.27663047174165517
2024-05-14,36.75231481481482,3.0601851851852153,,,2024-05-14,0.2579239055025071
2024-05-14,36.75231481481482,3.061507936507965,,,2024-05-14,0.2903479711469829
2024-05-14,36.75231481481482,3.0628306878307168,,,2024-05-14,0.3603554187897976
2024-05-15,36.74768518518518,3.057539682539712,,,2024-05-15,0.3380885596660119
2024-05-15,36.74768518518518,3.0588624338624637,,,2024-05-15,0.276631592011625
2024-05-15,36.74768518518518,3.0601851851852153,,,2024-05-15,0.2579239373431453
2024-05-15,36.74768518518518,3.061507936507965,,,2024-05-15,0.2903498466436768
2024-05-15,36.74768518518518,3.0628306878307168,,,2024-05-15,0.3603607437968025
2024-05-15,36.74861111111111,3.057539682539712,,,2024-05-15,0.26814488002100434
2024-05-15,36.74861111111111,3.0588624338624637,,,2024-05-15,0.18472492001821167
2024-05-15,36.74861111111111,3.0601851851852153,,,2024-05-15,0.15531624674691102
2024-05-15,36.74861111111111,3.061507936507965,,,2024-05-15,0.20469782110899754
2024-05-15,36.74861111111111,3.0628306878307168,,,2024-05-15,0.29573210928483373
2024-05-15,36.74953703703704,3.057539682539712,,,2024-05-15,0.22516724453269812
2024-05-15,36.74953703703704,3.0588624338624637,,,2024-05-15,0.11367657315247216
2024-05-15,36.74953703703704,3.0601851851852153,,,2024-05-15,0.05405852740642433
2024-05-15,36.74953703703704,3.061507936507965,,,2024-05-15,0.14387554106688039
2024-05-15,36.74953703703704,3.0628306878307168,,,2024-05-15,0.2574022223605488
2024-05-15,36.75046296296296,3.057539682539712,,,2024-05-15,0.22516595693912034
2024-05-15,36.75046296296296,3.0588624338624637,,,2024-05-15,0.11367602791756166
2024-05-15,36.75046296296296,3.0601851851852153,,,2024-05-15,0.05405849702281984
2024-05-15,36.75046296296296,3.061507936507965,,,2024-05-15,0.14387478409339177
2024-05-15,36.75046296296296,3.0628306878307168,,,2024-05-15,0.25740073137508096
2024-05-15,36.75138888888889,3.057539682539712,,,2024-05-15,0.2681416363474062
2024-05-15,36.75138888888889,3.0588624338624637,,,2024-05-15,0.18472391343301875
2024-05-15,36.75138888888889,3.0601851851852153,,,2024-05-15,0.1553162150214607
2024-05-15,36.75138888888889,3.061507936507965,,,2024-05-15,0.20469622494972564
2024-05-15,36.75138888888889,3.0628306878307168,,,2024-05-15,0.29572821605468813
2024-05-15,36.75231481481482,3.057539682539712,,,2024-05-15,0.33808427195944535
2024-05-15,36.75231481481482,3.0588624338624637,,,2024-05-15,0.27663047174165517
2024-05-15,36.75231481481482,3.0601851851852153,,,2024-05-15,0.2579239055025071
2024-05-15,36.75231481481482,3.061507936507965,,,2024-05-15,0.2903479711469829
2024-05-15,36.75231481481482,3.0628306878307168,,,2024-05-15,0.3603554187897976
2024-05-16,36.74768518518518,3.057539682539712,,,2024-05-16,0.3380885596660119
2024-05-16,36.74768518518518,3.0588624338624637,,,2024-05-16,0.276631592011625
2024-05-16,36.74768518518518,3.0601851851852153,,,2024-05-16,0.2579239373431453
2024-05-16,36.74768518518518,3.061507936507965,,,2024-05-16,0.2903498466436768
2024-05-16,36.74768518518518,3.0628306878307168,,,2024-05-16,0.3603607437968025
2024-05-16,36.74861111111111,3.057539682539712,,,2024-05-16,0.26814488002100434
2024-05-16,36.74861111111111,3.0588624338624637,,,2024-05-16,0.18472492001821167
2024-05-16,36.74861111111111,3.0601851851852153,,,2024-05-16,0.15531624674691102
2024-05-16,36.74861111111111,3.061507936507965,,,2024-05-16,0.20469782110899754
2024-05-16,36.74861111111111,3.0628306878307168,,,2024-05-16,0.29573210928483373
2024-05-16,36.74953703703704,3.057539682539712,,,2024-05-16,0.22516724453269812
2024-05-16,36.74953703703704,3.0588624338624637,,,2024-05-16,0.11367657315247216
2024-05-16,36.74953703703704,3.0601851851852153,,,2024-05-16,0.05405852740642433
2024-05-16,36.74953703703704,3.061507936507965,,,2024-05-16,0.14387554106688039
2024-05-16,36.74953703703704,3.0628306878307168,,,2024-05-16,0.2574022223605488
2024-05-16,36.75046296296296,3.057539682539712,,,2024-05-16,0.22516595693912034
2024-05-16,36.75046296296296,3.0588624338624637,,,2024-05-16,0.11367602791756166
2024-05-16,36.75046296296296,3.0601851851852153,,,2024-05-16,0.05405849702281984
2024-05-16,36.75046296296296,3.061507936507965,,,2024-05-16,0.14387478409339177
2024-05-16,36.75046296296296,3.0628306878307168,,,2024-05-16,0.25740073137508096
2024-05-16,36.75138888888889,3.057539682539712,,,2024-05-16,0.2681416363474062
2024-05-16,36.75138888888889,3.0588624338624637,,,2024-05-16,0.18472391343301875
2024-05-16,36.75138888888889,3.0601851851852153,,,2024-05-16,0.1553162150214607
2024-05-16,36.75138888888889,3.061507936507965,,,2024-05-16,0.20469622494972564
2024-05-16,36.75138888888889,3.0628306878307168,,,2024-05-16,0.29572821605468813
2024-05-16,36.75231481481482,3.057539682539712,,,2024-05-16,0.33808427195944535
2024-05-16,36.75231481481482,3.0588624338624637,,,2024-05-16,0.27663047174165517
2024-05-16,36.75231481481482,3.0601851851852153,,,2024-05-16,0.2579239055025071
2024-05-16,36.75231481481482,3.061507936507965,,,2024-05-16,0.2903479711469829
2024-05-16,36.75231481481482,3.0628306878307168,,,2024-05-16,0.3603554187897976
2024-05-17,36.74768518518518,3.057539682539712,,,2024-05-17,0.3380885596660119
2024-05-17,36.74768518518518,3.0588624338624637,,,2024-05-17,0.276631592011625
2024-05-17,36.74768518518518,3.0601851851852153,,,2024-05-17,0.2579239373431453
2024-05-17,36.74768518518518,3.061507936507965,,,2024-05-17,0.2903498466436768
2024-05-17,36.74768518518518,3.0628306878307168,,,2024-05-17,0.3603607437968025
2024-05-17,36.74861111111111,3.057539682539712,,,2024-05-17,0.26814488002100434
2024-05-17,36.74861111111111,3.0588624338624637,,,2024-05-17,0.18472492001821167
2024-05-17,36.74861111111111,3.0601851851852153,,,2024-05-17,0.15531624674691102
2024-05-17,36.74861111111111,3.061507936507965,,,2024-05-17,0.20469782110899754
2024-05-17,36.74861111111111,3.0628306878307168,,,2024-05-17,0.29573210928483373
2024-05-17,36.74953703703704,3.057539682539712,,,2024-05-17,0.22516724453269812
2024-05-17,36.74953703703704,3.0588624338624637,,,2024-05-17,0.11367657315247216
2024-05-17,36.74953703703704,3.0601851851852153,,,2024-05-17,0.05405852740642433
2024-05-17,36.74953703703704,3.061507936507965,,,2024-05-17,0.14387554106688039
2024-05-17,36.74953703703704,3.0628306878307168,,,2024-05-17,0.2574022223605488
2024-05-17,36.75046296296296,3.057539682539712,,,2024-05-17,0.22516595693912034
2024-05-17,36.75046296296296,3.0588624338624637,,,2024-05-17,0.11367602791756166
2024-05-17,36.75046296296296,3.0601851851852153,,,2024-05-17,0.05405849702281984
2024-05-17,36.75046296296296,3.061507936507965,,,2024-05-17,0.14387478409339177
2024-05-17,36.75046296296296,3.0628306878307168,,,2024-05-17,0.25740073137508096
2024-05-17,36.75138888888889,3.057539682539712,,,2024-05-17,0.2681416363474062
2024-05-17,36.75138888888889,3.0588624338624637,,,2024-05-17,0.18472391343301875
2024-05-17,36.75138888888889,3.0601851851852153,,,2024-05-17,0.1553162150214607
2024-05-17,36.75138888888889,3.061507936507965,,,2024-05-17,0.20469622494972564
2024-05-17,36.75138888888889,3.0628306878307168,,,2024-05-17,0.29572821605468813
2024-05-17,36.75231481481482,3.057539682539712,,,2024-05-17,0.33808427195944535
2024-05-17,36.75231481481482,3.0588624338624637,,,2024-05-17,0.27663047174165517
2024-05-17,36.75231481481482,3.0601851851852153,,,2024-05-17,0.2579239055025071
2024-05-17,36.75231481481482,3.061507936507965,,,2024-05-17,0.2903479711469829
2024-05-17,36.75231481481482,3.0628306878307168,,,2024-05-17,0.3603554187897976
2024-05-18,36.74768518518518,3.057539682539712,,,2024-05-18,0.3380885596660119
2024-05-18,36.74768518518518,3.0588624338624637,,,2024-05-18,0.276631592011625
2024-05-18,36.74768518518518,3.0601851851852153,,,2024-05-18,0.2579239373431453
2024-05-18,36.74768518518518,3.061507936507965,,,2024-05-18,0.2903498466436768
2024-05-18,36.74768518518518,3.0628306878307168,,,2024-05-18,0.3603607437968025
2024-05-18,36.74861111111111,3.057539682539712,,,2024-05-18,0.26814488002100434
2024-05-18,36.74861111111111,3.0588624338624637,,,2024-05-18,0.18472492001821167
2024-05-18,36.74861111111111,3.0601851851852153,,,2024-05-18,0.15531624674691102
2024-05-18,36.74861111111111,3.061507936507965,,,2024-05-18,0.20469782110899754
2024-05-18,36.74861111111111,3.0628306878307168,,,2024-05-18,0.29573210928483373
2024-05-18,36.74953703703704,3.057539682539712,,,2024-05-18,0.22516724453269812
2024-05-18,36.74953703703704,3.0588624338624637,,,2024-05-18,0.11367657315247216
2024-05-18,36.74953703703704,3.0601851851852153,,,2024-05-18,0.05405852740642433
2024-05-18,36.74953703703704,3.061507936507965,,,2024-05-18,0.14387554106688039
2024-05-18,36.74953703703704,3.0628306878307168,,,2024-05-18,0.2574022223605488
2024-05-18,36.75046296296296,3.057539682539712,,,2024-05-18,0.22516595693912034
2024-05-18,36.75046296296296,3.0588624338624637,,,2024-05-18,0.11367602791756166
2024-05-18,36.75046296296296,3.0601851851852153,,,2024-05-18,0.05405849702281984
2024-05-18,36.75046296296296,3.061507936507965,,,2024-05-18,0.14387478409339177
2024-05-18,36.75046296296296,3.0628306878307168,,,2024-05-18,0.25740073137508096
2024-05-18,36.75138888888889,3.057539682539712,,,2024-05-18,0.2681416363474062
2024-05-18,36.75138888888889,3.0588624338624637,,,2024-05-18,0.18472391343301875
2024-05-18,36.75138888888889,3.0601851851852153,,,2024-05-18,0.1553162150214607
2024-05-18,36.75138888888889,3.061507936507965,,,2024-05-18,0.20469622494972564
2024-05-18,36.75138888888889,3.0628306878307168,,,2024-05-18,0.29572821605468813
2024-05-18,36.75231481481482,3.057539682539712,,,2024-05-18,0.33808427195944535
2024-05-18,36.75231481481482,3.0588624338624637,,,2024-05-18,0.27663047174165517
2024-05-18,36.75231481481482,3.0601851851852153,,,2024-05-18,0.2579239055025071
2024-05-18,36.75231481481482,3.061507936507965,,,2024-05-18,0.2903479711469829
2024-05-18,36.75231481481482,3.0628306878307168,,,2024-05-18,0.3603554187897976
2024-05-19,36.74768518518518,3.057539682539712,,,2024-05-19,0.3380885596660119
2024-05-19,36.74768518518518,3.0588624338624637,,,2024-05-19,0.276631592011625
2024-05-19,36.74768518518518,3.0601851851852153,,,2024-05-19,0.2579239373431453
2024-05-19,36.74768518518518,3.061507936507965,,,2024-05-19,0.2903498466436768
2024-05-19,36.74768518518518,3.0628306878307168,,,2024-05-19,0.3603607437968025
2024-05-19,36.74861111111111,3.057539682539712,,,2024-05-19,0.26814488002100434
2024-05-19,36.74861111111111,3.0588624338624637,,,2024-05-19,0.18472492001821167
2024-05-19,36.74861111111111,3.0601851851852153,,,2024-05-19,0.15531624674691102
2024-05-19,36.74861111111111,3.061507936507965,,,2024-05-19,0.20469782110899754
2024-05-19,36.74861111111111,3.0628306878307168,,,2024-05-19,0.29573210928483373
2024-05-19,36.74953703703704,3.057539682539712,,,2024-05-19,0.22516724453269812
2024-05-19,36.74953703703704,3.0588624338624637,,,2024-05-19,0.11367657315247216
2024-05-19,36.74953703703704,3.0601851851852153,,,2024-05-19,0.05405852740642433
2024-05-19,36.74953703703704,3.061507936507965,,,2024-05-19,0.14387554106688039
2024-05-19,36.74953703703704,3.0628306878307168,,,2024-05-19,0.2574022223605488
2024-05-19,36.75046296296296,3.057539682539712,,,2024-05-19,0.22516595693912034
2024-05-19,36.75046296296296,3.0588624338624637,,,2024-05-19,0.11367602791756166
2024-05-19,36.75046296296296,3.0601851851852153,,,2024-05-19,0.05405849702281984
2024-05-19,36.75046296296296,3.061507936507965,,,2024-05-19,0.14387478409339177
2024-05-19,36.75046296296296,3.0628306878307168,,,2024-05-19,0.25740073137508096
2024-05-19,36.75138888888889,3.057539682539712,,,2024-05-19,0.2681416363474062
2024-05-19,36.75138888888889,3.0588624338624637,,,2024-05-19,0.18472391343301875
2024-05-19,36.75138888888889,3.0601851851852153,,,2024-05-19,0.1553162150214607
2024-05-19,36.75138888888889,3.061507936507965,,,2024-05-19,0.20469622494972564
2024-05-19,36.75138888888889,3.0628306878307168,,,2024-05-19,0.29572821605468813
2024-05-19,36.75231481481482,3.057539682539712,,,2024-05-19,0.33808427195944535
2024-05-19,36.75231481481482,3.0588624338624637,,,2024-05-19,0.27663047174165517
2024-05-19,36.75231481481482,3.0601851851852153,,,2024-05-19,0.2579239055025071
2024-05-19,36.75231481481482,3.061507936507965,,,2024-05-19,0.2903479711469829
2024-05-19,36.75231481481482,3.0628306878307168,,,2024-05-19,0.3603554187897976
2024-05-20,36.74768518518518,3.057539682539712,,,2024-05-20,0.3380885596660119
2024-05-20,36.74768518518518,3.0588624338624637,,,2024-05-20,0.276631592011625
2024-05-20,36.74768518518518,3.0601851851852153,,,2024-05-20,0.2579239373431453
2024-05-20,36.74768518518518,3.061507936507965,,,2024-05-20,0.2903498466436768
2024-05-20,36.74768518518518,3.0628306878307168,,,2024-05-20,0.3603607437968025
2024-05-20,36.74861111111111,3.057539682539712,,,2024-05-20,0.26814488002100434
2024-05-20,36.74861111111111,3.0588624338624637,,,2024-05-20,0.18472492001821167
2024-05-20,36.74861111111111,3.0601851851852153,,,2024-05-20,0.15531624674691102
2024-05-20,36.74861111111111,3.061507936507965,,,2024-05-20,0.20469782110899754
2024-05-20,36.74861111111111,3.0628306878307168,,,2024-05-20,0.29573210928483373
2024-05-20,36.74953703703704,3.057539682539712,,,2024-05-20,0.22516724453269812
2024-05-20,36.74953703703704,3.0588624338624637,,,2024-05-20,0.11367657315247216
2024-05-20,36.74953703703704,3.0601851851852153,,,2024-05-20,0.05405852740642433
2024-05-20,36.74953703703704,3.061507936507965,,,2024-05-20,0.14387554106688039
2024-05-20,36.74953703703704,3.0628306878307168,,,2024-05-20,0.2574022223605488
2024-05-20,36.75046296296296,3.057539682539712,,,2024-05-20,0.22516595693912034
2024-05-20,36.75046296296296,3.0588624338624637,,,2024-05-20,0.11367602791756166
2024-05-20,36.75046296296296,3.0601851851852153,,,2024-05-20,0.05405849702281984
2024-05-20,36.75046296296296,3.061507936507965,,,2024-05-20,0.14387478409339177
2024-05-20,36.75046296296296,3.0628306878307168,,,2024-05-20,0.25740073137508096
2024-05-20,36.75138888888889,3.057539682539712,,,2024-05-20,0.2681416363474062
2024-05-20,36.75138888888889,3.0588624338624637,,,2024-05-20,0.18472391343301875
2024-05-20,36.75138888888889,3.0601851851852153,,,2024-05-20,0.1553162150214607
2024-05-20,36.75138888888889,3.061507936507965,,,2024-05-20,0.20469622494972564
2024-05-20,36.75138888888889,3.0628306878307168,,,2024-05-20,0.29572821605468813
2024-05-20,36.75231481481482,3.057539682539712,,,2024-05-20,0.33808427195944535
2024-05-20,36.75231481481482,3.0588624338624637,,,2024-05-20,0.27663047174165517
2024-05-20,36.75231481481482,3.0601851851852153,,,2024-05-20,0.2579239055025071
2024-05-20,36.75231481481482,3.061507936507965,,,2024-05-20,0.2903479711469829
2024-05-20,36.75231481481482,3.0628306878307168,,,2024-05-20,0.3603554187897976
2024-05-21,36.74768518518518,3.057539682539712,,,2024-05-21,0.3380885596660119
2024-05-21,36.74768518518518,3.0588624338624637,,,2024-05-21,0.276631592011625
2024-05-21,36.74768518518518,3.0601851851852153,,,2024-05-21,0.2579239373431453
2024-05-21,36.74768518518518,3.061507936507965,,,2024-05-21,0.2903498466436768
2024-05-21,36.74768518518518,3.0628306878307168,,,2024-05-21,0.3603607437968025
2024-05-21,36.74861111111111,3.057539682539712,,,2024-05-21,0.26814488002100434
2024-05-21,36.74861111111111,3.0588624338624637,,,2024-05-21,0.18472492001821167
2024-05-21,36.74861111111111,3.0601851851852153,,,2024-05-21,0.15531624674691102
2024-05-21,36.74861111111111,3.061507936507965,,,2024-05-21,0.20469782110899754
2024-05-21,36.74861111111111,3.0628306878307168,,,2024-05-21,0.29573210928483373
2024-05-21,36.74953703703704,3.057539682539712,,,2024-05-21,0.22516724453269812
2024-05-21,36.74953703703704,3.0588624338624637,,,2024-05-21,0.11367657315247216
2024-05-21,36.74953703703704,3.0601851851852153,,,2024-05-21,0.05405852740642433
2024-05-21,36.74953703703704,3.061507936507965,,,2024-05-21,0.14387554106688039
2024-05-21,36.74953703703704,3.0628306878307168,,,2024-05-21,0.2574022223605488
2024-05-21,36.75046296296296,3.057539682539712,,,2024-05-21,0.22516595693912034
2024-05-21,36.75046296296296,3.0588624338624637,,,2024-05-21,0.11367602791756166
2024-05-21,36.75046296296296,3.0601851851852153,,,2024-05-21,0.05405849702281984
2024-05-21,36.75046296296296,3.061507936507965,,,2024-05-21,0.14387478409339177
2024-05-21,36.75046296296296,3.0628306878307168,,,2024-05-21,0.25740073137508096
2024-05-21,36.75138888888889,3.057539682539712,,,2024-05-21,0.2681416363474062
2024-05-21,36.75138888888889,3.0588624338624637,,,2024-05-21,0.18472391343301875
2024-05-21,36.75138888888889,3.0601851851852153,,,2024-05-21,0.1553162150214607
2024-05-21,36.75138888888889,3.061507936507965,,,2024-05-21,0.20469622494972564
2024-05-21,36.75138888888889,3.0628306878307168,,,2024-05-21,0.29572821605468813
2024-05-21,36.75231481481482,3.057539682539712,,,2024-05-21,0.33808427195944535
2024-05-21,36.75231481481482,3.0588624338624637,,,2024-05-21,0.27663047174165517
2024-05-21,36.75231481481482,3.0601851851852153,,,2024-05-21,0.2579239055025071
2024-05-21,36.75231481481482,3.061507936507965,,,2024-05-21,0.2903479711469829
2024-05-21,36.75231481481482,3.0628306878307168,,,2024-05-21,0.3603554187897976
2024-05-22,36.74768518518518,3.057539682539712,,,2024-05-22,0.3380885596660119
2024-05-22,36.74768518518518,3.0588624338624637,,,2024-05-22,0.276631592011625
2024-05-22,36.74768518518518,3.0601851851852153,,,2024-05-22,0.2579239373431453
2024-05-22,36.74768518518518,3.061507936507965,,,2024-05-22,0.2903498466436768
2024-05-22,36.74768518518518,3.0628306878307168,,,2024-05-22,0.3603607437968025
2024-05-22,36.74861111111111,3.057539682539712,,,2024-05-22,0.26814488002100434
2024-05-22,36.74861111111111,3.0588624338624637,,,2024-05-22,0.18472492001821167
2024-05-22,36.74861111111111,3.0601851851852153,,,2024-05-22,0.15531624674691102
2024-05-22,36.74861111111111,3.061507936507965,,,2024-05-22,0.20469782110899754
2024-05-22,36.74861111111111,3.0628306878307168,,,2024-05-22,0.29573210928483373
2024-05-22,36.74953703703704,3.057539682539712,,,2024-05-22,0.22516724453269812
2024-05-22,36.74953703703704,3.0588624338624637,,,2024-05-22,0.11367657315247216
2024-05-22,36.74953703703704,3.0601851851852153,,,2024-05-22,0.05405852740642433
2024-05-22,36.74953703703704,3.061507936507965,,,2024-05-22,0.14387554106688039
2024-05-22,36.74953703703704,3.0628306878307168,,,2024-05-22,0.2574022223605488
2024-05-22,36.75046296296296,3.057539682539712,,,2024-05-22,0.22516595693912034
2024-05-22,36.75046296296296,3.0588624338624637,,,2024-05-22,0.11367602791756166
2024-05-22,36.75046296296296,3.0601851851852153,,,2024-05-22,0.05405849702281984
2024-05-22,36.75046296296296,3.061507936507965,,,2024-05-22,0.14387478409339177
2024-05-22,36.75046296296296,3.0628306878307168,,,2024-05-22,0.25740073137508096
2024-05-22,36.75138888888889,3.057539682539712,,,2024-05-22,0.2681416363474062
2024-05-22,36.75138888888889,3.0588624338624637,,,2024-05-22,0.18472391343301875
2024-05-22,36.75138888888889,3.0601851851852153,,,2024-05-22,0.1553162150214607
2024-05-22,36.75138888888889,3.061507936507965,,,2024-05-22,0.20469622494972564
2024-05-22,36.75138888888889,3.0628306878307168,,,2024-05-22,0.29572821605468813
2024-05-22,36.75231481481482,3.057539682539712,,,2024-05-22,0.33808427195944535
2024-05-22,36.75231481481482,3.0588624338624637,,,2024-05-22,0.27663047174165517
2024-05-22,36.75231481481482,3.0601851851852153,,,2024-05-22,0.2579239055025071
2024-05-22,36.75231481481482,3.061507936507965,,,2024-05-22,0.2903479711469829
2024-05-22,36.75231481481482,3.0628306878307168,,,2024-05-22,0.3603554187897976
2024-05-23,36.74768518518518,3.057539682539712,,,2024-05-23,0.3380885596660119
2024-05-23,36.74768518518518,3.0588624338624637,,,2024-05-23,0.276631592011625
2024-05-23,36.74768518518518,3.0601851851852153,,,2024-05-23,0.2579239373431453
2024-05-23,36.74768518518518,3.061507936507965,,,2024-05-23,0.2903498466436768
2024-05-23,36.74768518518518,3.0628306878307168,,,2024-05-23,0.3603607437968025
2024-05-23,36.74861111111111,3.057539682539712,,,2024-05-23,0.26814488002100434
2024-05-23,36.74861111111111,3.0588624338624637,,,2024-05-23,0.18472492001821167
2024-05-23,36.74861111111111,3.0601851851852153,,,2024-05-23,0.15531624674691102
2024-05-23,36.74861111111111,3.061507936507965,,,2024-05-23,0.20469782110899754
2024-05-23,36.74861111111111,3.0628306878307168,,,2024-05-23,0.29573210928483373
2024-05-23,36.74953703703704,3.057539682539712,,,2024-05-23,0.22516724453269812
2024-05-23,36.74953703703704,3.0588624338624637,,,2024-05-23,0.11367657315247216
2024-05-23,36.74953703703704,3.0601851851852153,,,2024-05-23,0.05405852740642433
2024-05-23,36.74953703703704,3.061507936507965,,,2024-05-23,0.14387554106688039
2024-05-23,36.74953703703704,3.0628306878307168,,,2024-05-23,0.2574022223605488
2024-05-23,36.75046296296296,3.057539682539712,,,2024-05-23,0.22516595693912034
2024-05-23,36.75046296296296,3.0588624338624637,,,2024-05-23,0.11367602791756166
2024-05-23,36.75046296296296,3.0601851851852153,,,2024-05-23,0.05405849702281984
2024-05-23,36.75046296296296,3.061507936507965,,,2024-05-23,0.14387478409339177
2024-05-23,36.75046296296296,3.0628306878307168,,,2024-05-23,0.25740073137508096
2024-05-23,36.75138888888889,3.057539682539712,,,2024-05-23,0.2681416363474062
2024-05-23,36.75138888888889,3.0588624338624637,,,2024-05-23,0.18472391343301875
2024-05-23,36.75138888888889,3.0601851851852153,,,2024-05-23,0.1553162150214607
2024-05-23,36.75138888888889,3.061507936507965,,,2024-05-23,0.20469622494972564
2024-05-23,36.75138888888889,3.0628306878307168,,,2024-05-23,0.29572821605468813
2024-05-23,36.75231481481482,3.057539682539712,,,2024-05-23,0.33808427195944535
2024-05-23,36.75231481481482,3.0588624338624637,,,2024-05-23,0.27663047174165517
2024-05-23,36.75231481481482,3.0601851851852153,,,2024-05-23,0.2579239055025071
2024-05-23,36.75231481481482,3.061507936507965,,,2024-05-23,0.2903479711469829
2024-05-23,36.75231481481482,3.0628306878307168,,,2024-05-23,0.3603554187897976
2024-05-24,36.74768518518518,3.057539682539712,,,2024-05-24,0.3380885596660119
2024-05-24,36.74768518518518,3.0588624338624637,,,2024-05-24,0.276631592011625
2024-05-24,36.74768518518518,3.0601851851852153,,,2024-05-24,0.2579239373431453
2024-05-24,36.74768518518518,3.061507936507965,,,2024-05-24,0.2903498466436768
2024-05-24,36.74768518518518,3.0628306878307168,,,2024-05-24,0.3603607437968025
2024-05-24,36.74861111111111,3.057539682539712,,,2024-05-24,0.26814488002100434
2024-05-24,36.74861111111111,3.0588624338624637,,,2024-05-24,0.18472492001821167
2024-05-24,36.74861111111111,3.0601851851852153,,,2024-05-24,0.15531624674691102
2024-05-24,36.74861111111111,3.061507936507965,,,2024-05-24,0.20469782110899754
2024-05-24,36.74861111111111,3.0628306878307168,,,2024-05-24,0.29573210928483373
2024-05-24,36.74953703703704,3.057539682539712,,,2024-05-24,0.22516724453269812
2024-05-24,36.74953703703704,3.0588624338624637,,,2024-05-24,0.11367657315247216
2024-05-24,36.74953703703704,3.0601851851852153,,,2024-05-24,0.05405852740642433
2024-05-24,36.74953703703704,3.061507936507965,,,2024-05-24,0.14387554106688039
2024-05-24,36.74953703703704,3.0628306878307168,,,2024-05-24,0.2574022223605488
2024-05-24,36.75046296296296,3.057539682539712,,,2024-05-24,0.22516595693912034
2024-05-24,36.75046296296296,3.0588624338624637,,,2024-05-24,0.11367602791756166
2024-05-24,36.75046296296296,3.0601851851852153,,,2024-05-24,0.05405849702281984
2024-05-24,36.75046296296296,3.061507936507965,,,2024-05-24,0.14387478409339177
2024-05-24,36.75046296296296,3.0628306878307168,,,2024-05-24,0.25740073137508096
2024-05-24,36.75138888888889,3.057539682539712,,,2024-05-24,0.2681416363474062
2024-05-24,36.75138888888889,3.0588624338624637,,,2024-05-24,0.18472391343301875
2024-05-24,36.75138888888889,3.0601851851852153,,,2024-05-24,0.1553162150214607
2024-05-24,36.75138888888889,3.061507936507965,,,2024-05-24,0.20469622494972564
2024-05-24,36.75138888888889,3.0628306878307168,,,2024-05-24,0.29572821605468813
2024-05-24,36.75231481481482,3.057539682539712,,,2024-05-24,0.33808427195944535
2024-05-24,36.75231481481482,3.0588624338624637,,,2024-05-24,0.27663047174165517
2024-05-24,36.75231481481482,3.0601851851852153,,,2024-05-24,0.2579239055025071
2024-05-24,36.75231481481482,3.061507936507965,,,2024-05-24,0.2903479711469829
2024-05-24,36.75231481481482,3.0628306878307168,,,2024-05-24,0.3603554187897976
2024-05-25,36.74768518518518,3.057539682539712,,,2024-05-25,0.3380885596660119
2024-05-25,36.74768518518518,3.0588624338624637,,,2024-05-25,0.276631592011625
2024-05-25,36.74768518518518,3.0601851851852153,,,2024-05-25,0.2579239373431453
2024-05-25,36.74768518518518,3.061507936507965,,,2024-05-25,0.2903498466436768
2024-05-25,36.74768518518518,3.0628306878307168,,,2024-05-25,0.3603607437968025
2024-05-25,36.74861111111111,3.057539682539712,,,2024-05-25,0.26814488002100434
2024-05-25,36.74861111111111,3.0588624338624637,,,2024-05-25,0.18472492001821167
2024-05-25,36.74861111111111,3.0601851851852153,,,2024-05-25,0.15531624674691102
2024-05-25,36.74861111111111,3.061507936507965,,,2024-05-25,0.20469782110899754
2024-05-25,36.74861111111111,3.0628306878307168,,,2024-05-25,0.29573210928483373
2024-05-25,36.74953703703704,3.057539682539712,,,2024-05-25,0.22516724453269812
2024-05-25,36.74953703703704,3.0588624338624637,,,2024-05-25,0.11367657315247216
2024-05-25,36.74953703703704,3.0601851851852153,,,2024-05-25,0.05405852740642433
2024-05-25,36.74953703703704,3.061507936507965,,,2024-05-25,0.14387554106688039
2024-05-25,36.74953703703704,3.0628306878307168,,,2024-05-25,0.2574022223605488
2024-05-25,36.75046296296296,3.057539682539712,,,2024-05-25,0.22516595693912034
2024-05-25,36.75046296296296,3.0588624338624637,,,2024-05-25,0.11367602791756166
2024-05-25,36.75046296296296,3.0601851851852153,,,2024-05-25,0.05405849702281984
2024-05-25,36.75046296296296,3.061507936507965,,,2024-05-25,0.14387478409339177
2024-05-25,36.75046296296296,3.0628306878307168,,,2024-05-25,0.25740073137508096
2024-05-25,36.75138888888889,3.057539682539712,,,2024-05-25,0.2681416363474062
2024-05-25,36.75138888888889,3.0588624338624637,,,2024-05-25,0.18472391343301875
2024-05-25,36.75138888888889,3.0601851851852153,,,2024-05-25,0.1553162150214607
2024-05-25,36.75138888888889,3.061507936507965,,,2024-05-25,0.20469622494972564
2024-05-25,36.75138888888889,3.0628306878307168,,,2024-05-25,0.29572821605468813
2024-05-25,36.75231481481482,3.057539682539712,,,2024-05-25,0.33808427195944535
2024-05-25,36.75231481481482,3.0588624338624637,,,2024-05-25,0.27663047174165517
2024-05-25,36.75231481481482,3.0601851851852153,,,2024-05-25,0.2579239055025071
2024-05-25,36.75231481481482,3.061507936507965,,,2024-05-25,0.2903479711469829
2024-05-25,36.75231481481482,3.0628306878307168,,,2024-05-25,0.3603554187897976
2024-05-26,36.74768518518518,3.057539682539712,,,2024-05-26,0.3380885596660119
2024-05-26,36.74768518518518,3.0588624338624637,,,2024-05-26,0.276631592011625
2024-05-26,36.74768518518518,3.0601851851852153,,,2024-05-26,0.2579239373431453
2024-05-26,36.74768518518518,3.061507936507965,,,2024-05-26,0.2903498466436768
2024-05-26,36.74768518518518,3.0628306878307168,,,2024-05-26,0.3603607437968025
2024-05-26,36.74861111111111,3.057539682539712,,,2024-05-26,0.26814488002100434
2024-05-26,36.74861111111111,3.0588624338624637,,,2024-05-26,0.18472492001821167
2024-05-26,36.74861111111111,3.0601851851852153,,,2024-05-26,0.15531624674691102
2024-05-26,36.74861111111111,3.061507936507965,,,2024-05-26,0.20469782110899754
2024-05-26,36.74861111111111,3.0628306878307168,,,2024-05-26,0.29573210928483373
2024-05-26,36.74953703703704,3.057539682539712,,,2024-05-26,0.22516724453269812
2024-05-26,36.74953703703704,3.0588624338624637,,,2024-05-26,0.11367657315247216
2024-05-26,36.74953703703704,3.0601851851852153,,,2024-05-26,0.05405852740642433
2024-05-26,36.74953703703704,3.061507936507965,,,2024-05-26,0.14387554106688039
2024-05-26,36.74953703703704,3.0628306878307168,,,2024-05-26,0.2574022223605488
2024-05-26,36.75046296296296,3.057539682539712,,,2024-05-26,0.22516595693912034
2024-05-26,36.75046296296296,3.0588624338624637,,,2024-05-26,0.11367602791756166
2024-05-26,36.75046296296296,3.0601851851852153,,,2024-05-26,0.05405849702281984
2024-05-26,36.75046296296296,3.061507936507965,,,2024-05-26,0.14387478409339177
2024-05-26,36.75046296296296,3.0628306878307168,,,2024-05-26,0.25740073137508096
2024-05-26,36.75138888888889,3.057539682539712,,,2024-05-26,0.2681416363474062
2024-05-26,36.75138888888889,3.0588624338624637,,,2024-05-26,0.18472391343301875
2024-05-26,36.75138888888889,3.0601851851852153,,,2024-05-26,0.1553162150214607
2024-05-26,36.75138888888889,3.061507936507965,,,2024-05-26,0.20469622494972564
2024-05-26,36.75138888888889,3.0628306878307168,,,2024-05-26,0.29572821605468813
2024-05-26,36.75231481481482,3.057539682539712,,,2024-05-26,0.33808427195944535
2024-05-26,36.75231481481482,3.0588624338624637,,,2024-05-26,0.27663047174165517
2024-05-26,36.75231481481482,3.0601851851852153,,,2024-05-26,0.2579239055025071
2024-05-26,36.75231481481482,3.061507936507965,,,2024-05-26,0.2903479711469829
2024-05-26,36.75231481481482,3.0628306878307168,,,2024-05-26,0.3603554187897976
2024-05-27,36.74768518518518,3.057539682539712,,,2024-05-27,0.3380885596660119
2024-05-27,36.74768518518518,3.0588624338624637,,,2024-05-27,0.276631592011625
2024-05-27,36.74768518518518,3.0601851851852153,,,2024-05-27,0.2579239373431453
2024-05-27,36.74768518518518,3.061507936507965,,,2024-05-27,0.2903498466436768
2024-05-27,36.74768518518518,3.0628306878307168,,,2024-05-27,0.3603607437968025
2024-05-27,36.74861111111111,3.057539682539712,,,2024-05-27,0.26814488002100434
2024-05-27,36.74861111111111,3.0588624338624637,,,2024-05-27,0.18472492001821167
2024-05-27,36.74861111111111,3.0601851851852153,,,2024-05-27,0.15531624674691102
2024-05-27,36.74861111111111,3.061507936507965,,,2024-05-27,0.20469782110899754
2024-05-27,36.74861111111111,3.0628306878307168,,,2024-05-27,0.29573210928483373
2024-05-27,36.74953703703704,3.057539682539712,,,2024-05-27,0.22516724453269812
2024-05-27,36.74953703703704,3.0588624338624637,,,2024-05-27,0.11367657315247216
2024-05-27,36.74953703703704,3.0601851851852153,,,2024-05-27,0.05405852740642433
2024-05-27,36.74953703703704,3.061507936507965,,,2024-05-27,0.14387554106688039
2024-05-27,36.74953703703704,3.0628306878307168,,,2024-05-27,0.2574022223605488
2024-05-27,36.75046296296296,3.057539682539712,,,2024-05-27,0.22516595693912034
2024-05-27,36.75046296296296,3.0588624338624637,,,2024-05-27,0.11367602791756166
2024-05-27,36.75046296296296,3.0601851851852153,,,2024-05-27,0.05405849702281984
2024-05-27,36.75046296296296,3.061507936507965,,,2024-05-27,0.14387478409339177
2024-05-27,36.75046296296296,3.0628306878307168,,,2024-05-27,0.25740073137508096
2024-05-27,36.75138888888889,3.057539682539712,,,2024-05-27,0.2681416363474062
2024-05-27,36.75138888888889,3.0588624338624637,,,2024-05-27,0.18472391343301875
2024-05-27,36.75138888888889,3.0601851851852153,,,2024-05-27,0.1553162150214607
2024-05-27,36.75138888888889,3.061507936507965,,,2024-05-27,0.20469622494972564
2024-05-27,36.75138888888889,3.0628306878307168,,,2024-05-27,0.29572821605468813
2024-05-27,36.75231481481482,3.057539682539712,,,2024-05-27,0.33808427195944535
2024-05-27,36.75231481481482,3.0588624338624637,,,2024-05-27,0.27663047174165517
2024-05-27,36.75231481481482,3.0601851851852153,,,2024-05-27,0.2579239055025071
2024-05-27,36.75231481481482,3.061507936507965,,,2024-05-27,0.2903479711469829
2024-05-27,36.75231481481482,3.0628306878307168,,,2024-05-27,0.3603554187897976
2024-05-28,36.74768518518518,3.057539682539712,,,2024-05-28,0.3380885596660119
2024-05-28,36.74768518518518,3.0588624338624637,,,2024-05-28,0.276631592011625
2024-05-28,36.74768518518518,3.0601851851852153,,,2024-05-28,0.2579239373431453
2024-05-28,36.74768518518518,3.061507936507965,,,2024-05-28,0.2903498466436768
2024-05-28,36.74768518518518,3.0628306878307168,,,2024-05-28,0.3603607437968025
2024-05-28,36.74861111111111,3.057539682539712,,,2024-05-28,0.26814488002100434
2024-05-28,36.74861111111111,3.0588624338624637,,,2024-05-28,0.18472492001821167
2024-05-28,36.74861111111111,3.0601851851852153,,,2024-05-28,0.15531624674691102
2024-05-28,36.74861111111111,3.061507936507965,,,2024-05-28,0.20469782110899754
2024-05-28,36.74861111111111,3.0628306878307168,,,2024-05-28,0.29573210928483373
2024-05-28,36.74953703703704,3.057539682539712,,,2024-05-28,0.22516724453269812
2024-05-28,36.74953703703704,3.0588624338624637,,,2024-05-28,0.11367657315247216
2024-05-28,36.74953703703704,3.0601851851852153,,,2024-05-28,0.05405852740642433
2024-05-28,36.74953703703704,3.061507936507965,,,2024-05-28,0.14387554106688039
2024-05-28,36.74953703703704,3.0628306878307168,,,2024-05-28,0.2574022223605488
2024-05-28,36.75046296296296,3.057539682539712,,,2024-05-28,0.22516595693912034
2024-05-28,36.75046296296296,3.0588624338624637,,,2024-05-28,0.11367602791756166
2024-05-28,36.75046296296296,3.0601851851852153,,,2024-05-28,0.05405849702281984
2024-05-28,36.75046296296296,3.061507936507965,,,2024-05-28,0.14387478409339177
2024-05-28,36.75046296296296,3.0628306878307168,,,2024-05-28,0.25740073137508096
2024-05-28,36.75138888888889,3.057539682539712,,,2024-05-28,0.2681416363474062
2024-05-28,36.75138888888889,3.0588624338624637,,,2024-05-28,0.18472391343301875
2024-05-28,36.75138888888889,3.0601851851852153,,,2024-05-28,0.1553162150214607
2024-05-28,36.75138888888889,3.061507936507965,,,2024-05-28,0.20469622494972564
2024-05-28,36.75138888888889,3.0628306878307168,,,2024-05-28,0.29572821605468813
2024-05-28,36.75231481481482,3.057539682539712,,,2024-05-28,0.33808427195944535
2024-05-28,36.75231481481482,3.0588624338624637,,,2024-05-28,0.27663047174165517
2024-05-28,36.75231481481482,3.0601851851852153,,,2024-05-28,0.2579239055025071
2024-05-28,36.75231481481482,3.061507936507965,,,2024-05-28,0.2903479711469829
2024-05-28,36.75231481481482,3.0628306878307168,,,2024-05-28,0.3603554187897976
2024-05-29,36.74768518518518,3.057539682539712,,,2024-05-29,0.3380885596660119
2024-05-29,36.74768518518518,3.0588624338624637,,,2024-05-29,0.276631592011625
2024-05-29,36.74768518518518,3.0601851851852153,,,2024-05-29,0.2579239373431453
2024-05-29,36.74768518518518,3.061507936507965,,,2024-05-29,0.2903498466436768
2024-05-29,36.74768518518518,3.0628306878307168,,,2024-05-29,0.3603607437968025
2024-05-29,36.74861111111111,3.057539682539712,,,2024-05-29,0.26814488002100434
2024-05-29,36.74861111111111,3.0588624338624637,,,2024-05-29,0.18472492001821167
2024-05-29,36.74861111111111,3.0601851851852153,,,2024-05-29,0.15531624674691102
2024-05-29,36.74861111111111,3.061507936507965,,,2024-05-29,0.20469782110899754
2024-05-29,36.74861111111111,3.0628306878307168,,,2024-05-29,0.29573210928483373
2024-05-29,36.74953703703704,3.057539682539712,,,2024-05-29,0.22516724453269812
2024-05-29,36.74953703703704,3.0588624338624637,,,2024-05-29,0.11367657315247216
2024-05-29,36.74953703703704,3.0601851851852153,,,2024-05-29,0.05405852740642433
2024-05-29,36.74953703703704,3.061507936507965,,,2024-05-29,0.14387554106688039
2024-05-29,36.74953703703704,3.0628306878307168,,,2024-05-29,0.2574022223605488
2024-05-29,36.75046296296296,3.057539682539712,,,2024-05-29,0.22516595693912034
2024-05-29,36.75046296296296,3.0588624338624637,,,2024-05-29,0.11367602791756166
2024-05-29,36.75046296296296,3.0601851851852153,,,2024-05-29,0.05405849702281984
2024-05-29,36.75046296296296,3.061507936507965,,,2024-05-29,0.14387478409339177
2024-05-29,36.75046296296296,3.0628306878307168,,,2024-05-29,0.25740073137508096
2024-05-29,36.75138888888889,3.057539682539712,,,2024-05-29,0.2681416363474062
2024-05-29,36.75138888888889,3.0588624338624637,,,2024-05-29,0.18472391343301875
2024-05-29,36.75138888888889,3.0601851851852153,,,2024-05-29,0.1553162150214607
2024-05-29,36.75138888888889,3.061507936507965,,,2024-05-29,0.20469622494972564
2024-05-29,36.75138888888889,3.0628306878307168,,,2024-05-29,0.29572821605468813
2024-05-29,36.75231481481482,3.057539682539712,,,2024-05-29,0.33808427195944535
2024-05-29,36.75231481481482,3.0588624338624637,,,2024-05-29,0.27663047174165517
2024-05-29,36.75231481481482,3.0601851851852153,,,2024-05-29,0.2579239055025071
2024-05-29,36.75231481481482,3.061507936507965,,,2024-05-29,0.2903479711469829
2024-05-29,36.75231481481482,3.0628306878307168,,,2024-05-29,0.3603554187897976
2024-05-30,36.74768518518518,3.057539682539712,,,2024-05-30,0.3380885596660119
2024-05-30,36.74768518518518,3.0588624338624637,,,2024-05-30,0.276631592011625
2024-05-30,36.74768518518518,3.0601851851852153,,,2024-05-30,0.2579239373431453
2024-05-30,36.74768518518518,3.061507936507965,,,2024-05-30,0.2903498466436768
2024-05-30,36.74768518518518,3.0628306878307168,,,2024-05-30,0.3603607437968025
2024-05-30,36.74861111111111,3.057539682539712,,,2024-05-30,0.26814488002100434
2024-05-30,36.74861111111111,3.0588624338624637,,,2024-05-30,0.18472492001821167
2024-05-30,36.74861111111111,3.0601851851852153,,,2024-05-30,0.15531624674691102
2024-05-30,36.74861111111111,3.061507936507965,,,2024-05-30,0.20469782110899754
2024-05-30,36.74861111111111,3.0628306878307168,,,2024-05-30,0.29573210928483373
2024-05-30,36.74953703703704,3.057539682539712,,,2024-05-30,0.22516724453269812
2024-05-30,36.74953703703704,3.0588624338624637,,,2024-05-30,0.11367657315247216
2024-05-30,36.74953703703704,3.0601851851852153,,,2024-05-30,0.05405852740642433
2024-05-30,36.74953703703704,3.061507936507965,,,2024-05-30,0.14387554106688039
2024-05-30,36.74953703703704,3.0628306878307168,,,2024-05-30,0.2574022223605488
2024-05-30,36.75046296296296,3.057539682539712,,,2024-05-30,0.22516595693912034
2024-05-30,36.75046296296296,3.0588624338624637,,,2024-05-30,0.11367602791756166
2024-05-30,36.75046296296296,3.0601851851852153,,,2024-05-30,0.05405849702281984
2024-05-30,36.75046296296296,3.061507936507965,,,2024-05-30,0.14387478409339177
2024-05-30,36.75046296296296,3.0628306878307168,,,2024-05-30,0.25740073137508096
2024-05-30,36.75138888888889,3.057539682539712,,,2024-05-30,0.2681416363474062
2024-05-30,36.75138888888889,3.0588624338624637,,,2024-05-30,0.18472391343301875
2024-05-30,36.75138888888889,3.0601851851852153,,,2024-05-30,0.1553162150214607
2024-05-30,36.75138888888889,3.061507936507965,,,2024-05-30,0.20469622494972564
2024-05-30,36.75138888888889,3.0628306878307168,,,2024-05-30,0.29572821605468813
2024-05-30,36.75231481481482,3.057539682539712,,,2024-05-30,0.33808427195944535
2024-05-30,36.75231481481482,3.0588624338624637,,,2024-05-30,0.27663047174165517
2024-05-30,36.75231481481482,3.0601851851852153,,,2024-05-30,0.2579239055025071
2024-05-30,36.75231481481482,3.061507936507965,,,2024-05-30,0.2903479711469829
2024-05-30,36.75231481481482,3.0628306878307168,,,2024-05-30,0.3603554187897976
2024-05-31,36.74768518518518,3.057539682539712,,,2024-05-31,0.3380885596660119
2024-05-31,36.74768518518518,3.0588624338624637,,,2024-05-31,0.276631592011625
2024-05-31,36.74768518518518,3.0601851851852153,,,2024-05-31,0.2579239373431453
2024-05-31,36.74768518518518,3.061507936507965,,,2024-05-31,0.2903498466436768
2024-05-31,36.74768518518518,3.0628306878307168,,,2024-05-31,0.3603607437968025
2024-05-31,36.74861111111111,3.057539682539712,,,2024-05-31,0.26814488002100434
2024-05-31,36.74861111111111,3.0588624338624637,,,2024-05-31,0.18472492001821167
2024-05-31,36.74861111111111,3.0601851851852153,,,2024-05-31,0.15531624674691102
2024-05-31,36.74861111111111,3.061507936507965,,,2024-05-31,0.20469782110899754
2024-05-31,36.74861111111111,3.0628306878307168,,,2024-05-31,0.29573210928483373
2024-05-31,36.74953703703704,3.057539682539712,,,2024-05-31,0.22516724453269812
2024-05-31,36.74953703703704,3.0588624338624637,,,2024-05-31,0.11367657315247216
2024-05-31,36.74953703703704,3.0601851851852153,,,2024-05-31,0.05405852740642433
2024-05-31,36.74953703703704,3.061507936507965,,,2024-05-31,0.14387554106688039
2024-05-31,36.74953703703704,3.0628306878307168,,,2024-05-31,0.2574022223605488
2024-05-31,36.75046296296296,3.057539682539712,,,2024-05-31,0.22516595693912034
2024-05-31,36.75046296296296,3.0588624338624637,,,2024-05-31,0.11367602791756166
2024-05-31,36.75046296296296,3.0601851851852153,,,2024-05-31,0.05405849702281984
2024-05-31,36.75046296296296,3.061507936507965,,,2024-05-31,0.14387478409339177
2024-05-31,36.75046296296296,3.0628306878307168,,,2024-05-31,0.25740073137508096
2024-05-31,36.75138888888889,3.057539682539712,,,2024-05-31,0.2681416363474062
2024-05-31,36.75138888888889,3.0588624338624637,,,2024-05-31,0.18472391343301875
2024-05-31,36.75138888888889,3.0601851851852153,,,2024-05-31,0.1553162150214607
2024-05-31,36.75138888888889,3.061507936507965,,,2024-05-31,0.20469622494972564
2024-05-31,36.75138888888889,3.0628306878307168,,,2024-05-31,0.29572821605468813
2024-05-31,36.75231481481482,3.057539682539712,,,2024-05-31,0.33808427195944535
2024-05-31,36.75231481481482,3.0588624338624637,,,2024-05-31,0.27663047174165517
2024-05-31,36.75231481481482,3.0601851851852153,,,2024-05-31,0.2579239055025071
2024-05-31,36.75231481481482,3.061507936507965,,,2024-05-31,0.2903479711469829
2024-05-31,36.75231481481482,3.0628306878307168,,,2024-05-31,0.3603554187897976
2024-06-01,36.74768518518518,3.057539682539712,,,2024-06-01,0.3380885596660119
2024-06-01,36.74768518518518,3.0588624338624637,,,2024-06-01,0.276631592011625
2024-06-01,36.74768518518518,3.0601851851852153,,,2024-06-01,0.2579239373431453
2024-06-01,36.74768518518518,3.061507936507965,,,2024-06-01,0.2903498466436768
2024-06-01,36.74768518518518,3.0628306878307168,,,2024-06-01,0.3603607437968025
2024-06-01,36.74861111111111,3.057539682539712,,,2024-06-01,0.26814488002100434
2024-06-01,36.74861111111111,3.0588624338624637,,,2024-06-01,0.18472492001821167
2024-06-01,36.74861111111111,3.0601851851852153,,,2024-06-01,0.15531624674691102
2024-06-01,36.74861111111111,3.061507936507965,,,2024-06-01,0.20469782110899754
2024-06-01,36.74861111111111,3.0628306878307168,,,2024-06-01,0.29573210928483373
2024-06-01,36.74953703703704,3.057539682539712,,,2024-06-01,0.22516724453269812
2024-06-01,36.74953703703704,3.0588624338624637,,,2024-06-01,0.11367657315247216
2024-06-01,36.74953703703704,3.0601851851852153,,,2024-06-01,0.05405852740642433
2024-06-01,36.74953703703704,3.061507936507965,,,2024-06-01,0.14387554106688039
2024-06-01,36.74953703703704,3.0628306878307168,,,2024-06-01,0.2574022223605488
2024-06-01,36.75046296296296,3.057539682539712,,,2024-06-01,0.22516595693912034
2024-06-01,36.75046296296296,3.0588624338624637,,,2024-06-01,0.11367602791756166
2024-06-01,36.75046296296296,3.0601851851852153,,,2024-06-01,0.05405849702281984
2024-06-01,36.75046296296296,3.061507936507965,,,2024-06-01,0.14387478409339177
2024-06-01,36.75046296296296,3.0628306878307168,,,2024-06-01,0.25740073137508096
2024-06-01,36.75138888888889,3.057539682539712,,,2024-06-01,0.2681416363474062
2024-06-01,36.75138888888889,3.0588624338624637,,,2024-06-01,0.18472391343301875
2024-06-01,36.75138888888889,3.0601851851852153,,,2024-06-01,0.1553162150214607
2024-06-01,36.75138888888889,3.061507936507965,,,2024-06-01,0.20469622494972564
2024-06-01,36.75138888888889,3.0628306878307168,,,2024-06-01,0.29572821605468813
2024-06-01,36.75231481481482,3.057539682539712,,,2024-06-01,0.33808427195944535
2024-06-01,36.75231481481482,3.0588624338624637,,,2024-06-01,0.27663047174165517
2024-06-01,36.75231481481482,3.0601851851852153,,,2024-06-01,0.2579239055025071
2024-06-01,36.75231481481482,3.061507936507965,,,2024-06-01,0.2903479711469829
2024-06-01,36.75231481481482,3.0628306878307168,,,2024-06-01,0.3603554187897976
2024-06-02,36.74768518518518,3.057539682539712,,,2024-06-02,0.3380885596660119
2024-06-02,36.74768518518518,3.0588624338624637,,,2024-06-02,0.276631592011625
2024-06-02,36.74768518518518,3.0601851851852153,,,2024-06-02,0.2579239373431453
2024-06-02,36.74768518518518,3.061507936507965,,,2024-06-02,0.2903498466436768
2024-06-02,36.74768518518518,3.0628306878307168,,,2024-06-02,0.3603607437968025
2024-06-02,36.74861111111111,3.057539682539712,,,2024-06-02,0.26814488002100434
2024-06-02,36.74861111111111,3.0588624338624637,,,2024-06-02,0.18472492001821167
2024-06-02,36.74861111111111,3.0601851851852153,,,2024-06-02,0.15531624674691102
2024-06-02,36.74861111111111,3.061507936507965,,,2024-06-02,0.20469782110899754
2024-06-02,36.74861111111111,3.0628306878307168,,,2024-06-02,0.29573210928483373
2024-06-02,36.74953703703704,3.057539682539712,,,2024-06-02,0.22516724453269812
2024-06-02,36.74953703703704,3.0588624338624637,,,2024-06-02,0.11367657315247216
2024-06-02,36.74953703703704,3.0601851851852153,,,2024-06-02,0.05405852740642433
2024-06-02,36.74953703703704,3.061507936507965,,,2024-06-02,0.14387554106688039
2024-06-02,36.74953703703704,3.0628306878307168,,,2024-06-02,0.2574022223605488
2024-06-02,36.75046296296296,3.057539682539712,,,2024-06-02,0.22516595693912034
2024-06-02,36.75046296296296,3.0588624338624637,,,2024-06-02,0.11367602791756166
2024-06-02,36.75046296296296,3.0601851851852153,,,2024-06-02,0.05405849702281984
2024-06-02,36.75046296296296,3.061507936507965,,,2024-06-02,0.14387478409339177
2024-06-02,36.75046296296296,3.0628306878307168,,,2024-06-02,0.25740073137508096
2024-06-02,36.75138888888889,3.057539682539712,,,2024-06-02,0.2681416363474062
2024-06-02,36.75138888888889,3.0588624338624637,,,2024-06-02,0.18472391343301875
2024-06-02,36.75138888888889,3.0601851851852153,,,2024-06-02,0.1553162150214607
2024-06-02,36.75138888888889,3.061507936507965,,,2024-06-02,0.20469622494972564
2024-06-02,36.75138888888889,3.0628306878307168,,,2024-06-02,0.29572821605468813
2024-06-02,36.75231481481482,3.057539682539712,,,2024-06-02,0.33808427195944535
2024-06-02,36.75231481481482,3.0588624338624637,,,2024-06-02,0.27663047174165517
2024-06-02,36.75231481481482,3.0601851851852153,,,2024-06-02,0.2579239055025071
2024-06-02,36.75231481481482,3.061507936507965,,,2024-06-02,0.2903479711469829
2024-06-02,36.75231481481482,3.0628306878307168,,,2024-06-02,0.3603554187897976
2024-06-03,36.74768518518518,3.057539682539712,,,2024-06-03,0.3380885596660119
2024-06-03,36.74768518518518,3.0588624338624637,,,2024-06-03,0.276631592011625
2024-06-03,36.74768518518518,3.0601851851852153,,,2024-06-03,0.2579239373431453
2024-06-03,36.74768518518518,3.061507936507965,,,2024-06-03,0.2903498466436768
2024-06-03,36.74768518518518,3.0628306878307168,,,2024-06-03,0.3603607437968025
2024-06-03,36.74861111111111,3.057539682539712,,,2024-06-03,0.26814488002100434
2024-06-03,36.74861111111111,3.0588624338624637,,,2024-06-03,0.18472492001821167
2024-06-03,36.74861111111111,3.0601851851852153,,,2024-06-03,0.15531624674691102
2024-06-03,36.74861111111111,3.061507936507965,,,2024-06-03,0.20469782110899754
2024-06-03,36.74861111111111,3.0628306878307168,,,2024-06-03,0.29573210928483373
2024-06-03,36.74953703703704,3.057539682539712,,,2024-06-03,0.22516724453269812
2024-06-03,36.74953703703704,3.0588624338624637,,,2024-06-03,0.11367657315247216
2024-06-03,36.74953703703704,3.0601851851852153,,,2024-06-03,0.05405852740642433
2024-06-03,36.74953703703704,3.061507936507965,,,2024-06-03,0.14387554106688039
2024-06-03,36.74953703703704,3.0628306878307168,,,2024-06-03,0.2574022223605488
2024-06-03,36.75046296296296,3.057539682539712,,,2024-06-03,0.22516595693912034
2024-06-03,36.75046296296296,3.0588624338624637,,,2024-06-03,0.11367602791756166
2024-06-03,36.75046296296296,3.0601851851852153,,,2024-06-03,0.05405849702281984
2024-06-03,36.75046296296296,3.061507936507965,,,2024-06-03,0.14387478409339177
2024-06-03,36.75046296296296,3.0628306878307168,,,2024-06-03,0.25740073137508096
2024-06-03,36.75138888888889,3.057539682539712,,,2024-06-03,0.2681416363474062
2024-06-03,36.75138888888889,3.0588624338624637,,,2024-06-03,0.18472391343301875
2024-06-03,36.75138888888889,3.0601851851852153,,,2024-06-03,0.1553162150214607
2024-06-03,36.75138888888889,3.061507936507965,,,2024-06-03,0.20469622494972564
2024-06-03,36.75138888888889,3.0628306878307168,,,2024-06-03,0.29572821605468813
2024-06-03,36.75231481481482,3.057539682539712,,,2024-06-03,0.33808427195944535
2024-06-03,36.75231481481482,3.0588624338624637,,,2024-06-03,0.27663047174165517
2024-06-03,36.75231481481482,3.0601851851852153,,,2024-06-03,0.2579239055025071
2024-06-03,36.75231481481482,3.061507936507965,,,2024-06-03,0.2903479711469829
2024-06-03,36.75231481481482,3.0628306878307168,,,2024-06-03,0.3603554187897976
2024-06-04,36.74768518518518,3.057539682539712,,,2024-06-04,0.3380885596660119
2024-06-04,36.74768518518518,3.0588624338624637,,,2024-06-04,0.276631592011625
2024-06-04,36.74768518518518,3.0601851851852153,,,2024-06-04,0.2579239373431453
2024-06-04,36.74768518518518,3.061507936507965,,,2024-06-04,0.2903498466436768
2024-06-04,36.74768518518518,3.0628306878307168,,,2024-06-04,0.3603607437968025
2024-06-04,36.74861111111111,3.057539682539712,,,2024-06-04,0.26814488002100434
2024-06-04,36.74861111111111,3.0588624338624637,,,2024-06-04,0.18472492001821167
2024-06-04,36.74861111111111,3.0601851851852153,,,2024-06-04,0.15531624674691102
2024-06-04,36.74861111111111,3.061507936507965,,,2024-06-04,0.20469782110899754
2024-06-04,36.74861111111111,3.0628306878307168,,,2024-06-04,0.29573210928483373
2024-06-04,36.74953703703704,3.057539682539712,,,2024-06-04,0.22516724453269812
2024-06-04,36.74953703703704,3.0588624338624637,,,2024-06-04,0.11367657315247216
2024-06-04,36.74953703703704,3.0601851851852153,,,2024-06-04,0.05405852740642433
2024-06-04,36.74953703703704,3.061507936507965,,,2024-06-04,0.14387554106688039
2024-06-04,36.74953703703704,3.0628306878307168,,,2024-06-04,0.2574022223605488
2024-06-04,36.75046296296296,3.057539682539712,,,2024-06-04,0.22516595693912034
2024-06-04,36.75046296296296,3.0588624338624637,,,2024-06-04,0.11367602791756166
2024-06-04,36.75046296296296,3.0601851851852153,,,2024-06-04,0.05405849702281984
2024-06-04,36.75046296296296,3.061507936507965,,,2024-06-04,0.14387478409339177
2024-06-04,36.75046296296296,3.0628306878307168,,,2024-06-04,0.25740073137508096
2024-06-04,36.75138888888889,3.057539682539712,,,2024-06-04,0.2681416363474062
2024-06-04,36.75138888888889,3.0588624338624637,,,2024-06-04,0.18472391343301875
2024-06-04,36.75138888888889,3.0601851851852153,,,2024-06-04,0.1553162150214607
2024-06-04,36.75138888888889,3.061507936507965,,,2024-06-04,0.20469622494972564
2024-06-04,36.75138888888889,3.0628306878307168,,,2024-06-04,0.29572821605468813
2024-06-04,36.75231481481482,3.057539682539712,,,2024-06-04,0.33808427195944535
2024-06-04,36.75231481481482,3.0588624338624637,,,2024-06-04,0.27663047174165517
2024-06-04,36.75231481481482,3.0601851851852153,,,2024-06-04,0.2579239055025071
2024-06-04,36.75231481481482,3.061507936507965,,,2024-06-04,0.2903479711469829
2024-06-04,36.75231481481482,3.0628306878307168,,,2024-06-04,0.3603554187897976
2024-06-05,36.74768518518518,3.057539682539712,,,2024-06-05,0.3380885596660119
2024-06-05,36.74768518518518,3.0588624338624637,,,2024-06-05,0.276631592011625
2024-06-05,36.74768518518518,3.0601851851852153,,,2024-06-05,0.2579239373431453
2024-06-05,36.74768518518518,3.061507936507965,,,2024-06-05,0.2903498466436768
2024-06-05,36.74768518518518,3.0628306878307168,,,2024-06-05,0.3603607437968025
2024-06-05,36.74861111111111,3.057539682539712,,,2024-06-05,0.26814488002100434
2024-06-05,36.74861111111111,3.0588624338624637,,,2024-06-05,0.18472492001821167
2024-06-05,36.74861111111111,3.0601851851852153,,,2024-06-05,0.15531624674691102
2024-06-05,36.74861111111111,3.061507936507965,,,2024-06-05,0.20469782110899754
2024-06-05,36.74861111111111,3.0628306878307168,,,2024-06-05,0.29573210928483373
2024-06-05,36.74953703703704,3.057539682539712,,,2024-06-05,0.22516724453269812
2024-06-05,36.74953703703704,3.0588624338624637,,,2024-06-05,0.11367657315247216
2024-06-05,36.74953703703704,3.0601851851852153,,,2024-06-05,0.05405852740642433
2024-06-05,36.74953703703704,3.061507936507965,,,2024-06-05,0.14387554106688039
2024-06-05,36.74953703703704,3.0628306878307168,,,2024-06-05,0.2574022223605488
2024-06-05,36.75046296296296,3.057539682539712,,,2024-06-05,0.22516595693912034
2024-06-05,36.75046296296296,3.0588624338624637,,,2024-06-05,0.11367602791756166
2024-06-05,36.75046296296296,3.0601851851852153,,,2024-06-05,0.05405849702281984
2024-06-05,36.75046296296296,3.061507936507965,,,2024-06-05,0.14387478409339177
2024-06-05,36.75046296296296,3.0628306878307168,,,2024-06-05,0.25740073137508096
2024-06-05,36.75138888888889,3.057539682539712,,,2024-06-05,0.2681416363474062
2024-06-05,36.75138888888889,3.0588624338624637,,,2024-06-05,0.18472391343301875
2024-06-05,36.75138888888889,3.0601851851852153,,,2024-06-05,0.1553162150214607
2024-06-05,36.75138888888889,3.061507936507965,,,2024-06-05,0.20469622494972564
2024-06-05,36.75138888888889,3.0628306878307168,,,2024-06-05,0.29572821605468813
2024-06-05,36.75231481481482,3.057539682539712,,,2024-06-05,0.33808427195944535
2024-06-05,36.75231481481482,3.0588624338624637,,,2024-06-05,0.27663047174165517
2024-06-05,36.75231481481482,3.0601851851852153,,,2024-06-05,0.2579239055025071
2024-06-05,36.75231481481482,3.061507936507965,,,2024-06-05,0.2903479711469829
2024-06-05,36.75231481481482,3.0628306878307168,,,2024-06-05,0.3603554187897976
2024-06-06,36.74768518518518,3.057539682539712,,,2024-06-06,0.3380885596660119
2024-06-06,36.74768518518518,3.0588624338624637,,,2024-06-06,0.276631592011625
2024-06-06,36.74768518518518,3.0601851851852153,,,2024-06-06,0.2579239373431453
2024-06-06,36.74768518518518,3.061507936507965,,,2024-06-06,0.2903498466436768
2024-06-06,36.74768518518518,3.0628306878307168,,,2024-06-06,0.3603607437968025
2024-06-06,36.74861111111111,3.057539682539712,,,2024-06-06,0.26814488002100434
2024-06-06,36.74861111111111,3.0588624338624637,,,2024-06-06,0.18472492001821167
2024-06-06,36.74861111111111,3.0601851851852153,,,2024-06-06,0.15531624674691102
2024-06-06,36.74861111111111,3.061507936507965,,,2024-06-06,0.20469782110899754
2024-06-06,36.74861111111111,3.0628306878307168,,,2024-06-06,0.29573210928483373
2024-06-06,36.74953703703704,3.057539682539712,,,2024-06-06,0.22516724453269812
2024-06-06,36.74953703703704,3.0588624338624637,,,2024-06-06,0.11367657315247216
2024-06-06,36.74953703703704,3.0601851851852153,,,2024-06-06,0.05405852740642433
2024-06-06,36.74953703703704,3.061507936507965,,,2024-06-06,0.14387554106688039
2024-06-06,36.74953703703704,3.0628306878307168,,,2024-06-06,0.2574022223605488
2024-06-06,36.75046296296296,3.057539682539712,,,2024-06-06,0.22516595693912034
2024-06-06,36.75046296296296,3.0588624338624637,,,2024-06-06,0.11367602791756166
2024-06-06,36.75046296296296,3.0601851851852153,,,2024-06-06,0.05405849702281984
2024-06-06,36.75046296296296,3.061507936507965,,,2024-06-06,0.14387478409339177
2024-06-06,36.75046296296296,3.0628306878307168,,,2024-06-06,0.25740073137508096
2024-06-06,36.75138888888889,3.057539682539712,,,2024-06-06,0.2681416363474062
2024-06-06,36.75138888888889,3.0588624338624637,,,2024-06-06,0.18472391343301875
2024-06-06,36.75138888888889,3.0601851851852153,,,2024-06-06,0.1553162150214607
2024-06-06,36.75138888888889,3.061507936507965,,,2024-06-06,0.20469622494972564
2024-06-06,36.75138888888889,3.0628306878307168,,,2024-06-06,0.29572821605468813
2024-06-06,36.75231481481482,3.057539682539712,,,2024-06-06,0.33808427195944535
2024-06-06,36.75231481481482,3.0588624338624637,,,2024-06-06,0.27663047174165517
2024-06-06,36.75231481481482,3.0601851851852153,,,2024-06-06,0.2579239055025071
2024-06-06,36.75231481481482,3.061507936507965,,,2024-06-06,0.2903479711469829
2024-06-06,36.75231481481482,3.0628306878307168,,,2024-06-06,0.3603554187897976
2024-06-07,36.74768518518518,3.057539682539712,,,2024-06-07,0.3380885596660119
2024-06-07,36.74768518518518,3.0588624338624637,,,2024-06-07,0.276631592011625
2024-06-07,36.74768518518518,3.0601851851852153,,,2024-06-07,0.2579239373431453
2024-06-07,36.74768518518518,3.061507936507965,,,2024-06-07,0.2903498466436768
2024-06-07,36.74768518518518,3.0628306878307168,,,2024-06-07,0.3603607437968025
2024-06-07,36.74861111111111,3.057539682539712,,,2024-06-07,0.26814488002100434
2024-06-07,36.74861111111111,3.0588624338624637,,,2024-06-07,0.18472492001821167
2024-06-07,36.74861111111111,3.0601851851852153,,,2024-06-07,0.15531624674691102
2024-06-07,36.74861111111111,3.061507936507965,,,2024-06-07,0.20469782110899754
2024-06-07,36.74861111111111,3.0628306878307168,,,2024-06-07,0.29573210928483373
2024-06-07,36.74953703703704,3.057539682539712,,,2024-06-07,0.22516724453269812
2024-06-07,36.74953703703704,3.0588624338624637,,,2024-06-07,0.11367657315247216
2024-06-07,36.74953703703704,3.0601851851852153,,,2024-06-07,0.05405852740642433
2024-06-07,36.74953703703704,3.061507936507965,,,2024-06-07,0.14387554106688039
2024-06-07,36.74953703703704,3.0628306878307168,,,2024-06-07,0.2574022223605488
2024-06-07,36.75046296296296,3.057539682539712,,,2024-06-07,0.22516595693912034
2024-06-07,36.75046296296296,3.0588624338624637,,,2024-06-07,0.11367602791756166
2024-06-07,36.75046296296296,3.0601851851852153,,,2024-06-07,0.05405849702281984
2024-06-07,36.75046296296296,3.061507936507965,,,2024-06-07,0.14387478409339177
2024-06-07,36.75046296296296,3.0628306878307168,,,2024-06-07,0.25740073137508096
2024-06-07,36.75138888888889,3.057539682539712,,,2024-06-07,0.2681416363474062
2024-06-07,36.75138888888889,3.0588624338624637,,,2024-06-07,0.18472391343301875
2024-06-07,36.75138888888889,3.0601851851852153,,,2024-06-07,0.1553162150214607
2024-06-07,36.75138888888889,3.061507936507965,,,2024-06-07,0.20469622494972564
2024-06-07,36.75138888888889,3.0628306878307168,,,2024-06-07,0.29572821605468813
2024-06-07,36.75231481481482,3.057539682539712,,,2024-06-07,0.33808427195944535
2024-06-07,36.75231481481482,3.0588624338624637,,,2024-06-07,0.27663047174165517
2024-06-07,36.75231481481482,3.0601851851852153,,,2024-06-07,0.2579239055025071
2024-06-07,36.75231481481482,3.061507936507965,,,2024-06-07,0.2903479711469829
2024-06-07,36.75231481481482,3.0628306878307168,,,2024-06-07,0.3603554187897976
2024-06-08,36.74768518518518,3.057539682539712,,,2024-06-08,0.3380885596660119
2024-06-08,36.74768518518518,3.0588624338624637,,,2024-06-08,0.276631592011625
2024-06-08,36.74768518518518,3.0601851851852153,,,2024-06-08,0.2579239373431453
2024-06-08,36.74768518518518,3.061507936507965,,,2024-06-08,0.2903498466436768
2024-06-08,36.74768518518518,3.0628306878307168,,,2024-06-08,0.3603607437968025
2024-06-08,36.74861111111111,3.057539682539712,,,2024-06-08,0.26814488002100434
2024-06-08,36.74861111111111,3.0588624338624637,,,2024-06-08,0.18472492001821167
2024-06-08,36.74861111111111,3.0601851851852153,,,2024-06-08,0.15531624674691102
2024-06-08,36.74861111111111,3.061507936507965,,,2024-06-08,0.20469782110899754
2024-06-08,36.74861111111111,3.0628306878307168,,,2024-06-08,0.29573210928483373
2024-06-08,36.74953703703704,3.057539682539712,,,2024-06-08,0.22516724453269812
2024-06-08,36.74953703703704,3.0588624338624637,,,2024-06-08,0.11367657315247216
2024-06-08,36.74953703703704,3.0601851851852153,,,2024-06-08,0.05405852740642433
2024-06-08,36.74953703703704,3.061507936507965,,,2024-06-08,0.14387554106688039
2024-06-08,36.74953703703704,3.0628306878307168,,,2024-06-08,0.2574022223605488
2024-06-08,36.75046296296296,3.057539682539712,,,2024-06-08,0.22516595693912034
2024-06-08,36.75046296296296,3.0588624338624637,,,2024-06-08,0.11367602791756166
2024-06-08,36.75046296296296,3.0601851851852153,,,2024-06-08,0.05405849702281984
2024-06-08,36.75046296296296,3.061507936507965,,,2024-06-08,0.14387478409339177
2024-06-08,36.75046296296296,3.0628306878307168,,,2024-06-08,0.25740073137508096
2024-06-08,36.75138888888889,3.057539682539712,,,2024-06-08,0.2681416363474062
2024-06-08,36.75138888888889,3.0588624338624637,,,2024-06-08,0.18472391343301875
2024-06-08,36.75138888888889,3.0601851851852153,,,2024-06-08,0.1553162150214607
2024-06-08,36.75138888888889,3.061507936507965,,,2024-06-08,0.20469622494972564
2024-06-08,36.75138888888889,3.0628306878307168,,,2024-06-08,0.29572821605468813
2024-06-08,36.75231481481482,3.057539682539712,,,2024-06-08,0.33808427195944535
2024-06-08,36.75231481481482,3.0588624338624637,,,2024-06-08,0.27663047174165517
2024-06-08,36.75231481481482,3.0601851851852153,,,2024-06-08,0.2579239055025071
2024-06-08,36.75231481481482,3.061507936507965,,,2024-06-08,0.2903479711469829
2024-06-08,36.75231481481482,3.0628306878307168,,,2024-06-08,0.3603554187897976
2024-06-09,36.74768518518518,3.057539682539712,,,2024-06-09,0.3380885596660119
2024-06-09,36.74768518518518,3.0588624338624637,,,2024-06-09,0.276631592011625
2024-06-09,36.74768518518518,3.0601851851852153,,,2024-06-09,0.2579239373431453
2024-06-09,36.74768518518518,3.061507936507965,,,2024-06-09,0.2903498466436768
2024-06-09,36.74768518518518,3.0628306878307168,,,2024-06-09,0.3603607437968025
2024-06-09,36.74861111111111,3.057539682539712,,,2024-06-09,0.26814488002100434
2024-06-09,36.74861111111111,3.0588624338624637,,,2024-06-09,0.18472492001821167
2024-06-09,36.74861111111111,3.0601851851852153,,,2024-06-09,0.15531624674691102
2024-06-09,36.74861111111111,3.061507936507965,,,2024-06-09,0.20469782110899754
2024-06-09,36.74861111111111,3.0628306878307168,,,2024-06-09,0.29573210928483373
2024-06-09,36.74953703703704,3.057539682539712,,,2024-06-09,0.22516724453269812
2024-06-09,36.74953703703704,3.0588624338624637,,,2024-06-09,0.11367657315247216
2024-06-09,36.74953703703704,3.0601851851852153,,,2024-06-09,0.05405852740642433
2024-06-09,36.74953703703704,3.061507936507965,,,2024-06-09,0.14387554106688039
2024-06-09,36.74953703703704,3.0628306878307168,,,2024-06-09,0.2574022223605488
2024-06-09,36.75046296296296,3.057539682539712,,,2024-06-09,0.22516595693912034
2024-06-09,36.75046296296296,3.0588624338624637,,,2024-06-09,0.11367602791756166
2024-06-09,36.75046296296296,3.0601851851852153,,,2024-06-09,0.05405849702281984
2024-06-09,36.75046296296296,3.061507936507965,,,2024-06-09,0.14387478409339177
2024-06-09,36.75046296296296,3.0628306878307168,,,2024-06-09,0.25740073137508096
2024-06-09,36.75138888888889,3.057539682539712,,,2024-06-09,0.2681416363474062
2024-06-09,36.75138888888889,3.0588624338624637,,,2024-06-09,0.18472391343301875
2024-06-09,36.75138888888889,3.0601851851852153,,,2024-06-09,0.1553162150214607
2024-06-09,36.75138888888889,3.061507936507965,,,2024-06-09,0.20469622494972564
2024-06-09,36.75138888888889,3.0628306878307168,,,2024-06-09,0.29572821605468813
2024-06-09,36.75231481481482,3.057539682539712,,,2024-06-09,0.33808427195944535
2024-06-09,36.75231481481482,3.0588624338624637,,,2024-06-09,0.27663047174165517
2024-06-09,36.75231481481482,3.0601851851852153,,,2024-06-09,0.2579239055025071
2024-06-09,36.75231481481482,3.061507936507965,,,2024-06-09,0.2903479711469829
2024-06-09,36.75231481481482,3.0628306878307168,,,2024-06-09,0.3603554187897976
2024-06-10,36.74768518518518,3.057539682539712,,,2024-06-10,0.3380885596660119
2024-06-10,36.74768518518518,3.0588624338624637,,,2024-06-10,0.276631592011625
2024-06-10,36.74768518518518,3.0601851851852153,,,2024-06-10,0.2579239373431453
2024-06-10,36.74768518518518,3.061507936507965,,,2024-06-10,0.2903498466436768
2024-06-10,36.74768518518518,3.0628306878307168,,,2024-06-10,0.3603607437968025
2024-06-10,36.74861111111111,3.057539682539712,,,2024-06-10,0.26814488002100434
2024-06-10,36.74861111111111,3.0588624338624637,,,2024-06-10,0.18472492001821167
2024-06-10,36.74861111111111,3.0601851851852153,,,2024-06-10,0.15531624674691102
2024-06-10,36.74861111111111,3.061507936507965,,,2024-06-10,0.20469782110899754
2024-06-10,36.74861111111111,3.0628306878307168,,,2024-06-10,0.29573210928483373
2024-06-10,36.74953703703704,3.057539682539712,,,2024-06-10,0.22516724453269812
2024-06-10,36.74953703703704,3.0588624338624637,,,2024-06-10,0.11367657315247216
2024-06-10,36.74953703703704,3.0601851851852153,,,2024-06-10,0.05405852740642433
2024-06-10,36.74953703703704,3.061507936507965,,,2024-06-10,0.14387554106688039
2024-06-10,36.74953703703704,3.0628306878307168,,,2024-06-10,0.2574022223605488
2024-06-10,36.75046296296296,3.057539682539712,,,2024-06-10,0.22516595693912034
2024-06-10,36.75046296296296,3.0588624338624637,,,2024-06-10,0.11367602791756166
2024-06-10,36.75046296296296,3.0601851851852153,,,2024-06-10,0.05405849702281984
2024-06-10,36.75046296296296,3.061507936507965,,,2024-06-10,0.14387478409339177
2024-06-10,36.75046296296296,3.0628306878307168,,,2024-06-10,0.25740073137508096
2024-06-10,36.75138888888889,3.057539682539712,,,2024-06-10,0.2681416363474062
2024-06-10,36.75138888888889,3.0588624338624637,,,2024-06-10,0.18472391343301875
2024-06-10,36.75138888888889,3.0601851851852153,,,2024-06-10,0.1553162150214607
2024-06-10,36.75138888888889,3.061507936507965,,,2024-06-10,0.20469622494972564
2024-06-10,36.75138888888889,3.0628306878307168,,,2024-06-10,0.29572821605468813
2024-06-10,36.75231481481482,3.057539682539712,,,2024-06-10,0.33808427195944535
2024-06-10,36.75231481481482,3.0588624338624637,,,2024-06-10,0.27663047174165517
2024-06-10,36.75231481481482,3.0601851851852153,,,2024-06-10,0.2579239055025071
2024-06-10,36.75231481481482,3.061507936507965,,,2024-06-10,0.2903479711469829
2024-06-10,36.75231481481482,3.0628306878307168,,,2024-06-10,0.3603554187897976
2024-06-11,36.74768518518518,3.057539682539712,,,2024-06-11,0.3380885596660119
2024-06-11,36.74768518518518,3.0588624338624637,,,2024-06-11,0.276631592011625
2024-06-11,36.74768518518518,3.0601851851852153,,,2024-06-11,0.2579239373431453
2024-06-11,36.74768518518518,3.061507936507965,,,2024-06-11,0.2903498466436768
2024-06-11,36.74768518518518,3.0628306878307168,,,2024-06-11,0.3603607437968025
2024-06-11,36.74861111111111,3.057539682539712,,,2024-06-11,0.26814488002100434
2024-06-11,36.74861111111111,3.0588624338624637,,,2024-06-11,0.18472492001821167
2024-06-11,36.74861111111111,3.0601851851852153,,,2024-06-11,0.15531624674691102
2024-06-11,36.74861111111111,3.061507936507965,,,2024-06-11,0.20469782110899754
2024-06-11,36.74861111111111,3.0628306878307168,,,2024-06-11,0.29573210928483373
2024-06-11,36.74953703703704,3.057539682539712,,,2024-06-11,0.22516724453269812
2024-06-11,36.74953703703704,3.0588624338624637,,,2024-06-11,0.11367657315247216
2024-06-11,36.74953703703704,3.0601851851852153,,,2024-06-11,0.05405852740642433
2024-06-11,36.74953703703704,3.061507936507965,,,2024-06-11,0.14387554106688039
2024-06-11,36.74953703703704,3.0628306878307168,,,2024-06-11,0.2574022223605488
2024-06-11,36.75046296296296,3.057539682539712,,,2024-06-11,0.22516595693912034
2024-06-11,36.75046296296296,3.0588624338624637,,,2024-06-11,0.11367602791756166
2024-06-11,36.75046296296296,3.0601851851852153,,,2024-06-11,0.05405849702281984
2024-06-11,36.75046296296296,3.061507936507965,,,2024-06-11,0.14387478409339177
2024-06-11,36.75046296296296,3.0628306878307168,,,2024-06-11,0.25740073137508096
2024-06-11,36.75138888888889,3.057539682539712,,,2024-06-11,0.2681416363474062
2024-06-11,36.75138888888889,3.0588624338624637,,,2024-06-11,0.18472391343301875
2024-06-11,36.75138888888889,3.0601851851852153,,,2024-06-11,0.1553162150214607
2024-06-11,36.75138888888889,3.061507936507965,,,2024-06-11,0.20469622494972564
2024-06-11,36.75138888888889,3.0628306878307168,,,2024-06-11,0.29572821605468813
2024-06-11,36.75231481481482,3.057539682539712,,,2024-06-11,0.33808427195944535
2024-06-11,36.75231481481482,3.0588624338624637,,,2024-06-11,0.27663047174165517
2024-06-11,36.75231481481482,3.0601851851852153,,,2024-06-11,0.2579239055025071
2024-06-11,36.75231481481482,3.061507936507965,,,2024-06-11,0.2903479711469829
2024-06-11,36.75231481481482,3.0628306878307168,,,2024-06-11,0.3603554187897976
2024-06-12,36.74768518518518,3.057539682539712,,,2024-06-12,0.3380885596660119
2024-06-12,36.74768518518518,3.0588624338624637,,,2024-06-12,0.276631592011625
2024-06-12,36.74768518518518,3.0601851851852153,,,2024-06-12,0.2579239373431453
2024-06-12,36.74768518518518,3.061507936507965,,,2024-06-12,0.2903498466436768
2024-06-12,36.74768518518518,3.0628306878307168,,,2024-06-12,0.3603607437968025
2024-06-12,36.74861111111111,3.057539682539712,,,2024-06-12,0.26814488002100434
2024-06-12,36.74861111111111,3.0588624338624637,,,2024-06-12,0.18472492001821167
2024-06-12,36.74861111111111,3.0601851851852153,,,2024-06-12,0.15531624674691102
2024-06-12,36.74861111111111,3.061507936507965,,,2024-06-12,0.20469782110899754
2024-06-12,36.74861111111111,3.0628306878307168,,,2024-06-12,0.29573210928483373
2024-06-12,36.74953703703704,3.057539682539712,,,2024-06-12,0.22516724453269812
2024-06-12,36.74953703703704,3.0588624338624637,,,2024-06-12,0.11367657315247216
2024-06-12,36.74953703703704,3.0601851851852153,,,2024-06-12,0.05405852740642433
2024-06-12,36.74953703703704,3.061507936507965,,,2024-06-12,0.14387554106688039
2024-06-12,36.74953703703704,3.0628306878307168,,,2024-06-12,0.2574022223605488
2024-06-12,36.75046296296296,3.057539682539712,,,2024-06-12,0.22516595693912034
2024-06-12,36.75046296296296,3.0588624338624637,,,2024-06-12,0.11367602791756166
2024-06-12,36.75046296296296,3.0601851851852153,,,2024-06-12,0.05405849702281984
2024-06-12,36.75046296296296,3.061507936507965,,,2024-06-12,0.14387478409339177
2024-06-12,36.75046296296296,3.0628306878307168,,,2024-06-12,0.25740073137508096
2024-06-12,36.75138888888889,3.057539682539712,,,2024-06-12,0.2681416363474062
2024-06-12,36.75138888888889,3.0588624338624637,,,2024-06-12,0.18472391343301875
2024-06-12,36.75138888888889,3.0601851851852153,,,2024-06-12,0.1553162150214607
2024-06-12,36.75138888888889,3.061507936507965,,,2024-06-12,0.20469622494972564
2024-06-12,36.75138888888889,3.0628306878307168,,,2024-06-12,0.29572821605468813
2024-06-12,36.75231481481482,3.057539682539712,,,2024-06-12,0.33808427195944535
2024-06-12,36.75231481481482,3.0588624338624637,,,2024-06-12,0.27663047174165517
2024-06-12,36.75231481481482,3.0601851851852153,,,2024-06-12,0.2579239055025071
2024-06-12,36.75231481481482,3.061507936507965,,,2024-06-12,0.2903479711469829
2024-06-12,36.75231481481482,3.0628306878307168,,,2024-06-12,0.3603554187897976
2024-06-13,36.74768518518518,3.057539682539712,,,2024-06-13,0.3380885596660119
2024-06-13,36.74768518518518,3.0588624338624637,,,2024-06-13,0.276631592011625
2024-06-13,36.74768518518518,3.0601851851852153,,,2024-06-13,0.2579239373431453
2024-06-13,36.74768518518518,3.061507936507965,,,2024-06-13,0.2903498466436768
2024-06-13,36.74768518518518,3.0628306878307168,,,2024-06-13,0.3603607437968025
2024-06-13,36.74861111111111,3.057539682539712,,,2024-06-13,0.26814488002100434
2024-06-13,36.74861111111111,3.0588624338624637,,,2024-06-13,0.18472492001821167
2024-06-13,36.74861111111111,3.0601851851852153,,,2024-06-13,0.15531624674691102
2024-06-13,36.74861111111111,3.061507936507965,,,2024-06-13,0.20469782110899754
2024-06-13,36.74861111111111,3.0628306878307168,,,2024-06-13,0.29573210928483373
2024-06-13,36.74953703703704,3.057539682539712,,,2024-06-13,0.22516724453269812
2024-06-13,36.74953703703704,3.0588624338624637,,,2024-06-13,0.11367657315247216
2024-06-13,36.74953703703704,3.0601851851852153,,,2024-06-13,0.05405852740642433
2024-06-13,36.74953703703704,3.061507936507965,,,2024-06-13,0.14387554106688039
2024-06-13,36.74953703703704,3.0628306878307168,,,2024-06-13,0.2574022223605488
2024-06-13,36.75046296296296,3.057539682539712,,,2024-06-13,0.22516595693912034
2024-06-13,36.75046296296296,3.0588624338624637,,,2024-06-13,0.11367602791756166
2024-06-13,36.75046296296296,3.0601851851852153,,,2024-06-13,0.05405849702281984
2024-06-13,36.75046296296296,3.061507936507965,,,2024-06-13,0.14387478409339177
2024-06-13,36.75046296296296,3.0628306878307168,,,2024-06-13,0.25740073137508096
2024-06-13,36.75138888888889,3.057539682539712,,,2024-06-13,0.2681416363474062
2024-06-13,36.75138888888889,3.0588624338624637,,,2024-06-13,0.18472391343301875
2024-06-13,36.75138888888889,3.0601851851852153,,,2024-06-13,0.1553162150214607
2024-06-13,36.75138888888889,3.061507936507965,,,2024-06-13,0.20469622494972564
2024-06-13,36.75138888888889,3.0628306878307168,,,2024-06-13,0.29572821605468813
2024-06-13,36.75231481481482,3.057539682539712,,,2024-06-13,0.33808427195944535
2024-06-13,36.75231481481482,3.0588624338624637,,,2024-06-13,0.27663047174165517
2024-06-13,36.75231481481482,3.0601851851852153,,,2024-06-13,0.2579239055025071
2024-06-13,36.75231481481482,3.061507936507965,,,2024-06-13,0.2903479711469829
2024-06-13,36.75231481481482,3.0628306878307168,,,2024-06-13,0.3603554187897976
2024-06-14,36.74768518518518,3.057539682539712,,,2024-06-14,0.3380885596660119
2024-06-14,36.74768518518518,3.0588624338624637,,,2024-06-14,0.276631592011625
2024-06-14,36.74768518518518,3.0601851851852153,,,2024-06-14,0.2579239373431453
2024-06-14,36.74768518518518,3.061507936507965,,,2024-06-14,0.2903498466436768
2024-06-14,36.74768518518518,3.0628306878307168,,,2024-06-14,0.3603607437968025
2024-06-14,36.74861111111111,3.057539682539712,,,2024-06-14,0.26814488002100434
2024-06-14,36.74861111111111,3.0588624338624637,,,2024-06-14,0.18472492001821167
2024-06-14,36.74861111111111,3.0601851851852153,,,2024-06-14,0.15531624674691102
2024-06-14,36.74861111111111,3.061507936507965,,,2024-06-14,0.20469782110899754
2024-06-14,36.74861111111111,3.0628306878307168,,,2024-06-14,0.29573210928483373
2024-06-14,36.74953703703704,3.057539682539712,,,2024-06-14,0.22516724453269812
2024-06-14,36.74953703703704,3.0588624338624637,,,2024-06-14,0.11367657315247216
2024-06-14,36.74953703703704,3.0601851851852153,,,2024-06-14,0.05405852740642433
2024-06-14,36.74953703703704,3.061507936507965,,,2024-06-14,0.14387554106688039
2024-06-14,36.74953703703704,3.0628306878307168,,,2024-06-14,0.2574022223605488
2024-06-14,36.75046296296296,3.057539682539712,,,2024-06-14,0.22516595693912034
2024-06-14,36.75046296296296,3.0588624338624637,,,2024-06-14,0.11367602791756166
2024-06-14,36.75046296296296,3.0601851851852153,,,2024-06-14,0.05405849702281984
2024-06-14,36.75046296296296,3.061507936507965,,,2024-06-14,0.14387478409339177
2024-06-14,36.75046296296296,3.0628306878307168,,,2024-06-14,0.25740073137508096
2024-06-14,36.75138888888889,3.057539682539712,,,2024-06-14,0.2681416363474062
2024-06-14,36.75138888888889,3.0588624338624637,,,2024-06-14,0.18472391343301875
2024-06-14,36.75138888888889,3.0601851851852153,,,2024-06-14,0.1553162150214607
2024-06-14,36.75138888888889,3.061507936507965,,,2024-06-14,0.20469622494972564
2024-06-14,36.75138888888889,3.0628306878307168,,,2024-06-14,0.29572821605468813
2024-06-14,36.75231481481482,3.057539682539712,,,2024-06-14,0.33808427195944535
2024-06-14,36.75231481481482,3.0588624338624637,,,2024-06-14,0.27663047174165517
2024-06-14,36.75231481481482,3.0601851851852153,,,2024-06-14,0.2579239055025071
2024-06-14,36.75231481481482,3.061507936507965,,,2024-06-14,0.2903479711469829
2024-06-14,36.75231481481482,3.0628306878307168,,,2024-06-14,0.3603554187897976
2024-06-15,36.74768518518518,3.057539682539712,,,2024-06-15,0.3380885596660119
2024-06-15,36.74768518518518,3.0588624338624637,,,2024-06-15,0.276631592011625
2024-06-15,36.74768518518518,3.0601851851852153,,,2024-06-15,0.2579239373431453
2024-06-15,36.74768518518518,3.061507936507965,,,2024-06-15,0.2903498466436768
2024-06-15,36.74768518518518,3.0628306878307168,,,2024-06-15,0.3603607437968025
2024-06-15,36.74861111111111,3.057539682539712,,,2024-06-15,0.26814488002100434
2024-06-15,36.74861111111111,3.0588624338624637,,,2024-06-15,0.18472492001821167
2024-06-15,36.74861111111111,3.0601851851852153,,,2024-06-15,0.15531624674691102
2024-06-15,36.74861111111111,3.061507936507965,,,2024-06-15,0.20469782110899754
2024-06-15,36.74861111111111,3.0628306878307168,,,2024-06-15,0.29573210928483373
2024-06-15,36.74953703703704,3.057539682539712,,,2024-06-15,0.22516724453269812
2024-06-15,36.74953703703704,3.0588624338624637,,,2024-06-15,0.11367657315247216
2024-06-15,36.74953703703704,3.0601851851852153,,,2024-06-15,0.05405852740642433
2024-06-15,36.74953703703704,3.061507936507965,,,2024-06-15,0.14387554106688039
2024-06-15,36.74953703703704,3.0628306878307168,,,2024-06-15,0.2574022223605488
2024-06-15,36.75046296296296,3.057539682539712,,,2024-06-15,0.22516595693912034
2024-06-15,36.75046296296296,3.0588624338624637,,,2024-06-15,0.11367602791756166
2024-06-15,36.75046296296296,3.0601851851852153,,,2024-06-15,0.05405849702281984
2024-06-15,36.75046296296296,3.061507936507965,,,2024-06-15,0.14387478409339177
2024-06-15,36.75046296296296,3.0628306878307168,,,2024-06-15,0.25740073137508096
2024-06-15,36.75138888888889,3.057539682539712,,,2024-06-15,0.2681416363474062
2024-06-15,36.75138888888889,3.0588624338624637,,,2024-06-15,0.18472391343301875
2024-06-15,36.75138888888889,3.0601851851852153,,,2024-06-15,0.1553162150214607
2024-06-15,36.75138888888889,3.061507936507965,,,2024-06-15,0.20469622494972564
2024-06-15,36.75138888888889,3.0628306878307168,,,2024-06-15,0.29572821605468813
2024-06-15,36.75231481481482,3.057539682539712,,,2024-06-15,0.33808427195944535
2024-06-15,36.75231481481482,3.0588624338624637,,,2024-06-15,0.27663047174165517
2024-06-15,36.75231481481482,3.0601851851852153,,,2024-06-15,0.2579239055025071
2024-06-15,36.75231481481482,3.061507936507965,,,2024-06-15,0.2903479711469829
2024-06-15,36.75231481481482,3.0628306878307168,,,2024-06-15,0.3603554187897976
2024-06-16,36.74768518518518,3.057539682539712,,,2024-06-16,0.3380885596660119
2024-06-16,36.74768518518518,3.0588624338624637,,,2024-06-16,0.276631592011625
2024-06-16,36.74768518518518,3.0601851851852153,,,2024-06-16,0.2579239373431453
2024-06-16,36.74768518518518,3.061507936507965,,,2024-06-16,0.2903498466436768
2024-06-16,36.74768518518518,3.0628306878307168,,,2024-06-16,0.3603607437968025
2024-06-16,36.74861111111111,3.057539682539712,,,2024-06-16,0.26814488002100434
2024-06-16,36.74861111111111,3.0588624338624637,,,2024-06-16,0.18472492001821167
2024-06-16,36.74861111111111,3.0601851851852153,,,2024-06-16,0.15531624674691102
2024-06-16,36.74861111111111,3.061507936507965,,,2024-06-16,0.20469782110899754
2024-06-16,36.74861111111111,3.0628306878307168,,,2024-06-16,0.29573210928483373
2024-06-16,36.74953703703704,3.057539682539712,,,2024-06-16,0.22516724453269812
2024-06-16,36.74953703703704,3.0588624338624637,,,2024-06-16,0.11367657315247216
2024-06-16,36.74953703703704,3.0601851851852153,,,2024-06-16,0.05405852740642433
2024-06-16,36.74953703703704,3.061507936507965,,,2024-06-16,0.14387554106688039
2024-06-16,36.74953703703704,3.0628306878307168,,,2024-06-16,0.2574022223605488
2024-06-16,36.75046296296296,3.057539682539712,,,2024-06-16,0.22516595693912034
2024-06-16,36.75046296296296,3.0588624338624637,,,2024-06-16,0.11367602791756166
2024-06-16,36.75046296296296,3.0601851851852153,,,2024-06-16,0.05405849702281984
2024-06-16,36.75046296296296,3.061507936507965,,,2024-06-16,0.14387478409339177
2024-06-16,36.75046296296296,3.0628306878307168,,,2024-06-16,0.25740073137508096
2024-06-16,36.75138888888889,3.057539682539712,,,2024-06-16,0.2681416363474062
2024-06-16,36.75138888888889,3.0588624338624637,,,2024-06-16,0.18472391343301875
2024-06-16,36.75138888888889,3.0601851851852153,,,2024-06-16,0.1553162150214607
2024-06-16,36.75138888888889,3.061507936507965,,,2024-06-16,0.20469622494972564
2024-06-16,36.75138888888889,3.0628306878307168,,,2024-06-16,0.29572821605468813
2024-06-16,36.75231481481482,3.057539682539712,,,2024-06-16,0.33808427195944535
2024-06-16,36.75231481481482,3.0588624338624637,,,2024-06-16,0.27663047174165517
2024-06-16,36.75231481481482,3.0601851851852153,,,2024-06-16,0.2579239055025071
2024-06-16,36.75231481481482,3.061507936507965,,,2024-06-16,0.2903479711469829
2024-06-16,36.75231481481482,3.0628306878307168,,,2024-06-16,0.3603554187897976
2024-06-17,36.74768518518518,3.057539682539712,,,2024-06-17,0.3380885596660119
2024-06-17,36.74768518518518,3.0588624338624637,,,2024-06-17,0.276631592011625
2024-06-17,36.74768518518518,3.0601851851852153,,,2024-06-17,0.2579239373431453
2024-06-17,36.74768518518518,3.061507936507965,,,2024-06-17,0.2903498466436768
2024-06-17,36.74768518518518,3.0628306878307168,,,2024-06-17,0.3603607437968025
2024-06-17,36.74861111111111,3.057539682539712,,,2024-06-17,0.26814488002100434
2024-06-17,36.74861111111111,3.0588624338624637,,,2024-06-17,0.18472492001821167
2024-06-17,36.74861111111111,3.0601851851852153,,,2024-06-17,0.15531624674691102
2024-06-17,36.74861111111111,3.061507936507965,,,2024-06-17,0.20469782110899754
2024-06-17,36.74861111111111,3.0628306878307168,,,2024-06-17,0.29573210928483373
2024-06-17,36.74953703703704,3.057539682539712,,,2024-06-17,0.22516724453269812
2024-06-17,36.74953703703704,3.0588624338624637,,,2024-06-17,0.11367657315247216
2024-06-17,36.74953703703704,3.0601851851852153,,,2024-06-17,0.05405852740642433
2024-06-17,36.74953703703704,3.061507936507965,,,2024-06-17,0.14387554106688039
2024-06-17,36.74953703703704,3.0628306878307168,,,2024-06-17,0.2574022223605488
2024-06-17,36.75046296296296,3.057539682539712,,,2024-06-17,0.22516595693912034
2024-06-17,36.75046296296296,3.0588624338624637,,,2024-06-17,0.11367602791756166
2024-06-17,36.75046296296296,3.0601851851852153,,,2024-06-17,0.05405849702281984
2024-06-17,36.75046296296296,3.061507936507965,,,2024-06-17,0.14387478409339177
2024-06-17,36.75046296296296,3.0628306878307168,,,2024-06-17,0.25740073137508096
2024-06-17,36.75138888888889,3.057539682539712,,,2024-06-17,0.2681416363474062
2024-06-17,36.75138888888889,3.0588624338624637,,,2024-06-17,0.18472391343301875
2024-06-17,36.75138888888889,3.0601851851852153,,,2024-06-17,0.1553162150214607
2024-06-17,36.75138888888889,3.061507936507965,,,2024-06-17,0.20469622494972564
2024-06-17,36.75138888888889,3.0628306878307168,,,2024-06-17,0.29572821605468813
2024-06-17,36.75231481481482,3.057539682539712,,,2024-06-17,0.33808427195944535
2024-06-17,36.75231481481482,3.0588624338624637,,,2024-06-17,0.27663047174165517
2024-06-17,36.75231481481482,3.0601851851852153,,,2024-06-17,0.2579239055025071
2024-06-17,36.75231481481482,3.061507936507965,,,2024-06-17,0.2903479711469829
2024-06-17,36.75231481481482,3.0628306878307168,,,2024-06-17,0.3603554187897976
2024-06-18,36.74768518518518,3.057539682539712,,,2024-06-18,0.3380885596660119
2024-06-18,36.74768518518518,3.0588624338624637,,,2024-06-18,0.276631592011625
2024-06-18,36.74768518518518,3.0601851851852153,,,2024-06-18,0.2579239373431453
2024-06-18,36.74768518518518,3.061507936507965,,,2024-06-18,0.2903498466436768
2024-06-18,36.74768518518518,3.0628306878307168,,,2024-06-18,0.3603607437968025
2024-06-18,36.74861111111111,3.057539682539712,,,2024-06-18,0.26814488002100434
2024-06-18,36.74861111111111,3.0588624338624637,,,2024-06-18,0.18472492001821167
2024-06-18,36.74861111111111,3.0601851851852153,,,2024-06-18,0.15531624674691102
2024-06-18,36.74861111111111,3.061507936507965,,,2024-06-18,0.20469782110899754
2024-06-18,36.74861111111111,3.0628306878307168,,,2024-06-18,0.29573210928483373
2024-06-18,36.74953703703704,3.057539682539712,,,2024-06-18,0.22516724453269812
2024-06-18,36.74953703703704,3.0588624338624637,,,2024-06-18,0.11367657315247216
2024-06-18,36.74953703703704,3.0601851851852153,,,2024-06-18,0.05405852740642433
2024-06-18,36.74953703703704,3.061507936507965,,,2024-06-18,0.14387554106688039
2024-06-18,36.74953703703704,3.0628306878307168,,,2024-06-18,0.2574022223605488
2024-06-18,36.75046296296296,3.057539682539712,,,2024-06-18,0.22516595693912034
2024-06-18,36.75046296296296,3.0588624338624637,,,2024-06-18,0.11367602791756166
2024-06-18,36.75046296296296,3.0601851851852153,,,2024-06-18,0.05405849702281984
2024-06-18,36.75046296296296,3.061507936507965,,,2024-06-18,0.14387478409339177
2024-06-18,36.75046296296296,3.0628306878307168,,,2024-06-18,0.25740073137508096
2024-06-18,36.75138888888889,3.057539682539712,,,2024-06-18,0.2681416363474062
2024-06-18,36.75138888888889,3.0588624338624637,,,2024-06-18,0.18472391343301875
2024-06-18,36.75138888888889,3.0601851851852153,,,2024-06-18,0.1553162150214607
2024-06-18,36.75138888888889,3.061507936507965,,,2024-06-18,0.20469622494972564
2024-06-18,36.75138888888889,3.0628306878307168,,,2024-06-18,0.29572821605468813
2024-06-18,36.75231481481482,3.057539682539712,,,2024-06-18,0.33808427195944535
2024-06-18,36.75231481481482,3.0588624338624637,,,2024-06-18,0.27663047174165517
2024-06-18,36.75231481481482,3.0601851851852153,,,2024-06-18,0.2579239055025071
2024-06-18,36.75231481481482,3.061507936507965,,,2024-06-18,0.2903479711469829
2024-06-18,36.75231481481482,3.0628306878307168,,,2024-06-18,0.3603554187897976
2024-06-19,36.74768518518518,3.057539682539712,,,2024-06-19,0.3380885596660119
2024-06-19,36.74768518518518,3.0588624338624637,,,2024-06-19,0.276631592011625
2024-06-19,36.74768518518518,3.0601851851852153,,,2024-06-19,0.2579239373431453
2024-06-19,36.74768518518518,3.061507936507965,,,2024-06-19,0.2903498466436768
2024-06-19,36.74768518518518,3.0628306878307168,,,2024-06-19,0.3603607437968025
2024-06-19,36.74861111111111,3.057539682539712,,,2024-06-19,0.26814488002100434
2024-06-19,36.74861111111111,3.0588624338624637,,,2024-06-19,0.18472492001821167
2024-06-19,36.74861111111111,3.0601851851852153,,,2024-06-19,0.15531624674691102
2024-06-19,36.74861111111111,3.061507936507965,,,2024-06-19,0.20469782110899754
2024-06-19,36.74861111111111,3.0628306878307168,,,2024-06-19,0.29573210928483373
2024-06-19,36.74953703703704,3.057539682539712,,,2024-06-19,0.22516724453269812
2024-06-19,36.74953703703704,3.0588624338624637,,,2024-06-19,0.11367657315247216
2024-06-19,36.74953703703704,3.0601851851852153,,,2024-06-19,0.05405852740642433
2024-06-19,36.74953703703704,3.061507936507965,,,2024-06-19,0.14387554106688039
2024-06-19,36.74953703703704,3.0628306878307168,,,2024-06-19,0.2574022223605488
2024-06-19,36.75046296296296,3.057539682539712,,,2024-06-19,0.22516595693912034
2024-06-19,36.75046296296296,3.0588624338624637,,,2024-06-19,0.11367602791756166
2024-06-19,36.75046296296296,3.0601851851852153,,,2024-06-19,0.05405849702281984
2024-06-19,36.75046296296296,3.061507936507965,,,2024-06-19,0.14387478409339177
2024-06-19,36.75046296296296,3.0628306878307168,,,2024-06-19,0.25740073137508096
2024-06-19,36.75138888888889,3.057539682539712,,,2024-06-19,0.2681416363474062
2024-06-19,36.75138888888889,3.0588624338624637,,,2024-06-19,0.18472391343301875
2024-06-19,36.75138888888889,3.0601851851852153,,,2024-06-19,0.1553162150214607
2024-06-19,36.75138888888889,3.061507936507965,,,2024-06-19,0.20469622494972564
2024-06-19,36.75138888888889,3.0628306878307168,,,2024-06-19,0.29572821605468813
2024-06-19,36.75231481481482,3.057539682539712,,,2024-06-19,0.33808427195944535
2024-06-19,36.75231481481482,3.0588624338624637,,,2024-06-19,0.27663047174165517
2024-06-19,36.75231481481482,3.0601851851852153,,,2024-06-19,0.2579239055025071
2024-06-19,36.75231481481482,3.061507936507965,,,2024-06-19,0.2903479711469829
2024-06-19,36.75231481481482,3.0628306878307168,,,2024-06-19,0.3603554187897976
2024-06-20,36.74768518518518,3.057539682539712,,,2024-06-20,0.3380885596660119
2024-06-20,36.74768518518518,3.0588624338624637,,,2024-06-20,0.276631592011625
2024-06-20,36.74768518518518,3.0601851851852153,,,2024-06-20,0.2579239373431453
2024-06-20,36.74768518518518,3.061507936507965,,,2024-06-20,0.2903498466436768
2024-06-20,36.74768518518518,3.0628306878307168,,,2024-06-20,0.3603607437968025
2024-06-20,36.74861111111111,3.057539682539712,,,2024-06-20,0.26814488002100434
2024-06-20,36.74861111111111,3.0588624338624637,,,2024-06-20,0.18472492001821167
2024-06-20,36.74861111111111,3.0601851851852153,,,2024-06-20,0.15531624674691102
2024-06-20,36.74861111111111,3.061507936507965,,,2024-06-20,0.20469782110899754
2024-06-20,36.74861111111111,3.0628306878307168,,,2024-06-20,0.29573210928483373
2024-06-20,36.74953703703704,3.057539682539712,,,2024-06-20,0.22516724453269812
2024-06-20,36.74953703703704,3.0588624338624637,,,2024-06-20,0.11367657315247216
2024-06-20,36.74953703703704,3.0601851851852153,,,2024-06-20,0.05405852740642433
2024-06-20,36.74953703703704,3.061507936507965,,,2024-06-20,0.14387554106688039
2024-06-20,36.74953703703704,3.0628306878307168,,,2024-06-20,0.2574022223605488
2024-06-20,36.75046296296296,3.057539682539712,,,2024-06-20,0.22516595693912034
2024-06-20,36.75046296296296,3.0588624338624637,,,2024-06-20,0.11367602791756166
2024-06-20,36.75046296296296,3.0601851851852153,,,2024-06-20,0.05405849702281984
2024-06-20,36.75046296296296,3.061507936507965,,,2024-06-20,0.14387478409339177
2024-06-20,36.75046296296296,3.0628306878307168,,,2024-06-20,0.25740073137508096
2024-06-20,36.75138888888889,3.057539682539712,,,2024-06-20,0.2681416363474062
2024-06-20,36.75138888888889,3.0588624338624637,,,2024-06-20,0.18472391343301875
2024-06-20,36.75138888888889,3.0601851851852153,,,2024-06-20,0.1553162150214607
2024-06-20,36.75138888888889,3.061507936507965,,,2024-06-20,0.20469622494972564
2024-06-20,36.75138888888889,3.0628306878307168,,,2024-06-20,0.29572821605468813
2024-06-20,36.75231481481482,3.057539682539712,,,2024-06-20,0.33808427195944535
2024-06-20,36.75231481481482,3.0588624338624637,,,2024-06-20,0.27663047174165517
2024-06-20,36.75231481481482,3.0601851851852153,,,2024-06-20,0.2579239055025071
2024-06-20,36.75231481481482,3.061507936507965,,,2024-06-20,0.2903479711469829
2024-06-20,36.75231481481482,3.0628306878307168,,,2024-06-20,0.3603554187897976
2024-06-21,36.74768518518518,3.057539682539712,,,2024-06-21,0.3380885596660119
2024-06-21,36.74768518518518,3.0588624338624637,,,2024-06-21,0.276631592011625
2024-06-21,36.74768518518518,3.0601851851852153,,,2024-06-21,0.2579239373431453
2024-06-21,36.74768518518518,3.061507936507965,,,2024-06-21,0.2903498466436768
2024-06-21,36.74768518518518,3.0628306878307168,,,2024-06-21,0.3603607437968025
2024-06-21,36.74861111111111,3.057539682539712,,,2024-06-21,0.26814488002100434
2024-06-21,36.74861111111111,3.0588624338624637,,,2024-06-21,0.18472492001821167
2024-06-21,36.74861111111111,3.0601851851852153,,,2024-06-21,0.15531624674691102
2024-06-21,36.74861111111111,3.061507936507965,,,2024-06-21,0.20469782110899754
2024-06-21,36.74861111111111,3.0628306878307168,,,2024-06-21,0.29573210928483373
2024-06-21,36.74953703703704,3.057539682539712,,,2024-06-21,0.22516724453269812
2024-06-21,36.74953703703704,3.0588624338624637,,,2024-06-21,0.11367657315247216
2024-06-21,36.74953703703704,3.0601851851852153,,,2024-06-21,0.05405852740642433
2024-06-21,36.74953703703704,3.061507936507965,,,2024-06-21,0.14387554106688039
2024-06-21,36.74953703703704,3.0628306878307168,,,2024-06-21,0.2574022223605488
2024-06-21,36.75046296296296,3.057539682539712,,,2024-06-21,0.22516595693912034
2024-06-21,36.75046296296296,3.0588624338624637,,,2024-06-21,0.11367602791756166
2024-06-21,36.75046296296296,3.0601851851852153,,,2024-06-21,0.05405849702281984
2024-06-21,36.75046296296296,3.061507936507965,,,2024-06-21,0.14387478409339177
2024-06-21,36.75046296296296,3.0628306878307168,,,2024-06-21,0.25740073137508096
2024-06-21,36.75138888888889,3.057539682539712,,,2024-06-21,0.2681416363474062
2024-06-21,36.75138888888889,3.0588624338624637,,,2024-06-21,0.18472391343301875
2024-06-21,36.75138888888889,3.0601851851852153,,,2024-06-21,0.1553162150214607
2024-06-21,36.75138888888889,3.061507936507965,,,2024-06-21,0.20469622494972564
2024-06-21,36.75138888888889,3.0628306878307168,,,2024-06-21,0.29572821605468813
2024-06-21,36.75231481481482,3.057539682539712,,,2024-06-21,0.33808427195944535
2024-06-21,36.75231481481482,3.0588624338624637,,,2024-06-21,0.27663047174165517
2024-06-21,36.75231481481482,3.0601851851852153,,,2024-06-21,0.2579239055025071
2024-06-21,36.75231481481482,3.061507936507965,,,2024-06-21,0.2903479711469829
2024-06-21,36.75231481481482,3.0628306878307168,,,2024-06-21,0.3603554187897976
2024-06-22,36.74768518518518,3.057539682539712,,,2024-06-22,0.3380885596660119
2024-06-22,36.74768518518518,3.0588624338624637,,,2024-06-22,0.276631592011625
2024-06-22,36.74768518518518,3.0601851851852153,,,2024-06-22,0.2579239373431453
2024-06-22,36.74768518518518,3.061507936507965,,,2024-06-22,0.2903498466436768
2024-06-22,36.74768518518518,3.0628306878307168,,,2024-06-22,0.3603607437968025
2024-06-22,36.74861111111111,3.057539682539712,,,2024-06-22,0.26814488002100434
2024-06-22,36.74861111111111,3.0588624338624637,,,2024-06-22,0.18472492001821167
2024-06-22,36.74861111111111,3.0601851851852153,,,2024-06-22,0.15531624674691102
2024-06-22,36.74861111111111,3.061507936507965,,,2024-06-22,0.20469782110899754
2024-06-22,36.74861111111111,3.0628306878307168,,,2024-06-22,0.29573210928483373
2024-06-22,36.74953703703704,3.057539682539712,,,2024-06-22,0.22516724453269812
2024-06-22,36.74953703703704,3.0588624338624637,,,2024-06-22,0.11367657315247216
2024-06-22,36.74953703703704,3.0601851851852153,,,2024-06-22,0.05405852740642433
2024-06-22,36.74953703703704,3.061507936507965,,,2024-06-22,0.14387554106688039
2024-06-22,36.74953703703704,3.0628306878307168,,,2024-06-22,0.2574022223605488
2024-06-22,36.75046296296296,3.057539682539712,,,2024-06-22,0.22516595693912034
2024-06-22,36.75046296296296,3.0588624338624637,,,2024-06-22,0.11367602791756166
2024-06-22,36.75046296296296,3.0601851851852153,,,2024-06-22,0.05405849702281984
2024-06-22,36.75046296296296,3.061507936507965,,,2024-06-22,0.14387478409339177
2024-06-22,36.75046296296296,3.0628306878307168,,,2024-06-22,0.25740073137508096
2024-06-22,36.75138888888889,3.057539682539712,,,2024-06-22,0.2681416363474062
2024-06-22,36.75138888888889,3.0588624338624637,,,2024-06-22,0.18472391343301875
2024-06-22,36.75138888888889,3.0601851851852153,,,2024-06-22,0.1553162150214607
2024-06-22,36.75138888888889,3.061507936507965,,,2024-06-22,0.20469622494972564
2024-06-22,36.75138888888889,3.0628306878307168,,,2024-06-22,0.29572821605468813
2024-06-22,36.75231481481482,3.057539682539712,,,2024-06-22,0.33808427195944535
2024-06-22,36.75231481481482,3.0588624338624637,,,2024-06-22,0.27663047174165517
2024-06-22,36.75231481481482,3.0601851851852153,,,2024-06-22,0.2579239055025071
2024-06-22,36.75231481481482,3.061507936507965,,,2024-06-22,0.2903479711469829
2024-06-22,36.75231481481482,3.0628306878307168,,,2024-06-22,0.3603554187897976
2024-06-23,36.74768518518518,3.057539682539712,,,2024-06-23,0.3380885596660119
2024-06-23,36.74768518518518,3.0588624338624637,,,2024-06-23,0.276631592011625
2024-06-23,36.74768518518518,3.0601851851852153,,,2024-06-23,0.2579239373431453
2024-06-23,36.74768518518518,3.061507936507965,,,2024-06-23,0.2903498466436768
2024-06-23,36.74768518518518,3.0628306878307168,,,2024-06-23,0.3603607437968025
2024-06-23,36.74861111111111,3.057539682539712,,,2024-06-23,0.26814488002100434
2024-06-23,36.74861111111111,3.0588624338624637,,,2024-06-23,0.18472492001821167
2024-06-23,36.74861111111111,3.0601851851852153,,,2024-06-23,0.15531624674691102
2024-06-23,36.74861111111111,3.061507936507965,,,2024-06-23,0.20469782110899754
2024-06-23,36.74861111111111,3.0628306878307168,,,2024-06-23,0.29573210928483373
2024-06-23,36.74953703703704,3.057539682539712,,,2024-06-23,0.22516724453269812
2024-06-23,36.74953703703704,3.0588624338624637,,,2024-06-23,0.11367657315247216
2024-06-23,36.74953703703704,3.0601851851852153,,,2024-06-23,0.05405852740642433
2024-06-23,36.74953703703704,3.061507936507965,,,2024-06-23,0.14387554106688039
2024-06-23,36.74953703703704,3.0628306878307168,,,2024-06-23,0.2574022223605488
2024-06-23,36.75046296296296,3.057539682539712,,,2024-06-23,0.22516595693912034
2024-06-23,36.75046296296296,3.0588624338624637,,,2024-06-23,0.11367602791756166
2024-06-23,36.75046296296296,3.0601851851852153,,,2024-06-23,0.05405849702281984
2024-06-23,36.75046296296296,3.061507936507965,,,2024-06-23,0.14387478409339177
2024-06-23,36.75046296296296,3.0628306878307168,,,2024-06-23,0.25740073137508096
2024-06-23,36.75138888888889,3.057539682539712,,,2024-06-23,0.2681416363474062
2024-06-23,36.75138888888889,3.0588624338624637,,,2024-06-23,0.18472391343301875
2024-06-23,36.75138888888889,3.0601851851852153,,,2024-06-23,0.1553162150214607
2024-06-23,36.75138888888889,3.061507936507965,,,2024-06-23,0.20469622494972564
2024-06-23,36.75138888888889,3.0628306878307168,,,2024-06-23,0.29572821605468813
2024-06-23,36.75231481481482,3.057539682539712,,,2024-06-23,0.33808427195944535
2024-06-23,36.75231481481482,3.0588624338624637,,,2024-06-23,0.27663047174165517
2024-06-23,36.75231481481482,3.0601851851852153,,,2024-06-23,0.2579239055025071
2024-06-23,36.75231481481482,3.061507936507965,,,2024-06-23,0.2903479711469829
2024-06-23,36.75231481481482,3.0628306878307168,,,2024-06-23,0.3603554187897976
2024-06-24,36.74768518518518,3.057539682539712,,,2024-06-24,0.3380885596660119
2024-06-24,36.74768518518518,3.0588624338624637,,,2024-06-24,0.276631592011625
2024-06-24,36.74768518518518,3.0601851851852153,,,2024-06-24,0.2579239373431453
2024-06-24,36.74768518518518,3.061507936507965,,,2024-06-24,0.2903498466436768
2024-06-24,36.74768518518518,3.0628306878307168,,,2024-06-24,0.3603607437968025
2024-06-24,36.74861111111111,3.057539682539712,,,2024-06-24,0.26814488002100434
2024-06-24,36.74861111111111,3.0588624338624637,,,2024-06-24,0.18472492001821167
2024-06-24,36.74861111111111,3.0601851851852153,,,2024-06-24,0.15531624674691102
2024-06-24,36.74861111111111,3.061507936507965,,,2024-06-24,0.20469782110899754
2024-06-24,36.74861111111111,3.0628306878307168,,,2024-06-24,0.29573210928483373
2024-06-24,36.74953703703704,3.057539682539712,,,2024-06-24,0.22516724453269812
2024-06-24,36.74953703703704,3.0588624338624637,,,2024-06-24,0.11367657315247216
2024-06-24,36.74953703703704,3.0601851851852153,,,2024-06-24,0.05405852740642433
2024-06-24,36.74953703703704,3.061507936507965,,,2024-06-24,0.14387554106688039
2024-06-24,36.74953703703704,3.0628306878307168,,,2024-06-24,0.2574022223605488
2024-06-24,36.75046296296296,3.057539682539712,,,2024-06-24,0.22516595693912034
2024-06-24,36.75046296296296,3.0588624338624637,,,2024-06-24,0.11367602791756166
2024-06-24,36.75046296296296,3.0601851851852153,,,2024-06-24,0.05405849702281984
2024-06-24,36.75046296296296,3.061507936507965,,,2024-06-24,0.14387478409339177
2024-06-24,36.75046296296296,3.0628306878307168,,,2024-06-24,0.25740073137508096
2024-06-24,36.75138888888889,3.057539682539712,,,2024-06-24,0.2681416363474062
2024-06-24,36.75138888888889,3.0588624338624637,,,2024-06-24,0.18472391343301875
2024-06-24,36.75138888888889,3.0601851851852153,,,2024-06-24,0.1553162150214607
2024-06-24,36.75138888888889,3.061507936507965,,,2024-06-24,0.20469622494972564
2024-06-24,36.75138888888889,3.0628306878307168,,,2024-06-24,0.29572821605468813
2024-06-24,36.75231481481482,3.057539682539712,,,2024-06-24,0.33808427195944535
2024-06-24,36.75231481481482,3.0588624338624637,,,2024-06-24,0.27663047174165517
2024-06-24,36.75231481481482,3.0601851851852153,,,2024-06-24,0.2579239055025071
2024-06-24,36.75231481481482,3.061507936507965,,,2024-06-24,0.2903479711469829
2024-06-24,36.75231481481482,3.0628306878307168,,,2024-06-24,0.3603554187897976
2024-06-25,36.74768518518518,3.057539682539712,,,2024-06-25,0.3380885596660119
2024-06-25,36.74768518518518,3.0588624338624637,,,2024-06-25,0.276631592011625
2024-06-25,36.74768518518518,3.0601851851852153,,,2024-06-25,0.2579239373431453
2024-06-25,36.74768518518518,3.061507936507965,,,2024-06-25,0.2903498466436768
2024-06-25,36.74768518518518,3.0628306878307168,,,2024-06-25,0.3603607437968025
2024-06-25,36.74861111111111,3.057539682539712,,,2024-06-25,0.26814488002100434
2024-06-25,36.74861111111111,3.0588624338624637,,,2024-06-25,0.18472492001821167
2024-06-25,36.74861111111111,3.0601851851852153,,,2024-06-25,0.15531624674691102
2024-06-25,36.74861111111111,3.061507936507965,,,2024-06-25,0.20469782110899754
2024-06-25,36.74861111111111,3.0628306878307168,,,2024-06-25,0.29573210928483373
2024-06-25,36.74953703703704,3.057539682539712,,,2024-06-25,0.22516724453269812
2024-06-25,36.74953703703704,3.0588624338624637,,,2024-06-25,0.11367657315247216
2024-06-25,36.74953703703704,3.0601851851852153,,,2024-06-25,0.05405852740642433
2024-06-25,36.74953703703704,3.061507936507965,,,2024-06-25,0.14387554106688039
2024-06-25,36.74953703703704,3.0628306878307168,,,2024-06-25,0.2574022223605488
2024-06-25,36.75046296296296,3.057539682539712,,,2024-06-25,0.22516595693912034
2024-06-25,36.75046296296296,3.0588624338624637,,,2024-06-25,0.11367602791756166
2024-06-25,36.75046296296296,3.0601851851852153,,,2024-06-25,0.05405849702281984
2024-06-25,36.75046296296296,3.061507936507965,,,2024-06-25,0.14387478409339177
2024-06-25,36.75046296296296,3.0628306878307168,,,2024-06-25,0.25740073137508096
2024-06-25,36.75138888888889,3.057539682539712,,,2024-06-25,0.2681416363474062
2024-06-25,36.75138888888889,3.0588624338624637,,,2024-06-25,0.18472391343301875
2024-06-25,36.75138888888889,3.0601851851852153,,,2024-06-25,0.1553162150214607
2024-06-25,36.75138888888889,3.061507936507965,,,2024-06-25,0.20469622494972564
2024-06-25,36.75138888888889,3.0628306878307168,,,2024-06-25,0.29572821605468813
2024-06-25,36.75231481481482,3.057539682539712,,,2024-06-25,0.33808427195944535
2024-06-25,36.75231481481482,3.0588624338624637,,,2024-06-25,0.27663047174165517
2024-06-25,36.75231481481482,3.0601851851852153,,,2024-06-25,0.2579239055025071
2024-06-25,36.75231481481482,3.061507936507965,,,2024-06-25,0.2903479711469829
2024-06-25,36.75231481481482,3.0628306878307168,,,2024-06-25,0.3603554187897976
2024-06-26,36.74768518518518,3.057539682539712,,,2024-06-26,0.3380885596660119
2024-06-26,36.74768518518518,3.0588624338624637,,,2024-06-26,0.276631592011625
2024-06-26,36.74768518518518,3.0601851851852153,,,2024-06-26,0.2579239373431453
2024-06-26,36.74768518518518,3.061507936507965,,,2024-06-26,0.2903498466436768
2024-06-26,36.74768518518518,3.0628306878307168,,,2024-06-26,0.3603607437968025
2024-06-26,36.74861111111111,3.057539682539712,,,2024-06-26,0.26814488002100434
2024-06-26,36.74861111111111,3.0588624338624637,,,2024-06-26,0.18472492001821167
2024-06-26,36.74861111111111,3.0601851851852153,,,2024-06-26,0.15531624674691102
2024-06-26,36.74861111111111,3.061507936507965,,,2024-06-26,0.20469782110899754
2024-06-26,36.74861111111111,3.0628306878307168,,,2024-06-26,0.29573210928483373
2024-06-26,36.74953703703704,3.057539682539712,,,2024-06-26,0.22516724453269812
2024-06-26,36.74953703703704,3.0588624338624637,,,2024-06-26,0.11367657315247216
2024-06-26,36.74953703703704,3.0601851851852153,,,2024-06-26,0.05405852740642433
2024-06-26,36.74953703703704,3.061507936507965,,,2024-06-26,0.14387554106688039
2024-06-26,36.74953703703704,3.0628306878307168,,,2024-06-26,0.2574022223605488
2024-06-26,36.75046296296296,3.057539682539712,,,2024-06-26,0.22516595693912034
2024-06-26,36.75046296296296,3.0588624338624637,,,2024-06-26,0.11367602791756166
2024-06-26,36.75046296296296,3.0601851851852153,,,2024-06-26,0.05405849702281984
2024-06-26,36.75046296296296,3.061507936507965,,,2024-06-26,0.14387478409339177
2024-06-26,36.75046296296296,3.0628306878307168,,,2024-06-26,0.25740073137508096
2024-06-26,36.75138888888889,3.057539682539712,,,2024-06-26,0.2681416363474062
2024-06-26,36.75138888888889,3.0588624338624637,,,2024-06-26,0.18472391343301875
2024-06-26,36.75138888888889,3.0601851851852153,,,2024-06-26,0.1553162150214607
2024-06-26,36.75138888888889,3.061507936507965,,,2024-06-26,0.20469622494972564
2024-06-26,36.75138888888889,3.0628306878307168,,,2024-06-26,0.29572821605468813
2024-06-26,36.75231481481482,3.057539682539712,,,2024-06-26,0.33808427195944535
2024-06-26,36.75231481481482,3.0588624338624637,,,2024-06-26,0.27663047174165517
2024-06-26,36.75231481481482,3.0601851851852153,,,2024-06-26,0.2579239055025071
2024-06-26,36.75231481481482,3.061507936507965,,,2024-06-26,0.2903479711469829
2024-06-26,36.75231481481482,3.0628306878307168,,,2024-06-26,0.3603554187897976
2024-06-27,36.74768518518518,3.057539682539712,,,2024-06-27,0.3380885596660119
2024-06-27,36.74768518518518,3.0588624338624637,,,2024-06-27,0.276631592011625
2024-06-27,36.74768518518518,3.0601851851852153,,,2024-06-27,0.2579239373431453
2024-06-27,36.74768518518518,3.061507936507965,,,2024-06-27,0.2903498466436768
2024-06-27,36.74768518518518,3.0628306878307168,,,2024-06-27,0.3603607437968025
2024-06-27,36.74861111111111,3.057539682539712,,,2024-06-27,0.26814488002100434
2024-06-27,36.74861111111111,3.0588624338624637,,,2024-06-27,0.18472492001821167
2024-06-27,36.74861111111111,3.0601851851852153,,,2024-06-27,0.15531624674691102
2024-06-27,36.74861111111111,3.061507936507965,,,2024-06-27,0.20469782110899754
2024-06-27,36.74861111111111,3.0628306878307168,,,2024-06-27,0.29573210928483373
2024-06-27,36.74953703703704,3.057539682539712,,,2024-06-27,0.22516724453269812
2024-06-27,36.74953703703704,3.0588624338624637,,,2024-06-27,0.11367657315247216
2024-06-27,36.74953703703704,3.0601851851852153,,,2024-06-27,0.05405852740642433
2024-06-27,36.74953703703704,3.061507936507965,,,2024-06-27,0.14387554106688039
2024-06-27,36.74953703703704,3.0628306878307168,,,2024-06-27,0.2574022223605488
2024-06-27,36.75046296296296,3.057539682539712,,,2024-06-27,0.22516595693912034
2024-06-27,36.75046296296296,3.0588624338624637,,,2024-06-27,0.11367602791756166
2024-06-27,36.75046296296296,3.0601851851852153,,,2024-06-27,0.05405849702281984
2024-06-27,36.75046296296296,3.061507936507965,,,2024-06-27,0.14387478409339177
2024-06-27,36.75046296296296,3.0628306878307168,,,2024-06-27,0.25740073137508096
2024-06-27,36.75138888888889,3.057539682539712,,,2024-06-27,0.2681416363474062
2024-06-27,36.75138888888889,3.0588624338624637,,,2024-06-27,0.18472391343301875
2024-06-27,36.75138888888889,3.0601851851852153,,,2024-06-27,0.1553162150214607
2024-06-27,36.75138888888889,3.061507936507965,,,2024-06-27,0.20469622494972564
2024-06-27,36.75138888888889,3.0628306878307168,,,2024-06-27,0.29572821605468813
2024-06-27,36.75231481481482,3.057539682539712,,,2024-06-27,0.33808427195944535
2024-06-27,36.75231481481482,3.0588624338624637,,,2024-06-27,0.27663047174165517
2024-06-27,36.75231481481482,3.0601851851852153,,,2024-06-27,0.2579239055025071
2024-06-27,36.75231481481482,3.061507936507965,,,2024-06-27,0.2903479711469829
2024-06-27,36.75231481481482,3.0628306878307168,,,2024-06-27,0.3603554187897976
2024-06-28,36.74768518518518,3.057539682539712,,,2024-06-28,0.3380885596660119
2024-06-28,36.74768518518518,3.0588624338624637,,,2024-06-28,0.276631592011625
2024-06-28,36.74768518518518,3.0601851851852153,,,2024-06-28,0.2579239373431453
2024-06-28,36.74768518518518,3.061507936507965,,,2024-06-28,0.2903498466436768
2024-06-28,36.74768518518518,3.0628306878307168,,,2024-06-28,0.3603607437968025
2024-06-28,36.74861111111111,3.057539682539712,,,2024-06-28,0.26814488002100434
2024-06-28,36.74861111111111,3.0588624338624637,,,2024-06-28,0.18472492001821167
2024-06-28,36.74861111111111,3.0601851851852153,,,2024-06-28,0.15531624674691102
2024-06-28,36.74861111111111,3.061507936507965,,,2024-06-28,0.20469782110899754
2024-06-28,36.74861111111111,3.0628306878307168,,,2024-06-28,0.29573210928483373
2024-06-28,36.74953703703704,3.057539682539712,,,2024-06-28,0.22516724453269812
2024-06-28,36.74953703703704,3.0588624338624637,,,2024-06-28,0.11367657315247216
2024-06-28,36.74953703703704,3.0601851851852153,,,2024-06-28,0.05405852740642433
2024-06-28,36.74953703703704,3.061507936507965,,,2024-06-28,0.14387554106688039
2024-06-28,36.74953703703704,3.0628306878307168,,,2024-06-28,0.2574022223605488
2024-06-28,36.75046296296296,3.057539682539712,,,2024-06-28,0.22516595693912034
2024-06-28,36.75046296296296,3.0588624338624637,,,2024-06-28,0.11367602791756166
2024-06-28,36.75046296296296,3.0601851851852153,,,2024-06-28,0.05405849702281984
2024-06-28,36.75046296296296,3.061507936507965,,,2024-06-28,0.14387478409339177
2024-06-28,36.75046296296296,3.0628306878307168,,,2024-06-28,0.25740073137508096
2024-06-28,36.75138888888889,3.057539682539712,,,2024-06-28,0.2681416363474062
2024-06-28,36.75138888888889,3.0588624338624637,,,2024-06-28,0.18472391343301875
2024-06-28,36.75138888888889,3.0601851851852153,,,2024-06-28,0.1553162150214607
2024-06-28,36.75138888888889,3.061507936507965,,,2024-06-28,0.20469622494972564
2024-06-28,36.75138888888889,3.0628306878307168,,,2024-06-28,0.29572821605468813
2024-06-28,36.75231481481482,3.057539682539712,,,2024-06-28,0.33808427195944535
2024-06-28,36.75231481481482,3.0588624338624637,,,2024-06-28,0.27663047174165517
2024-06-28,36.75231481481482,3.0601851851852153,,,2024-06-28,0.2579239055025071
2024-06-28,36.75231481481482,3.061507936507965,,,2024-06-28,0.2903479711469829
2024-06-28,36.75231481481482,3.0628306878307168,,,2024-06-28,0.3603554187897976
2024-06-29,36.74768518518518,3.057539682539712,,,2024-06-29,0.3380885596660119
2024-06-29,36.74768518518518,3.0588624338624637,,,2024-06-29,0.276631592011625
2024-06-29,36.74768518518518,3.0601851851852153,,,2024-06-29,0.2579239373431453
2024-06-29,36.74768518518518,3.061507936507965,,,2024-06-29,0.2903498466436768
2024-06-29,36.74768518518518,3.0628306878307168,,,2024-06-29,0.3603607437968025
2024-06-29,36.74861111111111,3.057539682539712,,,2024-06-29,0.26814488002100434
2024-06-29,36.74861111111111,3.0588624338624637,,,2024-06-29,0.18472492001821167
2024-06-29,36.74861111111111,3.0601851851852153,,,2024-06-29,0.15531624674691102
2024-06-29,36.74861111111111,3.061507936507965,,,2024-06-29,0.20469782110899754
2024-06-29,36.74861111111111,3.0628306878307168,,,2024-06-29,0.29573210928483373
2024-06-29,36.74953703703704,3.057539682539712,,,2024-06-29,0.22516724453269812
2024-06-29,36.74953703703704,3.0588624338624637,,,2024-06-29,0.11367657315247216
2024-06-29,36.74953703703704,3.0601851851852153,,,2024-06-29,0.05405852740642433
2024-06-29,36.74953703703704,3.061507936507965,,,2024-06-29,0.14387554106688039
2024-06-29,36.74953703703704,3.0628306878307168,,,2024-06-29,0.2574022223605488
2024-06-29,36.75046296296296,3.057539682539712,,,2024-06-29,0.22516595693912034
2024-06-29,36.75046296296296,3.0588624338624637,,,2024-06-29,0.11367602791756166
2024-06-29,36.75046296296296,3.0601851851852153,,,2024-06-29,0.05405849702281984
2024-06-29,36.75046296296296,3.061507936507965,,,2024-06-29,0.14387478409339177
2024-06-29,36.75046296296296,3.0628306878307168,,,2024-06-29,0.25740073137508096
2024-06-29,36.75138888888889,3.057539682539712,,,2024-06-29,0.2681416363474062
2024-06-29,36.75138888888889,3.0588624338624637,,,2024-06-29,0.18472391343301875
2024-06-29,36.75138888888889,3.0601851851852153,,,2024-06-29,0.1553162150214607
2024-06-29,36.75138888888889,3.061507936507965,,,2024-06-29,0.20469622494972564
2024-06-29,36.75138888888889,3.0628306878307168,,,2024-06-29,0.29572821605468813
2024-06-29,36.75231481481482,3.057539682539712,,,2024-06-29,0.33808427195944535
2024-06-29,36.75231481481482,3.0588624338624637,,,2024-06-29,0.27663047174165517
2024-06-29,36.75231481481482,3.0601851851852153,,,2024-06-29,0.2579239055025071
2024-06-29,36.75231481481482,3.061507936507965,,,2024-06-29,0.2903479711469829
2024-06-29,36.75231481481482,3.0628306878307168,,,2024-06-29,0.3603554187897976
2024-06-30,36.74768518518518,3.057539682539712,,,2024-06-30,0.3380885596660119
2024-06-30,36.74768518518518,3.0588624338624637,,,2024-06-30,0.276631592011625
2024-06-30,36.74768518518518,3.0601851851852153,,,2024-06-30,0.2579239373431453
2024-06-30,36.74768518518518,3.061507936507965,,,2024-06-30,0.2903498466436768
2024-06-30,36.74768518518518,3.0628306878307168,,,2024-06-30,0.3603607437968025
2024-06-30,36.74861111111111,3.057539682539712,,,2024-06-30,0.26814488002100434
2024-06-30,36.74861111111111,3.0588624338624637,,,2024-06-30,0.18472492001821167
2024-06-30,36.74861111111111,3.0601851851852153,,,2024-06-30,0.15531624674691102
2024-06-30,36.74861111111111,3.061507936507965,,,2024-06-30,0.20469782110899754
2024-06-30,36.74861111111111,3.0628306878307168,,,2024-06-30,0.29573210928483373
2024-06-30,36.74953703703704,3.057539682539712,,,2024-06-30,0.22516724453269812
2024-06-30,36.74953703703704,3.0588624338624637,,,2024-06-30,0.11367657315247216
2024-06-30,36.74953703703704,3.0601851851852153,,,2024-06-30,0.05405852740642433
2024-06-30,36.74953703703704,3.061507936507965,,,2024-06-30,0.14387554106688039
2024-06-30,36.74953703703704,3.0628306878307168,,,2024-06-30,0.2574022223605488
2024-06-30,36.75046296296296,3.057539682539712,,,2024-06-30,0.22516595693912034
2024-06-30,36.75046296296296,3.0588624338624637,,,2024-06-30,0.11367602791756166
2024-06-30,36.75046296296296,3.0601851851852153,,,2024-06-30,0.05405849702281984
2024-06-30,36.75046296296296,3.061507936507965,,,2024-06-30,0.14387478409339177
2024-06-30,36.75046296296296,3.0628306878307168,,,2024-06-30,0.25740073137508096
2024-06-30,36.75138888888889,3.057539682539712,,,2024-06-30,0.2681416363474062
2024-06-30,36.75138888888889,3.0588624338624637,,,2024-06-30,0.18472391343301875
2024-06-30,36.75138888888889,3.0601851851852153,,,2024-06-30,0.1553162150214607
2024-06-30,36.75138888888889,3.061507936507965,,,2024-06-30,0.20469622494972564
2024-06-30,36.75138888888889,3.0628306878307168,,,2024-06-30,0.29572821605468813
2024-06-30,36.75231481481482,3.057539682539712,,,2024-06-30,0.33808427195944535
2024-06-30,36.75231481481482,3.0588624338624637,,,2024-06-30,0.27663047174165517
2024-06-30,36.75231481481482,3.0601851851852153,,,2024-06-30,0.2579239055025071
2024-06-30,36.75231481481482,3.061507936507965,,,2024-06-30,0.2903479711469829
2024-06-30,36.75231481481482,3.0628306878307168,,,2024-06-30,0.3603554187897976
2024-07-01,36.74768518518518,3.057539682539712,,,2024-07-01,0.3380885596660119
2024-07-01,36.74768518518518,3.0588624338624637,,,2024-07-01,0.276631592011625
2024-07-01,36.74768518518518,3.0601851851852153,,,2024-07-01,0.2579239373431453
2024-07-01,36.74768518518518,3.061507936507965,,,2024-07-01,0.2903498466436768
2024-07-01,36.74768518518518,3.0628306878307168,,,2024-07-01,0.3603607437968025
2024-07-01,36.74861111111111,3.057539682539712,,,2024-07-01,0.26814488002100434
2024-07-01,36.74861111111111,3.0588624338624637,,,2024-07-01,0.18472492001821167
2024-07-01,36.74861111111111,3.0601851851852153,,,2024-07-01,0.15531624674691102
2024-07-01,36.74861111111111,3.061507936507965,,,2024-07-01,0.20469782110899754
2024-07-01,36.74861111111111,3.0628306878307168,,,2024-07-01,0.29573210928483373
2024-07-01,36.74953703703704,3.057539682539712,,,2024-07-01,0.22516724453269812
2024-07-01,36.74953703703704,3.0588624338624637,,,2024-07-01,0.11367657315247216
2024-07-01,36.74953703703704,3.0601851851852153,,,2024-07-01,0.05405852740642433
2024-07-01,36.74953703703704,3.061507936507965,,,2024-07-01,0.14387554106688039
2024-07-01,36.74953703703704,3.0628306878307168,,,2024-07-01,0.2574022223605488
2024-07-01,36.75046296296296,3.057539682539712,,,2024-07-01,0.22516595693912034
2024-07-01,36.75046296296296,3.0588624338624637,,,2024-07-01,0.11367602791756166
2024-07-01,36.75046296296296,3.0601851851852153,,,2024-07-01,0.05405849702281984
2024-07-01,36.75046296296296,3.061507936507965,,,2024-07-01,0.14387478409339177
2024-07-01,36.75046296296296,3.0628306878307168,,,2024-07-01,0.25740073137508096
2024-07-01,36.75138888888889,3.057539682539712,,,2024-07-01,0.2681416363474062
2024-07-01,36.75138888888889,3.0588624338624637,,,2024-07-01,0.18472391343301875
2024-07-01,36.75138888888889,3.0601851851852153,,,2024-07-01,0.1553162150214607
2024-07-01,36.75138888888889,3.061507936507965,,,2024-07-01,0.20469622494972564
2024-07-01,36.75138888888889,3.0628306878307168,,,2024-07-01,0.29572821605468813
2024-07-01,36.75231481481482,3.057539682539712,,,2024-07-01,0.33808427195944535
2024-07-01,36.75231481481482,3.0588624338624637,,,2024-07-01,0.27663047174165517
2024-07-01,36.75231481481482,3.0601851851852153,,,2024-07-01,0.2579239055025071
2024-07-01,36.75231481481482,3.061507936507965,,,2024-07-01,0.2903479711469829
2024-07-01,36.75231481481482,3.0628306878307168,,,2024-07-01,0.3603554187897976
2024-07-02,36.74768518518518,3.057539682539712,,,2024-07-02,0.3380885596660119
2024-07-02,36.74768518518518,3.0588624338624637,,,2024-07-02,0.276631592011625
2024-07-02,36.74768518518518,3.0601851851852153,,,2024-07-02,0.2579239373431453
2024-07-02,36.74768518518518,3.061507936507965,,,2024-07-02,0.2903498466436768
2024-07-02,36.74768518518518,3.0628306878307168,,,2024-07-02,0.3603607437968025
2024-07-02,36.74861111111111,3.057539682539712,,,2024-07-02,0.26814488002100434
2024-07-02,36.74861111111111,3.0588624338624637,,,2024-07-02,0.18472492001821167
2024-07-02,36.74861111111111,3.0601851851852153,,,2024-07-02,0.15531624674691102
2024-07-02,36.74861111111111,3.061507936507965,,,2024-07-02,0.20469782110899754
2024-07-02,36.74861111111111,3.0628306878307168,,,2024-07-02,0.29573210928483373
2024-07-02,36.74953703703704,3.057539682539712,,,2024-07-02,0.22516724453269812
2024-07-02,36.74953703703704,3.0588624338624637,,,2024-07-02,0.11367657315247216
2024-07-02,36.74953703703704,3.0601851851852153,,,2024-07-02,0.05405852740642433
2024-07-02,36.74953703703704,3.061507936507965,,,2024-07-02,0.14387554106688039
2024-07-02,36.74953703703704,3.0628306878307168,,,2024-07-02,0.2574022223605488
2024-07-02,36.75046296296296,3.057539682539712,,,2024-07-02,0.22516595693912034
2024-07-02,36.75046296296296,3.0588624338624637,,,2024-07-02,0.11367602791756166
2024-07-02,36.75046296296296,3.0601851851852153,,,2024-07-02,0.05405849702281984
2024-07-02,36.75046296296296,3.061507936507965,,,2024-07-02,0.14387478409339177
2024-07-02,36.75046296296296,3.0628306878307168,,,2024-07-02,0.25740073137508096
2024-07-02,36.75138888888889,3.057539682539712,,,2024-07-02,0.2681416363474062
2024-07-02,36.75138888888889,3.0588624338624637,,,2024-07-02,0.18472391343301875
2024-07-02,36.75138888888889,3.0601851851852153,,,2024-07-02,0.1553162150214607
2024-07-02,36.75138888888889,3.061507936507965,,,2024-07-02,0.20469622494972564
2024-07-02,36.75138888888889,3.0628306878307168,,,2024-07-02,0.29572821605468813
2024-07-02,36.75231481481482,3.057539682539712,,,2024-07-02,0.33808427195944535
2024-07-02,36.75231481481482,3.0588624338624637,,,2024-07-02,0.27663047174165517
2024-07-02,36.75231481481482,3.0601851851852153,,,2024-07-02,0.2579239055025071
2024-07-02,36.75231481481482,3.061507936507965,,,2024-07-02,0.2903479711469829
2024-07-02,36.75231481481482,3.0628306878307168,,,2024-07-02,0.3603554187897976
2024-07-03,36.74768518518518,3.057539682539712,,,2024-07-03,0.3380885596660119
2024-07-03,36.74768518518518,3.0588624338624637,,,2024-07-03,0.276631592011625
2024-07-03,36.74768518518518,3.0601851851852153,,,2024-07-03,0.2579239373431453
2024-07-03,36.74768518518518,3.061507936507965,,,2024-07-03,0.2903498466436768
2024-07-03,36.74768518518518,3.0628306878307168,,,2024-07-03,0.3603607437968025
2024-07-03,36.74861111111111,3.057539682539712,,,2024-07-03,0.26814488002100434
2024-07-03,36.74861111111111,3.0588624338624637,,,2024-07-03,0.18472492001821167
2024-07-03,36.74861111111111,3.0601851851852153,,,2024-07-03,0.15531624674691102
2024-07-03,36.74861111111111,3.061507936507965,,,2024-07-03,0.20469782110899754
2024-07-03,36.74861111111111,3.0628306878307168,,,2024-07-03,0.29573210928483373
2024-07-03,36.74953703703704,3.057539682539712,,,2024-07-03,0.22516724453269812
2024-07-03,36.74953703703704,3.0588624338624637,,,2024-07-03,0.11367657315247216
2024-07-03,36.74953703703704,3.0601851851852153,,,2024-07-03,0.05405852740642433
2024-07-03,36.74953703703704,3.061507936507965,,,2024-07-03,0.14387554106688039
2024-07-03,36.74953703703704,3.0628306878307168,,,2024-07-03,0.2574022223605488
2024-07-03,36.75046296296296,3.057539682539712,,,2024-07-03,0.22516595693912034
2024-07-03,36.75046296296296,3.0588624338624637,,,2024-07-03,0.11367602791756166
2024-07-03,36.75046296296296,3.0601851851852153,,,2024-07-03,0.05405849702281984
2024-07-03,36.75046296296296,3.061507936507965,,,2024-07-03,0.14387478409339177
2024-07-03,36.75046296296296,3.0628306878307168,,,2024-07-03,0.25740073137508096
2024-07-03,36.75138888888889,3.057539682539712,,,2024-07-03,0.2681416363474062
2024-07-03,36.75138888888889,3.0588624338624637,,,2024-07-03,0.18472391343301875
2024-07-03,36.75138888888889,3.0601851851852153,,,2024-07-03,0.1553162150214607
2024-07-03,36.75138888888889,3.061507936507965,,,2024-07-03,0.20469622494972564
2024-07-03,36.75138888888889,3.0628306878307168,,,2024-07-03,0.29572821605468813
2024-07-03,36.75231481481482,3.057539682539712,,,2024-07-03,0.33808427195944535
2024-07-03,36.75231481481482,3.0588624338624637,,,2024-07-03,0.27663047174165517
2024-07-03,36.75231481481482,3.0601851851852153,,,2024-07-03,0.2579239055025071
2024-07-03,36.75231481481482,3.061507936507965,,,2024-07-03,0.2903479711469829
2024-07-03,36.75231481481482,3.0628306878307168,,,2024-07-03,0.3603554187897976
2024-07-04,36.74768518518518,3.057539682539712,,,2024-07-04,0.3380885596660119
2024-07-04,36.74768518518518,3.0588624338624637,,,2024-07-04,0.276631592011625
2024-07-04,36.74768518518518,3.0601851851852153,,,2024-07-04,0.2579239373431453
2024-07-04,36.74768518518518,3.061507936507965,,,2024-07-04,0.2903498466436768
2024-07-04,36.74768518518518,3.0628306878307168,,,2024-07-04,0.3603607437968025
2024-07-04,36.74861111111111,3.057539682539712,,,2024-07-04,0.26814488002100434
2024-07-04,36.74861111111111,3.0588624338624637,,,2024-07-04,0.18472492001821167
2024-07-04,36.74861111111111,3.0601851851852153,,,2024-07-04,0.15531624674691102
2024-07-04,36.74861111111111,3.061507936507965,,,2024-07-04,0.20469782110899754
2024-07-04,36.74861111111111,3.0628306878307168,,,2024-07-04,0.29573210928483373
2024-07-04,36.74953703703704,3.057539682539712,,,2024-07-04,0.22516724453269812
2024-07-04,36.74953703703704,3.0588624338624637,,,2024-07-04,0.11367657315247216
2024-07-04,36.74953703703704,3.0601851851852153,,,2024-07-04,0.05405852740642433
2024-07-04,36.74953703703704,3.061507936507965,,,2024-07-04,0.14387554106688039
2024-07-04,36.74953703703704,3.0628306878307168,,,2024-07-04,0.2574022223605488
2024-07-04,36.75046296296296,3.057539682539712,,,2024-07-04,0.22516595693912034
2024-07-04,36.75046296296296,3.0588624338624637,,,2024-07-04,0.11367602791756166
2024-07-04,36.75046296296296,3.0601851851852153,,,2024-07-04,0.05405849702281984
2024-07-04,36.75046296296296,3.061507936507965,,,2024-07-04,0.14387478409339177
2024-07-04,36.75046296296296,3.0628306878307168,,,2024-07-04,0.25740073137508096
2024-07-04,36.75138888888889,3.057539682539712,,,2024-07-04,0.2681416363474062
2024-07-04,36.75138888888889,3.0588624338624637,,,2024-07-04,0.18472391343301875
2024-07-04,36.75138888888889,3.0601851851852153,,,2024-07-04,0.1553162150214607
2024-07-04,36.75138888888889,3.061507936507965,,,2024-07-04,0.20469622494972564
2024-07-04,36.75138888888889,3.0628306878307168,,,2024-07-04,0.29572821605468813
2024-07-04,36.75231481481482,3.057539682539712,,,2024-07-04,0.33808427195944535
2024-07-04,36.75231481481482,3.0588624338624637,,,2024-07-04,0.27663047174165517
2024-07-04,36.75231481481482,3.0601851851852153,,,2024-07-04,0.2579239055025071
2024-07-04,36.75231481481482,3.061507936507965,,,2024-07-04,0.2903479711469829
2024-07-04,36.75231481481482,3.0628306878307168,,,2024-07-04,0.3603554187897976
2024-07-05,36.74768518518518,3.057539682539712,,,2024-07-05,0.3380885596660119
2024-07-05,36.74768518518518,3.0588624338624637,,,2024-07-05,0.276631592011625
2024-07-05,36.74768518518518,3.0601851851852153,,,2024-07-05,0.2579239373431453
2024-07-05,36.74768518518518,3.061507936507965,,,2024-07-05,0.2903498466436768
2024-07-05,36.74768518518518,3.0628306878307168,,,2024-07-05,0.3603607437968025
2024-07-05,36.74861111111111,3.057539682539712,,,2024-07-05,0.26814488002100434
2024-07-05,36.74861111111111,3.0588624338624637,,,2024-07-05,0.18472492001821167
2024-07-05,36.74861111111111,3.0601851851852153,,,2024-07-05,0.15531624674691102
2024-07-05,36.74861111111111,3.061507936507965,,,2024-07-05,0.20469782110899754
2024-07-05,36.74861111111111,3.0628306878307168,,,2024-07-05,0.29573210928483373
2024-07-05,36.74953703703704,3.057539682539712,,,2024-07-05,0.22516724453269812
2024-07-05,36.74953703703704,3.0588624338624637,,,2024-07-05,0.11367657315247216
2024-07-05,36.74953703703704,3.0601851851852153,,,2024-07-05,0.05405852740642433
2024-07-05,36.74953703703704,3.061507936507965,,,2024-07-05,0.14387554106688039
2024-07-05,36.74953703703704,3.0628306878307168,,,2024-07-05,0.2574022223605488
2024-07-05,36.75046296296296,3.057539682539712,,,2024-07-05,0.22516595693912034
2024-07-05,36.75046296296296,3.0588624338624637,,,2024-07-05,0.11367602791756166
2024-07-05,36.75046296296296,3.0601851851852153,,,2024-07-05,0.05405849702281984
2024-07-05,36.75046296296296,3.061507936507965,,,2024-07-05,0.14387478409339177
2024-07-05,36.75046296296296,3.0628306878307168,,,2024-07-05,0.25740073137508096
2024-07-05,36.75138888888889,3.057539682539712,,,2024-07-05,0.2681416363474062
2024-07-05,36.75138888888889,3.0588624338624637,,,2024-07-05,0.18472391343301875
2024-07-05,36.75138888888889,3.0601851851852153,,,2024-07-05,0.1553162150214607
2024-07-05,36.75138888888889,3.061507936507965,,,2024-07-05,0.20469622494972564
2024-07-05,36.75138888888889,3.0628306878307168,,,2024-07-05,0.29572821605468813
2024-07-05,36.75231481481482,3.057539682539712,,,2024-07-05,0.33808427195944535
2024-07-05,36.75231481481482,3.0588624338624637,,,2024-07-05,0.27663047174165517
2024-07-05,36.75231481481482,3.0601851851852153,,,2024-07-05,0.2579239055025071
2024-07-05,36.75231481481482,3.061507936507965,,,2024-07-05,0.2903479711469829
2024-07-05,36.75231481481482,3.0628306878307168,,,2024-07-05,0.3603554187897976
2024-07-06,36.74768518518518,3.057539682539712,,,2024-07-06,0.3380885596660119
2024-07-06,36.74768518518518,3.0588624338624637,,,2024-07-06,0.276631592011625
2024-07-06,36.74768518518518,3.0601851851852153,,,2024-07-06,0.2579239373431453
2024-07-06,36.74768518518518,3.061507936507965,,,2024-07-06,0.2903498466436768
2024-07-06,36.74768518518518,3.0628306878307168,,,2024-07-06,0.3603607437968025
2024-07-06,36.74861111111111,3.057539682539712,,,2024-07-06,0.26814488002100434
2024-07-06,36.74861111111111,3.0588624338624637,,,2024-07-06,0.18472492001821167
2024-07-06,36.74861111111111,3.0601851851852153,,,2024-07-06,0.15531624674691102
2024-07-06,36.74861111111111,3.061507936507965,,,2024-07-06,0.20469782110899754
2024-07-06,36.74861111111111,3.0628306878307168,,,2024-07-06,0.29573210928483373
2024-07-06,36.74953703703704,3.057539682539712,,,2024-07-06,0.22516724453269812
2024-07-06,36.74953703703704,3.0588624338624637,,,2024-07-06,0.11367657315247216
2024-07-06,36.74953703703704,3.0601851851852153,,,2024-07-06,0.05405852740642433
2024-07-06,36.74953703703704,3.061507936507965,,,2024-07-06,0.14387554106688039
2024-07-06,36.74953703703704,3.0628306878307168,,,2024-07-06,0.2574022223605488
2024-07-06,36.75046296296296,3.057539682539712,,,2024-07-06,0.22516595693912034
2024-07-06,36.75046296296296,3.0588624338624637,,,2024-07-06,0.11367602791756166
2024-07-06,36.75046296296296,3.0601851851852153,,,2024-07-06,0.05405849702281984
2024-07-06,36.75046296296296,3.061507936507965,,,2024-07-06,0.14387478409339177
2024-07-06,36.75046296296296,3.0628306878307168,,,2024-07-06,0.25740073137508096
2024-07-06,36.75138888888889,3.057539682539712,,,2024-07-06,0.2681416363474062
2024-07-06,36.75138888888889,3.0588624338624637,,,2024-07-06,0.18472391343301875
2024-07-06,36.75138888888889,3.0601851851852153,,,2024-07-06,0.1553162150214607
2024-07-06,36.75138888888889,3.061507936507965,,,2024-07-06,0.20469622494972564
2024-07-06,36.75138888888889,3.0628306878307168,,,2024-07-06,0.29572821605468813
2024-07-06,36.75231481481482,3.057539682539712,,,2024-07-06,0.33808427195944535
2024-07-06,36.75231481481482,3.0588624338624637,,,2024-07-06,0.27663047174165517
2024-07-06,36.75231481481482,3.0601851851852153,,,2024-07-06,0.2579239055025071
2024-07-06,36.75231481481482,3.061507936507965,,,2024-07-06,0.2903479711469829
2024-07-06,36.75231481481482,3.0628306878307168,,,2024-07-06,0.3603554187897976
2024-07-07,36.74768518518518,3.057539682539712,,,2024-07-07,0.3380885596660119
2024-07-07,36.74768518518518,3.0588624338624637,,,2024-07-07,0.276631592011625
2024-07-07,36.74768518518518,3.0601851851852153,,,2024-07-07,0.2579239373431453
2024-07-07,36.74768518518518,3.061507936507965,,,2024-07-07,0.2903498466436768
2024-07-07,36.74768518518518,3.0628306878307168,,,2024-07-07,0.3603607437968025
2024-07-07,36.74861111111111,3.057539682539712,,,2024-07-07,0.26814488002100434
2024-07-07,36.74861111111111,3.0588624338624637,,,2024-07-07,0.18472492001821167
2024-07-07,36.74861111111111,3.0601851851852153,,,2024-07-07,0.15531624674691102
2024-07-07,36.74861111111111,3.061507936507965,,,2024-07-07,0.20469782110899754
2024-07-07,36.74861111111111,3.0628306878307168,,,2024-07-07,0.29573210928483373
2024-07-07,36.74953703703704,3.057539682539712,,,2024-07-07,0.22516724453269812
2024-07-07,36.74953703703704,3.0588624338624637,,,2024-07-07,0.11367657315247216
2024-07-07,36.74953703703704,3.0601851851852153,,,2024-07-07,0.05405852740642433
2024-07-07,36.74953703703704,3.061507936507965,,,2024-07-07,0.14387554106688039
2024-07-07,36.74953703703704,3.0628306878307168,,,2024-07-07,0.2574022223605488
2024-07-07,36.75046296296296,3.057539682539712,,,2024-07-07,0.22516595693912034
2024-07-07,36.75046296296296,3.0588624338624637,,,2024-07-07,0.11367602791756166
2024-07-07,36.75046296296296,3.0601851851852153,,,2024-07-07,0.05405849702281984
2024-07-07,36.75046296296296,3.061507936507965,,,2024-07-07,0.14387478409339177
2024-07-07,36.75046296296296,3.0628306878307168,,,2024-07-07,0.25740073137508096
2024-07-07,36.75138888888889,3.057539682539712,,,2024-07-07,0.2681416363474062
2024-07-07,36.75138888888889,3.0588624338624637,,,2024-07-07,0.18472391343301875
2024-07-07,36.75138888888889,3.0601851851852153,,,2024-07-07,0.1553162150214607
2024-07-07,36.75138888888889,3.061507936507965,,,2024-07-07,0.20469622494972564
2024-07-07,36.75138888888889,3.0628306878307168,,,2024-07-07,0.29572821605468813
2024-07-07,36.75231481481482,3.057539682539712,,,2024-07-07,0.33808427195944535
2024-07-07,36.75231481481482,3.0588624338624637,,,2024-07-07,0.27663047174165517
2024-07-07,36.75231481481482,3.0601851851852153,,,2024-07-07,0.2579239055025071
2024-07-07,36.75231481481482,3.061507936507965,,,2024-07-07,0.2903479711469829
2024-07-07,36.75231481481482,3.0628306878307168,,,2024-07-07,0.3603554187897976
2024-07-08,36.74768518518518,3.057539682539712,,,2024-07-08,0.3380885596660119
2024-07-08,36.74768518518518,3.0588624338624637,,,2024-07-08,0.276631592011625
2024-07-08,36.74768518518518,3.0601851851852153,,,2024-07-08,0.2579239373431453
2024-07-08,36.74768518518518,3.061507936507965,,,2024-07-08,0.2903498466436768
2024-07-08,36.74768518518518,3.0628306878307168,,,2024-07-08,0.3603607437968025
2024-07-08,36.74861111111111,3.057539682539712,,,2024-07-08,0.26814488002100434
2024-07-08,36.74861111111111,3.0588624338624637,,,2024-07-08,0.18472492001821167
2024-07-08,36.74861111111111,3.0601851851852153,,,2024-07-08,0.15531624674691102
2024-07-08,36.74861111111111,3.061507936507965,,,2024-07-08,0.20469782110899754
2024-07-08,36.74861111111111,3.0628306878307168,,,2024-07-08,0.29573210928483373
2024-07-08,36.74953703703704,3.057539682539712,,,2024-07-08,0.22516724453269812
2024-07-08,36.74953703703704,3.0588624338624637,,,2024-07-08,0.11367657315247216
2024-07-08,36.74953703703704,3.0601851851852153,,,2024-07-08,0.05405852740642433
2024-07-08,36.74953703703704,3.061507936507965,,,2024-07-08,0.14387554106688039
2024-07-08,36.74953703703704,3.0628306878307168,,,2024-07-08,0.2574022223605488
2024-07-08,36.75046296296296,3.057539682539712,,,2024-07-08,0.22516595693912034
2024-07-08,36.75046296296296,3.0588624338624637,,,2024-07-08,0.11367602791756166
2024-07-08,36.75046296296296,3.0601851851852153,,,2024-07-08,0.05405849702281984
2024-07-08,36.75046296296296,3.061507936507965,,,2024-07-08,0.14387478409339177
2024-07-08,36.75046296296296,3.0628306878307168,,,2024-07-08,0.25740073137508096
2024-07-08,36.75138888888889,3.057539682539712,,,2024-07-08,0.2681416363474062
2024-07-08,36.75138888888889,3.0588624338624637,,,2024-07-08,0.18472391343301875
2024-07-08,36.75138888888889,3.0601851851852153,,,2024-07-08,0.1553162150214607
2024-07-08,36.75138888888889,3.061507936507965,,,2024-07-08,0.20469622494972564
2024-07-08,36.75138888888889,3.0628306878307168,,,2024-07-08,0.29572821605468813
2024-07-08,36.75231481481482,3.057539682539712,,,2024-07-08,0.33808427195944535
2024-07-08,36.75231481481482,3.0588624338624637,,,2024-07-08,0.27663047174165517
2024-07-08,36.75231481481482,3.0601851851852153,,,2024-07-08,0.2579239055025071
2024-07-08,36.75231481481482,3.061507936507965,,,2024-07-08,0.2903479711469829
2024-07-08,36.75231481481482,3.0628306878307168,,,2024-07-08,0.3603554187897976
2024-07-09,36.74768518518518,3.057539682539712,,,2024-07-09,0.3380885596660119
2024-07-09,36.74768518518518,3.0588624338624637,,,2024-07-09,0.276631592011625
2024-07-09,36.74768518518518,3.0601851851852153,,,2024-07-09,0.2579239373431453
2024-07-09,36.74768518518518,3.061507936507965,,,2024-07-09,0.2903498466436768
2024-07-09,36.74768518518518,3.0628306878307168,,,2024-07-09,0.3603607437968025
2024-07-09,36.74861111111111,3.057539682539712,,,2024-07-09,0.26814488002100434
2024-07-09,36.74861111111111,3.0588624338624637,,,2024-07-09,0.18472492001821167
2024-07-09,36.74861111111111,3.0601851851852153,,,2024-07-09,0.15531624674691102
2024-07-09,36.74861111111111,3.061507936507965,,,2024-07-09,0.20469782110899754
2024-07-09,36.74861111111111,3.0628306878307168,,,2024-07-09,0.29573210928483373
2024-07-09,36.74953703703704,3.057539682539712,,,2024-07-09,0.22516724453269812
2024-07-09,36.74953703703704,3.0588624338624637,,,2024-07-09,0.11367657315247216
2024-07-09,36.74953703703704,3.0601851851852153,,,2024-07-09,0.05405852740642433
2024-07-09,36.74953703703704,3.061507936507965,,,2024-07-09,0.14387554106688039
2024-07-09,36.74953703703704,3.0628306878307168,,,2024-07-09,0.2574022223605488
2024-07-09,36.75046296296296,3.057539682539712,,,2024-07-09,0.22516595693912034
2024-07-09,36.75046296296296,3.0588624338624637,,,2024-07-09,0.11367602791756166
2024-07-09,36.75046296296296,3.0601851851852153,,,2024-07-09,0.05405849702281984
2024-07-09,36.75046296296296,3.061507936507965,,,2024-07-09,0.14387478409339177
2024-07-09,36.75046296296296,3.0628306878307168,,,2024-07-09,0.25740073137508096
2024-07-09,36.75138888888889,3.057539682539712,,,2024-07-09,0.2681416363474062
2024-07-09,36.75138888888889,3.0588624338624637,,,2024-07-09,0.18472391343301875
2024-07-09,36.75138888888889,3.0601851851852153,,,2024-07-09,0.1553162150214607
2024-07-09,36.75138888888889,3.061507936507965,,,2024-07-09,0.20469622494972564
2024-07-09,36.75138888888889,3.0628306878307168,,,2024-07-09,0.29572821605468813
2024-07-09,36.75231481481482,3.057539682539712,,,2024-07-09,0.33808427195944535
2024-07-09,36.75231481481482,3.0588624338624637,,,2024-07-09,0.27663047174165517
2024-07-09,36.75231481481482,3.0601851851852153,,,2024-07-09,0.2579239055025071
2024-07-09,36.75231481481482,3.061507936507965,,,2024-07-09,0.2903479711469829
2024-07-09,36.75231481481482,3.0628306878307168,,,2024-07-09,0.3603554187897976
2024-07-10,36.74768518518518,3.057539682539712,,,2024-07-10,0.3380885596660119
2024-07-10,36.74768518518518,3.0588624338624637,,,2024-07-10,0.276631592011625
2024-07-10,36.74768518518518,3.0601851851852153,,,2024-07-10,0.2579239373431453
2024-07-10,36.74768518518518,3.061507936507965,,,2024-07-10,0.2903498466436768
2024-07-10,36.74768518518518,3.0628306878307168,,,2024-07-10,0.3603607437968025
2024-07-10,36.74861111111111,3.057539682539712,,,2024-07-10,0.26814488002100434
2024-07-10,36.74861111111111,3.0588624338624637,,,2024-07-10,0.18472492001821167
2024-07-10,36.74861111111111,3.0601851851852153,,,2024-07-10,0.15531624674691102
2024-07-10,36.74861111111111,3.061507936507965,,,2024-07-10,0.20469782110899754
2024-07-10,36.74861111111111,3.0628306878307168,,,2024-07-10,0.29573210928483373
2024-07-10,36.74953703703704,3.057539682539712,,,2024-07-10,0.22516724453269812
2024-07-10,36.74953703703704,3.0588624338624637,,,2024-07-10,0.11367657315247216
2024-07-10,36.74953703703704,3.0601851851852153,,,2024-07-10,0.05405852740642433
2024-07-10,36.74953703703704,3.061507936507965,,,2024-07-10,0.14387554106688039
2024-07-10,36.74953703703704,3.0628306878307168,,,2024-07-10,0.2574022223605488
2024-07-10,36.75046296296296,3.057539682539712,,,2024-07-10,0.22516595693912034
2024-07-10,36.75046296296296,3.0588624338624637,,,2024-07-10,0.11367602791756166
2024-07-10,36.75046296296296,3.0601851851852153,,,2024-07-10,0.05405849702281984
2024-07-10,36.75046296296296,3.061507936507965,,,2024-07-10,0.14387478409339177
2024-07-10,36.75046296296296,3.0628306878307168,,,2024-07-10,0.25740073137508096
2024-07-10,36.75138888888889,3.057539682539712,,,2024-07-10,0.2681416363474062
2024-07-10,36.75138888888889,3.0588624338624637,,,2024-07-10,0.18472391343301875
2024-07-10,36.75138888888889,3.0601851851852153,,,2024-07-10,0.1553162150214607
2024-07-10,36.75138888888889,3.061507936507965,,,2024-07-10,0.20469622494972564
2024-07-10,36.75138888888889,3.0628306878307168,,,2024-07-10,0.29572821605468813
2024-07-10,36.75231481481482,3.057539682539712,,,2024-07-10,0.33808427195944535
2024-07-10,36.75231481481482,3.0588624338624637,,,2024-07-10,0.27663047174165517
2024-07-10,36.75231481481482,3.0601851851852153,,,2024-07-10,0.2579239055025071
2024-07-10,36.75231481481482,3.061507936507965,,,2024-07-10,0.2903479711469829
2024-07-10,36.75231481481482,3.0628306878307168,,,2024-07-10,0.3603554187897976
2024-07-11,36.74768518518518,3.057539682539712,,,2024-07-11,0.3380885596660119
2024-07-11,36.74768518518518,3.0588624338624637,,,2024-07-11,0.276631592011625
2024-07-11,36.74768518518518,3.0601851851852153,,,2024-07-11,0.2579239373431453
2024-07-11,36.74768518518518,3.061507936507965,,,2024-07-11,0.2903498466436768
2024-07-11,36.74768518518518,3.0628306878307168,,,2024-07-11,0.3603607437968025
2024-07-11,36.74861111111111,3.057539682539712,,,2024-07-11,0.26814488002100434
2024-07-11,36.74861111111111,3.0588624338624637,,,2024-07-11,0.18472492001821167
2024-07-11,36.74861111111111,3.0601851851852153,,,2024-07-11,0.15531624674691102
2024-07-11,36.74861111111111,3.061507936507965,,,2024-07-11,0.20469782110899754
2024-07-11,36.74861111111111,3.0628306878307168,,,2024-07-11,0.29573210928483373
2024-07-11,36.74953703703704,3.057539682539712,,,2024-07-11,0.22516724453269812
2024-07-11,36.74953703703704,3.0588624338624637,,,2024-07-11,0.11367657315247216
2024-07-11,36.74953703703704,3.0601851851852153,,,2024-07-11,0.05405852740642433
2024-07-11,36.74953703703704,3.061507936507965,,,2024-07-11,0.14387554106688039
2024-07-11,36.74953703703704,3.0628306878307168,,,2024-07-11,0.2574022223605488
2024-07-11,36.75046296296296,3.057539682539712,,,2024-07-11,0.22516595693912034
2024-07-11,36.75046296296296,3.0588624338624637,,,2024-07-11,0.11367602791756166
2024-07-11,36.75046296296296,3.0601851851852153,,,2024-07-11,0.05405849702281984
2024-07-11,36.75046296296296,3.061507936507965,,,2024-07-11,0.14387478409339177
2024-07-11,36.75046296296296,3.0628306878307168,,,2024-07-11,0.25740073137508096
2024-07-11,36.75138888888889,3.057539682539712,,,2024-07-11,0.2681416363474062
2024-07-11,36.75138888888889,3.0588624338624637,,,2024-07-11,0.18472391343301875
2024-07-11,36.75138888888889,3.0601851851852153,,,2024-07-11,0.1553162150214607
2024-07-11,36.75138888888889,3.061507936507965,,,2024-07-11,0.20469622494972564
2024-07-11,36.75138888888889,3.0628306878307168,,,2024-07-11,0.29572821605468813
2024-07-11,36.75231481481482,3.057539682539712,,,2024-07-11,0.33808427195944535
2024-07-11,36.75231481481482,3.0588624338624637,,,2024-07-11,0.27663047174165517
2024-07-11,36.75231481481482,3.0601851851852153,,,2024-07-11,0.2579239055025071
2024-07-11,36.75231481481482,3.061507936507965,,,2024-07-11,0.2903479711469829
2024-07-11,36.75231481481482,3.0628306878307168,,,2024-07-11,0.3603554187897976
2024-07-12,36.74768518518518,3.057539682539712,,,2024-07-12,0.3380885596660119
2024-07-12,36.74768518518518,3.0588624338624637,,,2024-07-12,0.276631592011625
2024-07-12,36.74768518518518,3.0601851851852153,,,2024-07-12,0.2579239373431453
2024-07-12,36.74768518518518,3.061507936507965,,,2024-07-12,0.2903498466436768
2024-07-12,36.74768518518518,3.0628306878307168,,,2024-07-12,0.3603607437968025
2024-07-12,36.74861111111111,3.057539682539712,,,2024-07-12,0.26814488002100434
2024-07-12,36.74861111111111,3.0588624338624637,,,2024-07-12,0.18472492001821167
2024-07-12,36.74861111111111,3.0601851851852153,,,2024-07-12,0.15531624674691102
2024-07-12,36.74861111111111,3.061507936507965,,,2024-07-12,0.20469782110899754
2024-07-12,36.74861111111111,3.0628306878307168,,,2024-07-12,0.29573210928483373
2024-07-12,36.74953703703704,3.057539682539712,,,2024-07-12,0.22516724453269812
2024-07-12,36.74953703703704,3.0588624338624637,,,2024-07-12,0.11367657315247216
2024-07-12,36.74953703703704,3.0601851851852153,,,2024-07-12,0.05405852740642433
2024-07-12,36.74953703703704,3.061507936507965,,,2024-07-12,0.14387554106688039
2024-07-12,36.74953703703704,3.0628306878307168,,,2024-07-12,0.2574022223605488
2024-07-12,36.75046296296296,3.057539682539712,,,2024-07-12,0.22516595693912034
2024-07-12,36.75046296296296,3.0588624338624637,,,2024-07-12,0.11367602791756166
2024-07-12,36.75046296296296,3.0601851851852153,,,2024-07-12,0.05405849702281984
2024-07-12,36.75046296296296,3.061507936507965,,,2024-07-12,0.14387478409339177
2024-07-12,36.75046296296296,3.0628306878307168,,,2024-07-12,0.25740073137508096
2024-07-12,36.75138888888889,3.057539682539712,,,2024-07-12,0.2681416363474062
2024-07-12,36.75138888888889,3.0588624338624637,,,2024-07-12,0.18472391343301875
2024-07-12,36.75138888888889,3.0601851851852153,,,2024-07-12,0.1553162150214607
2024-07-12,36.75138888888889,3.061507936507965,,,2024-07-12,0.20469622494972564
2024-07-12,36.75138888888889,3.0628306878307168,,,2024-07-12,0.29572821605468813
2024-07-12,36.75231481481482,3.057539682539712,,,2024-07-12,0.33808427195944535
2024-07-12,36.75231481481482,3.0588624338624637,,,2024-07-12,0.27663047174165517
2024-07-12,36.75231481481482,3.0601851851852153,,,2024-07-12,0.2579239055025071
2024-07-12,36.75231481481482,3.061507936507965,,,2024-07-12,0.2903479711469829
2024-07-12,36.75231481481482,3.0628306878307168,,,2024-07-12,0.3603554187897976
2024-07-13,36.74768518518518,3.057539682539712,,,2024-07-13,0.3380885596660119
2024-07-13,36.74768518518518,3.0588624338624637,,,2024-07-13,0.276631592011625
2024-07-13,36.74768518518518,3.0601851851852153,,,2024-07-13,0.2579239373431453
2024-07-13,36.74768518518518,3.061507936507965,,,2024-07-13,0.2903498466436768
2024-07-13,36.74768518518518,3.0628306878307168,,,2024-07-13,0.3603607437968025
2024-07-13,36.74861111111111,3.057539682539712,,,2024-07-13,0.26814488002100434
2024-07-13,36.74861111111111,3.0588624338624637,,,2024-07-13,0.18472492001821167
2024-07-13,36.74861111111111,3.0601851851852153,,,2024-07-13,0.15531624674691102
2024-07-13,36.74861111111111,3.061507936507965,,,2024-07-13,0.20469782110899754
2024-07-13,36.74861111111111,3.0628306878307168,,,2024-07-13,0.29573210928483373
2024-07-13,36.74953703703704,3.057539682539712,,,2024-07-13,0.22516724453269812
2024-07-13,36.74953703703704,3.0588624338624637,,,2024-07-13,0.11367657315247216
2024-07-13,36.74953703703704,3.0601851851852153,,,2024-07-13,0.05405852740642433
2024-07-13,36.74953703703704,3.061507936507965,,,2024-07-13,0.14387554106688039
2024-07-13,36.74953703703704,3.0628306878307168,,,2024-07-13,0.2574022223605488
2024-07-13,36.75046296296296,3.057539682539712,,,2024-07-13,0.22516595693912034
2024-07-13,36.75046296296296,3.0588624338624637,,,2024-07-13,0.11367602791756166
2024-07-13,36.75046296296296,3.0601851851852153,,,2024-07-13,0.05405849702281984
2024-07-13,36.75046296296296,3.061507936507965,,,2024-07-13,0.14387478409339177
2024-07-13,36.75046296296296,3.0628306878307168,,,2024-07-13,0.25740073137508096
2024-07-13,36.75138888888889,3.057539682539712,,,2024-07-13,0.2681416363474062
2024-07-13,36.75138888888889,3.0588624338624637,,,2024-07-13,0.18472391343301875
2024-07-13,36.75138888888889,3.0601851851852153,,,2024-07-13,0.1553162150214607
2024-07-13,36.75138888888889,3.061507936507965,,,2024-07-13,0.20469622494972564
2024-07-13,36.75138888888889,3.0628306878307168,,,2024-07-13,0.29572821605468813
2024-07-13,36.75231481481482,3.057539682539712,,,2024-07-13,0.33808427195944535
2024-07-13,36.75231481481482,3.0588624338624637,,,2024-07-13,0.27663047174165517
2024-07-13,36.75231481481482,3.0601851851852153,,,2024-07-13,0.2579239055025071
2024-07-13,36.75231481481482,3.061507936507965,,,2024-07-13,0.2903479711469829
2024-07-13,36.75231481481482,3.0628306878307168,,,2024-07-13,0.3603554187897976
2024-07-14,36.74768518518518,3.057539682539712,,,2024-07-14,0.3380885596660119
2024-07-14,36.74768518518518,3.0588624338624637,,,2024-07-14,0.276631592011625
2024-07-14,36.74768518518518,3.0601851851852153,,,2024-07-14,0.2579239373431453
2024-07-14,36.74768518518518,3.061507936507965,,,2024-07-14,0.2903498466436768
2024-07-14,36.74768518518518,3.0628306878307168,,,2024-07-14,0.3603607437968025
2024-07-14,36.74861111111111,3.057539682539712,,,2024-07-14,0.26814488002100434
2024-07-14,36.74861111111111,3.0588624338624637,,,2024-07-14,0.18472492001821167
2024-07-14,36.74861111111111,3.0601851851852153,,,2024-07-14,0.15531624674691102
2024-07-14,36.74861111111111,3.061507936507965,,,2024-07-14,0.20469782110899754
2024-07-14,36.74861111111111,3.0628306878307168,,,2024-07-14,0.29573210928483373
2024-07-14,36.74953703703704,3.057539682539712,,,2024-07-14,0.22516724453269812
2024-07-14,36.74953703703704,3.0588624338624637,,,2024-07-14,0.11367657315247216
2024-07-14,36.74953703703704,3.0601851851852153,,,2024-07-14,0.05405852740642433
2024-07-14,36.74953703703704,3.061507936507965,,,2024-07-14,0.14387554106688039
2024-07-14,36.74953703703704,3.0628306878307168,,,2024-07-14,0.2574022223605488
2024-07-14,36.75046296296296,3.057539682539712,,,2024-07-14,0.22516595693912034
2024-07-14,36.75046296296296,3.0588624338624637,,,2024-07-14,0.11367602791756166
2024-07-14,36.75046296296296,3.0601851851852153,,,2024-07-14,0.05405849702281984
2024-07-14,36.75046296296296,3.061507936507965,,,2024-07-14,0.14387478409339177
2024-07-14,36.75046296296296,3.0628306878307168,,,2024-07-14,0.25740073137508096
2024-07-14,36.75138888888889,3.057539682539712,,,2024-07-14,0.2681416363474062
2024-07-14,36.75138888888889,3.0588624338624637,,,2024-07-14,0.18472391343301875
2024-07-14,36.75138888888889,3.0601851851852153,,,2024-07-14,0.1553162150214607
2024-07-14,36.75138888888889,3.061507936507965,,,2024-07-14,0.20469622494972564
2024-07-14,36.75138888888889,3.0628306878307168,,,2024-07-14,0.29572821605468813
2024-07-14,36.75231481481482,3.057539682539712,,,2024-07-14,0.33808427195944535
2024-07-14,36.75231481481482,3.0588624338624637,,,2024-07-14,0.27663047174165517
2024-07-14,36.75231481481482,3.0601851851852153,,,2024-07-14,0.2579239055025071
2024-07-14,36.75231481481482,3.061507936507965,,,2024-07-14,0.2903479711469829
2024-07-14,36.75231481481482,3.0628306878307168,,,2024-07-14,0.3603554187897976
2024-07-15,36.74768518518518,3.057539682539712,,,2024-07-15,0.3380885596660119
2024-07-15,36.74768518518518,3.0588624338624637,,,2024-07-15,0.276631592011625
2024-07-15,36.74768518518518,3.0601851851852153,,,2024-07-15,0.2579239373431453
2024-07-15,36.74768518518518,3.061507936507965,,,2024-07-15,0.2903498466436768
2024-07-15,36.74768518518518,3.0628306878307168,,,2024-07-15,0.3603607437968025
2024-07-15,36.74861111111111,3.057539682539712,,,2024-07-15,0.26814488002100434
2024-07-15,36.74861111111111,3.0588624338624637,,,2024-07-15,0.18472492001821167
2024-07-15,36.74861111111111,3.0601851851852153,,,2024-07-15,0.15531624674691102
2024-07-15,36.74861111111111,3.061507936507965,,,2024-07-15,0.20469782110899754
2024-07-15,36.74861111111111,3.0628306878307168,,,2024-07-15,0.29573210928483373
2024-07-15,36.74953703703704,3.057539682539712,,,2024-07-15,0.22516724453269812
2024-07-15,36.74953703703704,3.0588624338624637,,,2024-07-15,0.11367657315247216
2024-07-15,36.74953703703704,3.0601851851852153,,,2024-07-15,0.05405852740642433
2024-07-15,36.74953703703704,3.061507936507965,,,2024-07-15,0.14387554106688039
2024-07-15,36.74953703703704,3.0628306878307168,,,2024-07-15,0.2574022223605488
2024-07-15,36.75046296296296,3.057539682539712,,,2024-07-15,0.22516595693912034
2024-07-15,36.75046296296296,3.0588624338624637,,,2024-07-15,0.11367602791756166
2024-07-15,36.75046296296296,3.0601851851852153,,,2024-07-15,0.05405849702281984
2024-07-15,36.75046296296296,3.061507936507965,,,2024-07-15,0.14387478409339177
2024-07-15,36.75046296296296,3.0628306878307168,,,2024-07-15,0.25740073137508096
2024-07-15,36.75138888888889,3.057539682539712,,,2024-07-15,0.2681416363474062
2024-07-15,36.75138888888889,3.0588624338624637,,,2024-07-15,0.18472391343301875
2024-07-15,36.75138888888889,3.0601851851852153,,,2024-07-15,0.1553162150214607
2024-07-15,36.75138888888889,3.061507936507965,,,2024-07-15,0.20469622494972564
2024-07-15,36.75138888888889,3.0628306878307168,,,2024-07-15,0.29572821605468813
2024-07-15,36.75231481481482,3.057539682539712,,,2024-07-15,0.33808427195944535
2024-07-15,36.75231481481482,3.0588624338624637,,,2024-07-15,0.27663047174165517
2024-07-15,36.75231481481482,3.0601851851852153,,,2024-07-15,0.2579239055025071
2024-07-15,36.75231481481482,3.061507936507965,,,2024-07-15,0.2903479711469829
2024-07-15,36.75231481481482,3.0628306878307168,,,2024-07-15,0.3603554187897976
2024-07-16,36.74768518518518,3.057539682539712,,,2024-07-16,0.3380885596660119
2024-07-16,36.74768518518518,3.0588624338624637,,,2024-07-16,0.276631592011625
2024-07-16,36.74768518518518,3.0601851851852153,,,2024-07-16,0.2579239373431453
2024-07-16,36.74768518518518,3.061507936507965,,,2024-07-16,0.2903498466436768
2024-07-16,36.74768518518518,3.0628306878307168,,,2024-07-16,0.3603607437968025
2024-07-16,36.74861111111111,3.057539682539712,,,2024-07-16,0.26814488002100434
2024-07-16,36.74861111111111,3.0588624338624637,,,2024-07-16,0.18472492001821167
2024-07-16,36.74861111111111,3.0601851851852153,,,2024-07-16,0.15531624674691102
2024-07-16,36.74861111111111,3.061507936507965,,,2024-07-16,0.20469782110899754
2024-07-16,36.74861111111111,3.0628306878307168,,,2024-07-16,0.29573210928483373
2024-07-16,36.74953703703704,3.057539682539712,,,2024-07-16,0.22516724453269812
2024-07-16,36.74953703703704,3.0588624338624637,,,2024-07-16,0.11367657315247216
2024-07-16,36.74953703703704,3.0601851851852153,,,2024-07-16,0.05405852740642433
2024-07-16,36.74953703703704,3.061507936507965,,,2024-07-16,0.14387554106688039
2024-07-16,36.74953703703704,3.0628306878307168,,,2024-07-16,0.2574022223605488
2024-07-16,36.75046296296296,3.057539682539712,,,2024-07-16,0.22516595693912034
2024-07-16,36.75046296296296,3.0588624338624637,,,2024-07-16,0.11367602791756166
2024-07-16,36.75046296296296,3.0601851851852153,,,2024-07-16,0.05405849702281984
2024-07-16,36.75046296296296,3.061507936507965,,,2024-07-16,0.14387478409339177
2024-07-16,36.75046296296296,3.0628306878307168,,,2024-07-16,0.25740073137508096
2024-07-16,36.75138888888889,3.057539682539712,,,2024-07-16,0.2681416363474062
2024-07-16,36.75138888888889,3.0588624338624637,,,2024-07-16,0.18472391343301875
2024-07-16,36.75138888888889,3.0601851851852153,,,2024-07-16,0.1553162150214607
2024-07-16,36.75138888888889,3.061507936507965,,,2024-07-16,0.20469622494972564
2024-07-16,36.75138888888889,3.0628306878307168,,,2024-07-16,0.29572821605468813
2024-07-16,36.75231481481482,3.057539682539712,,,2024-07-16,0.33808427195944535
2024-07-16,36.75231481481482,3.0588624338624637,,,2024-07-16,0.27663047174165517
2024-07-16,36.75231481481482,3.0601851851852153,,,2024-07-16,0.2579239055025071
2024-07-16,36.75231481481482,3.061507936507965,,,2024-07-16,0.2903479711469829
2024-07-16,36.75231481481482,3.0628306878307168,,,2024-07-16,0.3603554187897976
2024-07-17,36.74768518518518,3.057539682539712,,,2024-07-17,0.3380885596660119
2024-07-17,36.74768518518518,3.0588624338624637,,,2024-07-17,0.276631592011625
2024-07-17,36.74768518518518,3.0601851851852153,,,2024-07-17,0.2579239373431453
2024-07-17,36.74768518518518,3.061507936507965,,,2024-07-17,0.2903498466436768
2024-07-17,36.74768518518518,3.0628306878307168,,,2024-07-17,0.3603607437968025
2024-07-17,36.74861111111111,3.057539682539712,,,2024-07-17,0.26814488002100434
2024-07-17,36.74861111111111,3.0588624338624637,,,2024-07-17,0.18472492001821167
2024-07-17,36.74861111111111,3.0601851851852153,,,2024-07-17,0.15531624674691102
2024-07-17,36.74861111111111,3.061507936507965,,,2024-07-17,0.20469782110899754
2024-07-17,36.74861111111111,3.0628306878307168,,,2024-07-17,0.29573210928483373
2024-07-17,36.74953703703704,3.057539682539712,,,2024-07-17,0.22516724453269812
2024-07-17,36.74953703703704,3.0588624338624637,,,2024-07-17,0.11367657315247216
2024-07-17,36.74953703703704,3.0601851851852153,,,2024-07-17,0.05405852740642433
2024-07-17,36.74953703703704,3.061507936507965,,,2024-07-17,0.14387554106688039
2024-07-17,36.74953703703704,3.0628306878307168,,,2024-07-17,0.2574022223605488
2024-07-17,36.75046296296296,3.057539682539712,,,2024-07-17,0.22516595693912034
2024-07-17,36.75046296296296,3.0588624338624637,,,2024-07-17,0.11367602791756166
2024-07-17,36.75046296296296,3.0601851851852153,,,2024-07-17,0.05405849702281984
2024-07-17,36.75046296296296,3.061507936507965,,,2024-07-17,0.14387478409339177
2024-07-17,36.75046296296296,3.0628306878307168,,,2024-07-17,0.25740073137508096
2024-07-17,36.75138888888889,3.057539682539712,,,2024-07-17,0.2681416363474062
2024-07-17,36.75138888888889,3.0588624338624637,,,2024-07-17,0.18472391343301875
2024-07-17,36.75138888888889,3.0601851851852153,,,2024-07-17,0.1553162150214607
2024-07-17,36.75138888888889,3.061507936507965,,,2024-07-17,0.20469622494972564
2024-07-17,36.75138888888889,3.0628306878307168,,,2024-07-17,0.29572821605468813
2024-07-17,36.75231481481482,3.057539682539712,,,2024-07-17,0.33808427195944535
2024-07-17,36.75231481481482,3.0588624338624637,,,2024-07-17,0.27663047174165517
2024-07-17,36.75231481481482,3.0601851851852153,,,2024-07-17,0.2579239055025071
2024-07-17,36.75231481481482,3.061507936507965,,,2024-07-17,0.2903479711469829
2024-07-17,36.75231481481482,3.0628306878307168,,,2024-07-17,0.3603554187897976
2024-07-18,36.74768518518518,3.057539682539712,,,2024-07-18,0.3380885596660119
2024-07-18,36.74768518518518,3.0588624338624637,,,2024-07-18,0.276631592011625
2024-07-18,36.74768518518518,3.0601851851852153,,,2024-07-18,0.2579239373431453
2024-07-18,36.74768518518518,3.061507936507965,,,2024-07-18,0.2903498466436768
2024-07-18,36.74768518518518,3.0628306878307168,,,2024-07-18,0.3603607437968025
2024-07-18,36.74861111111111,3.057539682539712,,,2024-07-18,0.26814488002100434
2024-07-18,36.74861111111111,3.0588624338624637,,,2024-07-18,0.18472492001821167
2024-07-18,36.74861111111111,3.0601851851852153,,,2024-07-18,0.15531624674691102
2024-07-18,36.74861111111111,3.061507936507965,,,2024-07-18,0.20469782110899754
2024-07-18,36.74861111111111,3.0628306878307168,,,2024-07-18,0.29573210928483373
2024-07-18,36.74953703703704,3.057539682539712,,,2024-07-18,0.22516724453269812
2024-07-18,36.74953703703704,3.0588624338624637,,,2024-07-18,0.11367657315247216
2024-07-18,36.74953703703704,3.0601851851852153,,,2024-07-18,0.05405852740642433
2024-07-18,36.74953703703704,3.061507936507965,,,2024-07-18,0.14387554106688039
2024-07-18,36.74953703703704,3.0628306878307168,,,2024-07-18,0.2574022223605488
2024-07-18,36.75046296296296,3.057539682539712,,,2024-07-18,0.22516595693912034
2024-07-18,36.75046296296296,3.0588624338624637,,,2024-07-18,0.11367602791756166
2024-07-18,36.75046296296296,3.0601851851852153,,,2024-07-18,0.05405849702281984
2024-07-18,36.75046296296296,3.061507936507965,,,2024-07-18,0.14387478409339177
2024-07-18,36.75046296296296,3.0628306878307168,,,2024-07-18,0.25740073137508096
2024-07-18,36.75138888888889,3.057539682539712,,,2024-07-18,0.2681416363474062
2024-07-18,36.75138888888889,3.0588624338624637,,,2024-07-18,0.18472391343301875
2024-07-18,36.75138888888889,3.0601851851852153,,,2024-07-18,0.1553162150214607
2024-07-18,36.75138888888889,3.061507936507965,,,2024-07-18,0.20469622494972564
2024-07-18,36.75138888888889,3.0628306878307168,,,2024-07-18,0.29572821605468813
2024-07-18,36.75231481481482,3.057539682539712,,,2024-07-18,0.33808427195944535
2024-07-18,36.75231481481482,3.0588624338624637,,,2024-07-18,0.27663047174165517
2024-07-18,36.75231481481482,3.0601851851852153,,,2024-07-18,0.2579239055025071
2024-07-18,36.75231481481482,3.061507936507965,,,2024-07-18,0.2903479711469829
2024-07-18,36.75231481481482,3.0628306878307168,,,2024-07-18,0.3603554187897976
2024-07-19,36.74768518518518,3.057539682539712,,,2024-07-19,0.3380885596660119
2024-07-19,36.74768518518518,3.0588624338624637,,,2024-07-19,0.276631592011625
2024-07-19,36.74768518518518,3.0601851851852153,,,2024-07-19,0.2579239373431453
2024-07-19,36.74768518518518,3.061507936507965,,,2024-07-19,0.2903498466436768
2024-07-19,36.74768518518518,3.0628306878307168,,,2024-07-19,0.3603607437968025
2024-07-19,36.74861111111111,3.057539682539712,,,2024-07-19,0.26814488002100434
2024-07-19,36.74861111111111,3.0588624338624637,,,2024-07-19,0.18472492001821167
2024-07-19,36.74861111111111,3.0601851851852153,,,2024-07-19,0.15531624674691102
2024-07-19,36.74861111111111,3.061507936507965,,,2024-07-19,0.20469782110899754
2024-07-19,36.74861111111111,3.0628306878307168,,,2024-07-19,0.29573210928483373
2024-07-19,36.74953703703704,3.057539682539712,,,2024-07-19,0.22516724453269812
2024-07-19,36.74953703703704,3.0588624338624637,,,2024-07-19,0.11367657315247216
2024-07-19,36.74953703703704,3.0601851851852153,,,2024-07-19,0.05405852740642433
2024-07-19,36.74953703703704,3.061507936507965,,,2024-07-19,0.14387554106688039
2024-07-19,36.74953703703704,3.0628306878307168,,,2024-07-19,0.2574022223605488
2024-07-19,36.75046296296296,3.057539682539712,,,2024-07-19,0.22516595693912034
2024-07-19,36.75046296296296,3.0588624338624637,,,2024-07-19,0.11367602791756166
2024-07-19,36.75046296296296,3.0601851851852153,,,2024-07-19,0.05405849702281984
2024-07-19,36.75046296296296,3.061507936507965,,,2024-07-19,0.14387478409339177
2024-07-19,36.75046296296296,3.0628306878307168,,,2024-07-19,0.25740073137508096
2024-07-19,36.75138888888889,3.057539682539712,,,2024-07-19,0.2681416363474062
2024-07-19,36.75138888888889,3.0588624338624637,,,2024-07-19,0.18472391343301875
2024-07-19,36.75138888888889,3.0601851851852153,,,2024-07-19,0.1553162150214607
2024-07-19,36.75138888888889,3.061507936507965,,,2024-07-19,0.20469622494972564
2024-07-19,36.75138888888889,3.0628306878307168,,,2024-07-19,0.29572821605468813
2024-07-19,36.75231481481482,3.057539682539712,,,2024-07-19,0.33808427195944535
2024-07-19,36.75231481481482,3.0588624338624637,,,2024-07-19,0.27663047174165517
2024-07-19,36.75231481481482,3.0601851851852153,,,2024-07-19,0.2579239055025071
2024-07-19,36.75231481481482,3.061507936507965,,,2024-07-19,0.2903479711469829
2024-07-19,36.75231481481482,3.0628306878307168,,,2024-07-19,0.3603554187897976
2024-07-20,36.74768518518518,3.057539682539712,,,2024-07-20,0.3380885596660119
2024-07-20,36.74768518518518,3.0588624338624637,,,2024-07-20,0.276631592011625
2024-07-20,36.74768518518518,3.0601851851852153,,,2024-07-20,0.2579239373431453
2024-07-20,36.74768518518518,3.061507936507965,,,2024-07-20,0.2903498466436768
2024-07-20,36.74768518518518,3.0628306878307168,,,2024-07-20,0.3603607437968025
2024-07-20,36.74861111111111,3.057539682539712,,,2024-07-20,0.26814488002100434
2024-07-20,36.74861111111111,3.0588624338624637,,,2024-07-20,0.18472492001821167
2024-07-20,36.74861111111111,3.0601851851852153,,,2024-07-20,0.15531624674691102
2024-07-20,36.74861111111111,3.061507936507965,,,2024-07-20,0.20469782110899754
2024-07-20,36.74861111111111,3.0628306878307168,,,2024-07-20,0.29573210928483373
2024-07-20,36.74953703703704,3.057539682539712,,,2024-07-20,0.22516724453269812
2024-07-20,36.74953703703704,3.0588624338624637,,,2024-07-20,0.11367657315247216
2024-07-20,36.74953703703704,3.0601851851852153,,,2024-07-20,0.05405852740642433
2024-07-20,36.74953703703704,3.061507936507965,,,2024-07-20,0.14387554106688039
2024-07-20,36.74953703703704,3.0628306878307168,,,2024-07-20,0.2574022223605488
2024-07-20,36.75046296296296,3.057539682539712,,,2024-07-20,0.22516595693912034
2024-07-20,36.75046296296296,3.0588624338624637,,,2024-07-20,0.11367602791756166
2024-07-20,36.75046296296296,3.0601851851852153,,,2024-07-20,0.05405849702281984
2024-07-20,36.75046296296296,3.061507936507965,,,2024-07-20,0.14387478409339177
2024-07-20,36.75046296296296,3.0628306878307168,,,2024-07-20,0.25740073137508096
2024-07-20,36.75138888888889,3.057539682539712,,,2024-07-20,0.2681416363474062
2024-07-20,36.75138888888889,3.0588624338624637,,,2024-07-20,0.18472391343301875
2024-07-20,36.75138888888889,3.0601851851852153,,,2024-07-20,0.1553162150214607
2024-07-20,36.75138888888889,3.061507936507965,,,2024-07-20,0.20469622494972564
2024-07-20,36.75138888888889,3.0628306878307168,,,2024-07-20,0.29572821605468813
2024-07-20,36.75231481481482,3.057539682539712,,,2024-07-20,0.33808427195944535
2024-07-20,36.75231481481482,3.0588624338624637,,,2024-07-20,0.27663047174165517
2024-07-20,36.75231481481482,3.0601851851852153,,,2024-07-20,0.2579239055025071
2024-07-20,36.75231481481482,3.061507936507965,,,2024-07-20,0.2903479711469829
2024-07-20,36.75231481481482,3.0628306878307168,,,2024-07-20,0.3603554187897976
2024-07-21,36.74768518518518,3.057539682539712,,,2024-07-21,0.3380885596660119
2024-07-21,36.74768518518518,3.0588624338624637,,,2024-07-21,0.276631592011625
2024-07-21,36.74768518518518,3.0601851851852153,,,2024-07-21,0.2579239373431453
2024-07-21,36.74768518518518,3.061507936507965,,,2024-07-21,0.2903498466436768
2024-07-21,36.74768518518518,3.0628306878307168,,,2024-07-21,0.3603607437968025
2024-07-21,36.74861111111111,3.057539682539712,,,2024-07-21,0.26814488002100434
2024-07-21,36.74861111111111,3.0588624338624637,,,2024-07-21,0.18472492001821167
2024-07-21,36.74861111111111,3.0601851851852153,,,2024-07-21,0.15531624674691102
2024-07-21,36.74861111111111,3.061507936507965,,,2024-07-21,0.20469782110899754
2024-07-21,36.74861111111111,3.0628306878307168,,,2024-07-21,0.29573210928483373
2024-07-21,36.74953703703704,3.057539682539712,,,2024-07-21,0.22516724453269812
2024-07-21,36.74953703703704,3.0588624338624637,,,2024-07-21,0.11367657315247216
2024-07-21,36.74953703703704,3.0601851851852153,,,2024-07-21,0.05405852740642433
2024-07-21,36.74953703703704,3.061507936507965,,,2024-07-21,0.14387554106688039
2024-07-21,36.74953703703704,3.0628306878307168,,,2024-07-21,0.2574022223605488
2024-07-21,36.75046296296296,3.057539682539712,,,2024-07-21,0.22516595693912034
2024-07-21,36.75046296296296,3.0588624338624637,,,2024-07-21,0.11367602791756166
2024-07-21,36.75046296296296,3.0601851851852153,,,2024-07-21,0.05405849702281984
2024-07-21,36.75046296296296,3.061507936507965,,,2024-07-21,0.14387478409339177
2024-07-21,36.75046296296296,3.0628306878307168,,,2024-07-21,0.25740073137508096
2024-07-21,36.75138888888889,3.057539682539712,,,2024-07-21,0.2681416363474062
2024-07-21,36.75138888888889,3.0588624338624637,,,2024-07-21,0.18472391343301875
2024-07-21,36.75138888888889,3.0601851851852153,,,2024-07-21,0.1553162150214607
2024-07-21,36.75138888888889,3.061507936507965,,,2024-07-21,0.20469622494972564
2024-07-21,36.75138888888889,3.0628306878307168,,,2024-07-21,0.29572821605468813
2024-07-21,36.75231481481482,3.057539682539712,,,2024-07-21,0.33808427195944535
2024-07-21,36.75231481481482,3.0588624338624637,,,2024-07-21,0.27663047174165517
2024-07-21,36.75231481481482,3.0601851851852153,,,2024-07-21,0.2579239055025071
2024-07-21,36.75231481481482,3.061507936507965,,,2024-07-21,0.2903479711469829
2024-07-21,36.75231481481482,3.0628306878307168,,,2024-07-21,0.3603554187897976
2024-07-22,36.74768518518518,3.057539682539712,,,2024-07-22,0.3380885596660119
2024-07-22,36.74768518518518,3.0588624338624637,,,2024-07-22,0.276631592011625
2024-07-22,36.74768518518518,3.0601851851852153,,,2024-07-22,0.2579239373431453
2024-07-22,36.74768518518518,3.061507936507965,,,2024-07-22,0.2903498466436768
2024-07-22,36.74768518518518,3.0628306878307168,,,2024-07-22,0.3603607437968025
2024-07-22,36.74861111111111,3.057539682539712,,,2024-07-22,0.26814488002100434
2024-07-22,36.74861111111111,3.0588624338624637,,,2024-07-22,0.18472492001821167
2024-07-22,36.74861111111111,3.0601851851852153,,,2024-07-22,0.15531624674691102
2024-07-22,36.74861111111111,3.061507936507965,,,2024-07-22,0.20469782110899754
2024-07-22,36.74861111111111,3.0628306878307168,,,2024-07-22,0.29573210928483373
2024-07-22,36.74953703703704,3.057539682539712,,,2024-07-22,0.22516724453269812
2024-07-22,36.74953703703704,3.0588624338624637,,,2024-07-22,0.11367657315247216
2024-07-22,36.74953703703704,3.0601851851852153,,,2024-07-22,0.05405852740642433
2024-07-22,36.74953703703704,3.061507936507965,,,2024-07-22,0.14387554106688039
2024-07-22,36.74953703703704,3.0628306878307168,,,2024-07-22,0.2574022223605488
2024-07-22,36.75046296296296,3.057539682539712,,,2024-07-22,0.22516595693912034
2024-07-22,36.75046296296296,3.0588624338624637,,,2024-07-22,0.11367602791756166
2024-07-22,36.75046296296296,3.0601851851852153,,,2024-07-22,0.05405849702281984
2024-07-22,36.75046296296296,3.061507936507965,,,2024-07-22,0.14387478409339177
2024-07-22,36.75046296296296,3.0628306878307168,,,2024-07-22,0.25740073137508096
2024-07-22,36.75138888888889,3.057539682539712,,,2024-07-22,0.2681416363474062
2024-07-22,36.75138888888889,3.0588624338624637,,,2024-07-22,0.18472391343301875
2024-07-22,36.75138888888889,3.0601851851852153,,,2024-07-22,0.1553162150214607
2024-07-22,36.75138888888889,3.061507936507965,,,2024-07-22,0.20469622494972564
2024-07-22,36.75138888888889,3.0628306878307168,,,2024-07-22,0.29572821605468813
2024-07-22,36.75231481481482,3.057539682539712,,,2024-07-22,0.33808427195944535
2024-07-22,36.75231481481482,3.0588624338624637,,,2024-07-22,0.27663047174165517
2024-07-22,36.75231481481482,3.0601851851852153,,,2024-07-22,0.2579239055025071
2024-07-22,36.75231481481482,3.061507936507965,,,2024-07-22,0.2903479711469829
2024-07-22,36.75231481481482,3.0628306878307168,,,2024-07-22,0.3603554187897976
2024-07-23,36.74768518518518,3.057539682539712,,,2024-07-23,0.3380885596660119
2024-07-23,36.74768518518518,3.0588624338624637,,,2024-07-23,0.276631592011625
2024-07-23,36.74768518518518,3.0601851851852153,,,2024-07-23,0.2579239373431453
2024-07-23,36.74768518518518,3.061507936507965,,,2024-07-23,0.2903498466436768
2024-07-23,36.74768518518518,3.0628306878307168,,,2024-07-23,0.3603607437968025
2024-07-23,36.74861111111111,3.057539682539712,,,2024-07-23,0.26814488002100434
2024-07-23,36.74861111111111,3.0588624338624637,,,2024-07-23,0.18472492001821167
2024-07-23,36.74861111111111,3.0601851851852153,,,2024-07-23,0.15531624674691102
2024-07-23,36.74861111111111,3.061507936507965,,,2024-07-23,0.20469782110899754
2024-07-23,36.74861111111111,3.0628306878307168,,,2024-07-23,0.29573210928483373
2024-07-23,36.74953703703704,3.057539682539712,,,2024-07-23,0.22516724453269812
2024-07-23,36.74953703703704,3.0588624338624637,,,2024-07-23,0.11367657315247216
2024-07-23,36.74953703703704,3.0601851851852153,,,2024-07-23,0.05405852740642433
2024-07-23,36.74953703703704,3.061507936507965,,,2024-07-23,0.14387554106688039
2024-07-23,36.74953703703704,3.0628306878307168,,,2024-07-23,0.2574022223605488
2024-07-23,36.75046296296296,3.057539682539712,,,2024-07-23,0.22516595693912034
2024-07-23,36.75046296296296,3.0588624338624637,,,2024-07-23,0.11367602791756166
2024-07-23,36.75046296296296,3.0601851851852153,,,2024-07-23,0.05405849702281984
2024-07-23,36.75046296296296,3.061507936507965,,,2024-07-23,0.14387478409339177
2024-07-23,36.75046296296296,3.0628306878307168,,,2024-07-23,0.25740073137508096
2024-07-23,36.75138888888889,3.057539682539712,,,2024-07-23,0.2681416363474062
2024-07-23,36.75138888888889,3.0588624338624637,,,2024-07-23,0.18472391343301875
2024-07-23,36.75138888888889,3.0601851851852153,,,2024-07-23,0.1553162150214607
2024-07-23,36.75138888888889,3.061507936507965,,,2024-07-23,0.20469622494972564
2024-07-23,36.75138888888889,3.0628306878307168,,,2024-07-23,0.29572821605468813
2024-07-23,36.75231481481482,3.057539682539712,,,2024-07-23,0.33808427195944535
2024-07-23,36.75231481481482,3.0588624338624637,,,2024-07-23,0.27663047174165517
2024-07-23,36.75231481481482,3.0601851851852153,,,2024-07-23,0.2579239055025071
2024-07-23,36.75231481481482,3.061507936507965,,,2024-07-23,0.2903479711469829
2024-07-23,36.75231481481482,3.0628306878307168,,,2024-07-23,0.3603554187897976
2024-07-24,36.74768518518518,3.057539682539712,,,2024-07-24,0.3380885596660119
2024-07-24,36.74768518518518,3.0588624338624637,,,2024-07-24,0.276631592011625
2024-07-24,36.74768518518518,3.0601851851852153,,,2024-07-24,0.2579239373431453
2024-07-24,36.74768518518518,3.061507936507965,,,2024-07-24,0.2903498466436768
2024-07-24,36.74768518518518,3.0628306878307168,,,2024-07-24,0.3603607437968025
2024-07-24,36.74861111111111,3.057539682539712,,,2024-07-24,0.26814488002100434
2024-07-24,36.74861111111111,3.0588624338624637,,,2024-07-24,0.18472492001821167
2024-07-24,36.74861111111111,3.0601851851852153,,,2024-07-24,0.15531624674691102
2024-07-24,36.74861111111111,3.061507936507965,,,2024-07-24,0.20469782110899754
2024-07-24,36.74861111111111,3.0628306878307168,,,2024-07-24,0.29573210928483373
2024-07-24,36.74953703703704,3.057539682539712,,,2024-07-24,0.22516724453269812
2024-07-24,36.74953703703704,3.0588624338624637,,,2024-07-24,0.11367657315247216
2024-07-24,36.74953703703704,3.0601851851852153,,,2024-07-24,0.05405852740642433
2024-07-24,36.74953703703704,3.061507936507965,,,2024-07-24,0.14387554106688039
2024-07-24,36.74953703703704,3.0628306878307168,,,2024-07-24,0.2574022223605488
2024-07-24,36.75046296296296,3.057539682539712,,,2024-07-24,0.22516595693912034
2024-07-24,36.75046296296296,3.0588624338624637,,,2024-07-24,0.11367602791756166
2024-07-24,36.75046296296296,3.0601851851852153,,,2024-07-24,0.05405849702281984
2024-07-24,36.75046296296296,3.061507936507965,,,2024-07-24,0.14387478409339177
2024-07-24,36.75046296296296,3.0628306878307168,,,2024-07-24,0.25740073137508096
2024-07-24,36.75138888888889,3.057539682539712,,,2024-07-24,0.2681416363474062
2024-07-24,36.75138888888889,3.0588624338624637,,,2024-07-24,0.18472391343301875
2024-07-24,36.75138888888889,3.0601851851852153,,,2024-07-24,0.1553162150214607
2024-07-24,36.75138888888889,3.061507936507965,,,2024-07-24,0.20469622494972564
2024-07-24,36.75138888888889,3.0628306878307168,,,2024-07-24,0.29572821605468813
2024-07-24,36.75231481481482,3.057539682539712,,,2024-07-24,0.33808427195944535
2024-07-24,36.75231481481482,3.0588624338624637,,,2024-07-24,0.27663047174165517
2024-07-24,36.75231481481482,3.0601851851852153,,,2024-07-24,0.2579239055025071
2024-07-24,36.75231481481482,3.061507936507965,,,2024-07-24,0.2903479711469829
2024-07-24,36.75231481481482,3.0628306878307168,,,2024-07-24,0.3603554187897976
2024-07-25,36.74768518518518,3.057539682539712,,,2024-07-25,0.3380885596660119
2024-07-25,36.74768518518518,3.0588624338624637,,,2024-07-25,0.276631592011625
2024-07-25,36.74768518518518,3.0601851851852153,,,2024-07-25,0.2579239373431453
2024-07-25,36.74768518518518,3.061507936507965,,,2024-07-25,0.2903498466436768
2024-07-25,36.74768518518518,3.0628306878307168,,,2024-07-25,0.3603607437968025
2024-07-25,36.74861111111111,3.057539682539712,,,2024-07-25,0.26814488002100434
2024-07-25,36.74861111111111,3.0588624338624637,,,2024-07-25,0.18472492001821167
2024-07-25,36.74861111111111,3.0601851851852153,,,2024-07-25,0.15531624674691102
2024-07-25,36.74861111111111,3.061507936507965,,,2024-07-25,0.20469782110899754
2024-07-25,36.74861111111111,3.0628306878307168,,,2024-07-25,0.29573210928483373
2024-07-25,36.74953703703704,3.057539682539712,,,2024-07-25,0.22516724453269812
2024-07-25,36.74953703703704,3.0588624338624637,,,2024-07-25,0.11367657315247216
2024-07-25,36.74953703703704,3.0601851851852153,,,2024-07-25,0.05405852740642433
2024-07-25,36.74953703703704,3.061507936507965,,,2024-07-25,0.14387554106688039
2024-07-25,36.74953703703704,3.0628306878307168,,,2024-07-25,0.2574022223605488
2024-07-25,36.75046296296296,3.057539682539712,,,2024-07-25,0.22516595693912034
2024-07-25,36.75046296296296,3.0588624338624637,,,2024-07-25,0.11367602791756166
2024-07-25,36.75046296296296,3.0601851851852153,,,2024-07-25,0.05405849702281984
2024-07-25,36.75046296296296,3.061507936507965,,,2024-07-25,0.14387478409339177
2024-07-25,36.75046296296296,3.0628306878307168,,,2024-07-25,0.25740073137508096
2024-07-25,36.75138888888889,3.057539682539712,,,2024-07-25,0.2681416363474062
2024-07-25,36.75138888888889,3.0588624338624637,,,2024-07-25,0.18472391343301875
2024-07-25,36.75138888888889,3.0601851851852153,,,2024-07-25,0.1553162150214607
2024-07-25,36.75138888888889,3.061507936507965,,,2024-07-25,0.20469622494972564
2024-07-25,36.75138888888889,3.0628306878307168,,,2024-07-25,0.29572821605468813
2024-07-25,36.75231481481482,3.057539682539712,,,2024-07-25,0.33808427195944535
2024-07-25,36.75231481481482,3.0588624338624637,,,2024-07-25,0.27663047174165517
2024-07-25,36.75231481481482,3.0601851851852153,,,2024-07-25,0.2579239055025071
2024-07-25,36.75231481481482,3.061507936507965,,,2024-07-25,0.2903479711469829
2024-07-25,36.75231481481482,3.0628306878307168,,,2024-07-25,0.3603554187897976
2024-07-26,36.74768518518518,3.057539682539712,,,2024-07-26,0.3380885596660119
2024-07-26,36.74768518518518,3.0588624338624637,,,2024-07-26,0.276631592011625
2024-07-26,36.74768518518518,3.0601851851852153,,,2024-07-26,0.2579239373431453
2024-07-26,36.74768518518518,3.061507936507965,,,2024-07-26,0.2903498466436768
2024-07-26,36.74768518518518,3.0628306878307168,,,2024-07-26,0.3603607437968025
2024-07-26,36.74861111111111,3.057539682539712,,,2024-07-26,0.26814488002100434
2024-07-26,36.74861111111111,3.0588624338624637,,,2024-07-26,0.18472492001821167
2024-07-26,36.74861111111111,3.0601851851852153,,,2024-07-26,0.15531624674691102
2024-07-26,36.74861111111111,3.061507936507965,,,2024-07-26,0.20469782110899754
2024-07-26,36.74861111111111,3.0628306878307168,,,2024-07-26,0.29573210928483373
2024-07-26,36.74953703703704,3.057539682539712,,,2024-07-26,0.22516724453269812
2024-07-26,36.74953703703704,3.0588624338624637,,,2024-07-26,0.11367657315247216
2024-07-26,36.74953703703704,3.0601851851852153,,,2024-07-26,0.05405852740642433
2024-07-26,36.74953703703704,3.061507936507965,,,2024-07-26,0.14387554106688039
2024-07-26,36.74953703703704,3.0628306878307168,,,2024-07-26,0.2574022223605488
2024-07-26,36.75046296296296,3.057539682539712,,,2024-07-26,0.22516595693912034
2024-07-26,36.75046296296296,3.0588624338624637,,,2024-07-26,0.11367602791756166
2024-07-26,36.75046296296296,3.0601851851852153,,,2024-07-26,0.05405849702281984
2024-07-26,36.75046296296296,3.061507936507965,,,2024-07-26,0.14387478409339177
2024-07-26,36.75046296296296,3.0628306878307168,,,2024-07-26,0.25740073137508096
2024-07-26,36.75138888888889,3.057539682539712,,,2024-07-26,0.2681416363474062
2024-07-26,36.75138888888889,3.0588624338624637,,,2024-07-26,0.18472391343301875
2024-07-26,36.75138888888889,3.0601851851852153,,,2024-07-26,0.1553162150214607
2024-07-26,36.75138888888889,3.061507936507965,,,2024-07-26,0.20469622494972564
2024-07-26,36.75138888888889,3.0628306878307168,,,2024-07-26,0.29572821605468813
2024-07-26,36.75231481481482,3.057539682539712,,,2024-07-26,0.33808427195944535
2024-07-26,36.75231481481482,3.0588624338624637,,,2024-07-26,0.27663047174165517
2024-07-26,36.75231481481482,3.0601851851852153,,,2024-07-26,0.2579239055025071
2024-07-26,36.75231481481482,3.061507936507965,,,2024-07-26,0.2903479711469829
2024-07-26,36.75231481481482,3.0628306878307168,,,2024-07-26,0.3603554187897976
2024-07-27,36.74768518518518,3.057539682539712,,,2024-07-27,0.3380885596660119
2024-07-27,36.74768518518518,3.0588624338624637,,,2024-07-27,0.276631592011625
2024-07-27,36.74768518518518,3.0601851851852153,,,2024-07-27,0.2579239373431453
2024-07-27,36.74768518518518,3.061507936507965,,,2024-07-27,0.2903498466436768
2024-07-27,36.74768518518518,3.0628306878307168,,,2024-07-27,0.3603607437968025
2024-07-27,36.74861111111111,3.057539682539712,,,2024-07-27,0.26814488002100434
2024-07-27,36.74861111111111,3.0588624338624637,,,2024-07-27,0.18472492001821167
2024-07-27,36.74861111111111,3.0601851851852153,,,2024-07-27,0.15531624674691102
2024-07-27,36.74861111111111,3.061507936507965,,,2024-07-27,0.20469782110899754
2024-07-27,36.74861111111111,3.0628306878307168,,,2024-07-27,0.29573210928483373
2024-07-27,36.74953703703704,3.057539682539712,,,2024-07-27,0.22516724453269812
2024-07-27,36.74953703703704,3.0588624338624637,,,2024-07-27,0.11367657315247216
2024-07-27,36.74953703703704,3.0601851851852153,,,2024-07-27,0.05405852740642433
2024-07-27,36.74953703703704,3.061507936507965,,,2024-07-27,0.14387554106688039
2024-07-27,36.74953703703704,3.0628306878307168,,,2024-07-27,0.2574022223605488
2024-07-27,36.75046296296296,3.057539682539712,,,2024-07-27,0.22516595693912034
2024-07-27,36.75046296296296,3.0588624338624637,,,2024-07-27,0.11367602791756166
2024-07-27,36.75046296296296,3.0601851851852153,,,2024-07-27,0.05405849702281984
2024-07-27,36.75046296296296,3.061507936507965,,,2024-07-27,0.14387478409339177
2024-07-27,36.75046296296296,3.0628306878307168,,,2024-07-27,0.25740073137508096
2024-07-27,36.75138888888889,3.057539682539712,,,2024-07-27,0.2681416363474062
2024-07-27,36.75138888888889,3.0588624338624637,,,2024-07-27,0.18472391343301875
2024-07-27,36.75138888888889,3.0601851851852153,,,2024-07-27,0.1553162150214607
2024-07-27,36.75138888888889,3.061507936507965,,,2024-07-27,0.20469622494972564
2024-07-27,36.75138888888889,3.0628306878307168,,,2024-07-27,0.29572821605468813
2024-07-27,36.75231481481482,3.057539682539712,,,2024-07-27,0.33808427195944535
2024-07-27,36.75231481481482,3.0588624338624637,,,2024-07-27,0.27663047174165517
2024-07-27,36.75231481481482,3.0601851851852153,,,2024-07-27,0.2579239055025071
2024-07-27,36.75231481481482,3.061507936507965,,,2024-07-27,0.2903479711469829
2024-07-27,36.75231481481482,3.0628306878307168,,,2024-07-27,0.3603554187897976
2024-07-28,36.74768518518518,3.057539682539712,,,2024-07-28,0.3380885596660119
2024-07-28,36.74768518518518,3.0588624338624637,,,2024-07-28,0.276631592011625
2024-07-28,36.74768518518518,3.0601851851852153,,,2024-07-28,0.2579239373431453
2024-07-28,36.74768518518518,3.061507936507965,,,2024-07-28,0.2903498466436768
2024-07-28,36.74768518518518,3.0628306878307168,,,2024-07-28,0.3603607437968025
2024-07-28,36.74861111111111,3.057539682539712,,,2024-07-28,0.26814488002100434
2024-07-28,36.74861111111111,3.0588624338624637,,,2024-07-28,0.18472492001821167
2024-07-28,36.74861111111111,3.0601851851852153,,,2024-07-28,0.15531624674691102
2024-07-28,36.74861111111111,3.061507936507965,,,2024-07-28,0.20469782110899754
2024-07-28,36.74861111111111,3.0628306878307168,,,2024-07-28,0.29573210928483373
2024-07-28,36.74953703703704,3.057539682539712,,,2024-07-28,0.22516724453269812
2024-07-28,36.74953703703704,3.0588624338624637,,,2024-07-28,0.11367657315247216
2024-07-28,36.74953703703704,3.0601851851852153,,,2024-07-28,0.05405852740642433
2024-07-28,36.74953703703704,3.061507936507965,,,2024-07-28,0.14387554106688039
2024-07-28,36.74953703703704,3.0628306878307168,,,2024-07-28,0.2574022223605488
2024-07-28,36.75046296296296,3.057539682539712,,,2024-07-28,0.22516595693912034
2024-07-28,36.75046296296296,3.0588624338624637,,,2024-07-28,0.11367602791756166
2024-07-28,36.75046296296296,3.0601851851852153,,,2024-07-28,0.05405849702281984
2024-07-28,36.75046296296296,3.061507936507965,,,2024-07-28,0.14387478409339177
2024-07-28,36.75046296296296,3.0628306878307168,,,2024-07-28,0.25740073137508096
2024-07-28,36.75138888888889,3.057539682539712,,,2024-07-28,0.2681416363474062
2024-07-28,36.75138888888889,3.0588624338624637,,,2024-07-28,0.18472391343301875
2024-07-28,36.75138888888889,3.0601851851852153,,,2024-07-28,0.1553162150214607
2024-07-28,36.75138888888889,3.061507936507965,,,2024-07-28,0.20469622494972564
2024-07-28,36.75138888888889,3.0628306878307168,,,2024-07-28,0.29572821605468813
2024-07-28,36.75231481481482,3.057539682539712,,,2024-07-28,0.33808427195944535
2024-07-28,36.75231481481482,3.0588624338624637,,,2024-07-28,0.27663047174165517
2024-07-28,36.75231481481482,3.0601851851852153,,,2024-07-28,0.2579239055025071
2024-07-28,36.75231481481482,3.061507936507965,,,2024-07-28,0.2903479711469829
2024-07-28,36.75231481481482,3.0628306878307168,,,2024-07-28,0.3603554187897976
2024-07-29,36.74768518518518,3.057539682539712,,,2024-07-29,0.3380885596660119
2024-07-29,36.74768518518518,3.0588624338624637,,,2024-07-29,0.276631592011625
2024-07-29,36.74768518518518,3.0601851851852153,,,2024-07-29,0.2579239373431453
2024-07-29,36.74768518518518,3.061507936507965,,,2024-07-29,0.2903498466436768
2024-07-29,36.74768518518518,3.0628306878307168,,,2024-07-29,0.3603607437968025
2024-07-29,36.74861111111111,3.057539682539712,,,2024-07-29,0.26814488002100434
2024-07-29,36.74861111111111,3.0588624338624637,,,2024-07-29,0.18472492001821167
2024-07-29,36.74861111111111,3.0601851851852153,,,2024-07-29,0.15531624674691102
2024-07-29,36.74861111111111,3.061507936507965,,,2024-07-29,0.20469782110899754
2024-07-29,36.74861111111111,3.0628306878307168,,,2024-07-29,0.29573210928483373
2024-07-29,36.74953703703704,3.057539682539712,,,2024-07-29,0.22516724453269812
2024-07-29,36.74953703703704,3.0588624338624637,,,2024-07-29,0.11367657315247216
2024-07-29,36.74953703703704,3.0601851851852153,,,2024-07-29,0.05405852740642433
2024-07-29,36.74953703703704,3.061507936507965,,,2024-07-29,0.14387554106688039
2024-07-29,36.74953703703704,3.0628306878307168,,,2024-07-29,0.2574022223605488
2024-07-29,36.75046296296296,3.057539682539712,,,2024-07-29,0.22516595693912034
2024-07-29,36.75046296296296,3.0588624338624637,,,2024-07-29,0.11367602791756166
2024-07-29,36.75046296296296,3.0601851851852153,,,2024-07-29,0.05405849702281984
2024-07-29,36.75046296296296,3.061507936507965,,,2024-07-29,0.14387478409339177
2024-07-29,36.75046296296296,3.0628306878307168,,,2024-07-29,0.25740073137508096
2024-07-29,36.75138888888889,3.057539682539712,,,2024-07-29,0.2681416363474062
2024-07-29,36.75138888888889,3.0588624338624637,,,2024-07-29,0.18472391343301875
2024-07-29,36.75138888888889,3.0601851851852153,,,2024-07-29,0.1553162150214607
2024-07-29,36.75138888888889,3.061507936507965,,,2024-07-29,0.20469622494972564
2024-07-29,36.75138888888889,3.0628306878307168,,,2024-07-29,0.29572821605468813
2024-07-29,36.75231481481482,3.057539682539712,,,2024-07-29,0.33808427195944535
2024-07-29,36.75231481481482,3.0588624338624637,,,2024-07-29,0.27663047174165517
2024-07-29,36.75231481481482,3.0601851851852153,,,2024-07-29,0.2579239055025071
2024-07-29,36.75231481481482,3.061507936507965,,,2024-07-29,0.2903479711469829
2024-07-29,36.75231481481482,3.0628306878307168,,,2024-07-29,0.3603554187897976
2024-07-30,36.74768518518518,3.057539682539712,,,2024-07-30,0.3380885596660119
2024-07-30,36.74768518518518,3.0588624338624637,,,2024-07-30,0.276631592011625
2024-07-30,36.74768518518518,3.0601851851852153,,,2024-07-30,0.2579239373431453
2024-07-30,36.74768518518518,3.061507936507965,,,2024-07-30,0.2903498466436768
2024-07-30,36.74768518518518,3.0628306878307168,,,2024-07-30,0.3603607437968025
2024-07-30,36.74861111111111,3.057539682539712,,,2024-07-30,0.26814488002100434
2024-07-30,36.74861111111111,3.0588624338624637,,,2024-07-30,0.18472492001821167
2024-07-30,36.74861111111111,3.0601851851852153,,,2024-07-30,0.15531624674691102
2024-07-30,36.74861111111111,3.061507936507965,,,2024-07-30,0.20469782110899754
2024-07-30,36.74861111111111,3.0628306878307168,,,2024-07-30,0.29573210928483373
2024-07-30,36.74953703703704,3.057539682539712,,,2024-07-30,0.22516724453269812
2024-07-30,36.74953703703704,3.0588624338624637,,,2024-07-30,0.11367657315247216
2024-07-30,36.74953703703704,3.0601851851852153,,,2024-07-30,0.05405852740642433
2024-07-30,36.74953703703704,3.061507936507965,,,2024-07-30,0.14387554106688039
2024-07-30,36.74953703703704,3.0628306878307168,,,2024-07-30,0.2574022223605488
2024-07-30,36.75046296296296,3.057539682539712,,,2024-07-30,0.22516595693912034
2024-07-30,36.75046296296296,3.0588624338624637,,,2024-07-30,0.11367602791756166
2024-07-30,36.75046296296296,3.0601851851852153,,,2024-07-30,0.05405849702281984
2024-07-30,36.75046296296296,3.061507936507965,,,2024-07-30,0.14387478409339177
2024-07-30,36.75046296296296,3.0628306878307168,,,2024-07-30,0.25740073137508096
2024-07-30,36.75138888888889,3.057539682539712,,,2024-07-30,0.2681416363474062
2024-07-30,36.75138888888889,3.0588624338624637,,,2024-07-30,0.18472391343301875
2024-07-30,36.75138888888889,3.0601851851852153,,,2024-07-30,0.1553162150214607
2024-07-30,36.75138888888889,3.061507936507965,,,2024-07-30,0.20469622494972564
2024-07-30,36.75138888888889,3.0628306878307168,,,2024-07-30,0.29572821605468813
2024-07-30,36.75231481481482,3.057539682539712,,,2024-07-30,0.33808427195944535
2024-07-30,36.75231481481482,3.0588624338624637,,,2024-07-30,0.27663047174165517
2024-07-30,36.75231481481482,3.0601851851852153,,,2024-07-30,0.2579239055025071
2024-07-30,36.75231481481482,3.061507936507965,,,2024-07-30,0.2903479711469829
2024-07-30,36.75231481481482,3.0628306878307168,,,2024-07-30,0.3603554187897976
2024-07-31,36.74768518518518,3.057539682539712,,,2024-07-31,0.3380885596660119
2024-07-31,36.74768518518518,3.0588624338624637,,,2024-07-31,0.276631592011625
2024-07-31,36.74768518518518,3.0601851851852153,,,2024-07-31,0.2579239373431453
2024-07-31,36.74768518518518,3.061507936507965,,,2024-07-31,0.2903498466436768
2024-07-31,36.74768518518518,3.0628306878307168,,,2024-07-31,0.3603607437968025
2024-07-31,36.74861111111111,3.057539682539712,,,2024-07-31,0.26814488002100434
2024-07-31,36.74861111111111,3.0588624338624637,,,2024-07-31,0.18472492001821167
2024-07-31,36.74861111111111,3.0601851851852153,,,2024-07-31,0.15531624674691102
2024-07-31,36.74861111111111,3.061507936507965,,,2024-07-31,0.20469782110899754
2024-07-31,36.74861111111111,3.0628306878307168,,,2024-07-31,0.29573210928483373
2024-07-31,36.74953703703704,3.057539682539712,,,2024-07-31,0.22516724453269812
2024-07-31,36.74953703703704,3.0588624338624637,,,2024-07-31,0.11367657315247216
2024-07-31,36.74953703703704,3.0601851851852153,,,2024-07-31,0.05405852740642433
2024-07-31,36.74953703703704,3.061507936507965,,,2024-07-31,0.14387554106688039
2024-07-31,36.74953703703704,3.0628306878307168,,,2024-07-31,0.2574022223605488
2024-07-31,36.75046296296296,3.057539682539712,,,2024-07-31,0.22516595693912034
2024-07-31,36.75046296296296,3.0588624338624637,,,2024-07-31,0.11367602791756166
2024-07-31,36.75046296296296,3.0601851851852153,,,2024-07-31,0.05405849702281984
2024-07-31,36.75046296296296,3.061507936507965,,,2024-07-31,0.14387478409339177
2024-07-31,36.75046296296296,3.0628306878307168,,,2024-07-31,0.25740073137508096
2024-07-31,36.75138888888889,3.057539682539712,,,2024-07-31,0.2681416363474062
2024-07-31,36.75138888888889,3.0588624338624637,,,2024-07-31,0.18472391343301875
2024-07-31,36.75138888888889,3.0601851851852153,,,2024-07-31,0.1553162150214607
2024-07-31,36.75138888888889,3.061507936507965,,,2024-07-31,0.20469622494972564
2024-07-31,36.75138888888889,3.0628306878307168,,,2024-07-31,0.29572821605468813
2024-07-31,36.75231481481482,3.057539682539712,,,2024-07-31,0.33808427195944535
2024-07-31,36.75231481481482,3.0588624338624637,,,2024-07-31,0.27663047174165517
2024-07-31,36.75231481481482,3.0601851851852153,,,2024-07-31,0.2579239055025071
2024-07-31,36.75231481481482,3.061507936507965,,,2024-07-31,0.2903479711469829
2024-07-31,36.75231481481482,3.0628306878307168,,,2024-07-31,0.3603554187897976
2024-08-01,36.74768518518518,3.057539682539712,,,2024-08-01,0.3380885596660119
2024-08-01,36.74768518518518,3.0588624338624637,,,2024-08-01,0.276631592011625
2024-08-01,36.74768518518518,3.0601851851852153,,,2024-08-01,0.2579239373431453
2024-08-01,36.74768518518518,3.061507936507965,,,2024-08-01,0.2903498466436768
2024-08-01,36.74768518518518,3.0628306878307168,,,2024-08-01,0.3603607437968025
2024-08-01,36.74861111111111,3.057539682539712,,,2024-08-01,0.26814488002100434
2024-08-01,36.74861111111111,3.0588624338624637,,,2024-08-01,0.18472492001821167
2024-08-01,36.74861111111111,3.0601851851852153,,,2024-08-01,0.15531624674691102
2024-08-01,36.74861111111111,3.061507936507965,,,2024-08-01,0.20469782110899754
2024-08-01,36.74861111111111,3.0628306878307168,,,2024-08-01,0.29573210928483373
2024-08-01,36.74953703703704,3.057539682539712,,,2024-08-01,0.22516724453269812
2024-08-01,36.74953703703704,3.0588624338624637,,,2024-08-01,0.11367657315247216
2024-08-01,36.74953703703704,3.0601851851852153,,,2024-08-01,0.05405852740642433
2024-08-01,36.74953703703704,3.061507936507965,,,2024-08-01,0.14387554106688039
2024-08-01,36.74953703703704,3.0628306878307168,,,2024-08-01,0.2574022223605488
2024-08-01,36.75046296296296,3.057539682539712,,,2024-08-01,0.22516595693912034
2024-08-01,36.75046296296296,3.0588624338624637,,,2024-08-01,0.11367602791756166
2024-08-01,36.75046296296296,3.0601851851852153,,,2024-08-01,0.05405849702281984
2024-08-01,36.75046296296296,3.061507936507965,,,2024-08-01,0.14387478409339177
2024-08-01,36.75046296296296,3.0628306878307168,,,2024-08-01,0.25740073137508096
2024-08-01,36.75138888888889,3.057539682539712,,,2024-08-01,0.2681416363474062
2024-08-01,36.75138888888889,3.0588624338624637,,,2024-08-01,0.18472391343301875
2024-08-01,36.75138888888889,3.0601851851852153,,,2024-08-01,0.1553162150214607
2024-08-01,36.75138888888889,3.061507936507965,,,2024-08-01,0.20469622494972564
2024-08-01,36.75138888888889,3.0628306878307168,,,2024-08-01,0.29572821605468813
2024-08-01,36.75231481481482,3.057539682539712,,,2024-08-01,0.33808427195944535
2024-08-01,36.75231481481482,3.0588624338624637,,,2024-08-01,0.27663047174165517
2024-08-01,36.75231481481482,3.0601851851852153,,,2024-08-01,0.2579239055025071
2024-08-01,36.75231481481482,3.061507936507965,,,2024-08-01,0.2903479711469829
2024-08-01,36.75231481481482,3.0628306878307168,,,2024-08-01,0.3603554187897976
2024-08-02,36.74768518518518,3.057539682539712,,,2024-08-02,0.3380885596660119
2024-08-02,36.74768518518518,3.0588624338624637,,,2024-08-02,0.276631592011625
2024-08-02,36.74768518518518,3.0601851851852153,,,2024-08-02,0.2579239373431453
2024-08-02,36.74768518518518,3.061507936507965,,,2024-08-02,0.2903498466436768
2024-08-02,36.74768518518518,3.0628306878307168,,,2024-08-02,0.3603607437968025
2024-08-02,36.74861111111111,3.057539682539712,,,2024-08-02,0.26814488002100434
2024-08-02,36.74861111111111,3.0588624338624637,,,2024-08-02,0.18472492001821167
2024-08-02,36.74861111111111,3.0601851851852153,,,2024-08-02,0.15531624674691102
2024-08-02,36.74861111111111,3.061507936507965,,,2024-08-02,0.20469782110899754
2024-08-02,36.74861111111111,3.0628306878307168,,,2024-08-02,0.29573210928483373
2024-08-02,36.74953703703704,3.057539682539712,,,2024-08-02,0.22516724453269812
2024-08-02,36.74953703703704,3.0588624338624637,,,2024-08-02,0.11367657315247216
2024-08-02,36.74953703703704,3.0601851851852153,,,2024-08-02,0.05405852740642433
2024-08-02,36.74953703703704,3.061507936507965,,,2024-08-02,0.14387554106688039
2024-08-02,36.74953703703704,3.0628306878307168,,,2024-08-02,0.2574022223605488
2024-08-02,36.75046296296296,3.057539682539712,,,2024-08-02,0.22516595693912034
2024-08-02,36.75046296296296,3.0588624338624637,,,2024-08-02,0.11367602791756166
2024-08-02,36.75046296296296,3.0601851851852153,,,2024-08-02,0.05405849702281984
2024-08-02,36.75046296296296,3.061507936507965,,,2024-08-02,0.14387478409339177
2024-08-02,36.75046296296296,3.0628306878307168,,,2024-08-02,0.25740073137508096
2024-08-02,36.75138888888889,3.057539682539712,,,2024-08-02,0.2681416363474062
2024-08-02,36.75138888888889,3.0588624338624637,,,2024-08-02,0.18472391343301875
2024-08-02,36.75138888888889,3.0601851851852153,,,2024-08-02,0.1553162150214607
2024-08-02,36.75138888888889,3.061507936507965,,,2024-08-02,0.20469622494972564
2024-08-02,36.75138888888889,3.0628306878307168,,,2024-08-02,0.29572821605468813
2024-08-02,36.75231481481482,3.057539682539712,,,2024-08-02,0.33808427195944535
2024-08-02,36.75231481481482,3.0588624338624637,,,2024-08-02,0.27663047174165517
2024-08-02,36.75231481481482,3.0601851851852153,,,2024-08-02,0.2579239055025071
2024-08-02,36.75231481481482,3.061507936507965,,,2024-08-02,0.2903479711469829
2024-08-02,36.75231481481482,3.0628306878307168,,,2024-08-02,0.3603554187897976
2024-08-03,36.74768518518518,3.057539682539712,,,2024-08-03,0.3380885596660119
2024-08-03,36.74768518518518,3.0588624338624637,,,2024-08-03,0.276631592011625
2024-08-03,36.74768518518518,3.0601851851852153,,,2024-08-03,0.2579239373431453
2024-08-03,36.74768518518518,3.061507936507965,,,2024-08-03,0.2903498466436768
2024-08-03,36.74768518518518,3.0628306878307168,,,2024-08-03,0.3603607437968025
2024-08-03,36.74861111111111,3.057539682539712,,,2024-08-03,0.26814488002100434
2024-08-03,36.74861111111111,3.0588624338624637,,,2024-08-03,0.18472492001821167
2024-08-03,36.74861111111111,3.0601851851852153,,,2024-08-03,0.15531624674691102
2024-08-03,36.74861111111111,3.061507936507965,,,2024-08-03,0.20469782110899754
2024-08-03,36.74861111111111,3.0628306878307168,,,2024-08-03,0.29573210928483373
2024-08-03,36.74953703703704,3.057539682539712,,,2024-08-03,0.22516724453269812
2024-08-03,36.74953703703704,3.0588624338624637,,,2024-08-03,0.11367657315247216
2024-08-03,36.74953703703704,3.0601851851852153,,,2024-08-03,0.05405852740642433
2024-08-03,36.74953703703704,3.061507936507965,,,2024-08-03,0.14387554106688039
2024-08-03,36.74953703703704,3.0628306878307168,,,2024-08-03,0.2574022223605488
2024-08-03,36.75046296296296,3.057539682539712,,,2024-08-03,0.22516595693912034
2024-08-03,36.75046296296296,3.0588624338624637,,,2024-08-03,0.11367602791756166
2024-08-03,36.75046296296296,3.0601851851852153,,,2024-08-03,0.05405849702281984
2024-08-03,36.75046296296296,3.061507936507965,,,2024-08-03,0.14387478409339177
2024-08-03,36.75046296296296,3.0628306878307168,,,2024-08-03,0.25740073137508096
2024-08-03,36.75138888888889,3.057539682539712,,,2024-08-03,0.2681416363474062
2024-08-03,36.75138888888889,3.0588624338624637,,,2024-08-03,0.18472391343301875
2024-08-03,36.75138888888889,3.0601851851852153,,,2024-08-03,0.1553162150214607
2024-08-03,36.75138888888889,3.061507936507965,,,2024-08-03,0.20469622494972564
2024-08-03,36.75138888888889,3.0628306878307168,,,2024-08-03,0.29572821605468813
2024-08-03,36.75231481481482,3.057539682539712,,,2024-08-03,0.33808427195944535
2024-08-03,36.75231481481482,3.0588624338624637,,,2024-08-03,0.27663047174165517
2024-08-03,36.75231481481482,3.0601851851852153,,,2024-08-03,0.2579239055025071
2024-08-03,36.75231481481482,3.061507936507965,,,2024-08-03,0.2903479711469829
2024-08-03,36.75231481481482,3.0628306878307168,,,2024-08-03,0.3603554187897976
2024-08-04,36.74768518518518,3.057539682539712,,,2024-08-04,0.3380885596660119
2024-08-04,36.74768518518518,3.0588624338624637,,,2024-08-04,0.276631592011625
2024-08-04,36.74768518518518,3.0601851851852153,,,2024-08-04,0.2579239373431453
2024-08-04,36.74768518518518,3.061507936507965,,,2024-08-04,0.2903498466436768
2024-08-04,36.74768518518518,3.0628306878307168,,,2024-08-04,0.3603607437968025
2024-08-04,36.74861111111111,3.057539682539712,,,2024-08-04,0.26814488002100434
2024-08-04,36.74861111111111,3.0588624338624637,,,2024-08-04,0.18472492001821167
2024-08-04,36.74861111111111,3.0601851851852153,,,2024-08-04,0.15531624674691102
2024-08-04,36.74861111111111,3.061507936507965,,,2024-08-04,0.20469782110899754
2024-08-04,36.74861111111111,3.0628306878307168,,,2024-08-04,0.29573210928483373
2024-08-04,36.74953703703704,3.057539682539712,,,2024-08-04,0.22516724453269812
2024-08-04,36.74953703703704,3.0588624338624637,,,2024-08-04,0.11367657315247216
2024-08-04,36.74953703703704,3.0601851851852153,,,2024-08-04,0.05405852740642433
2024-08-04,36.74953703703704,3.061507936507965,,,2024-08-04,0.14387554106688039
2024-08-04,36.74953703703704,3.0628306878307168,,,2024-08-04,0.2574022223605488
2024-08-04,36.75046296296296,3.057539682539712,,,2024-08-04,0.22516595693912034
2024-08-04,36.75046296296296,3.0588624338624637,,,2024-08-04,0.11367602791756166
2024-08-04,36.75046296296296,3.0601851851852153,,,2024-08-04,0.05405849702281984
2024-08-04,36.75046296296296,3.061507936507965,,,2024-08-04,0.14387478409339177
2024-08-04,36.75046296296296,3.0628306878307168,,,2024-08-04,0.25740073137508096
2024-08-04,36.75138888888889,3.057539682539712,,,2024-08-04,0.2681416363474062
2024-08-04,36.75138888888889,3.0588624338624637,,,2024-08-04,0.18472391343301875
2024-08-04,36.75138888888889,3.0601851851852153,,,2024-08-04,0.1553162150214607
2024-08-04,36.75138888888889,3.061507936507965,,,2024-08-04,0.20469622494972564
2024-08-04,36.75138888888889,3.0628306878307168,,,2024-08-04,0.29572821605468813
2024-08-04,36.75231481481482,3.057539682539712,,,2024-08-04,0.33808427195944535
2024-08-04,36.75231481481482,3.0588624338624637,,,2024-08-04,0.27663047174165517
2024-08-04,36.75231481481482,3.0601851851852153,,,2024-08-04,0.2579239055025071
2024-08-04,36.75231481481482,3.061507936507965,,,2024-08-04,0.2903479711469829
2024-08-04,36.75231481481482,3.0628306878307168,,,2024-08-04,0.3603554187897976
2024-08-05,36.74768518518518,3.057539682539712,,,2024-08-05,0.3380885596660119
2024-08-05,36.74768518518518,3.0588624338624637,,,2024-08-05,0.276631592011625
2024-08-05,36.74768518518518,3.0601851851852153,,,2024-08-05,0.2579239373431453
2024-08-05,36.74768518518518,3.061507936507965,,,2024-08-05,0.2903498466436768
2024-08-05,36.74768518518518,3.0628306878307168,,,2024-08-05,0.3603607437968025
2024-08-05,36.74861111111111,3.057539682539712,,,2024-08-05,0.26814488002100434
2024-08-05,36.74861111111111,3.0588624338624637,,,2024-08-05,0.18472492001821167
2024-08-05,36.74861111111111,3.0601851851852153,,,2024-08-05,0.15531624674691102
2024-08-05,36.74861111111111,3.061507936507965,,,2024-08-05,0.20469782110899754
2024-08-05,36.74861111111111,3.0628306878307168,,,2024-08-05,0.29573210928483373
2024-08-05,36.74953703703704,3.057539682539712,,,2024-08-05,0.22516724453269812
2024-08-05,36.74953703703704,3.0588624338624637,,,2024-08-05,0.11367657315247216
2024-08-05,36.74953703703704,3.0601851851852153,,,2024-08-05,0.05405852740642433
2024-08-05,36.74953703703704,3.061507936507965,,,2024-08-05,0.14387554106688039
2024-08-05,36.74953703703704,3.0628306878307168,,,2024-08-05,0.2574022223605488
2024-08-05,36.75046296296296,3.057539682539712,,,2024-08-05,0.22516595693912034
2024-08-05,36.75046296296296,3.0588624338624637,,,2024-08-05,0.11367602791756166
2024-08-05,36.75046296296296,3.0601851851852153,,,2024-08-05,0.05405849702281984
2024-08-05,36.75046296296296,3.061507936507965,,,2024-08-05,0.14387478409339177
2024-08-05,36.75046296296296,3.0628306878307168,,,2024-08-05,0.25740073137508096
2024-08-05,36.75138888888889,3.057539682539712,,,2024-08-05,0.2681416363474062
2024-08-05,36.75138888888889,3.0588624338624637,,,2024-08-05,0.18472391343301875
2024-08-05,36.75138888888889,3.0601851851852153,,,2024-08-05,0.1553162150214607
2024-08-05,36.75138888888889,3.061507936507965,,,2024-08-05,0.20469622494972564
2024-08-05,36.75138888888889,3.0628306878307168,,,2024-08-05,0.29572821605468813
2024-08-05,36.75231481481482,3.057539682539712,,,2024-08-05,0.33808427195944535
2024-08-05,36.75231481481482,3.0588624338624637,,,2024-08-05,0.27663047174165517
2024-08-05,36.75231481481482,3.0601851851852153,,,2024-08-05,0.2579239055025071
2024-08-05,36.75231481481482,3.061507936507965,,,2024-08-05,0.2903479711469829
2024-08-05,36.75231481481482,3.0628306878307168,,,2024-08-05,0.3603554187897976
2024-08-06,36.74768518518518,3.057539682539712,,,2024-08-06,0.3380885596660119
2024-08-06,36.74768518518518,3.0588624338624637,,,2024-08-06,0.276631592011625
2024-08-06,36.74768518518518,3.0601851851852153,,,2024-08-06,0.2579239373431453
2024-08-06,36.74768518518518,3.061507936507965,,,2024-08-06,0.2903498466436768
2024-08-06,36.74768518518518,3.0628306878307168,,,2024-08-06,0.3603607437968025
2024-08-06,36.74861111111111,3.057539682539712,,,2024-08-06,0.26814488002100434
2024-08-06,36.74861111111111,3.0588624338624637,,,2024-08-06,0.18472492001821167
2024-08-06,36.74861111111111,3.0601851851852153,,,2024-08-06,0.15531624674691102
2024-08-06,36.74861111111111,3.061507936507965,,,2024-08-06,0.20469782110899754
2024-08-06,36.74861111111111,3.0628306878307168,,,2024-08-06,0.29573210928483373
2024-08-06,36.74953703703704,3.057539682539712,,,2024-08-06,0.22516724453269812
2024-08-06,36.74953703703704,3.0588624338624637,,,2024-08-06,0.11367657315247216
2024-08-06,36.74953703703704,3.0601851851852153,,,2024-08-06,0.05405852740642433
2024-08-06,36.74953703703704,3.061507936507965,,,2024-08-06,0.14387554106688039
2024-08-06,36.74953703703704,3.0628306878307168,,,2024-08-06,0.2574022223605488
2024-08-06,36.75046296296296,3.057539682539712,,,2024-08-06,0.22516595693912034
2024-08-06,36.75046296296296,3.0588624338624637,,,2024-08-06,0.11367602791756166
2024-08-06,36.75046296296296,3.0601851851852153,,,2024-08-06,0.05405849702281984
2024-08-06,36.75046296296296,3.061507936507965,,,2024-08-06,0.14387478409339177
2024-08-06,36.75046296296296,3.0628306878307168,,,2024-08-06,0.25740073137508096
2024-08-06,36.75138888888889,3.057539682539712,,,2024-08-06,0.2681416363474062
2024-08-06,36.75138888888889,3.0588624338624637,,,2024-08-06,0.18472391343301875
2024-08-06,36.75138888888889,3.0601851851852153,,,2024-08-06,0.1553162150214607
2024-08-06,36.75138888888889,3.061507936507965,,,2024-08-06,0.20469622494972564
2024-08-06,36.75138888888889,3.0628306878307168,,,2024-08-06,0.29572821605468813
2024-08-06,36.75231481481482,3.057539682539712,,,2024-08-06,0.33808427195944535
2024-08-06,36.75231481481482,3.0588624338624637,,,2024-08-06,0.27663047174165517
2024-08-06,36.75231481481482,3.0601851851852153,,,2024-08-06,0.2579239055025071
2024-08-06,36.75231481481482,3.061507936507965,,,2024-08-06,0.2903479711469829
2024-08-06,36.75231481481482,3.0628306878307168,,,2024-08-06,0.3603554187897976
2024-08-07,36.74768518518518,3.057539682539712,,,2024-08-07,0.3380885596660119
2024-08-07,36.74768518518518,3.0588624338624637,,,2024-08-07,0.276631592011625
2024-08-07,36.74768518518518,3.0601851851852153,,,2024-08-07,0.2579239373431453
2024-08-07,36.74768518518518,3.061507936507965,,,2024-08-07,0.2903498466436768
2024-08-07,36.74768518518518,3.0628306878307168,,,2024-08-07,0.3603607437968025
2024-08-07,36.74861111111111,3.057539682539712,,,2024-08-07,0.26814488002100434
2024-08-07,36.74861111111111,3.0588624338624637,,,2024-08-07,0.18472492001821167
2024-08-07,36.74861111111111,3.0601851851852153,,,2024-08-07,0.15531624674691102
2024-08-07,36.74861111111111,3.061507936507965,,,2024-08-07,0.20469782110899754
2024-08-07,36.74861111111111,3.0628306878307168,,,2024-08-07,0.29573210928483373
2024-08-07,36.74953703703704,3.057539682539712,,,2024-08-07,0.22516724453269812
2024-08-07,36.74953703703704,3.0588624338624637,,,2024-08-07,0.11367657315247216
2024-08-07,36.74953703703704,3.0601851851852153,,,2024-08-07,0.05405852740642433
2024-08-07,36.74953703703704,3.061507936507965,,,2024-08-07,0.14387554106688039
2024-08-07,36.74953703703704,3.0628306878307168,,,2024-08-07,0.2574022223605488
2024-08-07,36.75046296296296,3.057539682539712,,,2024-08-07,0.22516595693912034
2024-08-07,36.75046296296296,3.0588624338624637,,,2024-08-07,0.11367602791756166
2024-08-07,36.75046296296296,3.0601851851852153,,,2024-08-07,0.05405849702281984
2024-08-07,36.75046296296296,3.061507936507965,,,2024-08-07,0.14387478409339177
2024-08-07,36.75046296296296,3.0628306878307168,,,2024-08-07,0.25740073137508096
2024-08-07,36.75138888888889,3.057539682539712,,,2024-08-07,0.2681416363474062
2024-08-07,36.75138888888889,3.0588624338624637,,,2024-08-07,0.18472391343301875
2024-08-07,36.75138888888889,3.0601851851852153,,,2024-08-07,0.1553162150214607
2024-08-07,36.75138888888889,3.061507936507965,,,2024-08-07,0.20469622494972564
2024-08-07,36.75138888888889,3.0628306878307168,,,2024-08-07,0.29572821605468813
2024-08-07,36.75231481481482,3.057539682539712,,,2024-08-07,0.33808427195944535
2024-08-07,36.75231481481482,3.0588624338624637,,,2024-08-07,0.27663047174165517
2024-08-07,36.75231481481482,3.0601851851852153,,,2024-08-07,0.2579239055025071
2024-08-07,36.75231481481482,3.061507936507965,,,2024-08-07,0.2903479711469829
2024-08-07,36.75231481481482,3.0628306878307168,,,2024-08-07,0.3603554187897976
2024-08-08,36.74768518518518,3.057539682539712,,,2024-08-08,0.3380885596660119
2024-08-08,36.74768518518518,3.0588624338624637,,,2024-08-08,0.276631592011625
2024-08-08,36.74768518518518,3.0601851851852153,,,2024-08-08,0.2579239373431453
2024-08-08,36.74768518518518,3.061507936507965,,,2024-08-08,0.2903498466436768
2024-08-08,36.74768518518518,3.0628306878307168,,,2024-08-08,0.3603607437968025
2024-08-08,36.74861111111111,3.057539682539712,,,2024-08-08,0.26814488002100434
2024-08-08,36.74861111111111,3.0588624338624637,,,2024-08-08,0.18472492001821167
2024-08-08,36.74861111111111,3.0601851851852153,,,2024-08-08,0.15531624674691102
2024-08-08,36.74861111111111,3.061507936507965,,,2024-08-08,0.20469782110899754
2024-08-08,36.74861111111111,3.0628306878307168,,,2024-08-08,0.29573210928483373
2024-08-08,36.74953703703704,3.057539682539712,,,2024-08-08,0.22516724453269812
2024-08-08,36.74953703703704,3.0588624338624637,,,2024-08-08,0.11367657315247216
2024-08-08,36.74953703703704,3.0601851851852153,,,2024-08-08,0.05405852740642433
2024-08-08,36.74953703703704,3.061507936507965,,,2024-08-08,0.14387554106688039
2024-08-08,36.74953703703704,3.0628306878307168,,,2024-08-08,0.2574022223605488
2024-08-08,36.75046296296296,3.057539682539712,,,2024-08-08,0.22516595693912034
2024-08-08,36.75046296296296,3.0588624338624637,,,2024-08-08,0.11367602791756166
2024-08-08,36.75046296296296,3.0601851851852153,,,2024-08-08,0.05405849702281984
2024-08-08,36.75046296296296,3.061507936507965,,,2024-08-08,0.14387478409339177
2024-08-08,36.75046296296296,3.0628306878307168,,,2024-08-08,0.25740073137508096
2024-08-08,36.75138888888889,3.057539682539712,,,2024-08-08,0.2681416363474062
2024-08-08,36.75138888888889,3.0588624338624637,,,2024-08-08,0.18472391343301875
2024-08-08,36.75138888888889,3.0601851851852153,,,2024-08-08,0.1553162150214607
2024-08-08,36.75138888888889,3.061507936507965,,,2024-08-08,0.20469622494972564
2024-08-08,36.75138888888889,3.0628306878307168,,,2024-08-08,0.29572821605468813
2024-08-08,36.75231481481482,3.057539682539712,,,2024-08-08,0.33808427195944535
2024-08-08,36.75231481481482,3.0588624338624637,,,2024-08-08,0.27663047174165517
2024-08-08,36.75231481481482,3.0601851851852153,,,2024-08-08,0.2579239055025071
2024-08-08,36.75231481481482,3.061507936507965,,,2024-08-08,0.2903479711469829
2024-08-08,36.75231481481482,3.0628306878307168,,,2024-08-08,0.3603554187897976
2024-08-09,36.74768518518518,3.057539682539712,,,2024-08-09,0.3380885596660119
2024-08-09,36.74768518518518,3.0588624338624637,,,2024-08-09,0.276631592011625
2024-08-09,36.74768518518518,3.0601851851852153,,,2024-08-09,0.2579239373431453
2024-08-09,36.74768518518518,3.061507936507965,,,2024-08-09,0.2903498466436768
2024-08-09,36.74768518518518,3.0628306878307168,,,2024-08-09,0.3603607437968025
2024-08-09,36.74861111111111,3.057539682539712,,,2024-08-09,0.26814488002100434
2024-08-09,36.74861111111111,3.0588624338624637,,,2024-08-09,0.18472492001821167
2024-08-09,36.74861111111111,3.0601851851852153,,,2024-08-09,0.15531624674691102
2024-08-09,36.74861111111111,3.061507936507965,,,2024-08-09,0.20469782110899754
2024-08-09,36.74861111111111,3.0628306878307168,,,2024-08-09,0.29573210928483373
2024-08-09,36.74953703703704,3.057539682539712,,,2024-08-09,0.22516724453269812
2024-08-09,36.74953703703704,3.0588624338624637,,,2024-08-09,0.11367657315247216
2024-08-09,36.74953703703704,3.0601851851852153,,,2024-08-09,0.05405852740642433
2024-08-09,36.74953703703704,3.061507936507965,,,2024-08-09,0.14387554106688039
2024-08-09,36.74953703703704,3.0628306878307168,,,2024-08-09,0.2574022223605488
2024-08-09,36.75046296296296,3.057539682539712,,,2024-08-09,0.22516595693912034
2024-08-09,36.75046296296296,3.0588624338624637,,,2024-08-09,0.11367602791756166
2024-08-09,36.75046296296296,3.0601851851852153,,,2024-08-09,0.05405849702281984
2024-08-09,36.75046296296296,3.061507936507965,,,2024-08-09,0.14387478409339177
2024-08-09,36.75046296296296,3.0628306878307168,,,2024-08-09,0.25740073137508096
2024-08-09,36.75138888888889,3.057539682539712,,,2024-08-09,0.2681416363474062
2024-08-09,36.75138888888889,3.0588624338624637,,,2024-08-09,0.18472391343301875
2024-08-09,36.75138888888889,3.0601851851852153,,,2024-08-09,0.1553162150214607
2024-08-09,36.75138888888889,3.061507936507965,,,2024-08-09,0.20469622494972564
2024-08-09,36.75138888888889,3.0628306878307168,,,2024-08-09,0.29572821605468813
2024-08-09,36.75231481481482,3.057539682539712,,,2024-08-09,0.33808427195944535
2024-08-09,36.75231481481482,3.0588624338624637,,,2024-08-09,0.27663047174165517
2024-08-09,36.75231481481482,3.0601851851852153,,,2024-08-09,0.2579239055025071
2024-08-09,36.75231481481482,3.061507936507965,,,2024-08-09,0.2903479711469829
2024-08-09,36.75231481481482,3.0628306878307168,,,2024-08-09,0.3603554187897976
2024-08-10,36.74768518518518,3.057539682539712,,,2024-08-10,0.3380885596660119
2024-08-10,36.74768518518518,3.0588624338624637,,,2024-08-10,0.276631592011625
2024-08-10,36.74768518518518,3.0601851851852153,,,2024-08-10,0.2579239373431453
2024-08-10,36.74768518518518,3.061507936507965,,,2024-08-10,0.2903498466436768
2024-08-10,36.74768518518518,3.0628306878307168,,,2024-08-10,0.3603607437968025
2024-08-10,36.74861111111111,3.057539682539712,,,2024-08-10,0.26814488002100434
2024-08-10,36.74861111111111,3.0588624338624637,,,2024-08-10,0.18472492001821167
2024-08-10,36.74861111111111,3.0601851851852153,,,2024-08-10,0.15531624674691102
2024-08-10,36.74861111111111,3.061507936507965,,,2024-08-10,0.20469782110899754
2024-08-10,36.74861111111111,3.0628306878307168,,,2024-08-10,0.29573210928483373
2024-08-10,36.74953703703704,3.057539682539712,,,2024-08-10,0.22516724453269812
2024-08-10,36.74953703703704,3.0588624338624637,,,2024-08-10,0.11367657315247216
2024-08-10,36.74953703703704,3.0601851851852153,,,2024-08-10,0.05405852740642433
2024-08-10,36.74953703703704,3.061507936507965,,,2024-08-10,0.14387554106688039
2024-08-10,36.74953703703704,3.0628306878307168,,,2024-08-10,0.2574022223605488
2024-08-10,36.75046296296296,3.057539682539712,,,2024-08-10,0.22516595693912034
2024-08-10,36.75046296296296,3.0588624338624637,,,2024-08-10,0.11367602791756166
2024-08-10,36.75046296296296,3.0601851851852153,,,2024-08-10,0.05405849702281984
2024-08-10,36.75046296296296,3.061507936507965,,,2024-08-10,0.14387478409339177
2024-08-10,36.75046296296296,3.0628306878307168,,,2024-08-10,0.25740073137508096
2024-08-10,36.75138888888889,3.057539682539712,,,2024-08-10,0.2681416363474062
2024-08-10,36.75138888888889,3.0588624338624637,,,2024-08-10,0.18472391343301875
2024-08-10,36.75138888888889,3.0601851851852153,,,2024-08-10,0.1553162150214607
2024-08-10,36.75138888888889,3.061507936507965,,,2024-08-10,0.20469622494972564
2024-08-10,36.75138888888889,3.0628306878307168,,,2024-08-10,0.29572821605468813
2024-08-10,36.75231481481482,3.057539682539712,,,2024-08-10,0.33808427195944535
2024-08-10,36.75231481481482,3.0588624338624637,,,2024-08-10,0.27663047174165517
2024-08-10,36.75231481481482,3.0601851851852153,,,2024-08-10,0.2579239055025071
2024-08-10,36.75231481481482,3.061507936507965,,,2024-08-10,0.2903479711469829
2024-08-10,36.75231481481482,3.0628306878307168,,,2024-08-10,0.3603554187897976
2024-08-11,36.74768518518518,3.057539682539712,,,2024-08-11,0.3380885596660119
2024-08-11,36.74768518518518,3.0588624338624637,,,2024-08-11,0.276631592011625
2024-08-11,36.74768518518518,3.0601851851852153,,,2024-08-11,0.2579239373431453
2024-08-11,36.74768518518518,3.061507936507965,,,2024-08-11,0.2903498466436768
2024-08-11,36.74768518518518,3.0628306878307168,,,2024-08-11,0.3603607437968025
2024-08-11,36.74861111111111,3.057539682539712,,,2024-08-11,0.26814488002100434
2024-08-11,36.74861111111111,3.0588624338624637,,,2024-08-11,0.18472492001821167
2024-08-11,36.74861111111111,3.0601851851852153,,,2024-08-11,0.15531624674691102
2024-08-11,36.74861111111111,3.061507936507965,,,2024-08-11,0.20469782110899754
2024-08-11,36.74861111111111,3.0628306878307168,,,2024-08-11,0.29573210928483373
2024-08-11,36.74953703703704,3.057539682539712,,,2024-08-11,0.22516724453269812
2024-08-11,36.74953703703704,3.0588624338624637,,,2024-08-11,0.11367657315247216
2024-08-11,36.74953703703704,3.0601851851852153,,,2024-08-11,0.05405852740642433
2024-08-11,36.74953703703704,3.061507936507965,,,2024-08-11,0.14387554106688039
2024-08-11,36.74953703703704,3.0628306878307168,,,2024-08-11,0.2574022223605488
2024-08-11,36.75046296296296,3.057539682539712,,,2024-08-11,0.22516595693912034
2024-08-11,36.75046296296296,3.0588624338624637,,,2024-08-11,0.11367602791756166
2024-08-11,36.75046296296296,3.0601851851852153,,,2024-08-11,0.05405849702281984
2024-08-11,36.75046296296296,3.061507936507965,,,2024-08-11,0.14387478409339177
2024-08-11,36.75046296296296,3.0628306878307168,,,2024-08-11,0.25740073137508096
2024-08-11,36.75138888888889,3.057539682539712,,,2024-08-11,0.2681416363474062
2024-08-11,36.75138888888889,3.0588624338624637,,,2024-08-11,0.18472391343301875
2024-08-11,36.75138888888889,3.0601851851852153,,,2024-08-11,0.1553162150214607
2024-08-11,36.75138888888889,3.061507936507965,,,2024-08-11,0.20469622494972564
2024-08-11,36.75138888888889,3.0628306878307168,,,2024-08-11,0.29572821605468813
2024-08-11,36.75231481481482,3.057539682539712,,,2024-08-11,0.33808427195944535
2024-08-11,36.75231481481482,3.0588624338624637,,,2024-08-11,0.27663047174165517
2024-08-11,36.75231481481482,3.0601851851852153,,,2024-08-11,0.2579239055025071
2024-08-11,36.75231481481482,3.061507936507965,,,2024-08-11,0.2903479711469829
2024-08-11,36.75231481481482,3.0628306878307168,,,2024-08-11,0.3603554187897976
2024-08-12,36.74768518518518,3.057539682539712,,,2024-08-12,0.3380885596660119
2024-08-12,36.74768518518518,3.0588624338624637,,,2024-08-12,0.276631592011625
2024-08-12,36.74768518518518,3.0601851851852153,,,2024-08-12,0.2579239373431453
2024-08-12,36.74768518518518,3.061507936507965,,,2024-08-12,0.2903498466436768
2024-08-12,36.74768518518518,3.0628306878307168,,,2024-08-12,0.3603607437968025
2024-08-12,36.74861111111111,3.057539682539712,,,2024-08-12,0.26814488002100434
2024-08-12,36.74861111111111,3.0588624338624637,,,2024-08-12,0.18472492001821167
2024-08-12,36.74861111111111,3.0601851851852153,,,2024-08-12,0.15531624674691102
2024-08-12,36.74861111111111,3.061507936507965,,,2024-08-12,0.20469782110899754
2024-08-12,36.74861111111111,3.0628306878307168,,,2024-08-12,0.29573210928483373
2024-08-12,36.74953703703704,3.057539682539712,,,2024-08-12,0.22516724453269812
2024-08-12,36.74953703703704,3.0588624338624637,,,2024-08-12,0.11367657315247216
2024-08-12,36.74953703703704,3.0601851851852153,,,2024-08-12,0.05405852740642433
2024-08-12,36.74953703703704,3.061507936507965,,,2024-08-12,0.14387554106688039
2024-08-12,36.74953703703704,3.0628306878307168,,,2024-08-12,0.2574022223605488
2024-08-12,36.75046296296296,3.057539682539712,,,2024-08-12,0.22516595693912034
2024-08-12,36.75046296296296,3.0588624338624637,,,2024-08-12,0.11367602791756166
2024-08-12,36.75046296296296,3.0601851851852153,,,2024-08-12,0.05405849702281984
2024-08-12,36.75046296296296,3.061507936507965,,,2024-08-12,0.14387478409339177
2024-08-12,36.75046296296296,3.0628306878307168,,,2024-08-12,0.25740073137508096
2024-08-12,36.75138888888889,3.057539682539712,,,2024-08-12,0.2681416363474062
2024-08-12,36.75138888888889,3.0588624338624637,,,2024-08-12,0.18472391343301875
2024-08-12,36.75138888888889,3.0601851851852153,,,2024-08-12,0.1553162150214607
2024-08-12,36.75138888888889,3.061507936507965,,,2024-08-12,0.20469622494972564
2024-08-12,36.75138888888889,3.0628306878307168,,,2024-08-12,0.29572821605468813
2024-08-12,36.75231481481482,3.057539682539712,,,2024-08-12,0.33808427195944535
2024-08-12,36.75231481481482,3.0588624338624637,,,2024-08-12,0.27663047174165517
2024-08-12,36.75231481481482,3.0601851851852153,,,2024-08-12,0.2579239055025071
2024-08-12,36.75231481481482,3.061507936507965,,,2024-08-12,0.2903479711469829
2024-08-12,36.75231481481482,3.0628306878307168,,,2024-08-12,0.3603554187897976
2024-08-13,36.74768518518518,3.057539682539712,,,2024-08-13,0.3380885596660119
2024-08-13,36.74768518518518,3.0588624338624637,,,2024-08-13,0.276631592011625
2024-08-13,36.74768518518518,3.0601851851852153,,,2024-08-13,0.2579239373431453
2024-08-13,36.74768518518518,3.061507936507965,,,2024-08-13,0.2903498466436768
2024-08-13,36.74768518518518,3.0628306878307168,,,2024-08-13,0.3603607437968025
2024-08-13,36.74861111111111,3.057539682539712,,,2024-08-13,0.26814488002100434
2024-08-13,36.74861111111111,3.0588624338624637,,,2024-08-13,0.18472492001821167
2024-08-13,36.74861111111111,3.0601851851852153,,,2024-08-13,0.15531624674691102
2024-08-13,36.74861111111111,3.061507936507965,,,2024-08-13,0.20469782110899754
2024-08-13,36.74861111111111,3.0628306878307168,,,2024-08-13,0.29573210928483373
2024-08-13,36.74953703703704,3.057539682539712,,,2024-08-13,0.22516724453269812
2024-08-13,36.74953703703704,3.0588624338624637,,,2024-08-13,0.11367657315247216
2024-08-13,36.74953703703704,3.0601851851852153,,,2024-08-13,0.05405852740642433
2024-08-13,36.74953703703704,3.061507936507965,,,2024-08-13,0.14387554106688039
2024-08-13,36.74953703703704,3.0628306878307168,,,2024-08-13,0.2574022223605488
2024-08-13,36.75046296296296,3.057539682539712,,,2024-08-13,0.22516595693912034
2024-08-13,36.75046296296296,3.0588624338624637,,,2024-08-13,0.11367602791756166
2024-08-13,36.75046296296296,3.0601851851852153,,,2024-08-13,0.05405849702281984
2024-08-13,36.75046296296296,3.061507936507965,,,2024-08-13,0.14387478409339177
2024-08-13,36.75046296296296,3.0628306878307168,,,2024-08-13,0.25740073137508096
2024-08-13,36.75138888888889,3.057539682539712,,,2024-08-13,0.2681416363474062
2024-08-13,36.75138888888889,3.0588624338624637,,,2024-08-13,0.18472391343301875
2024-08-13,36.75138888888889,3.0601851851852153,,,2024-08-13,0.1553162150214607
2024-08-13,36.75138888888889,3.061507936507965,,,2024-08-13,0.20469622494972564
2024-08-13,36.75138888888889,3.0628306878307168,,,2024-08-13,0.29572821605468813
2024-08-13,36.75231481481482,3.057539682539712,,,2024-08-13,0.33808427195944535
2024-08-13,36.75231481481482,3.0588624338624637,,,2024-08-13,0.27663047174165517
2024-08-13,36.75231481481482,3.0601851851852153,,,2024-08-13,0.2579239055025071
2024-08-13,36.75231481481482,3.061507936507965,,,2024-08-13,0.2903479711469829
2024-08-13,36.75231481481482,3.0628306878307168,,,2024-08-13,0.3603554187897976
2024-08-14,36.74768518518518,3.057539682539712,,,2024-08-14,0.3380885596660119
2024-08-14,36.74768518518518,3.0588624338624637,,,2024-08-14,0.276631592011625
2024-08-14,36.74768518518518,3.0601851851852153,,,2024-08-14,0.2579239373431453
2024-08-14,36.74768518518518,3.061507936507965,,,2024-08-14,0.2903498466436768
2024-08-14,36.74768518518518,3.0628306878307168,,,2024-08-14,0.3603607437968025
2024-08-14,36.74861111111111,3.057539682539712,,,2024-08-14,0.26814488002100434
2024-08-14,36.74861111111111,3.0588624338624637,,,2024-08-14,0.18472492001821167
2024-08-14,36.74861111111111,3.0601851851852153,,,2024-08-14,0.15531624674691102
2024-08-14,36.74861111111111,3.061507936507965,,,2024-08-14,0.20469782110899754
2024-08-14,36.74861111111111,3.0628306878307168,,,2024-08-14,0.29573210928483373
2024-08-14,36.74953703703704,3.057539682539712,,,2024-08-14,0.22516724453269812
2024-08-14,36.74953703703704,3.0588624338624637,,,2024-08-14,0.11367657315247216
2024-08-14,36.74953703703704,3.0601851851852153,,,2024-08-14,0.05405852740642433
2024-08-14,36.74953703703704,3.061507936507965,,,2024-08-14,0.14387554106688039
2024-08-14,36.74953703703704,3.0628306878307168,,,2024-08-14,0.2574022223605488
2024-08-14,36.75046296296296,3.057539682539712,,,2024-08-14,0.22516595693912034
2024-08-14,36.75046296296296,3.0588624338624637,,,2024-08-14,0.11367602791756166
2024-08-14,36.75046296296296,3.0601851851852153,,,2024-08-14,0.05405849702281984
2024-08-14,36.75046296296296,3.061507936507965,,,2024-08-14,0.14387478409339177
2024-08-14,36.75046296296296,3.0628306878307168,,,2024-08-14,0.25740073137508096
2024-08-14,36.75138888888889,3.057539682539712,,,2024-08-14,0.2681416363474062
2024-08-14,36.75138888888889,3.0588624338624637,,,2024-08-14,0.18472391343301875
2024-08-14,36.75138888888889,3.0601851851852153,,,2024-08-14,0.1553162150214607
2024-08-14,36.75138888888889,3.061507936507965,,,2024-08-14,0.20469622494972564
2024-08-14,36.75138888888889,3.0628306878307168,,,2024-08-14,0.29572821605468813
2024-08-14,36.75231481481482,3.057539682539712,,,2024-08-14,0.33808427195944535
2024-08-14,36.75231481481482,3.0588624338624637,,,2024-08-14,0.27663047174165517
2024-08-14,36.75231481481482,3.0601851851852153,,,2024-08-14,0.2579239055025071
2024-08-14,36.75231481481482,3.061507936507965,,,2024-08-14,0.2903479711469829
2024-08-14,36.75231481481482,3.0628306878307168,,,2024-08-14,0.3603554187897976
2024-08-15,36.74768518518518,3.057539682539712,,,2024-08-15,0.3380885596660119
2024-08-15,36.74768518518518,3.0588624338624637,,,2024-08-15,0.276631592011625
2024-08-15,36.74768518518518,3.0601851851852153,,,2024-08-15,0.2579239373431453
2024-08-15,36.74768518518518,3.061507936507965,,,2024-08-15,0.2903498466436768
2024-08-15,36.74768518518518,3.0628306878307168,,,2024-08-15,0.3603607437968025
2024-08-15,36.74861111111111,3.057539682539712,,,2024-08-15,0.26814488002100434
2024-08-15,36.74861111111111,3.0588624338624637,,,2024-08-15,0.18472492001821167
2024-08-15,36.74861111111111,3.0601851851852153,,,2024-08-15,0.15531624674691102
2024-08-15,36.74861111111111,3.061507936507965,,,2024-08-15,0.20469782110899754
2024-08-15,36.74861111111111,3.0628306878307168,,,2024-08-15,0.29573210928483373
2024-08-15,36.74953703703704,3.057539682539712,,,2024-08-15,0.22516724453269812
2024-08-15,36.74953703703704,3.0588624338624637,,,2024-08-15,0.11367657315247216
2024-08-15,36.74953703703704,3.0601851851852153,,,2024-08-15,0.05405852740642433
2024-08-15,36.74953703703704,3.061507936507965,,,2024-08-15,0.14387554106688039
2024-08-15,36.74953703703704,3.0628306878307168,,,2024-08-15,0.2574022223605488
2024-08-15,36.75046296296296,3.057539682539712,,,2024-08-15,0.22516595693912034
2024-08-15,36.75046296296296,3.0588624338624637,,,2024-08-15,0.11367602791756166
2024-08-15,36.75046296296296,3.0601851851852153,,,2024-08-15,0.05405849702281984
2024-08-15,36.75046296296296,3.061507936507965,,,2024-08-15,0.14387478409339177
2024-08-15,36.75046296296296,3.0628306878307168,,,2024-08-15,0.25740073137508096
2024-08-15,36.75138888888889,3.057539682539712,,,2024-08-15,0.2681416363474062
2024-08-15,36.75138888888889,3.0588624338624637,,,2024-08-15,0.18472391343301875
2024-08-15,36.75138888888889,3.0601851851852153,,,2024-08-15,0.1553162150214607
2024-08-15,36.75138888888889,3.061507936507965,,,2024-08-15,0.20469622494972564
2024-08-15,36.75138888888889,3.0628306878307168,,,2024-08-15,0.29572821605468813
2024-08-15,36.75231481481482,3.057539682539712,,,2024-08-15,0.33808427195944535
2024-08-15,36.75231481481482,3.0588624338624637,,,2024-08-15,0.27663047174165517
2024-08-15,36.75231481481482,3.0601851851852153,,,2024-08-15,0.2579239055025071
2024-08-15,36.75231481481482,3.061507936507965,,,2024-08-15,0.2903479711469829
2024-08-15,36.75231481481482,3.0628306878307168,,,2024-08-15,0.3603554187897976
2024-08-16,36.74768518518518,3.057539682539712,,,2024-08-16,0.3380885596660119
2024-08-16,36.74768518518518,3.0588624338624637,,,2024-08-16,0.276631592011625
2024-08-16,36.74768518518518,3.0601851851852153,,,2024-08-16,0.2579239373431453
2024-08-16,36.74768518518518,3.061507936507965,,,2024-08-16,0.2903498466436768
2024-08-16,36.74768518518518,3.0628306878307168,,,2024-08-16,0.3603607437968025
2024-08-16,36.74861111111111,3.057539682539712,,,2024-08-16,0.26814488002100434
2024-08-16,36.74861111111111,3.0588624338624637,,,2024-08-16,0.18472492001821167
2024-08-16,36.74861111111111,3.0601851851852153,,,2024-08-16,0.15531624674691102
2024-08-16,36.74861111111111,3.061507936507965,,,2024-08-16,0.20469782110899754
2024-08-16,36.74861111111111,3.0628306878307168,,,2024-08-16,0.29573210928483373
2024-08-16,36.74953703703704,3.057539682539712,,,2024-08-16,0.22516724453269812
2024-08-16,36.74953703703704,3.0588624338624637,,,2024-08-16,0.11367657315247216
2024-08-16,36.74953703703704,3.0601851851852153,,,2024-08-16,0.05405852740642433
2024-08-16,36.74953703703704,3.061507936507965,,,2024-08-16,0.14387554106688039
2024-08-16,36.74953703703704,3.0628306878307168,,,2024-08-16,0.2574022223605488
2024-08-16,36.75046296296296,3.057539682539712,,,2024-08-16,0.22516595693912034
2024-08-16,36.75046296296296,3.0588624338624637,,,2024-08-16,0.11367602791756166
2024-08-16,36.75046296296296,3.0601851851852153,,,2024-08-16,0.05405849702281984
2024-08-16,36.75046296296296,3.061507936507965,,,2024-08-16,0.14387478409339177
2024-08-16,36.75046296296296,3.0628306878307168,,,2024-08-16,0.25740073137508096
2024-08-16,36.75138888888889,3.057539682539712,,,2024-08-16,0.2681416363474062
2024-08-16,36.75138888888889,3.0588624338624637,,,2024-08-16,0.18472391343301875
2024-08-16,36.75138888888889,3.0601851851852153,,,2024-08-16,0.1553162150214607
2024-08-16,36.75138888888889,3.061507936507965,,,2024-08-16,0.20469622494972564
2024-08-16,36.75138888888889,3.0628306878307168,,,2024-08-16,0.29572821605468813
2024-08-16,36.75231481481482,3.057539682539712,,,2024-08-16,0.33808427195944535
2024-08-16,36.75231481481482,3.0588624338624637,,,2024-08-16,0.27663047174165517
2024-08-16,36.75231481481482,3.0601851851852153,,,2024-08-16,0.2579239055025071
2024-08-16,36.75231481481482,3.061507936507965,,,2024-08-16,0.2903479711469829
2024-08-16,36.75231481481482,3.0628306878307168,,,2024-08-16,0.3603554187897976
2024-08-17,36.74768518518518,3.057539682539712,,,2024-08-17,0.3380885596660119
2024-08-17,36.74768518518518,3.0588624338624637,,,2024-08-17,0.276631592011625
2024-08-17,36.74768518518518,3.0601851851852153,,,2024-08-17,0.2579239373431453
2024-08-17,36.74768518518518,3.061507936507965,,,2024-08-17,0.2903498466436768
2024-08-17,36.74768518518518,3.0628306878307168,,,2024-08-17,0.3603607437968025
2024-08-17,36.74861111111111,3.057539682539712,,,2024-08-17,0.26814488002100434
2024-08-17,36.74861111111111,3.0588624338624637,,,2024-08-17,0.18472492001821167
2024-08-17,36.74861111111111,3.0601851851852153,,,2024-08-17,0.15531624674691102
2024-08-17,36.74861111111111,3.061507936507965,,,2024-08-17,0.20469782110899754
2024-08-17,36.74861111111111,3.0628306878307168,,,2024-08-17,0.29573210928483373
2024-08-17,36.74953703703704,3.057539682539712,,,2024-08-17,0.22516724453269812
2024-08-17,36.74953703703704,3.0588624338624637,,,2024-08-17,0.11367657315247216
2024-08-17,36.74953703703704,3.0601851851852153,,,2024-08-17,0.05405852740642433
2024-08-17,36.74953703703704,3.061507936507965,,,2024-08-17,0.14387554106688039
2024-08-17,36.74953703703704,3.0628306878307168,,,2024-08-17,0.2574022223605488
2024-08-17,36.75046296296296,3.057539682539712,,,2024-08-17,0.22516595693912034
2024-08-17,36.75046296296296,3.0588624338624637,,,2024-08-17,0.11367602791756166
2024-08-17,36.75046296296296,3.0601851851852153,,,2024-08-17,0.05405849702281984
2024-08-17,36.75046296296296,3.061507936507965,,,2024-08-17,0.14387478409339177
2024-08-17,36.75046296296296,3.0628306878307168,,,2024-08-17,0.25740073137508096
2024-08-17,36.75138888888889,3.057539682539712,,,2024-08-17,0.2681416363474062
2024-08-17,36.75138888888889,3.0588624338624637,,,2024-08-17,0.18472391343301875
2024-08-17,36.75138888888889,3.0601851851852153,,,2024-08-17,0.1553162150214607
2024-08-17,36.75138888888889,3.061507936507965,,,2024-08-17,0.20469622494972564
2024-08-17,36.75138888888889,3.0628306878307168,,,2024-08-17,0.29572821605468813
2024-08-17,36.75231481481482,3.057539682539712,,,2024-08-17,0.33808427195944535
2024-08-17,36.75231481481482,3.0588624338624637,,,2024-08-17,0.27663047174165517
2024-08-17,36.75231481481482,3.0601851851852153,,,2024-08-17,0.2579239055025071
2024-08-17,36.75231481481482,3.061507936507965,,,2024-08-17,0.2903479711469829
2024-08-17,36.75231481481482,3.0628306878307168,,,2024-08-17,0.3603554187897976
2024-08-18,36.74768518518518,3.057539682539712,,,2024-08-18,0.3380885596660119
2024-08-18,36.74768518518518,3.0588624338624637,,,2024-08-18,0.276631592011625
2024-08-18,36.74768518518518,3.0601851851852153,,,2024-08-18,0.2579239373431453
2024-08-18,36.74768518518518,3.061507936507965,,,2024-08-18,0.2903498466436768
2024-08-18,36.74768518518518,3.0628306878307168,,,2024-08-18,0.3603607437968025
2024-08-18,36.74861111111111,3.057539682539712,,,2024-08-18,0.26814488002100434
2024-08-18,36.74861111111111,3.0588624338624637,,,2024-08-18,0.18472492001821167
2024-08-18,36.74861111111111,3.0601851851852153,,,2024-08-18,0.15531624674691102
2024-08-18,36.74861111111111,3.061507936507965,,,2024-08-18,0.20469782110899754
2024-08-18,36.74861111111111,3.0628306878307168,,,2024-08-18,0.29573210928483373
2024-08-18,36.74953703703704,3.057539682539712,,,2024-08-18,0.22516724453269812
2024-08-18,36.74953703703704,3.0588624338624637,,,2024-08-18,0.11367657315247216
2024-08-18,36.74953703703704,3.0601851851852153,,,2024-08-18,0.05405852740642433
2024-08-18,36.74953703703704,3.061507936507965,,,2024-08-18,0.14387554106688039
2024-08-18,36.74953703703704,3.0628306878307168,,,2024-08-18,0.2574022223605488
2024-08-18,36.75046296296296,3.057539682539712,,,2024-08-18,0.22516595693912034
2024-08-18,36.75046296296296,3.0588624338624637,,,2024-08-18,0.11367602791756166
2024-08-18,36.75046296296296,3.0601851851852153,,,2024-08-18,0.05405849702281984
2024-08-18,36.75046296296296,3.061507936507965,,,2024-08-18,0.14387478409339177
2024-08-18,36.75046296296296,3.0628306878307168,,,2024-08-18,0.25740073137508096
2024-08-18,36.75138888888889,3.057539682539712,,,2024-08-18,0.2681416363474062
2024-08-18,36.75138888888889,3.0588624338624637,,,2024-08-18,0.18472391343301875
2024-08-18,36.75138888888889,3.0601851851852153,,,2024-08-18,0.1553162150214607
2024-08-18,36.75138888888889,3.061507936507965,,,2024-08-18,0.20469622494972564
2024-08-18,36.75138888888889,3.0628306878307168,,,2024-08-18,0.29572821605468813
2024-08-18,36.75231481481482,3.057539682539712,,,2024-08-18,0.33808427195944535
2024-08-18,36.75231481481482,3.0588624338624637,,,2024-08-18,0.27663047174165517
2024-08-18,36.75231481481482,3.0601851851852153,,,2024-08-18,0.2579239055025071
2024-08-18,36.75231481481482,3.061507936507965,,,2024-08-18,0.2903479711469829
2024-08-18,36.75231481481482,3.0628306878307168,,,2024-08-18,0.3603554187897976
2024-08-19,36.74768518518518,3.057539682539712,,,2024-08-19,0.3380885596660119
2024-08-19,36.74768518518518,3.0588624338624637,,,2024-08-19,0.276631592011625
2024-08-19,36.74768518518518,3.0601851851852153,,,2024-08-19,0.2579239373431453
2024-08-19,36.74768518518518,3.061507936507965,,,2024-08-19,0.2903498466436768
2024-08-19,36.74768518518518,3.0628306878307168,,,2024-08-19,0.3603607437968025
2024-08-19,36.74861111111111,3.057539682539712,,,2024-08-19,0.26814488002100434
2024-08-19,36.74861111111111,3.0588624338624637,,,2024-08-19,0.18472492001821167
2024-08-19,36.74861111111111,3.0601851851852153,,,2024-08-19,0.15531624674691102
2024-08-19,36.74861111111111,3.061507936507965,,,2024-08-19,0.20469782110899754
2024-08-19,36.74861111111111,3.0628306878307168,,,2024-08-19,0.29573210928483373
2024-08-19,36.74953703703704,3.057539682539712,,,2024-08-19,0.22516724453269812
2024-08-19,36.74953703703704,3.0588624338624637,,,2024-08-19,0.11367657315247216
2024-08-19,36.74953703703704,3.0601851851852153,,,2024-08-19,0.05405852740642433
2024-08-19,36.74953703703704,3.061507936507965,,,2024-08-19,0.14387554106688039
2024-08-19,36.74953703703704,3.0628306878307168,,,2024-08-19,0.2574022223605488
2024-08-19,36.75046296296296,3.057539682539712,,,2024-08-19,0.22516595693912034
2024-08-19,36.75046296296296,3.0588624338624637,,,2024-08-19,0.11367602791756166
2024-08-19,36.75046296296296,3.0601851851852153,,,2024-08-19,0.05405849702281984
2024-08-19,36.75046296296296,3.061507936507965,,,2024-08-19,0.14387478409339177
2024-08-19,36.75046296296296,3.0628306878307168,,,2024-08-19,0.25740073137508096
2024-08-19,36.75138888888889,3.057539682539712,,,2024-08-19,0.2681416363474062
2024-08-19,36.75138888888889,3.0588624338624637,,,2024-08-19,0.18472391343301875
2024-08-19,36.75138888888889,3.0601851851852153,,,2024-08-19,0.1553162150214607
2024-08-19,36.75138888888889,3.061507936507965,,,2024-08-19,0.20469622494972564
2024-08-19,36.75138888888889,3.0628306878307168,,,2024-08-19,0.29572821605468813
2024-08-19,36.75231481481482,3.057539682539712,,,2024-08-19,0.33808427195944535
2024-08-19,36.75231481481482,3.0588624338624637,,,2024-08-19,0.27663047174165517
2024-08-19,36.75231481481482,3.0601851851852153,,,2024-08-19,0.2579239055025071
2024-08-19,36.75231481481482,3.061507936507965,,,2024-08-19,0.2903479711469829
2024-08-19,36.75231481481482,3.0628306878307168,,,2024-08-19,0.3603554187897976
2024-08-20,36.74768518518518,3.057539682539712,,,2024-08-20,0.3380885596660119
2024-08-20,36.74768518518518,3.0588624338624637,,,2024-08-20,0.276631592011625
2024-08-20,36.74768518518518,3.0601851851852153,,,2024-08-20,0.2579239373431453
2024-08-20,36.74768518518518,3.061507936507965,,,2024-08-20,0.2903498466436768
2024-08-20,36.74768518518518,3.0628306878307168,,,2024-08-20,0.3603607437968025
2024-08-20,36.74861111111111,3.057539682539712,,,2024-08-20,0.26814488002100434
2024-08-20,36.74861111111111,3.0588624338624637,,,2024-08-20,0.18472492001821167
2024-08-20,36.74861111111111,3.0601851851852153,,,2024-08-20,0.15531624674691102
2024-08-20,36.74861111111111,3.061507936507965,,,2024-08-20,0.20469782110899754
2024-08-20,36.74861111111111,3.0628306878307168,,,2024-08-20,0.29573210928483373
2024-08-20,36.74953703703704,3.057539682539712,,,2024-08-20,0.22516724453269812
2024-08-20,36.74953703703704,3.0588624338624637,,,2024-08-20,0.11367657315247216
2024-08-20,36.74953703703704,3.0601851851852153,,,2024-08-20,0.05405852740642433
2024-08-20,36.74953703703704,3.061507936507965,,,2024-08-20,0.14387554106688039
2024-08-20,36.74953703703704,3.0628306878307168,,,2024-08-20,0.2574022223605488
2024-08-20,36.75046296296296,3.057539682539712,,,2024-08-20,0.22516595693912034
2024-08-20,36.75046296296296,3.0588624338624637,,,2024-08-20,0.11367602791756166
2024-08-20,36.75046296296296,3.0601851851852153,,,2024-08-20,0.05405849702281984
2024-08-20,36.75046296296296,3.061507936507965,,,2024-08-20,0.14387478409339177
2024-08-20,36.75046296296296,3.0628306878307168,,,2024-08-20,0.25740073137508096
2024-08-20,36.75138888888889,3.057539682539712,,,2024-08-20,0.2681416363474062
2024-08-20,36.75138888888889,3.0588624338624637,,,2024-08-20,0.18472391343301875
2024-08-20,36.75138888888889,3.0601851851852153,,,2024-08-20,0.1553162150214607
2024-08-20,36.75138888888889,3.061507936507965,,,2024-08-20,0.20469622494972564
2024-08-20,36.75138888888889,3.0628306878307168,,,2024-08-20,0.29572821605468813
2024-08-20,36.75231481481482,3.057539682539712,,,2024-08-20,0.33808427195944535
2024-08-20,36.75231481481482,3.0588624338624637,,,2024-08-20,0.27663047174165517
2024-08-20,36.75231481481482,3.0601851851852153,,,2024-08-20,0.2579239055025071
2024-08-20,36.75231481481482,3.061507936507965,,,2024-08-20,0.2903479711469829
2024-08-20,36.75231481481482,3.0628306878307168,,,2024-08-20,0.3603554187897976
2024-08-21,36.74768518518518,3.057539682539712,,,2024-08-21,0.3380885596660119
2024-08-21,36.74768518518518,3.0588624338624637,,,2024-08-21,0.276631592011625
2024-08-21,36.74768518518518,3.0601851851852153,,,2024-08-21,0.2579239373431453
2024-08-21,36.74768518518518,3.061507936507965,,,2024-08-21,0.2903498466436768
2024-08-21,36.74768518518518,3.0628306878307168,,,2024-08-21,0.3603607437968025
2024-08-21,36.74861111111111,3.057539682539712,,,2024-08-21,0.26814488002100434
2024-08-21,36.74861111111111,3.0588624338624637,,,2024-08-21,0.18472492001821167
2024-08-21,36.74861111111111,3.0601851851852153,,,2024-08-21,0.15531624674691102
2024-08-21,36.74861111111111,3.061507936507965,,,2024-08-21,0.20469782110899754
2024-08-21,36.74861111111111,3.0628306878307168,,,2024-08-21,0.29573210928483373
2024-08-21,36.74953703703704,3.057539682539712,,,2024-08-21,0.22516724453269812
2024-08-21,36.74953703703704,3.0588624338624637,,,2024-08-21,0.11367657315247216
2024-08-21,36.74953703703704,3.0601851851852153,,,2024-08-21,0.05405852740642433
2024-08-21,36.74953703703704,3.061507936507965,,,2024-08-21,0.14387554106688039
2024-08-21,36.74953703703704,3.0628306878307168,,,2024-08-21,0.2574022223605488
2024-08-21,36.75046296296296,3.057539682539712,,,2024-08-21,0.22516595693912034
2024-08-21,36.75046296296296,3.0588624338624637,,,2024-08-21,0.11367602791756166
2024-08-21,36.75046296296296,3.0601851851852153,,,2024-08-21,0.05405849702281984
2024-08-21,36.75046296296296,3.061507936507965,,,2024-08-21,0.14387478409339177
2024-08-21,36.75046296296296,3.0628306878307168,,,2024-08-21,0.25740073137508096
2024-08-21,36.75138888888889,3.057539682539712,,,2024-08-21,0.2681416363474062
2024-08-21,36.75138888888889,3.0588624338624637,,,2024-08-21,0.18472391343301875
2024-08-21,36.75138888888889,3.0601851851852153,,,2024-08-21,0.1553162150214607
2024-08-21,36.75138888888889,3.061507936507965,,,2024-08-21,0.20469622494972564
2024-08-21,36.75138888888889,3.0628306878307168,,,2024-08-21,0.29572821605468813
2024-08-21,36.75231481481482,3.057539682539712,,,2024-08-21,0.33808427195944535
2024-08-21,36.75231481481482,3.0588624338624637,,,2024-08-21,0.27663047174165517
2024-08-21,36.75231481481482,3.0601851851852153,,,2024-08-21,0.2579239055025071
2024-08-21,36.75231481481482,3.061507936507965,,,2024-08-21,0.2903479711469829
2024-08-21,36.75231481481482,3.0628306878307168,,,2024-08-21,0.3603554187897976
2024-08-22,36.74768518518518,3.057539682539712,,,2024-08-22,0.3380885596660119
2024-08-22,36.74768518518518,3.0588624338624637,,,2024-08-22,0.276631592011625
2024-08-22,36.74768518518518,3.0601851851852153,,,2024-08-22,0.2579239373431453
2024-08-22,36.74768518518518,3.061507936507965,,,2024-08-22,0.2903498466436768
2024-08-22,36.74768518518518,3.0628306878307168,,,2024-08-22,0.3603607437968025
2024-08-22,36.74861111111111,3.057539682539712,,,2024-08-22,0.26814488002100434
2024-08-22,36.74861111111111,3.0588624338624637,,,2024-08-22,0.18472492001821167
2024-08-22,36.74861111111111,3.0601851851852153,,,2024-08-22,0.15531624674691102
2024-08-22,36.74861111111111,3.061507936507965,,,2024-08-22,0.20469782110899754
2024-08-22,36.74861111111111,3.0628306878307168,,,2024-08-22,0.29573210928483373
2024-08-22,36.74953703703704,3.057539682539712,,,2024-08-22,0.22516724453269812
2024-08-22,36.74953703703704,3.0588624338624637,,,2024-08-22,0.11367657315247216
2024-08-22,36.74953703703704,3.0601851851852153,,,2024-08-22,0.05405852740642433
2024-08-22,36.74953703703704,3.061507936507965,,,2024-08-22,0.14387554106688039
2024-08-22,36.74953703703704,3.0628306878307168,,,2024-08-22,0.2574022223605488
2024-08-22,36.75046296296296,3.057539682539712,,,2024-08-22,0.22516595693912034
2024-08-22,36.75046296296296,3.0588624338624637,,,2024-08-22,0.11367602791756166
2024-08-22,36.75046296296296,3.0601851851852153,,,2024-08-22,0.05405849702281984
2024-08-22,36.75046296296296,3.061507936507965,,,2024-08-22,0.14387478409339177
2024-08-22,36.75046296296296,3.0628306878307168,,,2024-08-22,0.25740073137508096
2024-08-22,36.75138888888889,3.057539682539712,,,2024-08-22,0.2681416363474062
2024-08-22,36.75138888888889,3.0588624338624637,,,2024-08-22,0.18472391343301875
2024-08-22,36.75138888888889,3.0601851851852153,,,2024-08-22,0.1553162150214607
2024-08-22,36.75138888888889,3.061507936507965,,,2024-08-22,0.20469622494972564
2024-08-22,36.75138888888889,3.0628306878307168,,,2024-08-22,0.29572821605468813
2024-08-22,36.75231481481482,3.057539682539712,,,2024-08-22,0.33808427195944535
2024-08-22,36.75231481481482,3.0588624338624637,,,2024-08-22,0.27663047174165517
2024-08-22,36.75231481481482,3.0601851851852153,,,2024-08-22,0.2579239055025071
2024-08-22,36.75231481481482,3.061507936507965,,,2024-08-22,0.2903479711469829
2024-08-22,36.75231481481482,3.0628306878307168,,,2024-08-22,0.3603554187897976
2024-08-23,36.74768518518518,3.057539682539712,,,2024-08-23,0.3380885596660119
2024-08-23,36.74768518518518,3.0588624338624637,,,2024-08-23,0.276631592011625
2024-08-23,36.74768518518518,3.0601851851852153,,,2024-08-23,0.2579239373431453
2024-08-23,36.74768518518518,3.061507936507965,,,2024-08-23,0.2903498466436768
2024-08-23,36.74768518518518,3.0628306878307168,,,2024-08-23,0.3603607437968025
2024-08-23,36.74861111111111,3.057539682539712,,,2024-08-23,0.26814488002100434
2024-08-23,36.74861111111111,3.0588624338624637,,,2024-08-23,0.18472492001821167
2024-08-23,36.74861111111111,3.0601851851852153,,,2024-08-23,0.15531624674691102
2024-08-23,36.74861111111111,3.061507936507965,,,2024-08-23,0.20469782110899754
2024-08-23,36.74861111111111,3.0628306878307168,,,2024-08-23,0.29573210928483373
2024-08-23,36.74953703703704,3.057539682539712,,,2024-08-23,0.22516724453269812
2024-08-23,36.74953703703704,3.0588624338624637,,,2024-08-23,0.11367657315247216
2024-08-23,36.74953703703704,3.0601851851852153,,,2024-08-23,0.05405852740642433
2024-08-23,36.74953703703704,3.061507936507965,,,2024-08-23,0.14387554106688039
2024-08-23,36.74953703703704,3.0628306878307168,,,2024-08-23,0.2574022223605488
2024-08-23,36.75046296296296,3.057539682539712,,,2024-08-23,0.22516595693912034
2024-08-23,36.75046296296296,3.0588624338624637,,,2024-08-23,0.11367602791756166
2024-08-23,36.75046296296296,3.0601851851852153,,,2024-08-23,0.05405849702281984
2024-08-23,36.75046296296296,3.061507936507965,,,2024-08-23,0.14387478409339177
2024-08-23,36.75046296296296,3.0628306878307168,,,2024-08-23,0.25740073137508096
2024-08-23,36.75138888888889,3.057539682539712,,,2024-08-23,0.2681416363474062
2024-08-23,36.75138888888889,3.0588624338624637,,,2024-08-23,0.18472391343301875
2024-08-23,36.75138888888889,3.0601851851852153,,,2024-08-23,0.1553162150214607
2024-08-23,36.75138888888889,3.061507936507965,,,2024-08-23,0.20469622494972564
2024-08-23,36.75138888888889,3.0628306878307168,,,2024-08-23,0.29572821605468813
2024-08-23,36.75231481481482,3.057539682539712,,,2024-08-23,0.33808427195944535
2024-08-23,36.75231481481482,3.0588624338624637,,,2024-08-23,0.27663047174165517
2024-08-23,36.75231481481482,3.0601851851852153,,,2024-08-23,0.2579239055025071
2024-08-23,36.75231481481482,3.061507936507965,,,2024-08-23,0.2903479711469829
2024-08-23,36.75231481481482,3.0628306878307168,,,2024-08-23,0.3603554187897976
2024-08-24,36.74768518518518,3.057539682539712,,,2024-08-24,0.3380885596660119
2024-08-24,36.74768518518518,3.0588624338624637,,,2024-08-24,0.276631592011625
2024-08-24,36.74768518518518,3.0601851851852153,,,2024-08-24,0.2579239373431453
2024-08-24,36.74768518518518,3.061507936507965,,,2024-08-24,0.2903498466436768
2024-08-24,36.74768518518518,3.0628306878307168,,,2024-08-24,0.3603607437968025
2024-08-24,36.74861111111111,3.057539682539712,,,2024-08-24,0.26814488002100434
2024-08-24,36.74861111111111,3.0588624338624637,,,2024-08-24,0.18472492001821167
2024-08-24,36.74861111111111,3.0601851851852153,,,2024-08-24,0.15531624674691102
2024-08-24,36.74861111111111,3.061507936507965,,,2024-08-24,0.20469782110899754
2024-08-24,36.74861111111111,3.0628306878307168,,,2024-08-24,0.29573210928483373
2024-08-24,36.74953703703704,3.057539682539712,,,2024-08-24,0.22516724453269812
2024-08-24,36.74953703703704,3.0588624338624637,,,2024-08-24,0.11367657315247216
2024-08-24,36.74953703703704,3.0601851851852153,,,2024-08-24,0.05405852740642433
2024-08-24,36.74953703703704,3.061507936507965,,,2024-08-24,0.14387554106688039
2024-08-24,36.74953703703704,3.0628306878307168,,,2024-08-24,0.2574022223605488
2024-08-24,36.75046296296296,3.057539682539712,,,2024-08-24,0.22516595693912034
2024-08-24,36.75046296296296,3.0588624338624637,,,2024-08-24,0.11367602791756166
2024-08-24,36.75046296296296,3.0601851851852153,,,2024-08-24,0.05405849702281984
2024-08-24,36.75046296296296,3.061507936507965,,,2024-08-24,0.14387478409339177
2024-08-24,36.75046296296296,3.0628306878307168,,,2024-08-24,0.25740073137508096
2024-08-24,36.75138888888889,3.057539682539712,,,2024-08-24,0.2681416363474062
2024-08-24,36.75138888888889,3.0588624338624637,,,2024-08-24,0.18472391343301875
2024-08-24,36.75138888888889,3.0601851851852153,,,2024-08-24,0.1553162150214607
2024-08-24,36.75138888888889,3.061507936507965,,,2024-08-24,0.20469622494972564
2024-08-24,36.75138888888889,3.0628306878307168,,,2024-08-24,0.29572821605468813
2024-08-24,36.75231481481482,3.057539682539712,,,2024-08-24,0.33808427195944535
2024-08-24,36.75231481481482,3.0588624338624637,,,2024-08-24,0.27663047174165517
2024-08-24,36.75231481481482,3.0601851851852153,,,2024-08-24,0.2579239055025071
2024-08-24,36.75231481481482,3.061507936507965,,,2024-08-24,0.2903479711469829
2024-08-24,36.75231481481482,3.0628306878307168,,,2024-08-24,0.3603554187897976
2024-08-25,36.74768518518518,3.057539682539712,,,2024-08-25,0.3380885596660119
2024-08-25,36.74768518518518,3.0588624338624637,,,2024-08-25,0.276631592011625
2024-08-25,36.74768518518518,3.0601851851852153,,,2024-08-25,0.2579239373431453
2024-08-25,36.74768518518518,3.061507936507965,,,2024-08-25,0.2903498466436768
2024-08-25,36.74768518518518,3.0628306878307168,,,2024-08-25,0.3603607437968025
2024-08-25,36.74861111111111,3.057539682539712,,,2024-08-25,0.26814488002100434
2024-08-25,36.74861111111111,3.0588624338624637,,,2024-08-25,0.18472492001821167
2024-08-25,36.74861111111111,3.0601851851852153,,,2024-08-25,0.15531624674691102
2024-08-25,36.74861111111111,3.061507936507965,,,2024-08-25,0.20469782110899754
2024-08-25,36.74861111111111,3.0628306878307168,,,2024-08-25,0.29573210928483373
2024-08-25,36.74953703703704,3.057539682539712,,,2024-08-25,0.22516724453269812
2024-08-25,36.74953703703704,3.0588624338624637,,,2024-08-25,0.11367657315247216
2024-08-25,36.74953703703704,3.0601851851852153,,,2024-08-25,0.05405852740642433
2024-08-25,36.74953703703704,3.061507936507965,,,2024-08-25,0.14387554106688039
2024-08-25,36.74953703703704,3.0628306878307168,,,2024-08-25,0.2574022223605488
2024-08-25,36.75046296296296,3.057539682539712,,,2024-08-25,0.22516595693912034
2024-08-25,36.75046296296296,3.0588624338624637,,,2024-08-25,0.11367602791756166
2024-08-25,36.75046296296296,3.0601851851852153,,,2024-08-25,0.05405849702281984
2024-08-25,36.75046296296296,3.061507936507965,,,2024-08-25,0.14387478409339177
2024-08-25,36.75046296296296,3.0628306878307168,,,2024-08-25,0.25740073137508096
2024-08-25,36.75138888888889,3.057539682539712,,,2024-08-25,0.2681416363474062
2024-08-25,36.75138888888889,3.0588624338624637,,,2024-08-25,0.18472391343301875
2024-08-25,36.75138888888889,3.0601851851852153,,,2024-08-25,0.1553162150214607
2024-08-25,36.75138888888889,3.061507936507965,,,2024-08-25,0.20469622494972564
2024-08-25,36.75138888888889,3.0628306878307168,,,2024-08-25,0.29572821605468813
2024-08-25,36.75231481481482,3.057539682539712,,,2024-08-25,0.33808427195944535
2024-08-25,36.75231481481482,3.0588624338624637,,,2024-08-25,0.27663047174165517
2024-08-25,36.75231481481482,3.0601851851852153,,,2024-08-25,0.2579239055025071
2024-08-25,36.75231481481482,3.061507936507965,,,2024-08-25,0.2903479711469829
2024-08-25,36.75231481481482,3.0628306878307168,,,2024-08-25,0.3603554187897976
2024-08-26,36.74768518518518,3.057539682539712,,,2024-08-26,0.3380885596660119
2024-08-26,36.74768518518518,3.0588624338624637,,,2024-08-26,0.276631592011625
2024-08-26,36.74768518518518,3.0601851851852153,,,2024-08-26,0.2579239373431453
2024-08-26,36.74768518518518,3.061507936507965,,,2024-08-26,0.2903498466436768
2024-08-26,36.74768518518518,3.0628306878307168,,,2024-08-26,0.3603607437968025
2024-08-26,36.74861111111111,3.057539682539712,,,2024-08-26,0.26814488002100434
2024-08-26,36.74861111111111,3.0588624338624637,,,2024-08-26,0.18472492001821167
2024-08-26,36.74861111111111,3.0601851851852153,,,2024-08-26,0.15531624674691102
2024-08-26,36.74861111111111,3.061507936507965,,,2024-08-26,0.20469782110899754
2024-08-26,36.74861111111111,3.0628306878307168,,,2024-08-26,0.29573210928483373
2024-08-26,36.74953703703704,3.057539682539712,,,2024-08-26,0.22516724453269812
2024-08-26,36.74953703703704,3.0588624338624637,,,2024-08-26,0.11367657315247216
2024-08-26,36.74953703703704,3.0601851851852153,,,2024-08-26,0.05405852740642433
2024-08-26,36.74953703703704,3.061507936507965,,,2024-08-26,0.14387554106688039
2024-08-26,36.74953703703704,3.0628306878307168,,,2024-08-26,0.2574022223605488
2024-08-26,36.75046296296296,3.057539682539712,,,2024-08-26,0.22516595693912034
2024-08-26,36.75046296296296,3.0588624338624637,,,2024-08-26,0.11367602791756166
2024-08-26,36.75046296296296,3.0601851851852153,,,2024-08-26,0.05405849702281984
2024-08-26,36.75046296296296,3.061507936507965,,,2024-08-26,0.14387478409339177
2024-08-26,36.75046296296296,3.0628306878307168,,,2024-08-26,0.25740073137508096
2024-08-26,36.75138888888889,3.057539682539712,,,2024-08-26,0.2681416363474062
2024-08-26,36.75138888888889,3.0588624338624637,,,2024-08-26,0.18472391343301875
2024-08-26,36.75138888888889,3.0601851851852153,,,2024-08-26,0.1553162150214607
2024-08-26,36.75138888888889,3.061507936507965,,,2024-08-26,0.20469622494972564
2024-08-26,36.75138888888889,3.0628306878307168,,,2024-08-26,0.29572821605468813
2024-08-26,36.75231481481482,3.057539682539712,,,2024-08-26,0.33808427195944535
2024-08-26,36.75231481481482,3.0588624338624637,,,2024-08-26,0.27663047174165517
2024-08-26,36.75231481481482,3.0601851851852153,,,2024-08-26,0.2579239055025071
2024-08-26,36.75231481481482,3.061507936507965,,,2024-08-26,0.2903479711469829
2024-08-26,36.75231481481482,3.0628306878307168,,,2024-08-26,0.3603554187897976
2024-08-27,36.74768518518518,3.057539682539712,,,2024-08-27,0.3380885596660119
2024-08-27,36.74768518518518,3.0588624338624637,,,2024-08-27,0.276631592011625
2024-08-27,36.74768518518518,3.0601851851852153,,,2024-08-27,0.2579239373431453
2024-08-27,36.74768518518518,3.061507936507965,,,2024-08-27,0.2903498466436768
2024-08-27,36.74768518518518,3.0628306878307168,,,2024-08-27,0.3603607437968025
2024-08-27,36.74861111111111,3.057539682539712,,,2024-08-27,0.26814488002100434
2024-08-27,36.74861111111111,3.0588624338624637,,,2024-08-27,0.18472492001821167
2024-08-27,36.74861111111111,3.0601851851852153,,,2024-08-27,0.15531624674691102
2024-08-27,36.74861111111111,3.061507936507965,,,2024-08-27,0.20469782110899754
2024-08-27,36.74861111111111,3.0628306878307168,,,2024-08-27,0.29573210928483373
2024-08-27,36.74953703703704,3.057539682539712,,,2024-08-27,0.22516724453269812
2024-08-27,36.74953703703704,3.0588624338624637,,,2024-08-27,0.11367657315247216
2024-08-27,36.74953703703704,3.0601851851852153,,,2024-08-27,0.05405852740642433
2024-08-27,36.74953703703704,3.061507936507965,,,2024-08-27,0.14387554106688039
2024-08-27,36.74953703703704,3.0628306878307168,,,2024-08-27,0.2574022223605488
2024-08-27,36.75046296296296,3.057539682539712,,,2024-08-27,0.22516595693912034
2024-08-27,36.75046296296296,3.0588624338624637,,,2024-08-27,0.11367602791756166
2024-08-27,36.75046296296296,3.0601851851852153,,,2024-08-27,0.05405849702281984
2024-08-27,36.75046296296296,3.061507936507965,,,2024-08-27,0.14387478409339177
2024-08-27,36.75046296296296,3.0628306878307168,,,2024-08-27,0.25740073137508096
2024-08-27,36.75138888888889,3.057539682539712,,,2024-08-27,0.2681416363474062
2024-08-27,36.75138888888889,3.0588624338624637,,,2024-08-27,0.18472391343301875
2024-08-27,36.75138888888889,3.0601851851852153,,,2024-08-27,0.1553162150214607
2024-08-27,36.75138888888889,3.061507936507965,,,2024-08-27,0.20469622494972564
2024-08-27,36.75138888888889,3.0628306878307168,,,2024-08-27,0.29572821605468813
2024-08-27,36.75231481481482,3.057539682539712,,,2024-08-27,0.33808427195944535
2024-08-27,36.75231481481482,3.0588624338624637,,,2024-08-27,0.27663047174165517
2024-08-27,36.75231481481482,3.0601851851852153,,,2024-08-27,0.2579239055025071
2024-08-27,36.75231481481482,3.061507936507965,,,2024-08-27,0.2903479711469829
2024-08-27,36.75231481481482,3.0628306878307168,,,2024-08-27,0.3603554187897976
2024-08-28,36.74768518518518,3.057539682539712,,,2024-08-28,0.3380885596660119
2024-08-28,36.74768518518518,3.0588624338624637,,,2024-08-28,0.276631592011625
2024-08-28,36.74768518518518,3.0601851851852153,,,2024-08-28,0.2579239373431453
2024-08-28,36.74768518518518,3.061507936507965,,,2024-08-28,0.2903498466436768
2024-08-28,36.74768518518518,3.0628306878307168,,,2024-08-28,0.3603607437968025
2024-08-28,36.74861111111111,3.057539682539712,,,2024-08-28,0.26814488002100434
2024-08-28,36.74861111111111,3.0588624338624637,,,2024-08-28,0.18472492001821167
2024-08-28,36.74861111111111,3.0601851851852153,,,2024-08-28,0.15531624674691102
2024-08-28,36.74861111111111,3.061507936507965,,,2024-08-28,0.20469782110899754
2024-08-28,36.74861111111111,3.0628306878307168,,,2024-08-28,0.29573210928483373
2024-08-28,36.74953703703704,3.057539682539712,,,2024-08-28,0.22516724453269812
2024-08-28,36.74953703703704,3.0588624338624637,,,2024-08-28,0.11367657315247216
2024-08-28,36.74953703703704,3.0601851851852153,,,2024-08-28,0.05405852740642433
2024-08-28,36.74953703703704,3.061507936507965,,,2024-08-28,0.14387554106688039
2024-08-28,36.74953703703704,3.0628306878307168,,,2024-08-28,0.2574022223605488
2024-08-28,36.75046296296296,3.057539682539712,,,2024-08-28,0.22516595693912034
2024-08-28,36.75046296296296,3.0588624338624637,,,2024-08-28,0.11367602791756166
2024-08-28,36.75046296296296,3.0601851851852153,,,2024-08-28,0.05405849702281984
2024-08-28,36.75046296296296,3.061507936507965,,,2024-08-28,0.14387478409339177
2024-08-28,36.75046296296296,3.0628306878307168,,,2024-08-28,0.25740073137508096
2024-08-28,36.75138888888889,3.057539682539712,,,2024-08-28,0.2681416363474062
2024-08-28,36.75138888888889,3.0588624338624637,,,2024-08-28,0.18472391343301875
2024-08-28,36.75138888888889,3.0601851851852153,,,2024-08-28,0.1553162150214607
2024-08-28,36.75138888888889,3.061507936507965,,,2024-08-28,0.20469622494972564
2024-08-28,36.75138888888889,3.0628306878307168,,,2024-08-28,0.29572821605468813
2024-08-28,36.75231481481482,3.057539682539712,,,2024-08-28,0.33808427195944535
2024-08-28,36.75231481481482,3.0588624338624637,,,2024-08-28,0.27663047174165517
2024-08-28,36.75231481481482,3.0601851851852153,,,2024-08-28,0.2579239055025071
2024-08-28,36.75231481481482,3.061507936507965,,,2024-08-28,0.2903479711469829
2024-08-28,36.75231481481482,3.0628306878307168,,,2024-08-28,0.3603554187897976
2024-08-29,36.74768518518518,3.057539682539712,,,2024-08-29,0.3380885596660119
2024-08-29,36.74768518518518,3.0588624338624637,,,2024-08-29,0.276631592011625
2024-08-29,36.74768518518518,3.0601851851852153,,,2024-08-29,0.2579239373431453
2024-08-29,36.74768518518518,3.061507936507965,,,2024-08-29,0.2903498466436768
2024-08-29,36.74768518518518,3.0628306878307168,,,2024-08-29,0.3603607437968025
2024-08-29,36.74861111111111,3.057539682539712,,,2024-08-29,0.26814488002100434
2024-08-29,36.74861111111111,3.0588624338624637,,,2024-08-29,0.18472492001821167
2024-08-29,36.74861111111111,3.0601851851852153,,,2024-08-29,0.15531624674691102
2024-08-29,36.74861111111111,3.061507936507965,,,2024-08-29,0.20469782110899754
2024-08-29,36.74861111111111,3.0628306878307168,,,2024-08-29,0.29573210928483373
2024-08-29,36.74953703703704,3.057539682539712,,,2024-08-29,0.22516724453269812
2024-08-29,36.74953703703704,3.0588624338624637,,,2024-08-29,0.11367657315247216
2024-08-29,36.74953703703704,3.0601851851852153,,,2024-08-29,0.05405852740642433
2024-08-29,36.74953703703704,3.061507936507965,,,2024-08-29,0.14387554106688039
2024-08-29,36.74953703703704,3.0628306878307168,,,2024-08-29,0.2574022223605488
2024-08-29,36.75046296296296,3.057539682539712,,,2024-08-29,0.22516595693912034
2024-08-29,36.75046296296296,3.0588624338624637,,,2024-08-29,0.11367602791756166
2024-08-29,36.75046296296296,3.0601851851852153,,,2024-08-29,0.05405849702281984
2024-08-29,36.75046296296296,3.061507936507965,,,2024-08-29,0.14387478409339177
2024-08-29,36.75046296296296,3.0628306878307168,,,2024-08-29,0.25740073137508096
2024-08-29,36.75138888888889,3.057539682539712,,,2024-08-29,0.2681416363474062
2024-08-29,36.75138888888889,3.0588624338624637,,,2024-08-29,0.18472391343301875
2024-08-29,36.75138888888889,3.0601851851852153,,,2024-08-29,0.1553162150214607
2024-08-29,36.75138888888889,3.061507936507965,,,2024-08-29,0.20469622494972564
2024-08-29,36.75138888888889,3.0628306878307168,,,2024-08-29,0.29572821605468813
2024-08-29,36.75231481481482,3.057539682539712,,,2024-08-29,0.33808427195944535
2024-08-29,36.75231481481482,3.0588624338624637,,,2024-08-29,0.27663047174165517
2024-08-29,36.75231481481482,3.0601851851852153,,,2024-08-29,0.2579239055025071
2024-08-29,36.75231481481482,3.061507936507965,,,2024-08-29,0.2903479711469829
2024-08-29,36.75231481481482,3.0628306878307168,,,2024-08-29,0.3603554187897976
2024-08-30,36.74768518518518,3.057539682539712,,,2024-08-30,0.3380885596660119
2024-08-30,36.74768518518518,3.0588624338624637,,,2024-08-30,0.276631592011625
2024-08-30,36.74768518518518,3.0601851851852153,,,2024-08-30,0.2579239373431453
2024-08-30,36.74768518518518,3.061507936507965,,,2024-08-30,0.2903498466436768
2024-08-30,36.74768518518518,3.0628306878307168,,,2024-08-30,0.3603607437968025
2024-08-30,36.74861111111111,3.057539682539712,,,2024-08-30,0.26814488002100434
2024-08-30,36.74861111111111,3.0588624338624637,,,2024-08-30,0.18472492001821167
2024-08-30,36.74861111111111,3.0601851851852153,,,2024-08-30,0.15531624674691102
2024-08-30,36.74861111111111,3.061507936507965,,,2024-08-30,0.20469782110899754
2024-08-30,36.74861111111111,3.0628306878307168,,,2024-08-30,0.29573210928483373
2024-08-30,36.74953703703704,3.057539682539712,,,2024-08-30,0.22516724453269812
2024-08-30,36.74953703703704,3.0588624338624637,,,2024-08-30,0.11367657315247216
2024-08-30,36.74953703703704,3.0601851851852153,,,2024-08-30,0.05405852740642433
2024-08-30,36.74953703703704,3.061507936507965,,,2024-08-30,0.14387554106688039
2024-08-30,36.74953703703704,3.0628306878307168,,,2024-08-30,0.2574022223605488
2024-08-30,36.75046296296296,3.057539682539712,,,2024-08-30,0.22516595693912034
2024-08-30,36.75046296296296,3.0588624338624637,,,2024-08-30,0.11367602791756166
2024-08-30,36.75046296296296,3.0601851851852153,,,2024-08-30,0.05405849702281984
2024-08-30,36.75046296296296,3.061507936507965,,,2024-08-30,0.14387478409339177
2024-08-30,36.75046296296296,3.0628306878307168,,,2024-08-30,0.25740073137508096
2024-08-30,36.75138888888889,3.057539682539712,,,2024-08-30,0.2681416363474062
2024-08-30,36.75138888888889,3.0588624338624637,,,2024-08-30,0.18472391343301875
2024-08-30,36.75138888888889,3.0601851851852153,,,2024-08-30,0.1553162150214607
2024-08-30,36.75138888888889,3.061507936507965,,,2024-08-30,0.20469622494972564
2024-08-30,36.75138888888889,3.0628306878307168,,,2024-08-30,0.29572821605468813
2024-08-30,36.75231481481482,3.057539682539712,,,2024-08-30,0.33808427195944535
2024-08-30,36.75231481481482,3.0588624338624637,,,2024-08-30,0.27663047174165517
2024-08-30,36.75231481481482,3.0601851851852153,,,2024-08-30,0.2579239055025071
2024-08-30,36.75231481481482,3.061507936507965,,,2024-08-30,0.2903479711469829
2024-08-30,36.75231481481482,3.0628306878307168,,,2024-08-30,0.3603554187897976
2024-08-31,36.74768518518518,3.057539682539712,,,2024-08-31,0.3380885596660119
2024-08-31,36.74768518518518,3.0588624338624637,,,2024-08-31,0.276631592011625
2024-08-31,36.74768518518518,3.0601851851852153,,,2024-08-31,0.2579239373431453
2024-08-31,36.74768518518518,3.061507936507965,,,2024-08-31,0.2903498466436768
2024-08-31,36.74768518518518,3.0628306878307168,,,2024-08-31,0.3603607437968025
2024-08-31,36.74861111111111,3.057539682539712,,,2024-08-31,0.26814488002100434
2024-08-31,36.74861111111111,3.0588624338624637,,,2024-08-31,0.18472492001821167
2024-08-31,36.74861111111111,3.0601851851852153,,,2024-08-31,0.15531624674691102
2024-08-31,36.74861111111111,3.061507936507965,,,2024-08-31,0.20469782110899754
2024-08-31,36.74861111111111,3.0628306878307168,,,2024-08-31,0.29573210928483373
2024-08-31,36.74953703703704,3.057539682539712,,,2024-08-31,0.22516724453269812
2024-08-31,36.74953703703704,3.0588624338624637,,,2024-08-31,0.11367657315247216
2024-08-31,36.74953703703704,3.0601851851852153,,,2024-08-31,0.05405852740642433
2024-08-31,36.74953703703704,3.061507936507965,,,2024-08-31,0.14387554106688039
2024-08-31,36.74953703703704,3.0628306878307168,,,2024-08-31,0.2574022223605488
2024-08-31,36.75046296296296,3.057539682539712,,,2024-08-31,0.22516595693912034
2024-08-31,36.75046296296296,3.0588624338624637,,,2024-08-31,0.11367602791756166
2024-08-31,36.75046296296296,3.0601851851852153,,,2024-08-31,0.05405849702281984
2024-08-31,36.75046296296296,3.061507936507965,,,2024-08-31,0.14387478409339177
2024-08-31,36.75046296296296,3.0628306878307168,,,2024-08-31,0.25740073137508096
2024-08-31,36.75138888888889,3.057539682539712,,,2024-08-31,0.2681416363474062
2024-08-31,36.75138888888889,3.0588624338624637,,,2024-08-31,0.18472391343301875
2024-08-31,36.75138888888889,3.0601851851852153,,,2024-08-31,0.1553162150214607
2024-08-31,36.75138888888889,3.061507936507965,,,2024-08-31,0.20469622494972564
2024-08-31,36.75138888888889,3.0628306878307168,,,2024-08-31,0.29572821605468813
2024-08-31,36.75231481481482,3.057539682539712,,,2024-08-31,0.33808427195944535
2024-08-31,36.75231481481482,3.0588624338624637,,,2024-08-31,0.27663047174165517
2024-08-31,36.75231481481482,3.0601851851852153,,,2024-08-31,0.2579239055025071
2024-08-31,36.75231481481482,3.061507936507965,,,2024-08-31,0.2903479711469829
2024-08-31,36.75231481481482,3.0628306878307168,,,2024-08-31,0.3603554187897976
2024-09-01,36.74768518518518,3.057539682539712,,,2024-09-01,0.3380885596660119
2024-09-01,36.74768518518518,3.0588624338624637,,,2024-09-01,0.276631592011625
2024-09-01,36.74768518518518,3.0601851851852153,,,2024-09-01,0.2579239373431453
2024-09-01,36.74768518518518,3.061507936507965,,,2024-09-01,0.2903498466436768
2024-09-01,36.74768518518518,3.0628306878307168,,,2024-09-01,0.3603607437968025
2024-09-01,36.74861111111111,3.057539682539712,,,2024-09-01,0.26814488002100434
2024-09-01,36.74861111111111,3.0588624338624637,,,2024-09-01,0.18472492001821167
2024-09-01,36.74861111111111,3.0601851851852153,,,2024-09-01,0.15531624674691102
2024-09-01,36.74861111111111,3.061507936507965,,,2024-09-01,0.20469782110899754
2024-09-01,36.74861111111111,3.0628306878307168,,,2024-09-01,0.29573210928483373
2024-09-01,36.74953703703704,3.057539682539712,,,2024-09-01,0.22516724453269812
2024-09-01,36.74953703703704,3.0588624338624637,,,2024-09-01,0.11367657315247216
2024-09-01,36.74953703703704,3.0601851851852153,,,2024-09-01,0.05405852740642433
2024-09-01,36.74953703703704,3.061507936507965,,,2024-09-01,0.14387554106688039
2024-09-01,36.74953703703704,3.0628306878307168,,,2024-09-01,0.2574022223605488
2024-09-01,36.75046296296296,3.057539682539712,,,2024-09-01,0.22516595693912034
2024-09-01,36.75046296296296,3.0588624338624637,,,2024-09-01,0.11367602791756166
2024-09-01,36.75046296296296,3.0601851851852153,,,2024-09-01,0.05405849702281984
2024-09-01,36.75046296296296,3.061507936507965,,,2024-09-01,0.14387478409339177
2024-09-01,36.75046296296296,3.0628306878307168,,,2024-09-01,0.25740073137508096
2024-09-01,36.75138888888889,3.057539682539712,,,2024-09-01,0.2681416363474062
2024-09-01,36.75138888888889,3.0588624338624637,,,2024-09-01,0.18472391343301875
2024-09-01,36.75138888888889,3.0601851851852153,,,2024-09-01,0.1553162150214607
2024-09-01,36.75138888888889,3.061507936507965,,,2024-09-01,0.20469622494972564
2024-09-01,36.75138888888889,3.0628306878307168,,,2024-09-01,0.29572821605468813
2024-09-01,36.75231481481482,3.057539682539712,,,2024-09-01,0.33808427195944535
2024-09-01,36.75231481481482,3.0588624338624637,,,2024-09-01,0.27663047174165517
2024-09-01,36.75231481481482,3.0601851851852153,,,2024-09-01,0.2579239055025071
2024-09-01,36.75231481481482,3.061507936507965,,,2024-09-01,0.2903479711469829
2024-09-01,36.75231481481482,3.0628306878307168,,,2024-09-01,0.3603554187897976
2024-09-02,36.74768518518518,3.057539682539712,,,2024-09-02,0.3380885596660119
2024-09-02,36.74768518518518,3.0588624338624637,,,2024-09-02,0.276631592011625
2024-09-02,36.74768518518518,3.0601851851852153,,,2024-09-02,0.2579239373431453
2024-09-02,36.74768518518518,3.061507936507965,,,2024-09-02,0.2903498466436768
2024-09-02,36.74768518518518,3.0628306878307168,,,2024-09-02,0.3603607437968025
2024-09-02,36.74861111111111,3.057539682539712,,,2024-09-02,0.26814488002100434
2024-09-02,36.74861111111111,3.0588624338624637,,,2024-09-02,0.18472492001821167
2024-09-02,36.74861111111111,3.0601851851852153,,,2024-09-02,0.15531624674691102
2024-09-02,36.74861111111111,3.061507936507965,,,2024-09-02,0.20469782110899754
2024-09-02,36.74861111111111,3.0628306878307168,,,2024-09-02,0.29573210928483373
2024-09-02,36.74953703703704,3.057539682539712,,,2024-09-02,0.22516724453269812
2024-09-02,36.74953703703704,3.0588624338624637,,,2024-09-02,0.11367657315247216
2024-09-02,36.74953703703704,3.0601851851852153,,,2024-09-02,0.05405852740642433
2024-09-02,36.74953703703704,3.061507936507965,,,2024-09-02,0.14387554106688039
2024-09-02,36.74953703703704,3.0628306878307168,,,2024-09-02,0.2574022223605488
2024-09-02,36.75046296296296,3.057539682539712,,,2024-09-02,0.22516595693912034
2024-09-02,36.75046296296296,3.0588624338624637,,,2024-09-02,0.11367602791756166
2024-09-02,36.75046296296296,3.0601851851852153,,,2024-09-02,0.05405849702281984
2024-09-02,36.75046296296296,3.061507936507965,,,2024-09-02,0.14387478409339177
2024-09-02,36.75046296296296,3.0628306878307168,,,2024-09-02,0.25740073137508096
2024-09-02,36.75138888888889,3.057539682539712,,,2024-09-02,0.2681416363474062
2024-09-02,36.75138888888889,3.0588624338624637,,,2024-09-02,0.18472391343301875
2024-09-02,36.75138888888889,3.0601851851852153,,,2024-09-02,0.1553162150214607
2024-09-02,36.75138888888889,3.061507936507965,,,2024-09-02,0.20469622494972564
2024-09-02,36.75138888888889,3.0628306878307168,,,2024-09-02,0.29572821605468813
2024-09-02,36.75231481481482,3.057539682539712,,,2024-09-02,0.33808427195944535
2024-09-02,36.75231481481482,3.0588624338624637,,,2024-09-02,0.27663047174165517
2024-09-02,36.75231481481482,3.0601851851852153,,,2024-09-02,0.2579239055025071
2024-09-02,36.75231481481482,3.061507936507965,,,2024-09-02,0.2903479711469829
2024-09-02,36.75231481481482,3.0628306878307168,,,2024-09-02,0.3603554187897976
2024-09-03,36.74768518518518,3.057539682539712,,,2024-09-03,0.3380885596660119
2024-09-03,36.74768518518518,3.0588624338624637,,,2024-09-03,0.276631592011625
2024-09-03,36.74768518518518,3.0601851851852153,,,2024-09-03,0.2579239373431453
2024-09-03,36.74768518518518,3.061507936507965,,,2024-09-03,0.2903498466436768
2024-09-03,36.74768518518518,3.0628306878307168,,,2024-09-03,0.3603607437968025
2024-09-03,36.74861111111111,3.057539682539712,,,2024-09-03,0.26814488002100434
2024-09-03,36.74861111111111,3.0588624338624637,,,2024-09-03,0.18472492001821167
2024-09-03,36.74861111111111,3.0601851851852153,,,2024-09-03,0.15531624674691102
2024-09-03,36.74861111111111,3.061507936507965,,,2024-09-03,0.20469782110899754
2024-09-03,36.74861111111111,3.0628306878307168,,,2024-09-03,0.29573210928483373
2024-09-03,36.74953703703704,3.057539682539712,,,2024-09-03,0.22516724453269812
2024-09-03,36.74953703703704,3.0588624338624637,,,2024-09-03,0.11367657315247216
2024-09-03,36.74953703703704,3.0601851851852153,,,2024-09-03,0.05405852740642433
2024-09-03,36.74953703703704,3.061507936507965,,,2024-09-03,0.14387554106688039
2024-09-03,36.74953703703704,3.0628306878307168,,,2024-09-03,0.2574022223605488
2024-09-03,36.75046296296296,3.057539682539712,,,2024-09-03,0.22516595693912034
2024-09-03,36.75046296296296,3.0588624338624637,,,2024-09-03,0.11367602791756166
2024-09-03,36.75046296296296,3.0601851851852153,,,2024-09-03,0.05405849702281984
2024-09-03,36.75046296296296,3.061507936507965,,,2024-09-03,0.14387478409339177
2024-09-03,36.75046296296296,3.0628306878307168,,,2024-09-03,0.25740073137508096
2024-09-03,36.75138888888889,3.057539682539712,,,2024-09-03,0.2681416363474062
2024-09-03,36.75138888888889,3.0588624338624637,,,2024-09-03,0.18472391343301875
2024-09-03,36.75138888888889,3.0601851851852153,,,2024-09-03,0.1553162150214607
2024-09-03,36.75138888888889,3.061507936507965,,,2024-09-03,0.20469622494972564
2024-09-03,36.75138888888889,3.0628306878307168,,,2024-09-03,0.29572821605468813
2024-09-03,36.75231481481482,3.057539682539712,,,2024-09-03,0.33808427195944535
2024-09-03,36.75231481481482,3.0588624338624637,,,2024-09-03,0.27663047174165517
2024-09-03,36.75231481481482,3.0601851851852153,,,2024-09-03,0.2579239055025071
2024-09-03,36.75231481481482,3.061507936507965,,,2024-09-03,0.2903479711469829
2024-09-03,36.75231481481482,3.0628306878307168,,,2024-09-03,0.3603554187897976
2024-09-04,36.74768518518518,3.057539682539712,,,2024-09-04,0.3380885596660119
2024-09-04,36.74768518518518,3.0588624338624637,,,2024-09-04,0.276631592011625
2024-09-04,36.74768518518518,3.0601851851852153,,,2024-09-04,0.2579239373431453
2024-09-04,36.74768518518518,3.061507936507965,,,2024-09-04,0.2903498466436768
2024-09-04,36.74768518518518,3.0628306878307168,,,2024-09-04,0.3603607437968025
2024-09-04,36.74861111111111,3.057539682539712,,,2024-09-04,0.26814488002100434
2024-09-04,36.74861111111111,3.0588624338624637,,,2024-09-04,0.18472492001821167
2024-09-04,36.74861111111111,3.0601851851852153,,,2024-09-04,0.15531624674691102
2024-09-04,36.74861111111111,3.061507936507965,,,2024-09-04,0.20469782110899754
2024-09-04,36.74861111111111,3.0628306878307168,,,2024-09-04,0.29573210928483373
2024-09-04,36.74953703703704,3.057539682539712,,,2024-09-04,0.22516724453269812
2024-09-04,36.74953703703704,3.0588624338624637,,,2024-09-04,0.11367657315247216
2024-09-04,36.74953703703704,3.0601851851852153,,,2024-09-04,0.05405852740642433
2024-09-04,36.74953703703704,3.061507936507965,,,2024-09-04,0.14387554106688039
2024-09-04,36.74953703703704,3.0628306878307168,,,2024-09-04,0.2574022223605488
2024-09-04,36.75046296296296,3.057539682539712,,,2024-09-04,0.22516595693912034
2024-09-04,36.75046296296296,3.0588624338624637,,,2024-09-04,0.11367602791756166
2024-09-04,36.75046296296296,3.0601851851852153,,,2024-09-04,0.05405849702281984
2024-09-04,36.75046296296296,3.061507936507965,,,2024-09-04,0.14387478409339177
2024-09-04,36.75046296296296,3.0628306878307168,,,2024-09-04,0.25740073137508096
2024-09-04,36.75138888888889,3.057539682539712,,,2024-09-04,0.2681416363474062
2024-09-04,36.75138888888889,3.0588624338624637,,,2024-09-04,0.18472391343301875
2024-09-04,36.75138888888889,3.0601851851852153,,,2024-09-04,0.1553162150214607
2024-09-04,36.75138888888889,3.061507936507965,,,2024-09-04,0.20469622494972564
2024-09-04,36.75138888888889,3.0628306878307168,,,2024-09-04,0.29572821605468813
2024-09-04,36.75231481481482,3.057539682539712,,,2024-09-04,0.33808427195944535
2024-09-04,36.75231481481482,3.0588624338624637,,,2024-09-04,0.27663047174165517
2024-09-04,36.75231481481482,3.0601851851852153,,,2024-09-04,0.2579239055025071
2024-09-04,36.75231481481482,3.061507936507965,,,2024-09-04,0.2903479711469829
2024-09-04,36.75231481481482,3.0628306878307168,,,2024-09-04,0.3603554187897976
2024-09-05,36.74768518518518,3.057539682539712,,,2024-09-05,0.3380885596660119
2024-09-05,36.74768518518518,3.0588624338624637,,,2024-09-05,0.276631592011625
2024-09-05,36.74768518518518,3.0601851851852153,,,2024-09-05,0.2579239373431453
2024-09-05,36.74768518518518,3.061507936507965,,,2024-09-05,0.2903498466436768
2024-09-05,36.74768518518518,3.0628306878307168,,,2024-09-05,0.3603607437968025
2024-09-05,36.74861111111111,3.057539682539712,,,2024-09-05,0.26814488002100434
2024-09-05,36.74861111111111,3.0588624338624637,,,2024-09-05,0.18472492001821167
2024-09-05,36.74861111111111,3.0601851851852153,,,2024-09-05,0.15531624674691102
2024-09-05,36.74861111111111,3.061507936507965,,,2024-09-05,0.20469782110899754
2024-09-05,36.74861111111111,3.0628306878307168,,,2024-09-05,0.29573210928483373
2024-09-05,36.74953703703704,3.057539682539712,,,2024-09-05,0.22516724453269812
2024-09-05,36.74953703703704,3.0588624338624637,,,2024-09-05,0.11367657315247216
2024-09-05,36.74953703703704,3.0601851851852153,,,2024-09-05,0.05405852740642433
2024-09-05,36.74953703703704,3.061507936507965,,,2024-09-05,0.14387554106688039
2024-09-05,36.74953703703704,3.0628306878307168,,,2024-09-05,0.2574022223605488
2024-09-05,36.75046296296296,3.057539682539712,,,2024-09-05,0.22516595693912034
2024-09-05,36.75046296296296,3.0588624338624637,,,2024-09-05,0.11367602791756166
2024-09-05,36.75046296296296,3.0601851851852153,,,2024-09-05,0.05405849702281984
2024-09-05,36.75046296296296,3.061507936507965,,,2024-09-05,0.14387478409339177
2024-09-05,36.75046296296296,3.0628306878307168,,,2024-09-05,0.25740073137508096
2024-09-05,36.75138888888889,3.057539682539712,,,2024-09-05,0.2681416363474062
2024-09-05,36.75138888888889,3.0588624338624637,,,2024-09-05,0.18472391343301875
2024-09-05,36.75138888888889,3.0601851851852153,,,2024-09-05,0.1553162150214607
2024-09-05,36.75138888888889,3.061507936507965,,,2024-09-05,0.20469622494972564
2024-09-05,36.75138888888889,3.0628306878307168,,,2024-09-05,0.29572821605468813
2024-09-05,36.75231481481482,3.057539682539712,,,2024-09-05,0.33808427195944535
2024-09-05,36.75231481481482,3.0588624338624637,,,2024-09-05,0.27663047174165517
2024-09-05,36.75231481481482,3.0601851851852153,,,2024-09-05,0.2579239055025071
2024-09-05,36.75231481481482,3.061507936507965,,,2024-09-05,0.2903479711469829
2024-09-05,36.75231481481482,3.0628306878307168,,,2024-09-05,0.3603554187897976
2024-09-06,36.74768518518518,3.057539682539712,,,2024-09-06,0.3380885596660119
2024-09-06,36.74768518518518,3.0588624338624637,,,2024-09-06,0.276631592011625
2024-09-06,36.74768518518518,3.0601851851852153,,,2024-09-06,0.2579239373431453
2024-09-06,36.74768518518518,3.061507936507965,,,2024-09-06,0.2903498466436768
2024-09-06,36.74768518518518,3.0628306878307168,,,2024-09-06,0.3603607437968025
2024-09-06,36.74861111111111,3.057539682539712,,,2024-09-06,0.26814488002100434
2024-09-06,36.74861111111111,3.0588624338624637,,,2024-09-06,0.18472492001821167
2024-09-06,36.74861111111111,3.0601851851852153,,,2024-09-06,0.15531624674691102
2024-09-06,36.74861111111111,3.061507936507965,,,2024-09-06,0.20469782110899754
2024-09-06,36.74861111111111,3.0628306878307168,,,2024-09-06,0.29573210928483373
2024-09-06,36.74953703703704,3.057539682539712,,,2024-09-06,0.22516724453269812
2024-09-06,36.74953703703704,3.0588624338624637,,,2024-09-06,0.11367657315247216
2024-09-06,36.74953703703704,3.0601851851852153,,,2024-09-06,0.05405852740642433
2024-09-06,36.74953703703704,3.061507936507965,,,2024-09-06,0.14387554106688039
2024-09-06,36.74953703703704,3.0628306878307168,,,2024-09-06,0.2574022223605488
2024-09-06,36.75046296296296,3.057539682539712,,,2024-09-06,0.22516595693912034
2024-09-06,36.75046296296296,3.0588624338624637,,,2024-09-06,0.11367602791756166
2024-09-06,36.75046296296296,3.0601851851852153,,,2024-09-06,0.05405849702281984
2024-09-06,36.75046296296296,3.061507936507965,,,2024-09-06,0.14387478409339177
2024-09-06,36.75046296296296,3.0628306878307168,,,2024-09-06,0.25740073137508096
2024-09-06,36.75138888888889,3.057539682539712,,,2024-09-06,0.2681416363474062
2024-09-06,36.75138888888889,3.0588624338624637,,,2024-09-06,0.18472391343301875
2024-09-06,36.75138888888889,3.0601851851852153,,,2024-09-06,0.1553162150214607
2024-09-06,36.75138888888889,3.061507936507965,,,2024-09-06,0.20469622494972564
2024-09-06,36.75138888888889,3.0628306878307168,,,2024-09-06,0.29572821605468813
2024-09-06,36.75231481481482,3.057539682539712,,,2024-09-06,0.33808427195944535
2024-09-06,36.75231481481482,3.0588624338624637,,,2024-09-06,0.27663047174165517
2024-09-06,36.75231481481482,3.0601851851852153,,,2024-09-06,0.2579239055025071
2024-09-06,36.75231481481482,3.061507936507965,,,2024-09-06,0.2903479711469829
2024-09-06,36.75231481481482,3.0628306878307168,,,2024-09-06,0.3603554187897976
2024-09-07,36.74768518518518,3.057539682539712,,,2024-09-07,0.3380885596660119
2024-09-07,36.74768518518518,3.0588624338624637,,,2024-09-07,0.276631592011625
2024-09-07,36.74768518518518,3.0601851851852153,,,2024-09-07,0.2579239373431453
2024-09-07,36.74768518518518,3.061507936507965,,,2024-09-07,0.2903498466436768
2024-09-07,36.74768518518518,3.0628306878307168,,,2024-09-07,0.3603607437968025
2024-09-07,36.74861111111111,3.057539682539712,,,2024-09-07,0.26814488002100434
2024-09-07,36.74861111111111,3.0588624338624637,,,2024-09-07,0.18472492001821167
2024-09-07,36.74861111111111,3.0601851851852153,,,2024-09-07,0.15531624674691102
2024-09-07,36.74861111111111,3.061507936507965,,,2024-09-07,0.20469782110899754
2024-09-07,36.74861111111111,3.0628306878307168,,,2024-09-07,0.29573210928483373
2024-09-07,36.74953703703704,3.057539682539712,,,2024-09-07,0.22516724453269812
2024-09-07,36.74953703703704,3.0588624338624637,,,2024-09-07,0.11367657315247216
2024-09-07,36.74953703703704,3.0601851851852153,,,2024-09-07,0.05405852740642433
2024-09-07,36.74953703703704,3.061507936507965,,,2024-09-07,0.14387554106688039
2024-09-07,36.74953703703704,3.0628306878307168,,,2024-09-07,0.2574022223605488
2024-09-07,36.75046296296296,3.057539682539712,,,2024-09-07,0.22516595693912034
2024-09-07,36.75046296296296,3.0588624338624637,,,2024-09-07,0.11367602791756166
2024-09-07,36.75046296296296,3.0601851851852153,,,2024-09-07,0.05405849702281984
2024-09-07,36.75046296296296,3.061507936507965,,,2024-09-07,0.14387478409339177
2024-09-07,36.75046296296296,3.0628306878307168,,,2024-09-07,0.25740073137508096
2024-09-07,36.75138888888889,3.057539682539712,,,2024-09-07,0.2681416363474062
2024-09-07,36.75138888888889,3.0588624338624637,,,2024-09-07,0.18472391343301875
2024-09-07,36.75138888888889,3.0601851851852153,,,2024-09-07,0.1553162150214607
2024-09-07,36.75138888888889,3.061507936507965,,,2024-09-07,0.20469622494972564
2024-09-07,36.75138888888889,3.0628306878307168,,,2024-09-07,0.29572821605468813
2024-09-07,36.75231481481482,3.057539682539712,,,2024-09-07,0.33808427195944535
2024-09-07,36.75231481481482,3.0588624338624637,,,2024-09-07,0.27663047174165517
2024-09-07,36.75231481481482,3.0601851851852153,,,2024-09-07,0.2579239055025071
2024-09-07,36.75231481481482,3.061507936507965,,,2024-09-07,0.2903479711469829
2024-09-07,36.75231481481482,3.0628306878307168,,,2024-09-07,0.3603554187897976
2024-09-08,36.74768518518518,3.057539682539712,,,2024-09-08,0.3380885596660119
2024-09-08,36.74768518518518,3.0588624338624637,,,2024-09-08,0.276631592011625
2024-09-08,36.74768518518518,3.0601851851852153,,,2024-09-08,0.2579239373431453
2024-09-08,36.74768518518518,3.061507936507965,,,2024-09-08,0.2903498466436768
2024-09-08,36.74768518518518,3.0628306878307168,,,2024-09-08,0.3603607437968025
2024-09-08,36.74861111111111,3.057539682539712,,,2024-09-08,0.26814488002100434
2024-09-08,36.74861111111111,3.0588624338624637,,,2024-09-08,0.18472492001821167
2024-09-08,36.74861111111111,3.0601851851852153,,,2024-09-08,0.15531624674691102
2024-09-08,36.74861111111111,3.061507936507965,,,2024-09-08,0.20469782110899754
2024-09-08,36.74861111111111,3.0628306878307168,,,2024-09-08,0.29573210928483373
2024-09-08,36.74953703703704,3.057539682539712,,,2024-09-08,0.22516724453269812
2024-09-08,36.74953703703704,3.0588624338624637,,,2024-09-08,0.11367657315247216
2024-09-08,36.74953703703704,3.0601851851852153,,,2024-09-08,0.05405852740642433
2024-09-08,36.74953703703704,3.061507936507965,,,2024-09-08,0.14387554106688039
2024-09-08,36.74953703703704,3.0628306878307168,,,2024-09-08,0.2574022223605488
2024-09-08,36.75046296296296,3.057539682539712,,,2024-09-08,0.22516595693912034
2024-09-08,36.75046296296296,3.0588624338624637,,,2024-09-08,0.11367602791756166
2024-09-08,36.75046296296296,3.0601851851852153,,,2024-09-08,0.05405849702281984
2024-09-08,36.75046296296296,3.061507936507965,,,2024-09-08,0.14387478409339177
2024-09-08,36.75046296296296,3.0628306878307168,,,2024-09-08,0.25740073137508096
2024-09-08,36.75138888888889,3.057539682539712,,,2024-09-08,0.2681416363474062
2024-09-08,36.75138888888889,3.0588624338624637,,,2024-09-08,0.18472391343301875
2024-09-08,36.75138888888889,3.0601851851852153,,,2024-09-08,0.1553162150214607
2024-09-08,36.75138888888889,3.061507936507965,,,2024-09-08,0.20469622494972564
2024-09-08,36.75138888888889,3.0628306878307168,,,2024-09-08,0.29572821605468813
2024-09-08,36.75231481481482,3.057539682539712,,,2024-09-08,0.33808427195944535
2024-09-08,36.75231481481482,3.0588624338624637,,,2024-09-08,0.27663047174165517
2024-09-08,36.75231481481482,3.0601851851852153,,,2024-09-08,0.2579239055025071
2024-09-08,36.75231481481482,3.061507936507965,,,2024-09-08,0.2903479711469829
2024-09-08,36.75231481481482,3.0628306878307168,,,2024-09-08,0.3603554187897976
2024-09-09,36.74768518518518,3.057539682539712,,,2024-09-09,0.3380885596660119
2024-09-09,36.74768518518518,3.0588624338624637,,,2024-09-09,0.276631592011625
2024-09-09,36.74768518518518,3.0601851851852153,,,2024-09-09,0.2579239373431453
2024-09-09,36.74768518518518,3.061507936507965,,,2024-09-09,0.2903498466436768
2024-09-09,36.74768518518518,3.0628306878307168,,,2024-09-09,0.3603607437968025
2024-09-09,36.74861111111111,3.057539682539712,,,2024-09-09,0.26814488002100434
2024-09-09,36.74861111111111,3.0588624338624637,,,2024-09-09,0.18472492001821167
2024-09-09,36.74861111111111,3.0601851851852153,,,2024-09-09,0.15531624674691102
2024-09-09,36.74861111111111,3.061507936507965,,,2024-09-09,0.20469782110899754
2024-09-09,36.74861111111111,3.0628306878307168,,,2024-09-09,0.29573210928483373
2024-09-09,36.74953703703704,3.057539682539712,,,2024-09-09,0.22516724453269812
2024-09-09,36.74953703703704,3.0588624338624637,,,2024-09-09,0.11367657315247216
2024-09-09,36.74953703703704,3.0601851851852153,,,2024-09-09,0.05405852740642433
2024-09-09,36.74953703703704,3.061507936507965,,,2024-09-09,0.14387554106688039
2024-09-09,36.74953703703704,3.0628306878307168,,,2024-09-09,0.2574022223605488
2024-09-09,36.75046296296296,3.057539682539712,,,2024-09-09,0.22516595693912034
2024-09-09,36.75046296296296,3.0588624338624637,,,2024-09-09,0.11367602791756166
2024-09-09,36.75046296296296,3.0601851851852153,,,2024-09-09,0.05405849702281984
2024-09-09,36.75046296296296,3.061507936507965,,,2024-09-09,0.14387478409339177
2024-09-09,36.75046296296296,3.0628306878307168,,,2024-09-09,0.25740073137508096
2024-09-09,36.75138888888889,3.057539682539712,,,2024-09-09,0.2681416363474062
2024-09-09,36.75138888888889,3.0588624338624637,,,2024-09-09,0.18472391343301875
2024-09-09,36.75138888888889,3.0601851851852153,,,2024-09-09,0.1553162150214607
2024-09-09,36.75138888888889,3.061507936507965,,,2024-09-09,0.20469622494972564
2024-09-09,36.75138888888889,3.0628306878307168,,,2024-09-09,0.29572821605468813
2024-09-09,36.75231481481482,3.057539682539712,,,2024-09-09,0.33808427195944535
2024-09-09,36.75231481481482,3.0588624338624637,,,2024-09-09,0.27663047174165517
2024-09-09,36.75231481481482,3.0601851851852153,,,2024-09-09,0.2579239055025071
2024-09-09,36.75231481481482,3.061507936507965,,,2024-09-09,0.2903479711469829
2024-09-09,36.75231481481482,3.0628306878307168,,,2024-09-09,0.3603554187897976
2024-09-10,36.74768518518518,3.057539682539712,,,2024-09-10,0.3380885596660119
2024-09-10,36.74768518518518,3.0588624338624637,,,2024-09-10,0.276631592011625
2024-09-10,36.74768518518518,3.0601851851852153,,,2024-09-10,0.2579239373431453
2024-09-10,36.74768518518518,3.061507936507965,,,2024-09-10,0.2903498466436768
2024-09-10,36.74768518518518,3.0628306878307168,,,2024-09-10,0.3603607437968025
2024-09-10,36.74861111111111,3.057539682539712,,,2024-09-10,0.26814488002100434
2024-09-10,36.74861111111111,3.0588624338624637,,,2024-09-10,0.18472492001821167
2024-09-10,36.74861111111111,3.0601851851852153,,,2024-09-10,0.15531624674691102
2024-09-10,36.74861111111111,3.061507936507965,,,2024-09-10,0.20469782110899754
2024-09-10,36.74861111111111,3.0628306878307168,,,2024-09-10,0.29573210928483373
2024-09-10,36.74953703703704,3.057539682539712,,,2024-09-10,0.22516724453269812
2024-09-10,36.74953703703704,3.0588624338624637,,,2024-09-10,0.11367657315247216
2024-09-10,36.74953703703704,3.0601851851852153,,,2024-09-10,0.05405852740642433
2024-09-10,36.74953703703704,3.061507936507965,,,2024-09-10,0.14387554106688039
2024-09-10,36.74953703703704,3.0628306878307168,,,2024-09-10,0.2574022223605488
2024-09-10,36.75046296296296,3.057539682539712,,,2024-09-10,0.22516595693912034
2024-09-10,36.75046296296296,3.0588624338624637,,,2024-09-10,0.11367602791756166
2024-09-10,36.75046296296296,3.0601851851852153,,,2024-09-10,0.05405849702281984
2024-09-10,36.75046296296296,3.061507936507965,,,2024-09-10,0.14387478409339177
2024-09-10,36.75046296296296,3.0628306878307168,,,2024-09-10,0.25740073137508096
2024-09-10,36.75138888888889,3.057539682539712,,,2024-09-10,0.2681416363474062
2024-09-10,36.75138888888889,3.0588624338624637,,,2024-09-10,0.18472391343301875
2024-09-10,36.75138888888889,3.0601851851852153,,,2024-09-10,0.1553162150214607
2024-09-10,36.75138888888889,3.061507936507965,,,2024-09-10,0.20469622494972564
2024-09-10,36.75138888888889,3.0628306878307168,,,2024-09-10,0.29572821605468813
2024-09-10,36.75231481481482,3.057539682539712,,,2024-09-10,0.33808427195944535
2024-09-10,36.75231481481482,3.0588624338624637,,,2024-09-10,0.27663047174165517
2024-09-10,36.75231481481482,3.0601851851852153,,,2024-09-10,0.2579239055025071
2024-09-10,36.75231481481482,3.061507936507965,,,2024-09-10,0.2903479711469829
2024-09-10,36.75231481481482,3.0628306878307168,,,2024-09-10,0.3603554187897976
2024-09-11,36.74768518518518,3.057539682539712,,,2024-09-11,0.3380885596660119
2024-09-11,36.74768518518518,3.0588624338624637,,,2024-09-11,0.276631592011625
2024-09-11,36.74768518518518,3.0601851851852153,,,2024-09-11,0.2579239373431453
2024-09-11,36.74768518518518,3.061507936507965,,,2024-09-11,0.2903498466436768
2024-09-11,36.74768518518518,3.0628306878307168,,,2024-09-11,0.3603607437968025
2024-09-11,36.74861111111111,3.057539682539712,,,2024-09-11,0.26814488002100434
2024-09-11,36.74861111111111,3.0588624338624637,,,2024-09-11,0.18472492001821167
2024-09-11,36.74861111111111,3.0601851851852153,,,2024-09-11,0.15531624674691102
2024-09-11,36.74861111111111,3.061507936507965,,,2024-09-11,0.20469782110899754
2024-09-11,36.74861111111111,3.0628306878307168,,,2024-09-11,0.29573210928483373
2024-09-11,36.74953703703704,3.057539682539712,,,2024-09-11,0.22516724453269812
2024-09-11,36.74953703703704,3.0588624338624637,,,2024-09-11,0.11367657315247216
2024-09-11,36.74953703703704,3.0601851851852153,,,2024-09-11,0.05405852740642433
2024-09-11,36.74953703703704,3.061507936507965,,,2024-09-11,0.14387554106688039
2024-09-11,36.74953703703704,3.0628306878307168,,,2024-09-11,0.2574022223605488
2024-09-11,36.75046296296296,3.057539682539712,,,2024-09-11,0.22516595693912034
2024-09-11,36.75046296296296,3.0588624338624637,,,2024-09-11,0.11367602791756166
2024-09-11,36.75046296296296,3.0601851851852153,,,2024-09-11,0.05405849702281984
2024-09-11,36.75046296296296,3.061507936507965,,,2024-09-11,0.14387478409339177
2024-09-11,36.75046296296296,3.0628306878307168,,,2024-09-11,0.25740073137508096
2024-09-11,36.75138888888889,3.057539682539712,,,2024-09-11,0.2681416363474062
2024-09-11,36.75138888888889,3.0588624338624637,,,2024-09-11,0.18472391343301875
2024-09-11,36.75138888888889,3.0601851851852153,,,2024-09-11,0.1553162150214607
2024-09-11,36.75138888888889,3.061507936507965,,,2024-09-11,0.20469622494972564
2024-09-11,36.75138888888889,3.0628306878307168,,,2024-09-11,0.29572821605468813
2024-09-11,36.75231481481482,3.057539682539712,,,2024-09-11,0.33808427195944535
2024-09-11,36.75231481481482,3.0588624338624637,,,2024-09-11,0.27663047174165517
2024-09-11,36.75231481481482,3.0601851851852153,,,2024-09-11,0.2579239055025071
2024-09-11,36.75231481481482,3.061507936507965,,,2024-09-11,0.2903479711469829
2024-09-11,36.75231481481482,3.0628306878307168,,,2024-09-11,0.3603554187897976
2024-09-12,36.74768518518518,3.057539682539712,,,2024-09-12,0.3380885596660119
2024-09-12,36.74768518518518,3.0588624338624637,,,2024-09-12,0.276631592011625
2024-09-12,36.74768518518518,3.0601851851852153,,,2024-09-12,0.2579239373431453
2024-09-12,36.74768518518518,3.061507936507965,,,2024-09-12,0.2903498466436768
2024-09-12,36.74768518518518,3.0628306878307168,,,2024-09-12,0.3603607437968025
2024-09-12,36.74861111111111,3.057539682539712,,,2024-09-12,0.26814488002100434
2024-09-12,36.74861111111111,3.0588624338624637,,,2024-09-12,0.18472492001821167
2024-09-12,36.74861111111111,3.0601851851852153,,,2024-09-12,0.15531624674691102
2024-09-12,36.74861111111111,3.061507936507965,,,2024-09-12,0.20469782110899754
2024-09-12,36.74861111111111,3.0628306878307168,,,2024-09-12,0.29573210928483373
2024-09-12,36.74953703703704,3.057539682539712,,,2024-09-12,0.22516724453269812
2024-09-12,36.74953703703704,3.0588624338624637,,,2024-09-12,0.11367657315247216
2024-09-12,36.74953703703704,3.0601851851852153,,,2024-09-12,0.05405852740642433
2024-09-12,36.74953703703704,3.061507936507965,,,2024-09-12,0.14387554106688039
2024-09-12,36.74953703703704,3.0628306878307168,,,2024-09-12,0.2574022223605488
2024-09-12,36.75046296296296,3.057539682539712,,,2024-09-12,0.22516595693912034
2024-09-12,36.75046296296296,3.0588624338624637,,,2024-09-12,0.11367602791756166
2024-09-12,36.75046296296296,3.0601851851852153,,,2024-09-12,0.05405849702281984
2024-09-12,36.75046296296296,3.061507936507965,,,2024-09-12,0.14387478409339177
2024-09-12,36.75046296296296,3.0628306878307168,,,2024-09-12,0.25740073137508096
2024-09-12,36.75138888888889,3.057539682539712,,,2024-09-12,0.2681416363474062
2024-09-12,36.75138888888889,3.0588624338624637,,,2024-09-12,0.18472391343301875
2024-09-12,36.75138888888889,3.0601851851852153,,,2024-09-12,0.1553162150214607
2024-09-12,36.75138888888889,3.061507936507965,,,2024-09-12,0.20469622494972564
2024-09-12,36.75138888888889,3.0628306878307168,,,2024-09-12,0.29572821605468813
2024-09-12,36.75231481481482,3.057539682539712,,,2024-09-12,0.33808427195944535
2024-09-12,36.75231481481482,3.0588624338624637,,,2024-09-12,0.27663047174165517
2024-09-12,36.75231481481482,3.0601851851852153,,,2024-09-12,0.2579239055025071
2024-09-12,36.75231481481482,3.061507936507965,,,2024-09-12,0.2903479711469829
2024-09-12,36.75231481481482,3.0628306878307168,,,2024-09-12,0.3603554187897976
2024-09-13,36.74768518518518,3.057539682539712,,,2024-09-13,0.3380885596660119
2024-09-13,36.74768518518518,3.0588624338624637,,,2024-09-13,0.276631592011625
2024-09-13,36.74768518518518,3.0601851851852153,,,2024-09-13,0.2579239373431453
2024-09-13,36.74768518518518,3.061507936507965,,,2024-09-13,0.2903498466436768
2024-09-13,36.74768518518518,3.0628306878307168,,,2024-09-13,0.3603607437968025
2024-09-13,36.74861111111111,3.057539682539712,,,2024-09-13,0.26814488002100434
2024-09-13,36.74861111111111,3.0588624338624637,,,2024-09-13,0.18472492001821167
2024-09-13,36.74861111111111,3.0601851851852153,,,2024-09-13,0.15531624674691102
2024-09-13,36.74861111111111,3.061507936507965,,,2024-09-13,0.20469782110899754
2024-09-13,36.74861111111111,3.0628306878307168,,,2024-09-13,0.29573210928483373
2024-09-13,36.74953703703704,3.057539682539712,,,2024-09-13,0.22516724453269812
2024-09-13,36.74953703703704,3.0588624338624637,,,2024-09-13,0.11367657315247216
2024-09-13,36.74953703703704,3.0601851851852153,,,2024-09-13,0.05405852740642433
2024-09-13,36.74953703703704,3.061507936507965,,,2024-09-13,0.14387554106688039
2024-09-13,36.74953703703704,3.0628306878307168,,,2024-09-13,0.2574022223605488
2024-09-13,36.75046296296296,3.057539682539712,,,2024-09-13,0.22516595693912034
2024-09-13,36.75046296296296,3.0588624338624637,,,2024-09-13,0.11367602791756166
2024-09-13,36.75046296296296,3.0601851851852153,,,2024-09-13,0.05405849702281984
2024-09-13,36.75046296296296,3.061507936507965,,,2024-09-13,0.14387478409339177
2024-09-13,36.75046296296296,3.0628306878307168,,,2024-09-13,0.25740073137508096
2024-09-13,36.75138888888889,3.057539682539712,,,2024-09-13,0.2681416363474062
2024-09-13,36.75138888888889,3.0588624338624637,,,2024-09-13,0.18472391343301875
2024-09-13,36.75138888888889,3.0601851851852153,,,2024-09-13,0.1553162150214607
2024-09-13,36.75138888888889,3.061507936507965,,,2024-09-13,0.20469622494972564
2024-09-13,36.75138888888889,3.0628306878307168,,,2024-09-13,0.29572821605468813
2024-09-13,36.75231481481482,3.057539682539712,,,2024-09-13,0.33808427195944535
2024-09-13,36.75231481481482,3.0588624338624637,,,2024-09-13,0.27663047174165517
2024-09-13,36.75231481481482,3.0601851851852153,,,2024-09-13,0.2579239055025071
2024-09-13,36.75231481481482,3.061507936507965,,,2024-09-13,0.2903479711469829
2024-09-13,36.75231481481482,3.0628306878307168,,,2024-09-13,0.3603554187897976
2024-09-14,36.74768518518518,3.057539682539712,,,2024-09-14,0.3380885596660119
2024-09-14,36.74768518518518,3.0588624338624637,,,2024-09-14,0.276631592011625
2024-09-14,36.74768518518518,3.0601851851852153,,,2024-09-14,0.2579239373431453
2024-09-14,36.74768518518518,3.061507936507965,,,2024-09-14,0.2903498466436768
2024-09-14,36.74768518518518,3.0628306878307168,,,2024-09-14,0.3603607437968025
2024-09-14,36.74861111111111,3.057539682539712,,,2024-09-14,0.26814488002100434
2024-09-14,36.74861111111111,3.0588624338624637,,,2024-09-14,0.18472492001821167
2024-09-14,36.74861111111111,3.0601851851852153,,,2024-09-14,0.15531624674691102
2024-09-14,36.74861111111111,3.061507936507965,,,2024-09-14,0.20469782110899754
2024-09-14,36.74861111111111,3.0628306878307168,,,2024-09-14,0.29573210928483373
2024-09-14,36.74953703703704,3.057539682539712,,,2024-09-14,0.22516724453269812
2024-09-14,36.74953703703704,3.0588624338624637,,,2024-09-14,0.11367657315247216
2024-09-14,36.74953703703704,3.0601851851852153,,,2024-09-14,0.05405852740642433
2024-09-14,36.74953703703704,3.061507936507965,,,2024-09-14,0.14387554106688039
2024-09-14,36.74953703703704,3.0628306878307168,,,2024-09-14,0.2574022223605488
2024-09-14,36.75046296296296,3.057539682539712,,,2024-09-14,0.22516595693912034
2024-09-14,36.75046296296296,3.0588624338624637,,,2024-09-14,0.11367602791756166
2024-09-14,36.75046296296296,3.0601851851852153,,,2024-09-14,0.05405849702281984
2024-09-14,36.75046296296296,3.061507936507965,,,2024-09-14,0.14387478409339177
2024-09-14,36.75046296296296,3.0628306878307168,,,2024-09-14,0.25740073137508096
2024-09-14,36.75138888888889,3.057539682539712,,,2024-09-14,0.2681416363474062
2024-09-14,36.75138888888889,3.0588624338624637,,,2024-09-14,0.18472391343301875
2024-09-14,36.75138888888889,3.0601851851852153,,,2024-09-14,0.1553162150214607
2024-09-14,36.75138888888889,3.061507936507965,,,2024-09-14,0.20469622494972564
2024-09-14,36.75138888888889,3.0628306878307168,,,2024-09-14,0.29572821605468813
2024-09-14,36.75231481481482,3.057539682539712,,,2024-09-14,0.33808427195944535
2024-09-14,36.75231481481482,3.0588624338624637,,,2024-09-14,0.27663047174165517
2024-09-14,36.75231481481482,3.0601851851852153,,,2024-09-14,0.2579239055025071
2024-09-14,36.75231481481482,3.061507936507965,,,2024-09-14,0.2903479711469829
2024-09-14,36.75231481481482,3.0628306878307168,,,2024-09-14,0.3603554187897976
2024-09-15,36.74768518518518,3.057539682539712,,,2024-09-15,0.3380885596660119
2024-09-15,36.74768518518518,3.0588624338624637,,,2024-09-15,0.276631592011625
2024-09-15,36.74768518518518,3.0601851851852153,,,2024-09-15,0.2579239373431453
2024-09-15,36.74768518518518,3.061507936507965,,,2024-09-15,0.2903498466436768
2024-09-15,36.74768518518518,3.0628306878307168,,,2024-09-15,0.3603607437968025
2024-09-15,36.74861111111111,3.057539682539712,,,2024-09-15,0.26814488002100434
2024-09-15,36.74861111111111,3.0588624338624637,,,2024-09-15,0.18472492001821167
2024-09-15,36.74861111111111,3.0601851851852153,,,2024-09-15,0.15531624674691102
2024-09-15,36.74861111111111,3.061507936507965,,,2024-09-15,0.20469782110899754
2024-09-15,36.74861111111111,3.0628306878307168,,,2024-09-15,0.29573210928483373
2024-09-15,36.74953703703704,3.057539682539712,,,2024-09-15,0.22516724453269812
2024-09-15,36.74953703703704,3.0588624338624637,,,2024-09-15,0.11367657315247216
2024-09-15,36.74953703703704,3.0601851851852153,,,2024-09-15,0.05405852740642433
2024-09-15,36.74953703703704,3.061507936507965,,,2024-09-15,0.14387554106688039
2024-09-15,36.74953703703704,3.0628306878307168,,,2024-09-15,0.2574022223605488
2024-09-15,36.75046296296296,3.057539682539712,,,2024-09-15,0.22516595693912034
2024-09-15,36.75046296296296,3.0588624338624637,,,2024-09-15,0.11367602791756166
2024-09-15,36.75046296296296,3.0601851851852153,,,2024-09-15,0.05405849702281984
2024-09-15,36.75046296296296,3.061507936507965,,,2024-09-15,0.14387478409339177
2024-09-15,36.75046296296296,3.0628306878307168,,,2024-09-15,0.25740073137508096
2024-09-15,36.75138888888889,3.057539682539712,,,2024-09-15,0.2681416363474062
2024-09-15,36.75138888888889,3.0588624338624637,,,2024-09-15,0.18472391343301875
2024-09-15,36.75138888888889,3.0601851851852153,,,2024-09-15,0.1553162150214607
2024-09-15,36.75138888888889,3.061507936507965,,,2024-09-15,0.20469622494972564
2024-09-15,36.75138888888889,3.0628306878307168,,,2024-09-15,0.29572821605468813
2024-09-15,36.75231481481482,3.057539682539712,,,2024-09-15,0.33808427195944535
2024-09-15,36.75231481481482,3.0588624338624637,,,2024-09-15,0.27663047174165517
2024-09-15,36.75231481481482,3.0601851851852153,,,2024-09-15,0.2579239055025071
2024-09-15,36.75231481481482,3.061507936507965,,,2024-09-15,0.2903479711469829
2024-09-15,36.75231481481482,3.0628306878307168,,,2024-09-15,0.3603554187897976
2024-09-16,36.74768518518518,3.057539682539712,,,2024-09-16,0.3380885596660119
2024-09-16,36.74768518518518,3.0588624338624637,,,2024-09-16,0.276631592011625
2024-09-16,36.74768518518518,3.0601851851852153,,,2024-09-16,0.2579239373431453
2024-09-16,36.74768518518518,3.061507936507965,,,2024-09-16,0.2903498466436768
2024-09-16,36.74768518518518,3.0628306878307168,,,2024-09-16,0.3603607437968025
2024-09-16,36.74861111111111,3.057539682539712,,,2024-09-16,0.26814488002100434
2024-09-16,36.74861111111111,3.0588624338624637,,,2024-09-16,0.18472492001821167
2024-09-16,36.74861111111111,3.0601851851852153,,,2024-09-16,0.15531624674691102
2024-09-16,36.74861111111111,3.061507936507965,,,2024-09-16,0.20469782110899754
2024-09-16,36.74861111111111,3.0628306878307168,,,2024-09-16,0.29573210928483373
2024-09-16,36.74953703703704,3.057539682539712,,,2024-09-16,0.22516724453269812
2024-09-16,36.74953703703704,3.0588624338624637,,,2024-09-16,0.11367657315247216
2024-09-16,36.74953703703704,3.0601851851852153,,,2024-09-16,0.05405852740642433
2024-09-16,36.74953703703704,3.061507936507965,,,2024-09-16,0.14387554106688039
2024-09-16,36.74953703703704,3.0628306878307168,,,2024-09-16,0.2574022223605488
2024-09-16,36.75046296296296,3.057539682539712,,,2024-09-16,0.22516595693912034
2024-09-16,36.75046296296296,3.0588624338624637,,,2024-09-16,0.11367602791756166
2024-09-16,36.75046296296296,3.0601851851852153,,,2024-09-16,0.05405849702281984
2024-09-16,36.75046296296296,3.061507936507965,,,2024-09-16,0.14387478409339177
2024-09-16,36.75046296296296,3.0628306878307168,,,2024-09-16,0.25740073137508096
2024-09-16,36.75138888888889,3.057539682539712,,,2024-09-16,0.2681416363474062
2024-09-16,36.75138888888889,3.0588624338624637,,,2024-09-16,0.18472391343301875
2024-09-16,36.75138888888889,3.0601851851852153,,,2024-09-16,0.1553162150214607
2024-09-16,36.75138888888889,3.061507936507965,,,2024-09-16,0.20469622494972564
2024-09-16,36.75138888888889,3.0628306878307168,,,2024-09-16,0.29572821605468813
2024-09-16,36.75231481481482,3.057539682539712,,,2024-09-16,0.33808427195944535
2024-09-16,36.75231481481482,3.0588624338624637,,,2024-09-16,0.27663047174165517
2024-09-16,36.75231481481482,3.0601851851852153,,,2024-09-16,0.2579239055025071
2024-09-16,36.75231481481482,3.061507936507965,,,2024-09-16,0.2903479711469829
2024-09-16,36.75231481481482,3.0628306878307168,,,2024-09-16,0.3603554187897976
2024-09-17,36.74768518518518,3.057539682539712,,,2024-09-17,0.3380885596660119
2024-09-17,36.74768518518518,3.0588624338624637,,,2024-09-17,0.276631592011625
2024-09-17,36.74768518518518,3.0601851851852153,,,2024-09-17,0.2579239373431453
2024-09-17,36.74768518518518,3.061507936507965,,,2024-09-17,0.2903498466436768
2024-09-17,36.74768518518518,3.0628306878307168,,,2024-09-17,0.3603607437968025
2024-09-17,36.74861111111111,3.057539682539712,,,2024-09-17,0.26814488002100434
2024-09-17,36.74861111111111,3.0588624338624637,,,2024-09-17,0.18472492001821167
2024-09-17,36.74861111111111,3.0601851851852153,,,2024-09-17,0.15531624674691102
2024-09-17,36.74861111111111,3.061507936507965,,,2024-09-17,0.20469782110899754
2024-09-17,36.74861111111111,3.0628306878307168,,,2024-09-17,0.29573210928483373
2024-09-17,36.74953703703704,3.057539682539712,,,2024-09-17,0.22516724453269812
2024-09-17,36.74953703703704,3.0588624338624637,,,2024-09-17,0.11367657315247216
2024-09-17,36.74953703703704,3.0601851851852153,,,2024-09-17,0.05405852740642433
2024-09-17,36.74953703703704,3.061507936507965,,,2024-09-17,0.14387554106688039
2024-09-17,36.74953703703704,3.0628306878307168,,,2024-09-17,0.2574022223605488
2024-09-17,36.75046296296296,3.057539682539712,,,2024-09-17,0.22516595693912034
2024-09-17,36.75046296296296,3.0588624338624637,,,2024-09-17,0.11367602791756166
2024-09-17,36.75046296296296,3.0601851851852153,,,2024-09-17,0.05405849702281984
2024-09-17,36.75046296296296,3.061507936507965,,,2024-09-17,0.14387478409339177
2024-09-17,36.75046296296296,3.0628306878307168,,,2024-09-17,0.25740073137508096
2024-09-17,36.75138888888889,3.057539682539712,,,2024-09-17,0.2681416363474062
2024-09-17,36.75138888888889,3.0588624338624637,,,2024-09-17,0.18472391343301875
2024-09-17,36.75138888888889,3.0601851851852153,,,2024-09-17,0.1553162150214607
2024-09-17,36.75138888888889,3.061507936507965,,,2024-09-17,0.20469622494972564
2024-09-17,36.75138888888889,3.0628306878307168,,,2024-09-17,0.29572821605468813
2024-09-17,36.75231481481482,3.057539682539712,,,2024-09-17,0.33808427195944535
2024-09-17,36.75231481481482,3.0588624338624637,,,2024-09-17,0.27663047174165517
2024-09-17,36.75231481481482,3.0601851851852153,,,2024-09-17,0.2579239055025071
2024-09-17,36.75231481481482,3.061507936507965,,,2024-09-17,0.2903479711469829
2024-09-17,36.75231481481482,3.0628306878307168,,,2024-09-17,0.3603554187897976
2024-09-18,36.74768518518518,3.057539682539712,,,2024-09-18,0.3380885596660119
2024-09-18,36.74768518518518,3.0588624338624637,,,2024-09-18,0.276631592011625
2024-09-18,36.74768518518518,3.0601851851852153,,,2024-09-18,0.2579239373431453
2024-09-18,36.74768518518518,3.061507936507965,,,2024-09-18,0.2903498466436768
2024-09-18,36.74768518518518,3.0628306878307168,,,2024-09-18,0.3603607437968025
2024-09-18,36.74861111111111,3.057539682539712,,,2024-09-18,0.26814488002100434
2024-09-18,36.74861111111111,3.0588624338624637,,,2024-09-18,0.18472492001821167
2024-09-18,36.74861111111111,3.0601851851852153,,,2024-09-18,0.15531624674691102
2024-09-18,36.74861111111111,3.061507936507965,,,2024-09-18,0.20469782110899754
2024-09-18,36.74861111111111,3.0628306878307168,,,2024-09-18,0.29573210928483373
2024-09-18,36.74953703703704,3.057539682539712,,,2024-09-18,0.22516724453269812
2024-09-18,36.74953703703704,3.0588624338624637,,,2024-09-18,0.11367657315247216
2024-09-18,36.74953703703704,3.0601851851852153,,,2024-09-18,0.05405852740642433
2024-09-18,36.74953703703704,3.061507936507965,,,2024-09-18,0.14387554106688039
2024-09-18,36.74953703703704,3.0628306878307168,,,2024-09-18,0.2574022223605488
2024-09-18,36.75046296296296,3.057539682539712,,,2024-09-18,0.22516595693912034
2024-09-18,36.75046296296296,3.0588624338624637,,,2024-09-18,0.11367602791756166
2024-09-18,36.75046296296296,3.0601851851852153,,,2024-09-18,0.05405849702281984
2024-09-18,36.75046296296296,3.061507936507965,,,2024-09-18,0.14387478409339177
2024-09-18,36.75046296296296,3.0628306878307168,,,2024-09-18,0.25740073137508096
2024-09-18,36.75138888888889,3.057539682539712,,,2024-09-18,0.2681416363474062
2024-09-18,36.75138888888889,3.0588624338624637,,,2024-09-18,0.18472391343301875
2024-09-18,36.75138888888889,3.0601851851852153,,,2024-09-18,0.1553162150214607
2024-09-18,36.75138888888889,3.061507936507965,,,2024-09-18,0.20469622494972564
2024-09-18,36.75138888888889,3.0628306878307168,,,2024-09-18,0.29572821605468813
2024-09-18,36.75231481481482,3.057539682539712,,,2024-09-18,0.33808427195944535
2024-09-18,36.75231481481482,3.0588624338624637,,,2024-09-18,0.27663047174165517
2024-09-18,36.75231481481482,3.0601851851852153,,,2024-09-18,0.2579239055025071
2024-09-18,36.75231481481482,3.061507936507965,,,2024-09-18,0.2903479711469829
2024-09-18,36.75231481481482,3.0628306878307168,,,2024-09-18,0.3603554187897976
2024-09-19,36.74768518518518,3.057539682539712,,,2024-09-19,0.3380885596660119
2024-09-19,36.74768518518518,3.0588624338624637,,,2024-09-19,0.276631592011625
2024-09-19,36.74768518518518,3.0601851851852153,,,2024-09-19,0.2579239373431453
2024-09-19,36.74768518518518,3.061507936507965,,,2024-09-19,0.2903498466436768
2024-09-19,36.74768518518518,3.0628306878307168,,,2024-09-19,0.3603607437968025
2024-09-19,36.74861111111111,3.057539682539712,,,2024-09-19,0.26814488002100434
2024-09-19,36.74861111111111,3.0588624338624637,,,2024-09-19,0.18472492001821167
2024-09-19,36.74861111111111,3.0601851851852153,,,2024-09-19,0.15531624674691102
2024-09-19,36.74861111111111,3.061507936507965,,,2024-09-19,0.20469782110899754
2024-09-19,36.74861111111111,3.0628306878307168,,,2024-09-19,0.29573210928483373
2024-09-19,36.74953703703704,3.057539682539712,,,2024-09-19,0.22516724453269812
2024-09-19,36.74953703703704,3.0588624338624637,,,2024-09-19,0.11367657315247216
2024-09-19,36.74953703703704,3.0601851851852153,,,2024-09-19,0.05405852740642433
2024-09-19,36.74953703703704,3.061507936507965,,,2024-09-19,0.14387554106688039
2024-09-19,36.74953703703704,3.0628306878307168,,,2024-09-19,0.2574022223605488
2024-09-19,36.75046296296296,3.057539682539712,,,2024-09-19,0.22516595693912034
2024-09-19,36.75046296296296,3.0588624338624637,,,2024-09-19,0.11367602791756166
2024-09-19,36.75046296296296,3.0601851851852153,,,2024-09-19,0.05405849702281984
2024-09-19,36.75046296296296,3.061507936507965,,,2024-09-19,0.14387478409339177
2024-09-19,36.75046296296296,3.0628306878307168,,,2024-09-19,0.25740073137508096
2024-09-19,36.75138888888889,3.057539682539712,,,2024-09-19,0.2681416363474062
2024-09-19,36.75138888888889,3.0588624338624637,,,2024-09-19,0.18472391343301875
2024-09-19,36.75138888888889,3.0601851851852153,,,2024-09-19,0.1553162150214607
2024-09-19,36.75138888888889,3.061507936507965,,,2024-09-19,0.20469622494972564
2024-09-19,36.75138888888889,3.0628306878307168,,,2024-09-19,0.29572821605468813
2024-09-19,36.75231481481482,3.057539682539712,,,2024-09-19,0.33808427195944535
2024-09-19,36.75231481481482,3.0588624338624637,,,2024-09-19,0.27663047174165517
2024-09-19,36.75231481481482,3.0601851851852153,,,2024-09-19,0.2579239055025071
2024-09-19,36.75231481481482,3.061507936507965,,,2024-09-19,0.2903479711469829
2024-09-19,36.75231481481482,3.0628306878307168,,,2024-09-19,0.3603554187897976
2024-09-20,36.74768518518518,3.057539682539712,,,2024-09-20,0.3380885596660119
2024-09-20,36.74768518518518,3.0588624338624637,,,2024-09-20,0.276631592011625
2024-09-20,36.74768518518518,3.0601851851852153,,,2024-09-20,0.2579239373431453
2024-09-20,36.74768518518518,3.061507936507965,,,2024-09-20,0.2903498466436768
2024-09-20,36.74768518518518,3.0628306878307168,,,2024-09-20,0.3603607437968025
2024-09-20,36.74861111111111,3.057539682539712,,,2024-09-20,0.26814488002100434
2024-09-20,36.74861111111111,3.0588624338624637,,,2024-09-20,0.18472492001821167
2024-09-20,36.74861111111111,3.0601851851852153,,,2024-09-20,0.15531624674691102
2024-09-20,36.74861111111111,3.061507936507965,,,2024-09-20,0.20469782110899754
2024-09-20,36.74861111111111,3.0628306878307168,,,2024-09-20,0.29573210928483373
2024-09-20,36.74953703703704,3.057539682539712,,,2024-09-20,0.22516724453269812
2024-09-20,36.74953703703704,3.0588624338624637,,,2024-09-20,0.11367657315247216
2024-09-20,36.74953703703704,3.0601851851852153,,,2024-09-20,0.05405852740642433
2024-09-20,36.74953703703704,3.061507936507965,,,2024-09-20,0.14387554106688039
2024-09-20,36.74953703703704,3.0628306878307168,,,2024-09-20,0.2574022223605488
2024-09-20,36.75046296296296,3.057539682539712,,,2024-09-20,0.22516595693912034
2024-09-20,36.75046296296296,3.0588624338624637,,,2024-09-20,0.11367602791756166
2024-09-20,36.75046296296296,3.0601851851852153,,,2024-09-20,0.05405849702281984
2024-09-20,36.75046296296296,3.061507936507965,,,2024-09-20,0.14387478409339177
2024-09-20,36.75046296296296,3.0628306878307168,,,2024-09-20,0.25740073137508096
2024-09-20,36.75138888888889,3.057539682539712,,,2024-09-20,0.2681416363474062
2024-09-20,36.75138888888889,3.0588624338624637,,,2024-09-20,0.18472391343301875
2024-09-20,36.75138888888889,3.0601851851852153,,,2024-09-20,0.1553162150214607
2024-09-20,36.75138888888889,3.061507936507965,,,2024-09-20,0.20469622494972564
2024-09-20,36.75138888888889,3.0628306878307168,,,2024-09-20,0.29572821605468813
2024-09-20,36.75231481481482,3.057539682539712,,,2024-09-20,0.33808427195944535
2024-09-20,36.75231481481482,3.0588624338624637,,,2024-09-20,0.27663047174165517
2024-09-20,36.75231481481482,3.0601851851852153,,,2024-09-20,0.2579239055025071
2024-09-20,36.75231481481482,3.061507936507965,,,2024-09-20,0.2903479711469829
2024-09-20,36.75231481481482,3.0628306878307168,,,2024-09-20,0.3603554187897976
2024-09-21,36.74768518518518,3.057539682539712,,,2024-09-21,0.3380885596660119
2024-09-21,36.74768518518518,3.0588624338624637,,,2024-09-21,0.276631592011625
2024-09-21,36.74768518518518,3.0601851851852153,,,2024-09-21,0.2579239373431453
2024-09-21,36.74768518518518,3.061507936507965,,,2024-09-21,0.2903498466436768
2024-09-21,36.74768518518518,3.0628306878307168,,,2024-09-21,0.3603607437968025
2024-09-21,36.74861111111111,3.057539682539712,,,2024-09-21,0.26814488002100434
2024-09-21,36.74861111111111,3.0588624338624637,,,2024-09-21,0.18472492001821167
2024-09-21,36.74861111111111,3.0601851851852153,,,2024-09-21,0.15531624674691102
2024-09-21,36.74861111111111,3.061507936507965,,,2024-09-21,0.20469782110899754
2024-09-21,36.74861111111111,3.0628306878307168,,,2024-09-21,0.29573210928483373
2024-09-21,36.74953703703704,3.057539682539712,,,2024-09-21,0.22516724453269812
2024-09-21,36.74953703703704,3.0588624338624637,,,2024-09-21,0.11367657315247216
2024-09-21,36.74953703703704,3.0601851851852153,,,2024-09-21,0.05405852740642433
2024-09-21,36.74953703703704,3.061507936507965,,,2024-09-21,0.14387554106688039
2024-09-21,36.74953703703704,3.0628306878307168,,,2024-09-21,0.2574022223605488
2024-09-21,36.75046296296296,3.057539682539712,,,2024-09-21,0.22516595693912034
2024-09-21,36.75046296296296,3.0588624338624637,,,2024-09-21,0.11367602791756166
2024-09-21,36.75046296296296,3.0601851851852153,,,2024-09-21,0.05405849702281984
2024-09-21,36.75046296296296,3.061507936507965,,,2024-09-21,0.14387478409339177
2024-09-21,36.75046296296296,3.0628306878307168,,,2024-09-21,0.25740073137508096
2024-09-21,36.75138888888889,3.057539682539712,,,2024-09-21,0.2681416363474062
2024-09-21,36.75138888888889,3.0588624338624637,,,2024-09-21,0.18472391343301875
2024-09-21,36.75138888888889,3.0601851851852153,,,2024-09-21,0.1553162150214607
2024-09-21,36.75138888888889,3.061507936507965,,,2024-09-21,0.20469622494972564
2024-09-21,36.75138888888889,3.0628306878307168,,,2024-09-21,0.29572821605468813
2024-09-21,36.75231481481482,3.057539682539712,,,2024-09-21,0.33808427195944535
2024-09-21,36.75231481481482,3.0588624338624637,,,2024-09-21,0.27663047174165517
2024-09-21,36.75231481481482,3.0601851851852153,,,2024-09-21,0.2579239055025071
2024-09-21,36.75231481481482,3.061507936507965,,,2024-09-21,0.2903479711469829
2024-09-21,36.75231481481482,3.0628306878307168,,,2024-09-21,0.3603554187897976
2024-09-22,36.74768518518518,3.057539682539712,,,2024-09-22,0.3380885596660119
2024-09-22,36.74768518518518,3.0588624338624637,,,2024-09-22,0.276631592011625
2024-09-22,36.74768518518518,3.0601851851852153,,,2024-09-22,0.2579239373431453
2024-09-22,36.74768518518518,3.061507936507965,,,2024-09-22,0.2903498466436768
2024-09-22,36.74768518518518,3.0628306878307168,,,2024-09-22,0.3603607437968025
2024-09-22,36.74861111111111,3.057539682539712,,,2024-09-22,0.26814488002100434
2024-09-22,36.74861111111111,3.0588624338624637,,,2024-09-22,0.18472492001821167
2024-09-22,36.74861111111111,3.0601851851852153,,,2024-09-22,0.15531624674691102
2024-09-22,36.74861111111111,3.061507936507965,,,2024-09-22,0.20469782110899754
2024-09-22,36.74861111111111,3.0628306878307168,,,2024-09-22,0.29573210928483373
2024-09-22,36.74953703703704,3.057539682539712,,,2024-09-22,0.22516724453269812
2024-09-22,36.74953703703704,3.0588624338624637,,,2024-09-22,0.11367657315247216
2024-09-22,36.74953703703704,3.0601851851852153,,,2024-09-22,0.05405852740642433
2024-09-22,36.74953703703704,3.061507936507965,,,2024-09-22,0.14387554106688039
2024-09-22,36.74953703703704,3.0628306878307168,,,2024-09-22,0.2574022223605488
2024-09-22,36.75046296296296,3.057539682539712,,,2024-09-22,0.22516595693912034
2024-09-22,36.75046296296296,3.0588624338624637,,,2024-09-22,0.11367602791756166
2024-09-22,36.75046296296296,3.0601851851852153,,,2024-09-22,0.05405849702281984
2024-09-22,36.75046296296296,3.061507936507965,,,2024-09-22,0.14387478409339177
2024-09-22,36.75046296296296,3.0628306878307168,,,2024-09-22,0.25740073137508096
2024-09-22,36.75138888888889,3.057539682539712,,,2024-09-22,0.2681416363474062
2024-09-22,36.75138888888889,3.0588624338624637,,,2024-09-22,0.18472391343301875
2024-09-22,36.75138888888889,3.0601851851852153,,,2024-09-22,0.1553162150214607
2024-09-22,36.75138888888889,3.061507936507965,,,2024-09-22,0.20469622494972564
2024-09-22,36.75138888888889,3.0628306878307168,,,2024-09-22,0.29572821605468813
2024-09-22,36.75231481481482,3.057539682539712,,,2024-09-22,0.33808427195944535
2024-09-22,36.75231481481482,3.0588624338624637,,,2024-09-22,0.27663047174165517
2024-09-22,36.75231481481482,3.0601851851852153,,,2024-09-22,0.2579239055025071
2024-09-22,36.75231481481482,3.061507936507965,,,2024-09-22,0.2903479711469829
2024-09-22,36.75231481481482,3.0628306878307168,,,2024-09-22,0.3603554187897976
2024-09-23,36.74768518518518,3.057539682539712,,,2024-09-23,0.3380885596660119
2024-09-23,36.74768518518518,3.0588624338624637,,,2024-09-23,0.276631592011625
2024-09-23,36.74768518518518,3.0601851851852153,,,2024-09-23,0.2579239373431453
2024-09-23,36.74768518518518,3.061507936507965,,,2024-09-23,0.2903498466436768
2024-09-23,36.74768518518518,3.0628306878307168,,,2024-09-23,0.3603607437968025
2024-09-23,36.74861111111111,3.057539682539712,,,2024-09-23,0.26814488002100434
2024-09-23,36.74861111111111,3.0588624338624637,,,2024-09-23,0.18472492001821167
2024-09-23,36.74861111111111,3.0601851851852153,,,2024-09-23,0.15531624674691102
2024-09-23,36.74861111111111,3.061507936507965,,,2024-09-23,0.20469782110899754
2024-09-23,36.74861111111111,3.0628306878307168,,,2024-09-23,0.29573210928483373
2024-09-23,36.74953703703704,3.057539682539712,,,2024-09-23,0.22516724453269812
2024-09-23,36.74953703703704,3.0588624338624637,,,2024-09-23,0.11367657315247216
2024-09-23,36.74953703703704,3.0601851851852153,,,2024-09-23,0.05405852740642433
2024-09-23,36.74953703703704,3.061507936507965,,,2024-09-23,0.14387554106688039
2024-09-23,36.74953703703704,3.0628306878307168,,,2024-09-23,0.2574022223605488
2024-09-23,36.75046296296296,3.057539682539712,,,2024-09-23,0.22516595693912034
2024-09-23,36.75046296296296,3.0588624338624637,,,2024-09-23,0.11367602791756166
2024-09-23,36.75046296296296,3.0601851851852153,,,2024-09-23,0.05405849702281984
2024-09-23,36.75046296296296,3.061507936507965,,,2024-09-23,0.14387478409339177
2024-09-23,36.75046296296296,3.0628306878307168,,,2024-09-23,0.25740073137508096
2024-09-23,36.75138888888889,3.057539682539712,,,2024-09-23,0.2681416363474062
2024-09-23,36.75138888888889,3.0588624338624637,,,2024-09-23,0.18472391343301875
2024-09-23,36.75138888888889,3.0601851851852153,,,2024-09-23,0.1553162150214607
2024-09-23,36.75138888888889,3.061507936507965,,,2024-09-23,0.20469622494972564
2024-09-23,36.75138888888889,3.0628306878307168,,,2024-09-23,0.29572821605468813
2024-09-23,36.75231481481482,3.057539682539712,,,2024-09-23,0.33808427195944535
2024-09-23,36.75231481481482,3.0588624338624637,,,2024-09-23,0.27663047174165517
2024-09-23,36.75231481481482,3.0601851851852153,,,2024-09-23,0.2579239055025071
2024-09-23,36.75231481481482,3.061507936507965,,,2024-09-23,0.2903479711469829
2024-09-23,36.75231481481482,3.0628306878307168,,,2024-09-23,0.3603554187897976
2024-09-24,36.74768518518518,3.057539682539712,,,2024-09-24,0.3380885596660119
2024-09-24,36.74768518518518,3.0588624338624637,,,2024-09-24,0.276631592011625
2024-09-24,36.74768518518518,3.0601851851852153,,,2024-09-24,0.2579239373431453
2024-09-24,36.74768518518518,3.061507936507965,,,2024-09-24,0.2903498466436768
2024-09-24,36.74768518518518,3.0628306878307168,,,2024-09-24,0.3603607437968025
2024-09-24,36.74861111111111,3.057539682539712,,,2024-09-24,0.26814488002100434
2024-09-24,36.74861111111111,3.0588624338624637,,,2024-09-24,0.18472492001821167
2024-09-24,36.74861111111111,3.0601851851852153,,,2024-09-24,0.15531624674691102
2024-09-24,36.74861111111111,3.061507936507965,,,2024-09-24,0.20469782110899754
2024-09-24,36.74861111111111,3.0628306878307168,,,2024-09-24,0.29573210928483373
2024-09-24,36.74953703703704,3.057539682539712,,,2024-09-24,0.22516724453269812
2024-09-24,36.74953703703704,3.0588624338624637,,,2024-09-24,0.11367657315247216
2024-09-24,36.74953703703704,3.0601851851852153,,,2024-09-24,0.05405852740642433
2024-09-24,36.74953703703704,3.061507936507965,,,2024-09-24,0.14387554106688039
2024-09-24,36.74953703703704,3.0628306878307168,,,2024-09-24,0.2574022223605488
2024-09-24,36.75046296296296,3.057539682539712,,,2024-09-24,0.22516595693912034
2024-09-24,36.75046296296296,3.0588624338624637,,,2024-09-24,0.11367602791756166
2024-09-24,36.75046296296296,3.0601851851852153,,,2024-09-24,0.05405849702281984
2024-09-24,36.75046296296296,3.061507936507965,,,2024-09-24,0.14387478409339177
2024-09-24,36.75046296296296,3.0628306878307168,,,2024-09-24,0.25740073137508096
2024-09-24,36.75138888888889,3.057539682539712,,,2024-09-24,0.2681416363474062
2024-09-24,36.75138888888889,3.0588624338624637,,,2024-09-24,0.18472391343301875
2024-09-24,36.75138888888889,3.0601851851852153,,,2024-09-24,0.1553162150214607
2024-09-24,36.75138888888889,3.061507936507965,,,2024-09-24,0.20469622494972564
2024-09-24,36.75138888888889,3.0628306878307168,,,2024-09-24,0.29572821605468813
2024-09-24,36.75231481481482,3.057539682539712,,,2024-09-24,0.33808427195944535
2024-09-24,36.75231481481482,3.0588624338624637,,,2024-09-24,0.27663047174165517
2024-09-24,36.75231481481482,3.0601851851852153,,,2024-09-24,0.2579239055025071
2024-09-24,36.75231481481482,3.061507936507965,,,2024-09-24,0.2903479711469829
2024-09-24,36.75231481481482,3.0628306878307168,,,2024-09-24,0.3603554187897976
2024-09-25,36.74768518518518,3.057539682539712,,,2024-09-25,0.3380885596660119
2024-09-25,36.74768518518518,3.0588624338624637,,,2024-09-25,0.276631592011625
2024-09-25,36.74768518518518,3.0601851851852153,,,2024-09-25,0.2579239373431453
2024-09-25,36.74768518518518,3.061507936507965,,,2024-09-25,0.2903498466436768
2024-09-25,36.74768518518518,3.0628306878307168,,,2024-09-25,0.3603607437968025
2024-09-25,36.74861111111111,3.057539682539712,,,2024-09-25,0.26814488002100434
2024-09-25,36.74861111111111,3.0588624338624637,,,2024-09-25,0.18472492001821167
2024-09-25,36.74861111111111,3.0601851851852153,,,2024-09-25,0.15531624674691102
2024-09-25,36.74861111111111,3.061507936507965,,,2024-09-25,0.20469782110899754
2024-09-25,36.74861111111111,3.0628306878307168,,,2024-09-25,0.29573210928483373
2024-09-25,36.74953703703704,3.057539682539712,,,2024-09-25,0.22516724453269812
2024-09-25,36.74953703703704,3.0588624338624637,,,2024-09-25,0.11367657315247216
2024-09-25,36.74953703703704,3.0601851851852153,,,2024-09-25,0.05405852740642433
2024-09-25,36.74953703703704,3.061507936507965,,,2024-09-25,0.14387554106688039
2024-09-25,36.74953703703704,3.0628306878307168,,,2024-09-25,0.2574022223605488
2024-09-25,36.75046296296296,3.057539682539712,,,2024-09-25,0.22516595693912034
2024-09-25,36.75046296296296,3.0588624338624637,,,2024-09-25,0.11367602791756166
2024-09-25,36.75046296296296,3.0601851851852153,,,2024-09-25,0.05405849702281984
2024-09-25,36.75046296296296,3.061507936507965,,,2024-09-25,0.14387478409339177
2024-09-25,36.75046296296296,3.0628306878307168,,,2024-09-25,0.25740073137508096
2024-09-25,36.75138888888889,3.057539682539712,,,2024-09-25,0.2681416363474062
2024-09-25,36.75138888888889,3.0588624338624637,,,2024-09-25,0.18472391343301875
2024-09-25,36.75138888888889,3.0601851851852153,,,2024-09-25,0.1553162150214607
2024-09-25,36.75138888888889,3.061507936507965,,,2024-09-25,0.20469622494972564
2024-09-25,36.75138888888889,3.0628306878307168,,,2024-09-25,0.29572821605468813
2024-09-25,36.75231481481482,3.057539682539712,,,2024-09-25,0.33808427195944535
2024-09-25,36.75231481481482,3.0588624338624637,,,2024-09-25,0.27663047174165517
2024-09-25,36.75231481481482,3.0601851851852153,,,2024-09-25,0.2579239055025071
2024-09-25,36.75231481481482,3.061507936507965,,,2024-09-25,0.2903479711469829
2024-09-25,36.75231481481482,3.0628306878307168,,,2024-09-25,0.3603554187897976
2024-09-26,36.74768518518518,3.057539682539712,,,2024-09-26,0.3380885596660119
2024-09-26,36.74768518518518,3.0588624338624637,,,2024-09-26,0.276631592011625
2024-09-26,36.74768518518518,3.0601851851852153,,,2024-09-26,0.2579239373431453
2024-09-26,36.74768518518518,3.061507936507965,,,2024-09-26,0.2903498466436768
2024-09-26,36.74768518518518,3.0628306878307168,,,2024-09-26,0.3603607437968025
2024-09-26,36.74861111111111,3.057539682539712,,,2024-09-26,0.26814488002100434
2024-09-26,36.74861111111111,3.0588624338624637,,,2024-09-26,0.18472492001821167
2024-09-26,36.74861111111111,3.0601851851852153,,,2024-09-26,0.15531624674691102
2024-09-26,36.74861111111111,3.061507936507965,,,2024-09-26,0.20469782110899754
2024-09-26,36.74861111111111,3.0628306878307168,,,2024-09-26,0.29573210928483373
2024-09-26,36.74953703703704,3.057539682539712,,,2024-09-26,0.22516724453269812
2024-09-26,36.74953703703704,3.0588624338624637,,,2024-09-26,0.11367657315247216
2024-09-26,36.74953703703704,3.0601851851852153,,,2024-09-26,0.05405852740642433
2024-09-26,36.74953703703704,3.061507936507965,,,2024-09-26,0.14387554106688039
2024-09-26,36.74953703703704,3.0628306878307168,,,2024-09-26,0.2574022223605488
2024-09-26,36.75046296296296,3.057539682539712,,,2024-09-26,0.22516595693912034
2024-09-26,36.75046296296296,3.0588624338624637,,,2024-09-26,0.11367602791756166
2024-09-26,36.75046296296296,3.0601851851852153,,,2024-09-26,0.05405849702281984
2024-09-26,36.75046296296296,3.061507936507965,,,2024-09-26,0.14387478409339177
2024-09-26,36.75046296296296,3.0628306878307168,,,2024-09-26,0.25740073137508096
2024-09-26,36.75138888888889,3.057539682539712,,,2024-09-26,0.2681416363474062
2024-09-26,36.75138888888889,3.0588624338624637,,,2024-09-26,0.18472391343301875
2024-09-26,36.75138888888889,3.0601851851852153,,,2024-09-26,0.1553162150214607
2024-09-26,36.75138888888889,3.061507936507965,,,2024-09-26,0.20469622494972564
2024-09-26,36.75138888888889,3.0628306878307168,,,2024-09-26,0.29572821605468813
2024-09-26,36.75231481481482,3.057539682539712,,,2024-09-26,0.33808427195944535
2024-09-26,36.75231481481482,3.0588624338624637,,,2024-09-26,0.27663047174165517
2024-09-26,36.75231481481482,3.0601851851852153,,,2024-09-26,0.2579239055025071
2024-09-26,36.75231481481482,3.061507936507965,,,2024-09-26,0.2903479711469829
2024-09-26,36.75231481481482,3.0628306878307168,,,2024-09-26,0.3603554187897976
2024-09-27,36.74768518518518,3.057539682539712,,,2024-09-27,0.3380885596660119
2024-09-27,36.74768518518518,3.0588624338624637,,,2024-09-27,0.276631592011625
2024-09-27,36.74768518518518,3.0601851851852153,,,2024-09-27,0.2579239373431453
2024-09-27,36.74768518518518,3.061507936507965,,,2024-09-27,0.2903498466436768
2024-09-27,36.74768518518518,3.0628306878307168,,,2024-09-27,0.3603607437968025
2024-09-27,36.74861111111111,3.057539682539712,,,2024-09-27,0.26814488002100434
2024-09-27,36.74861111111111,3.0588624338624637,,,2024-09-27,0.18472492001821167
2024-09-27,36.74861111111111,3.0601851851852153,,,2024-09-27,0.15531624674691102
2024-09-27,36.74861111111111,3.061507936507965,,,2024-09-27,0.20469782110899754
2024-09-27,36.74861111111111,3.0628306878307168,,,2024-09-27,0.29573210928483373
2024-09-27,36.74953703703704,3.057539682539712,,,2024-09-27,0.22516724453269812
2024-09-27,36.74953703703704,3.0588624338624637,,,2024-09-27,0.11367657315247216
2024-09-27,36.74953703703704,3.0601851851852153,,,2024-09-27,0.05405852740642433
2024-09-27,36.74953703703704,3.061507936507965,,,2024-09-27,0.14387554106688039
2024-09-27,36.74953703703704,3.0628306878307168,,,2024-09-27,0.2574022223605488
2024-09-27,36.75046296296296,3.057539682539712,,,2024-09-27,0.22516595693912034
2024-09-27,36.75046296296296,3.0588624338624637,,,2024-09-27,0.11367602791756166
2024-09-27,36.75046296296296,3.0601851851852153,,,2024-09-27,0.05405849702281984
2024-09-27,36.75046296296296,3.061507936507965,,,2024-09-27,0.14387478409339177
2024-09-27,36.75046296296296,3.0628306878307168,,,2024-09-27,0.25740073137508096
2024-09-27,36.75138888888889,3.057539682539712,,,2024-09-27,0.2681416363474062
2024-09-27,36.75138888888889,3.0588624338624637,,,2024-09-27,0.18472391343301875
2024-09-27,36.75138888888889,3.0601851851852153,,,2024-09-27,0.1553162150214607
2024-09-27,36.75138888888889,3.061507936507965,,,2024-09-27,0.20469622494972564
2024-09-27,36.75138888888889,3.0628306878307168,,,2024-09-27,0.29572821605468813
2024-09-27,36.75231481481482,3.057539682539712,,,2024-09-27,0.33808427195944535
2024-09-27,36.75231481481482,3.0588624338624637,,,2024-09-27,0.27663047174165517
2024-09-27,36.75231481481482,3.0601851851852153,,,2024-09-27,0.2579239055025071
2024-09-27,36.75231481481482,3.061507936507965,,,2024-09-27,0.2903479711469829
2024-09-27,36.75231481481482,3.0628306878307168,,,2024-09-27,0.3603554187897976
2024-09-28,36.74768518518518,3.057539682539712,,,2024-09-28,0.3380885596660119
2024-09-28,36.74768518518518,3.0588624338624637,,,2024-09-28,0.276631592011625
2024-09-28,36.74768518518518,3.0601851851852153,,,2024-09-28,0.2579239373431453
2024-09-28,36.74768518518518,3.061507936507965,,,2024-09-28,0.2903498466436768
2024-09-28,36.74768518518518,3.0628306878307168,,,2024-09-28,0.3603607437968025
2024-09-28,36.74861111111111,3.057539682539712,,,2024-09-28,0.26814488002100434
2024-09-28,36.74861111111111,3.0588624338624637,,,2024-09-28,0.18472492001821167
2024-09-28,36.74861111111111,3.0601851851852153,,,2024-09-28,0.15531624674691102
2024-09-28,36.74861111111111,3.061507936507965,,,2024-09-28,0.20469782110899754
2024-09-28,36.74861111111111,3.0628306878307168,,,2024-09-28,0.29573210928483373
2024-09-28,36.74953703703704,3.057539682539712,,,2024-09-28,0.22516724453269812
2024-09-28,36.74953703703704,3.0588624338624637,,,2024-09-28,0.11367657315247216
2024-09-28,36.74953703703704,3.0601851851852153,,,2024-09-28,0.05405852740642433
2024-09-28,36.74953703703704,3.061507936507965,,,2024-09-28,0.14387554106688039
2024-09-28,36.74953703703704,3.0628306878307168,,,2024-09-28,0.2574022223605488
2024-09-28,36.75046296296296,3.057539682539712,,,2024-09-28,0.22516595693912034
2024-09-28,36.75046296296296,3.0588624338624637,,,2024-09-28,0.11367602791756166
2024-09-28,36.75046296296296,3.0601851851852153,,,2024-09-28,0.05405849702281984
2024-09-28,36.75046296296296,3.061507936507965,,,2024-09-28,0.14387478409339177
2024-09-28,36.75046296296296,3.0628306878307168,,,2024-09-28,0.25740073137508096
2024-09-28,36.75138888888889,3.057539682539712,,,2024-09-28,0.2681416363474062
2024-09-28,36.75138888888889,3.0588624338624637,,,2024-09-28,0.18472391343301875
2024-09-28,36.75138888888889,3.0601851851852153,,,2024-09-28,0.1553162150214607
2024-09-28,36.75138888888889,3.061507936507965,,,2024-09-28,0.20469622494972564
2024-09-28,36.75138888888889,3.0628306878307168,,,2024-09-28,0.29572821605468813
2024-09-28,36.75231481481482,3.057539682539712,,,2024-09-28,0.33808427195944535
2024-09-28,36.75231481481482,3.0588624338624637,,,2024-09-28,0.27663047174165517
2024-09-28,36.75231481481482,3.0601851851852153,,,2024-09-28,0.2579239055025071
2024-09-28,36.75231481481482,3.061507936507965,,,2024-09-28,0.2903479711469829
2024-09-28,36.75231481481482,3.0628306878307168,,,2024-09-28,0.3603554187897976
2024-09-29,36.74768518518518,3.057539682539712,,,2024-09-29,0.3380885596660119
2024-09-29,36.74768518518518,3.0588624338624637,,,2024-09-29,0.276631592011625
2024-09-29,36.74768518518518,3.0601851851852153,,,2024-09-29,0.2579239373431453
2024-09-29,36.74768518518518,3.061507936507965,,,2024-09-29,0.2903498466436768
2024-09-29,36.74768518518518,3.0628306878307168,,,2024-09-29,0.3603607437968025
2024-09-29,36.74861111111111,3.057539682539712,,,2024-09-29,0.26814488002100434
2024-09-29,36.74861111111111,3.0588624338624637,,,2024-09-29,0.18472492001821167
2024-09-29,36.74861111111111,3.0601851851852153,,,2024-09-29,0.15531624674691102
2024-09-29,36.74861111111111,3.061507936507965,,,2024-09-29,0.20469782110899754
2024-09-29,36.74861111111111,3.0628306878307168,,,2024-09-29,0.29573210928483373
2024-09-29,36.74953703703704,3.057539682539712,,,2024-09-29,0.22516724453269812
2024-09-29,36.74953703703704,3.0588624338624637,,,2024-09-29,0.11367657315247216
2024-09-29,36.74953703703704,3.0601851851852153,,,2024-09-29,0.05405852740642433
2024-09-29,36.74953703703704,3.061507936507965,,,2024-09-29,0.14387554106688039
2024-09-29,36.74953703703704,3.0628306878307168,,,2024-09-29,0.2574022223605488
2024-09-29,36.75046296296296,3.057539682539712,,,2024-09-29,0.22516595693912034
2024-09-29,36.75046296296296,3.0588624338624637,,,2024-09-29,0.11367602791756166
2024-09-29,36.75046296296296,3.0601851851852153,,,2024-09-29,0.05405849702281984
2024-09-29,36.75046296296296,3.061507936507965,,,2024-09-29,0.14387478409339177
2024-09-29,36.75046296296296,3.0628306878307168,,,2024-09-29,0.25740073137508096
2024-09-29,36.75138888888889,3.057539682539712,,,2024-09-29,0.2681416363474062
2024-09-29,36.75138888888889,3.0588624338624637,,,2024-09-29,0.18472391343301875
2024-09-29,36.75138888888889,3.0601851851852153,,,2024-09-29,0.1553162150214607
2024-09-29,36.75138888888889,3.061507936507965,,,2024-09-29,0.20469622494972564
2024-09-29,36.75138888888889,3.0628306878307168,,,2024-09-29,0.29572821605468813
2024-09-29,36.75231481481482,3.057539682539712,,,2024-09-29,0.33808427195944535
2024-09-29,36.75231481481482,3.0588624338624637,,,2024-09-29,0.27663047174165517
2024-09-29,36.75231481481482,3.0601851851852153,,,2024-09-29,0.2579239055025071
2024-09-29,36.75231481481482,3.061507936507965,,,2024-09-29,0.2903479711469829
2024-09-29,36.75231481481482,3.0628306878307168,,,2024-09-29,0.3603554187897976
2024-09-30,36.74768518518518,3.057539682539712,,,2024-09-30,0.3380885596660119
2024-09-30,36.74768518518518,3.0588624338624637,,,2024-09-30,0.276631592011625
2024-09-30,36.74768518518518,3.0601851851852153,,,2024-09-30,0.2579239373431453
2024-09-30,36.74768518518518,3.061507936507965,,,2024-09-30,0.2903498466436768
2024-09-30,36.74768518518518,3.0628306878307168,,,2024-09-30,0.3603607437968025
2024-09-30,36.74861111111111,3.057539682539712,,,2024-09-30,0.26814488002100434
2024-09-30,36.74861111111111,3.0588624338624637,,,2024-09-30,0.18472492001821167
2024-09-30,36.74861111111111,3.0601851851852153,,,2024-09-30,0.15531624674691102
2024-09-30,36.74861111111111,3.061507936507965,,,2024-09-30,0.20469782110899754
2024-09-30,36.74861111111111,3.0628306878307168,,,2024-09-30,0.29573210928483373
2024-09-30,36.74953703703704,3.057539682539712,,,2024-09-30,0.22516724453269812
2024-09-30,36.74953703703704,3.0588624338624637,,,2024-09-30,0.11367657315247216
2024-09-30,36.74953703703704,3.0601851851852153,,,2024-09-30,0.05405852740642433
2024-09-30,36.74953703703704,3.061507936507965,,,2024-09-30,0.14387554106688039
2024-09-30,36.74953703703704,3.0628306878307168,,,2024-09-30,0.2574022223605488
2024-09-30,36.75046296296296,3.057539682539712,,,2024-09-30,0.22516595693912034
2024-09-30,36.75046296296296,3.0588624338624637,,,2024-09-30,0.11367602791756166
2024-09-30,36.75046296296296,3.0601851851852153,,,2024-09-30,0.05405849702281984
2024-09-30,36.75046296296296,3.061507936507965,,,2024-09-30,0.14387478409339177
2024-09-30,36.75046296296296,3.0628306878307168,,,2024-09-30,0.25740073137508096
2024-09-30,36.75138888888889,3.057539682539712,,,2024-09-30,0.2681416363474062
2024-09-30,36.75138888888889,3.0588624338624637,,,2024-09-30,0.18472391343301875
2024-09-30,36.75138888888889,3.0601851851852153,,,2024-09-30,0.1553162150214607
2024-09-30,36.75138888888889,3.061507936507965,,,2024-09-30,0.20469622494972564
2024-09-30,36.75138888888889,3.0628306878307168,,,2024-09-30,0.29572821605468813
2024-09-30,36.75231481481482,3.057539682539712,,,2024-09-30,0.33808427195944535
2024-09-30,36.75231481481482,3.0588624338624637,,,2024-09-30,0.27663047174165517
2024-09-30,36.75231481481482,3.0601851851852153,,,2024-09-30,0.2579239055025071
2024-09-30,36.75231481481482,3.061507936507965,,,2024-09-30,0.2903479711469829
2024-09-30,36.75231481481482,3.0628306878307168,,,2024-09-30,0.3603554187897976
2024-10-01,36.74768518518518,3.057539682539712,,,2024-10-01,0.3380885596660119
2024-10-01,36.74768518518518,3.0588624338624637,,,2024-10-01,0.276631592011625
2024-10-01,36.74768518518518,3.0601851851852153,,,2024-10-01,0.2579239373431453
2024-10-01,36.74768518518518,3.061507936507965,,,2024-10-01,0.2903498466436768
2024-10-01,36.74768518518518,3.0628306878307168,,,2024-10-01,0.3603607437968025
2024-10-01,36.74861111111111,3.057539682539712,,,2024-10-01,0.26814488002100434
2024-10-01,36.74861111111111,3.0588624338624637,,,2024-10-01,0.18472492001821167
2024-10-01,36.74861111111111,3.0601851851852153,,,2024-10-01,0.15531624674691102
2024-10-01,36.74861111111111,3.061507936507965,,,2024-10-01,0.20469782110899754
2024-10-01,36.74861111111111,3.0628306878307168,,,2024-10-01,0.29573210928483373
2024-10-01,36.74953703703704,3.057539682539712,,,2024-10-01,0.22516724453269812
2024-10-01,36.74953703703704,3.0588624338624637,,,2024-10-01,0.11367657315247216
2024-10-01,36.74953703703704,3.0601851851852153,,,2024-10-01,0.05405852740642433
2024-10-01,36.74953703703704,3.061507936507965,,,2024-10-01,0.14387554106688039
2024-10-01,36.74953703703704,3.0628306878307168,,,2024-10-01,0.2574022223605488
2024-10-01,36.75046296296296,3.057539682539712,,,2024-10-01,0.22516595693912034
2024-10-01,36.75046296296296,3.0588624338624637,,,2024-10-01,0.11367602791756166
2024-10-01,36.75046296296296,3.0601851851852153,,,2024-10-01,0.05405849702281984
2024-10-01,36.75046296296296,3.061507936507965,,,2024-10-01,0.14387478409339177
2024-10-01,36.75046296296296,3.0628306878307168,,,2024-10-01,0.25740073137508096
2024-10-01,36.75138888888889,3.057539682539712,,,2024-10-01,0.2681416363474062
2024-10-01,36.75138888888889,3.0588624338624637,,,2024-10-01,0.18472391343301875
2024-10-01,36.75138888888889,3.0601851851852153,,,2024-10-01,0.1553162150214607
2024-10-01,36.75138888888889,3.061507936507965,,,2024-10-01,0.20469622494972564
2024-10-01,36.75138888888889,3.0628306878307168,,,2024-10-01,0.29572821605468813
2024-10-01,36.75231481481482,3.057539682539712,,,2024-10-01,0.33808427195944535
2024-10-01,36.75231481481482,3.0588624338624637,,,2024-10-01,0.27663047174165517
2024-10-01,36.75231481481482,3.0601851851852153,,,2024-10-01,0.2579239055025071
2024-10-01,36.75231481481482,3.061507936507965,,,2024-10-01,0.2903479711469829
2024-10-01,36.75231481481482,3.0628306878307168,,,2024-10-01,0.3603554187897976
2024-10-02,36.74768518518518,3.057539682539712,,,2024-10-02,0.3380885596660119
2024-10-02,36.74768518518518,3.0588624338624637,,,2024-10-02,0.276631592011625
2024-10-02,36.74768518518518,3.0601851851852153,,,2024-10-02,0.2579239373431453
2024-10-02,36.74768518518518,3.061507936507965,,,2024-10-02,0.2903498466436768
2024-10-02,36.74768518518518,3.0628306878307168,,,2024-10-02,0.3603607437968025
2024-10-02,36.74861111111111,3.057539682539712,,,2024-10-02,0.26814488002100434
2024-10-02,36.74861111111111,3.0588624338624637,,,2024-10-02,0.18472492001821167
2024-10-02,36.74861111111111,3.0601851851852153,,,2024-10-02,0.15531624674691102
2024-10-02,36.74861111111111,3.061507936507965,,,2024-10-02,0.20469782110899754
2024-10-02,36.74861111111111,3.0628306878307168,,,2024-10-02,0.29573210928483373
2024-10-02,36.74953703703704,3.057539682539712,,,2024-10-02,0.22516724453269812
2024-10-02,36.74953703703704,3.0588624338624637,,,2024-10-02,0.11367657315247216
2024-10-02,36.74953703703704,3.0601851851852153,,,2024-10-02,0.05405852740642433
2024-10-02,36.74953703703704,3.061507936507965,,,2024-10-02,0.14387554106688039
2024-10-02,36.74953703703704,3.0628306878307168,,,2024-10-02,0.2574022223605488
2024-10-02,36.75046296296296,3.057539682539712,,,2024-10-02,0.22516595693912034
2024-10-02,36.75046296296296,3.0588624338624637,,,2024-10-02,0.11367602791756166
2024-10-02,36.75046296296296,3.0601851851852153,,,2024-10-02,0.05405849702281984
2024-10-02,36.75046296296296,3.061507936507965,,,2024-10-02,0.14387478409339177
2024-10-02,36.75046296296296,3.0628306878307168,,,2024-10-02,0.25740073137508096
2024-10-02,36.75138888888889,3.057539682539712,,,2024-10-02,0.2681416363474062
2024-10-02,36.75138888888889,3.0588624338624637,,,2024-10-02,0.18472391343301875
2024-10-02,36.75138888888889,3.0601851851852153,,,2024-10-02,0.1553162150214607
2024-10-02,36.75138888888889,3.061507936507965,,,2024-10-02,0.20469622494972564
2024-10-02,36.75138888888889,3.0628306878307168,,,2024-10-02,0.29572821605468813
2024-10-02,36.75231481481482,3.057539682539712,,,2024-10-02,0.33808427195944535
2024-10-02,36.75231481481482,3.0588624338624637,,,2024-10-02,0.27663047174165517
2024-10-02,36.75231481481482,3.0601851851852153,,,2024-10-02,0.2579239055025071
2024-10-02,36.75231481481482,3.061507936507965,,,2024-10-02,0.2903479711469829
2024-10-02,36.75231481481482,3.0628306878307168,,,2024-10-02,0.3603554187897976
2024-10-03,36.74768518518518,3.057539682539712,,,2024-10-03,0.3380885596660119
2024-10-03,36.74768518518518,3.0588624338624637,,,2024-10-03,0.276631592011625
2024-10-03,36.74768518518518,3.0601851851852153,,,2024-10-03,0.2579239373431453
2024-10-03,36.74768518518518,3.061507936507965,,,2024-10-03,0.2903498466436768
2024-10-03,36.74768518518518,3.0628306878307168,,,2024-10-03,0.3603607437968025
2024-10-03,36.74861111111111,3.057539682539712,,,2024-10-03,0.26814488002100434
2024-10-03,36.74861111111111,3.0588624338624637,,,2024-10-03,0.18472492001821167
2024-10-03,36.74861111111111,3.0601851851852153,,,2024-10-03,0.15531624674691102
2024-10-03,36.74861111111111,3.061507936507965,,,2024-10-03,0.20469782110899754
2024-10-03,36.74861111111111,3.0628306878307168,,,2024-10-03,0.29573210928483373
2024-10-03,36.74953703703704,3.057539682539712,,,2024-10-03,0.22516724453269812
2024-10-03,36.74953703703704,3.0588624338624637,,,2024-10-03,0.11367657315247216
2024-10-03,36.74953703703704,3.0601851851852153,,,2024-10-03,0.05405852740642433
2024-10-03,36.74953703703704,3.061507936507965,,,2024-10-03,0.14387554106688039
2024-10-03,36.74953703703704,3.0628306878307168,,,2024-10-03,0.2574022223605488
2024-10-03,36.75046296296296,3.057539682539712,,,2024-10-03,0.22516595693912034
2024-10-03,36.75046296296296,3.0588624338624637,,,2024-10-03,0.11367602791756166
2024-10-03,36.75046296296296,3.0601851851852153,,,2024-10-03,0.05405849702281984
2024-10-03,36.75046296296296,3.061507936507965,,,2024-10-03,0.14387478409339177
2024-10-03,36.75046296296296,3.0628306878307168,,,2024-10-03,0.25740073137508096
2024-10-03,36.75138888888889,3.057539682539712,,,2024-10-03,0.2681416363474062
2024-10-03,36.75138888888889,3.0588624338624637,,,2024-10-03,0.18472391343301875
2024-10-03,36.75138888888889,3.0601851851852153,,,2024-10-03,0.1553162150214607
2024-10-03,36.75138888888889,3.061507936507965,,,2024-10-03,0.20469622494972564
2024-10-03,36.75138888888889,3.0628306878307168,,,2024-10-03,0.29572821605468813
2024-10-03,36.75231481481482,3.057539682539712,,,2024-10-03,0.33808427195944535
2024-10-03,36.75231481481482,3.0588624338624637,,,2024-10-03,0.27663047174165517
2024-10-03,36.75231481481482,3.0601851851852153,,,2024-10-03,0.2579239055025071
2024-10-03,36.75231481481482,3.061507936507965,,,2024-10-03,0.2903479711469829
2024-10-03,36.75231481481482,3.0628306878307168,,,2024-10-03,0.3603554187897976
2024-10-04,36.74768518518518,3.057539682539712,,,2024-10-04,0.3380885596660119
2024-10-04,36.74768518518518,3.0588624338624637,,,2024-10-04,0.276631592011625
2024-10-04,36.74768518518518,3.0601851851852153,,,2024-10-04,0.2579239373431453
2024-10-04,36.74768518518518,3.061507936507965,,,2024-10-04,0.2903498466436768
2024-10-04,36.74768518518518,3.0628306878307168,,,2024-10-04,0.3603607437968025
2024-10-04,36.74861111111111,3.057539682539712,,,2024-10-04,0.26814488002100434
2024-10-04,36.74861111111111,3.0588624338624637,,,2024-10-04,0.18472492001821167
2024-10-04,36.74861111111111,3.0601851851852153,,,2024-10-04,0.15531624674691102
2024-10-04,36.74861111111111,3.061507936507965,,,2024-10-04,0.20469782110899754
2024-10-04,36.74861111111111,3.0628306878307168,,,2024-10-04,0.29573210928483373
2024-10-04,36.74953703703704,3.057539682539712,,,2024-10-04,0.22516724453269812
2024-10-04,36.74953703703704,3.0588624338624637,,,2024-10-04,0.11367657315247216
2024-10-04,36.74953703703704,3.0601851851852153,,,2024-10-04,0.05405852740642433
2024-10-04,36.74953703703704,3.061507936507965,,,2024-10-04,0.14387554106688039
2024-10-04,36.74953703703704,3.0628306878307168,,,2024-10-04,0.2574022223605488
2024-10-04,36.75046296296296,3.057539682539712,,,2024-10-04,0.22516595693912034
2024-10-04,36.75046296296296,3.0588624338624637,,,2024-10-04,0.11367602791756166
2024-10-04,36.75046296296296,3.0601851851852153,,,2024-10-04,0.05405849702281984
2024-10-04,36.75046296296296,3.061507936507965,,,2024-10-04,0.14387478409339177
2024-10-04,36.75046296296296,3.0628306878307168,,,2024-10-04,0.25740073137508096
2024-10-04,36.75138888888889,3.057539682539712,,,2024-10-04,0.2681416363474062
2024-10-04,36.75138888888889,3.0588624338624637,,,2024-10-04,0.18472391343301875
2024-10-04,36.75138888888889,3.0601851851852153,,,2024-10-04,0.1553162150214607
2024-10-04,36.75138888888889,3.061507936507965,,,2024-10-04,0.20469622494972564
2024-10-04,36.75138888888889,3.0628306878307168,,,2024-10-04,0.29572821605468813
2024-10-04,36.75231481481482,3.057539682539712,,,2024-10-04,0.33808427195944535
2024-10-04,36.75231481481482,3.0588624338624637,,,2024-10-04,0.27663047174165517
2024-10-04,36.75231481481482,3.0601851851852153,,,2024-10-04,0.2579239055025071
2024-10-04,36.75231481481482,3.061507936507965,,,2024-10-04,0.2903479711469829
2024-10-04,36.75231481481482,3.0628306878307168,,,2024-10-04,0.3603554187897976
2024-10-05,36.74768518518518,3.057539682539712,,,2024-10-05,0.3380885596660119
2024-10-05,36.74768518518518,3.0588624338624637,,,2024-10-05,0.276631592011625
2024-10-05,36.74768518518518,3.0601851851852153,,,2024-10-05,0.2579239373431453
2024-10-05,36.74768518518518,3.061507936507965,,,2024-10-05,0.2903498466436768
2024-10-05,36.74768518518518,3.0628306878307168,,,2024-10-05,0.3603607437968025
2024-10-05,36.74861111111111,3.057539682539712,,,2024-10-05,0.26814488002100434
2024-10-05,36.74861111111111,3.0588624338624637,,,2024-10-05,0.18472492001821167
2024-10-05,36.74861111111111,3.0601851851852153,,,2024-10-05,0.15531624674691102
2024-10-05,36.74861111111111,3.061507936507965,,,2024-10-05,0.20469782110899754
2024-10-05,36.74861111111111,3.0628306878307168,,,2024-10-05,0.29573210928483373
2024-10-05,36.74953703703704,3.057539682539712,,,2024-10-05,0.22516724453269812
2024-10-05,36.74953703703704,3.0588624338624637,,,2024-10-05,0.11367657315247216
2024-10-05,36.74953703703704,3.0601851851852153,,,2024-10-05,0.05405852740642433
2024-10-05,36.74953703703704,3.061507936507965,,,2024-10-05,0.14387554106688039
2024-10-05,36.74953703703704,3.0628306878307168,,,2024-10-05,0.2574022223605488
2024-10-05,36.75046296296296,3.057539682539712,,,2024-10-05,0.22516595693912034
2024-10-05,36.75046296296296,3.0588624338624637,,,2024-10-05,0.11367602791756166
2024-10-05,36.75046296296296,3.0601851851852153,,,2024-10-05,0.05405849702281984
2024-10-05,36.75046296296296,3.061507936507965,,,2024-10-05,0.14387478409339177
2024-10-05,36.75046296296296,3.0628306878307168,,,2024-10-05,0.25740073137508096
2024-10-05,36.75138888888889,3.057539682539712,,,2024-10-05,0.2681416363474062
2024-10-05,36.75138888888889,3.0588624338624637,,,2024-10-05,0.18472391343301875
2024-10-05,36.75138888888889,3.0601851851852153,,,2024-10-05,0.1553162150214607
2024-10-05,36.75138888888889,3.061507936507965,,,2024-10-05,0.20469622494972564
2024-10-05,36.75138888888889,3.0628306878307168,,,2024-10-05,0.29572821605468813
2024-10-05,36.75231481481482,3.057539682539712,,,2024-10-05,0.33808427195944535
2024-10-05,36.75231481481482,3.0588624338624637,,,2024-10-05,0.27663047174165517
2024-10-05,36.75231481481482,3.0601851851852153,,,2024-10-05,0.2579239055025071
2024-10-05,36.75231481481482,3.061507936507965,,,2024-10-05,0.2903479711469829
2024-10-05,36.75231481481482,3.0628306878307168,,,2024-10-05,0.3603554187897976
2024-10-06,36.74768518518518,3.057539682539712,,,2024-10-06,0.3380885596660119
2024-10-06,36.74768518518518,3.0588624338624637,,,2024-10-06,0.276631592011625
2024-10-06,36.74768518518518,3.0601851851852153,,,2024-10-06,0.2579239373431453
2024-10-06,36.74768518518518,3.061507936507965,,,2024-10-06,0.2903498466436768
2024-10-06,36.74768518518518,3.0628306878307168,,,2024-10-06,0.3603607437968025
2024-10-06,36.74861111111111,3.057539682539712,,,2024-10-06,0.26814488002100434
2024-10-06,36.74861111111111,3.0588624338624637,,,2024-10-06,0.18472492001821167
2024-10-06,36.74861111111111,3.0601851851852153,,,2024-10-06,0.15531624674691102
2024-10-06,36.74861111111111,3.061507936507965,,,2024-10-06,0.20469782110899754
2024-10-06,36.74861111111111,3.0628306878307168,,,2024-10-06,0.29573210928483373
2024-10-06,36.74953703703704,3.057539682539712,,,2024-10-06,0.22516724453269812
2024-10-06,36.74953703703704,3.0588624338624637,,,2024-10-06,0.11367657315247216
2024-10-06,36.74953703703704,3.0601851851852153,,,2024-10-06,0.05405852740642433
2024-10-06,36.74953703703704,3.061507936507965,,,2024-10-06,0.14387554106688039
2024-10-06,36.74953703703704,3.0628306878307168,,,2024-10-06,0.2574022223605488
2024-10-06,36.75046296296296,3.057539682539712,,,2024-10-06,0.22516595693912034
2024-10-06,36.75046296296296,3.0588624338624637,,,2024-10-06,0.11367602791756166
2024-10-06,36.75046296296296,3.0601851851852153,,,2024-10-06,0.05405849702281984
2024-10-06,36.75046296296296,3.061507936507965,,,2024-10-06,0.14387478409339177
2024-10-06,36.75046296296296,3.0628306878307168,,,2024-10-06,0.25740073137508096
2024-10-06,36.75138888888889,3.057539682539712,,,2024-10-06,0.2681416363474062
2024-10-06,36.75138888888889,3.0588624338624637,,,2024-10-06,0.18472391343301875
2024-10-06,36.75138888888889,3.0601851851852153,,,2024-10-06,0.1553162150214607
2024-10-06,36.75138888888889,3.061507936507965,,,2024-10-06,0.20469622494972564
2024-10-06,36.75138888888889,3.0628306878307168,,,2024-10-06,0.29572821605468813
2024-10-06,36.75231481481482,3.057539682539712,,,2024-10-06,0.33808427195944535
2024-10-06,36.75231481481482,3.0588624338624637,,,2024-10-06,0.27663047174165517
2024-10-06,36.75231481481482,3.0601851851852153,,,2024-10-06,0.2579239055025071
2024-10-06,36.75231481481482,3.061507936507965,,,2024-10-06,0.2903479711469829
2024-10-06,36.75231481481482,3.0628306878307168,,,2024-10-06,0.3603554187897976
2024-10-07,36.74768518518518,3.057539682539712,,,2024-10-07,0.3380885596660119
2024-10-07,36.74768518518518,3.0588624338624637,,,2024-10-07,0.276631592011625
2024-10-07,36.74768518518518,3.0601851851852153,,,2024-10-07,0.2579239373431453
2024-10-07,36.74768518518518,3.061507936507965,,,2024-10-07,0.2903498466436768
2024-10-07,36.74768518518518,3.0628306878307168,,,2024-10-07,0.3603607437968025
2024-10-07,36.74861111111111,3.057539682539712,,,2024-10-07,0.26814488002100434
2024-10-07,36.74861111111111,3.0588624338624637,,,2024-10-07,0.18472492001821167
2024-10-07,36.74861111111111,3.0601851851852153,,,2024-10-07,0.15531624674691102
2024-10-07,36.74861111111111,3.061507936507965,,,2024-10-07,0.20469782110899754
2024-10-07,36.74861111111111,3.0628306878307168,,,2024-10-07,0.29573210928483373
2024-10-07,36.74953703703704,3.057539682539712,,,2024-10-07,0.22516724453269812
2024-10-07,36.74953703703704,3.0588624338624637,,,2024-10-07,0.11367657315247216
2024-10-07,36.74953703703704,3.0601851851852153,,,2024-10-07,0.05405852740642433
2024-10-07,36.74953703703704,3.061507936507965,,,2024-10-07,0.14387554106688039
2024-10-07,36.74953703703704,3.0628306878307168,,,2024-10-07,0.2574022223605488
2024-10-07,36.75046296296296,3.057539682539712,,,2024-10-07,0.22516595693912034
2024-10-07,36.75046296296296,3.0588624338624637,,,2024-10-07,0.11367602791756166
2024-10-07,36.75046296296296,3.0601851851852153,,,2024-10-07,0.05405849702281984
2024-10-07,36.75046296296296,3.061507936507965,,,2024-10-07,0.14387478409339177
2024-10-07,36.75046296296296,3.0628306878307168,,,2024-10-07,0.25740073137508096
2024-10-07,36.75138888888889,3.057539682539712,,,2024-10-07,0.2681416363474062
2024-10-07,36.75138888888889,3.0588624338624637,,,2024-10-07,0.18472391343301875
2024-10-07,36.75138888888889,3.0601851851852153,,,2024-10-07,0.1553162150214607
2024-10-07,36.75138888888889,3.061507936507965,,,2024-10-07,0.20469622494972564
2024-10-07,36.75138888888889,3.0628306878307168,,,2024-10-07,0.29572821605468813
2024-10-07,36.75231481481482,3.057539682539712,,,2024-10-07,0.33808427195944535
2024-10-07,36.75231481481482,3.0588624338624637,,,2024-10-07,0.27663047174165517
2024-10-07,36.75231481481482,3.0601851851852153,,,2024-10-07,0.2579239055025071
2024-10-07,36.75231481481482,3.061507936507965,,,2024-10-07,0.2903479711469829
2024-10-07,36.75231481481482,3.0628306878307168,,,2024-10-07,0.3603554187897976
2024-10-08,36.74768518518518,3.057539682539712,,,2024-10-08,0.3380885596660119
2024-10-08,36.74768518518518,3.0588624338624637,,,2024-10-08,0.276631592011625
2024-10-08,36.74768518518518,3.0601851851852153,,,2024-10-08,0.2579239373431453
2024-10-08,36.74768518518518,3.061507936507965,,,2024-10-08,0.2903498466436768
2024-10-08,36.74768518518518,3.0628306878307168,,,2024-10-08,0.3603607437968025
2024-10-08,36.74861111111111,3.057539682539712,,,2024-10-08,0.26814488002100434
2024-10-08,36.74861111111111,3.0588624338624637,,,2024-10-08,0.18472492001821167
2024-10-08,36.74861111111111,3.0601851851852153,,,2024-10-08,0.15531624674691102
2024-10-08,36.74861111111111,3.061507936507965,,,2024-10-08,0.20469782110899754
2024-10-08,36.74861111111111,3.0628306878307168,,,2024-10-08,0.29573210928483373
2024-10-08,36.74953703703704,3.057539682539712,,,2024-10-08,0.22516724453269812
2024-10-08,36.74953703703704,3.0588624338624637,,,2024-10-08,0.11367657315247216
2024-10-08,36.74953703703704,3.0601851851852153,,,2024-10-08,0.05405852740642433
2024-10-08,36.74953703703704,3.061507936507965,,,2024-10-08,0.14387554106688039
2024-10-08,36.74953703703704,3.0628306878307168,,,2024-10-08,0.2574022223605488
2024-10-08,36.75046296296296,3.057539682539712,,,2024-10-08,0.22516595693912034
2024-10-08,36.75046296296296,3.0588624338624637,,,2024-10-08,0.11367602791756166
2024-10-08,36.75046296296296,3.0601851851852153,,,2024-10-08,0.05405849702281984
2024-10-08,36.75046296296296,3.061507936507965,,,2024-10-08,0.14387478409339177
2024-10-08,36.75046296296296,3.0628306878307168,,,2024-10-08,0.25740073137508096
2024-10-08,36.75138888888889,3.057539682539712,,,2024-10-08,0.2681416363474062
2024-10-08,36.75138888888889,3.0588624338624637,,,2024-10-08,0.18472391343301875
2024-10-08,36.75138888888889,3.0601851851852153,,,2024-10-08,0.1553162150214607
2024-10-08,36.75138888888889,3.061507936507965,,,2024-10-08,0.20469622494972564
2024-10-08,36.75138888888889,3.0628306878307168,,,2024-10-08,0.29572821605468813
2024-10-08,36.75231481481482,3.057539682539712,,,2024-10-08,0.33808427195944535
2024-10-08,36.75231481481482,3.0588624338624637,,,2024-10-08,0.27663047174165517
2024-10-08,36.75231481481482,3.0601851851852153,,,2024-10-08,0.2579239055025071
2024-10-08,36.75231481481482,3.061507936507965,,,2024-10-08,0.2903479711469829
2024-10-08,36.75231481481482,3.0628306878307168,,,2024-10-08,0.3603554187897976
2024-10-09,36.74768518518518,3.057539682539712,,,2024-10-09,0.3380885596660119
2024-10-09,36.74768518518518,3.0588624338624637,,,2024-10-09,0.276631592011625
2024-10-09,36.74768518518518,3.0601851851852153,,,2024-10-09,0.2579239373431453
2024-10-09,36.74768518518518,3.061507936507965,,,2024-10-09,0.2903498466436768
2024-10-09,36.74768518518518,3.0628306878307168,,,2024-10-09,0.3603607437968025
2024-10-09,36.74861111111111,3.057539682539712,,,2024-10-09,0.26814488002100434
2024-10-09,36.74861111111111,3.0588624338624637,,,2024-10-09,0.18472492001821167
2024-10-09,36.74861111111111,3.0601851851852153,,,2024-10-09,0.15531624674691102
2024-10-09,36.74861111111111,3.061507936507965,,,2024-10-09,0.20469782110899754
2024-10-09,36.74861111111111,3.0628306878307168,,,2024-10-09,0.29573210928483373
2024-10-09,36.74953703703704,3.057539682539712,,,2024-10-09,0.22516724453269812
2024-10-09,36.74953703703704,3.0588624338624637,,,2024-10-09,0.11367657315247216
2024-10-09,36.74953703703704,3.0601851851852153,,,2024-10-09,0.05405852740642433
2024-10-09,36.74953703703704,3.061507936507965,,,2024-10-09,0.14387554106688039
2024-10-09,36.74953703703704,3.0628306878307168,,,2024-10-09,0.2574022223605488
2024-10-09,36.75046296296296,3.057539682539712,,,2024-10-09,0.22516595693912034
2024-10-09,36.75046296296296,3.0588624338624637,,,2024-10-09,0.11367602791756166
2024-10-09,36.75046296296296,3.0601851851852153,,,2024-10-09,0.05405849702281984
2024-10-09,36.75046296296296,3.061507936507965,,,2024-10-09,0.14387478409339177
2024-10-09,36.75046296296296,3.0628306878307168,,,2024-10-09,0.25740073137508096
2024-10-09,36.75138888888889,3.057539682539712,,,2024-10-09,0.2681416363474062
2024-10-09,36.75138888888889,3.0588624338624637,,,2024-10-09,0.18472391343301875
2024-10-09,36.75138888888889,3.0601851851852153,,,2024-10-09,0.1553162150214607
2024-10-09,36.75138888888889,3.061507936507965,,,2024-10-09,0.20469622494972564
2024-10-09,36.75138888888889,3.0628306878307168,,,2024-10-09,0.29572821605468813
2024-10-09,36.75231481481482,3.057539682539712,,,2024-10-09,0.33808427195944535
2024-10-09,36.75231481481482,3.0588624338624637,,,2024-10-09,0.27663047174165517
2024-10-09,36.75231481481482,3.0601851851852153,,,2024-10-09,0.2579239055025071
2024-10-09,36.75231481481482,3.061507936507965,,,2024-10-09,0.2903479711469829
2024-10-09,36.75231481481482,3.0628306878307168,,,2024-10-09,0.3603554187897976
2024-10-10,36.74768518518518,3.057539682539712,,,2024-10-10,0.3380885596660119
2024-10-10,36.74768518518518,3.0588624338624637,,,2024-10-10,0.276631592011625
2024-10-10,36.74768518518518,3.0601851851852153,,,2024-10-10,0.2579239373431453
2024-10-10,36.74768518518518,3.061507936507965,,,2024-10-10,0.2903498466436768
2024-10-10,36.74768518518518,3.0628306878307168,,,2024-10-10,0.3603607437968025
2024-10-10,36.74861111111111,3.057539682539712,,,2024-10-10,0.26814488002100434
2024-10-10,36.74861111111111,3.0588624338624637,,,2024-10-10,0.18472492001821167
2024-10-10,36.74861111111111,3.0601851851852153,,,2024-10-10,0.15531624674691102
2024-10-10,36.74861111111111,3.061507936507965,,,2024-10-10,0.20469782110899754
2024-10-10,36.74861111111111,3.0628306878307168,,,2024-10-10,0.29573210928483373
2024-10-10,36.74953703703704,3.057539682539712,,,2024-10-10,0.22516724453269812
2024-10-10,36.74953703703704,3.0588624338624637,,,2024-10-10,0.11367657315247216
2024-10-10,36.74953703703704,3.0601851851852153,,,2024-10-10,0.05405852740642433
2024-10-10,36.74953703703704,3.061507936507965,,,2024-10-10,0.14387554106688039
2024-10-10,36.74953703703704,3.0628306878307168,,,2024-10-10,0.2574022223605488
2024-10-10,36.75046296296296,3.057539682539712,,,2024-10-10,0.22516595693912034
2024-10-10,36.75046296296296,3.0588624338624637,,,2024-10-10,0.11367602791756166
2024-10-10,36.75046296296296,3.0601851851852153,,,2024-10-10,0.05405849702281984
2024-10-10,36.75046296296296,3.061507936507965,,,2024-10-10,0.14387478409339177
2024-10-10,36.75046296296296,3.0628306878307168,,,2024-10-10,0.25740073137508096
2024-10-10,36.75138888888889,3.057539682539712,,,2024-10-10,0.2681416363474062
2024-10-10,36.75138888888889,3.0588624338624637,,,2024-10-10,0.18472391343301875
2024-10-10,36.75138888888889,3.0601851851852153,,,2024-10-10,0.1553162150214607
2024-10-10,36.75138888888889,3.061507936507965,,,2024-10-10,0.20469622494972564
2024-10-10,36.75138888888889,3.0628306878307168,,,2024-10-10,0.29572821605468813
2024-10-10,36.75231481481482,3.057539682539712,,,2024-10-10,0.33808427195944535
2024-10-10,36.75231481481482,3.0588624338624637,,,2024-10-10,0.27663047174165517
2024-10-10,36.75231481481482,3.0601851851852153,,,2024-10-10,0.2579239055025071
2024-10-10,36.75231481481482,3.061507936507965,,,2024-10-10,0.2903479711469829
2024-10-10,36.75231481481482,3.0628306878307168,,,2024-10-10,0.3603554187897976
2024-10-11,36.74768518518518,3.057539682539712,,,2024-10-11,0.3380885596660119
2024-10-11,36.74768518518518,3.0588624338624637,,,2024-10-11,0.276631592011625
2024-10-11,36.74768518518518,3.0601851851852153,,,2024-10-11,0.2579239373431453
2024-10-11,36.74768518518518,3.061507936507965,,,2024-10-11,0.2903498466436768
2024-10-11,36.74768518518518,3.0628306878307168,,,2024-10-11,0.3603607437968025
2024-10-11,36.74861111111111,3.057539682539712,,,2024-10-11,0.26814488002100434
2024-10-11,36.74861111111111,3.0588624338624637,,,2024-10-11,0.18472492001821167
2024-10-11,36.74861111111111,3.0601851851852153,,,2024-10-11,0.15531624674691102
2024-10-11,36.74861111111111,3.061507936507965,,,2024-10-11,0.20469782110899754
2024-10-11,36.74861111111111,3.0628306878307168,,,2024-10-11,0.29573210928483373
2024-10-11,36.74953703703704,3.057539682539712,,,2024-10-11,0.22516724453269812
2024-10-11,36.74953703703704,3.0588624338624637,,,2024-10-11,0.11367657315247216
2024-10-11,36.74953703703704,3.0601851851852153,,,2024-10-11,0.05405852740642433
2024-10-11,36.74953703703704,3.061507936507965,,,2024-10-11,0.14387554106688039
2024-10-11,36.74953703703704,3.0628306878307168,,,2024-10-11,0.2574022223605488
2024-10-11,36.75046296296296,3.057539682539712,,,2024-10-11,0.22516595693912034
2024-10-11,36.75046296296296,3.0588624338624637,,,2024-10-11,0.11367602791756166
2024-10-11,36.75046296296296,3.0601851851852153,,,2024-10-11,0.05405849702281984
2024-10-11,36.75046296296296,3.061507936507965,,,2024-10-11,0.14387478409339177
2024-10-11,36.75046296296296,3.0628306878307168,,,2024-10-11,0.25740073137508096
2024-10-11,36.75138888888889,3.057539682539712,,,2024-10-11,0.2681416363474062
2024-10-11,36.75138888888889,3.0588624338624637,,,2024-10-11,0.18472391343301875
2024-10-11,36.75138888888889,3.0601851851852153,,,2024-10-11,0.1553162150214607
2024-10-11,36.75138888888889,3.061507936507965,,,2024-10-11,0.20469622494972564
2024-10-11,36.75138888888889,3.0628306878307168,,,2024-10-11,0.29572821605468813
2024-10-11,36.75231481481482,3.057539682539712,,,2024-10-11,0.33808427195944535
2024-10-11,36.75231481481482,3.0588624338624637,,,2024-10-11,0.27663047174165517
2024-10-11,36.75231481481482,3.0601851851852153,,,2024-10-11,0.2579239055025071
2024-10-11,36.75231481481482,3.061507936507965,,,2024-10-11,0.2903479711469829
2024-10-11,36.75231481481482,3.0628306878307168,,,2024-10-11,0.3603554187897976
2024-10-12,36.74768518518518,3.057539682539712,,,2024-10-12,0.3380885596660119
2024-10-12,36.74768518518518,3.0588624338624637,,,2024-10-12,0.276631592011625
2024-10-12,36.74768518518518,3.0601851851852153,,,2024-10-12,0.2579239373431453
2024-10-12,36.74768518518518,3.061507936507965,,,2024-10-12,0.2903498466436768
2024-10-12,36.74768518518518,3.0628306878307168,,,2024-10-12,0.3603607437968025
2024-10-12,36.74861111111111,3.057539682539712,,,2024-10-12,0.26814488002100434
2024-10-12,36.74861111111111,3.0588624338624637,,,2024-10-12,0.18472492001821167
2024-10-12,36.74861111111111,3.0601851851852153,,,2024-10-12,0.15531624674691102
2024-10-12,36.74861111111111,3.061507936507965,,,2024-10-12,0.20469782110899754
2024-10-12,36.74861111111111,3.0628306878307168,,,2024-10-12,0.29573210928483373
2024-10-12,36.74953703703704,3.057539682539712,,,2024-10-12,0.22516724453269812
2024-10-12,36.74953703703704,3.0588624338624637,,,2024-10-12,0.11367657315247216
2024-10-12,36.74953703703704,3.0601851851852153,,,2024-10-12,0.05405852740642433
2024-10-12,36.74953703703704,3.061507936507965,,,2024-10-12,0.14387554106688039
2024-10-12,36.74953703703704,3.0628306878307168,,,2024-10-12,0.2574022223605488
2024-10-12,36.75046296296296,3.057539682539712,,,2024-10-12,0.22516595693912034
2024-10-12,36.75046296296296,3.0588624338624637,,,2024-10-12,0.11367602791756166
2024-10-12,36.75046296296296,3.0601851851852153,,,2024-10-12,0.05405849702281984
2024-10-12,36.75046296296296,3.061507936507965,,,2024-10-12,0.14387478409339177
2024-10-12,36.75046296296296,3.0628306878307168,,,2024-10-12,0.25740073137508096
2024-10-12,36.75138888888889,3.057539682539712,,,2024-10-12,0.2681416363474062
2024-10-12,36.75138888888889,3.0588624338624637,,,2024-10-12,0.18472391343301875
2024-10-12,36.75138888888889,3.0601851851852153,,,2024-10-12,0.1553162150214607
2024-10-12,36.75138888888889,3.061507936507965,,,2024-10-12,0.20469622494972564
2024-10-12,36.75138888888889,3.0628306878307168,,,2024-10-12,0.29572821605468813
2024-10-12,36.75231481481482,3.057539682539712,,,2024-10-12,0.33808427195944535
2024-10-12,36.75231481481482,3.0588624338624637,,,2024-10-12,0.27663047174165517
2024-10-12,36.75231481481482,3.0601851851852153,,,2024-10-12,0.2579239055025071
2024-10-12,36.75231481481482,3.061507936507965,,,2024-10-12,0.2903479711469829
2024-10-12,36.75231481481482,3.0628306878307168,,,2024-10-12,0.3603554187897976
2024-10-13,36.74768518518518,3.057539682539712,,,2024-10-13,0.3380885596660119
2024-10-13,36.74768518518518,3.0588624338624637,,,2024-10-13,0.276631592011625
2024-10-13,36.74768518518518,3.0601851851852153,,,2024-10-13,0.2579239373431453
2024-10-13,36.74768518518518,3.061507936507965,,,2024-10-13,0.2903498466436768
2024-10-13,36.74768518518518,3.0628306878307168,,,2024-10-13,0.3603607437968025
2024-10-13,36.74861111111111,3.057539682539712,,,2024-10-13,0.26814488002100434
2024-10-13,36.74861111111111,3.0588624338624637,,,2024-10-13,0.18472492001821167
2024-10-13,36.74861111111111,3.0601851851852153,,,2024-10-13,0.15531624674691102
2024-10-13,36.74861111111111,3.061507936507965,,,2024-10-13,0.20469782110899754
2024-10-13,36.74861111111111,3.0628306878307168,,,2024-10-13,0.29573210928483373
2024-10-13,36.74953703703704,3.057539682539712,,,2024-10-13,0.22516724453269812
2024-10-13,36.74953703703704,3.0588624338624637,,,2024-10-13,0.11367657315247216
2024-10-13,36.74953703703704,3.0601851851852153,,,2024-10-13,0.05405852740642433
2024-10-13,36.74953703703704,3.061507936507965,,,2024-10-13,0.14387554106688039
2024-10-13,36.74953703703704,3.0628306878307168,,,2024-10-13,0.2574022223605488
2024-10-13,36.75046296296296,3.057539682539712,,,2024-10-13,0.22516595693912034
2024-10-13,36.75046296296296,3.0588624338624637,,,2024-10-13,0.11367602791756166
2024-10-13,36.75046296296296,3.0601851851852153,,,2024-10-13,0.05405849702281984
2024-10-13,36.75046296296296,3.061507936507965,,,2024-10-13,0.14387478409339177
2024-10-13,36.75046296296296,3.0628306878307168,,,2024-10-13,0.25740073137508096
2024-10-13,36.75138888888889,3.057539682539712,,,2024-10-13,0.2681416363474062
2024-10-13,36.75138888888889,3.0588624338624637,,,2024-10-13,0.18472391343301875
2024-10-13,36.75138888888889,3.0601851851852153,,,2024-10-13,0.1553162150214607
2024-10-13,36.75138888888889,3.061507936507965,,,2024-10-13,0.20469622494972564
2024-10-13,36.75138888888889,3.0628306878307168,,,2024-10-13,0.29572821605468813
2024-10-13,36.75231481481482,3.057539682539712,,,2024-10-13,0.33808427195944535
2024-10-13,36.75231481481482,3.0588624338624637,,,2024-10-13,0.27663047174165517
2024-10-13,36.75231481481482,3.0601851851852153,,,2024-10-13,0.2579239055025071
2024-10-13,36.75231481481482,3.061507936507965,,,2024-10-13,0.2903479711469829
2024-10-13,36.75231481481482,3.0628306878307168,,,2024-10-13,0.3603554187897976
2024-10-14,36.74768518518518,3.057539682539712,,,2024-10-14,0.3380885596660119
2024-10-14,36.74768518518518,3.0588624338624637,,,2024-10-14,0.276631592011625
2024-10-14,36.74768518518518,3.0601851851852153,,,2024-10-14,0.2579239373431453
2024-10-14,36.74768518518518,3.061507936507965,,,2024-10-14,0.2903498466436768
2024-10-14,36.74768518518518,3.0628306878307168,,,2024-10-14,0.3603607437968025
2024-10-14,36.74861111111111,3.057539682539712,,,2024-10-14,0.26814488002100434
2024-10-14,36.74861111111111,3.0588624338624637,,,2024-10-14,0.18472492001821167
2024-10-14,36.74861111111111,3.0601851851852153,,,2024-10-14,0.15531624674691102
2024-10-14,36.74861111111111,3.061507936507965,,,2024-10-14,0.20469782110899754
2024-10-14,36.74861111111111,3.0628306878307168,,,2024-10-14,0.29573210928483373
2024-10-14,36.74953703703704,3.057539682539712,,,2024-10-14,0.22516724453269812
2024-10-14,36.74953703703704,3.0588624338624637,,,2024-10-14,0.11367657315247216
2024-10-14,36.74953703703704,3.0601851851852153,,,2024-10-14,0.05405852740642433
2024-10-14,36.74953703703704,3.061507936507965,,,2024-10-14,0.14387554106688039
2024-10-14,36.74953703703704,3.0628306878307168,,,2024-10-14,0.2574022223605488
2024-10-14,36.75046296296296,3.057539682539712,,,2024-10-14,0.22516595693912034
2024-10-14,36.75046296296296,3.0588624338624637,,,2024-10-14,0.11367602791756166
2024-10-14,36.75046296296296,3.0601851851852153,,,2024-10-14,0.05405849702281984
2024-10-14,36.75046296296296,3.061507936507965,,,2024-10-14,0.14387478409339177
2024-10-14,36.75046296296296,3.0628306878307168,,,2024-10-14,0.25740073137508096
2024-10-14,36.75138888888889,3.057539682539712,,,2024-10-14,0.2681416363474062
2024-10-14,36.75138888888889,3.0588624338624637,,,2024-10-14,0.18472391343301875
2024-10-14,36.75138888888889,3.0601851851852153,,,2024-10-14,0.1553162150214607
2024-10-14,36.75138888888889,3.061507936507965,,,2024-10-14,0.20469622494972564
2024-10-14,36.75138888888889,3.0628306878307168,,,2024-10-14,0.29572821605468813
2024-10-14,36.75231481481482,3.057539682539712,,,2024-10-14,0.33808427195944535
2024-10-14,36.75231481481482,3.0588624338624637,,,2024-10-14,0.27663047174165517
2024-10-14,36.75231481481482,3.0601851851852153,,,2024-10-14,0.2579239055025071
2024-10-14,36.75231481481482,3.061507936507965,,,2024-10-14,0.2903479711469829
2024-10-14,36.75231481481482,3.0628306878307168,,,2024-10-14,0.3603554187897976
2024-10-15,36.74768518518518,3.057539682539712,,,2024-10-15,0.3380885596660119
2024-10-15,36.74768518518518,3.0588624338624637,,,2024-10-15,0.276631592011625
2024-10-15,36.74768518518518,3.0601851851852153,,,2024-10-15,0.2579239373431453
2024-10-15,36.74768518518518,3.061507936507965,,,2024-10-15,0.2903498466436768
2024-10-15,36.74768518518518,3.0628306878307168,,,2024-10-15,0.3603607437968025
2024-10-15,36.74861111111111,3.057539682539712,,,2024-10-15,0.26814488002100434
2024-10-15,36.74861111111111,3.0588624338624637,,,2024-10-15,0.18472492001821167
2024-10-15,36.74861111111111,3.0601851851852153,,,2024-10-15,0.15531624674691102
2024-10-15,36.74861111111111,3.061507936507965,,,2024-10-15,0.20469782110899754
2024-10-15,36.74861111111111,3.0628306878307168,,,2024-10-15,0.29573210928483373
2024-10-15,36.74953703703704,3.057539682539712,,,2024-10-15,0.22516724453269812
2024-10-15,36.74953703703704,3.0588624338624637,,,2024-10-15,0.11367657315247216
2024-10-15,36.74953703703704,3.0601851851852153,,,2024-10-15,0.05405852740642433
2024-10-15,36.74953703703704,3.061507936507965,,,2024-10-15,0.14387554106688039
2024-10-15,36.74953703703704,3.0628306878307168,,,2024-10-15,0.2574022223605488
2024-10-15,36.75046296296296,3.057539682539712,,,2024-10-15,0.22516595693912034
2024-10-15,36.75046296296296,3.0588624338624637,,,2024-10-15,0.11367602791756166
2024-10-15,36.75046296296296,3.0601851851852153,,,2024-10-15,0.05405849702281984
2024-10-15,36.75046296296296,3.061507936507965,,,2024-10-15,0.14387478409339177
2024-10-15,36.75046296296296,3.0628306878307168,,,2024-10-15,0.25740073137508096
2024-10-15,36.75138888888889,3.057539682539712,,,2024-10-15,0.2681416363474062
2024-10-15,36.75138888888889,3.0588624338624637,,,2024-10-15,0.18472391343301875
2024-10-15,36.75138888888889,3.0601851851852153,,,2024-10-15,0.1553162150214607
2024-10-15,36.75138888888889,3.061507936507965,,,2024-10-15,0.20469622494972564
2024-10-15,36.75138888888889,3.0628306878307168,,,2024-10-15,0.29572821605468813
2024-10-15,36.75231481481482,3.057539682539712,,,2024-10-15,0.33808427195944535
2024-10-15,36.75231481481482,3.0588624338624637,,,2024-10-15,0.27663047174165517
2024-10-15,36.75231481481482,3.0601851851852153,,,2024-10-15,0.2579239055025071
2024-10-15,36.75231481481482,3.061507936507965,,,2024-10-15,0.2903479711469829
2024-10-15,36.75231481481482,3.0628306878307168,,,2024-10-15,0.3603554187897976
2024-10-16,36.74768518518518,3.057539682539712,,,2024-10-16,0.3380885596660119
2024-10-16,36.74768518518518,3.0588624338624637,,,2024-10-16,0.276631592011625
2024-10-16,36.74768518518518,3.0601851851852153,,,2024-10-16,0.2579239373431453
2024-10-16,36.74768518518518,3.061507936507965,,,2024-10-16,0.2903498466436768
2024-10-16,36.74768518518518,3.0628306878307168,,,2024-10-16,0.3603607437968025
2024-10-16,36.74861111111111,3.057539682539712,,,2024-10-16,0.26814488002100434
2024-10-16,36.74861111111111,3.0588624338624637,,,2024-10-16,0.18472492001821167
2024-10-16,36.74861111111111,3.0601851851852153,,,2024-10-16,0.15531624674691102
2024-10-16,36.74861111111111,3.061507936507965,,,2024-10-16,0.20469782110899754
2024-10-16,36.74861111111111,3.0628306878307168,,,2024-10-16,0.29573210928483373
2024-10-16,36.74953703703704,3.057539682539712,,,2024-10-16,0.22516724453269812
2024-10-16,36.74953703703704,3.0588624338624637,,,2024-10-16,0.11367657315247216
2024-10-16,36.74953703703704,3.0601851851852153,,,2024-10-16,0.05405852740642433
2024-10-16,36.74953703703704,3.061507936507965,,,2024-10-16,0.14387554106688039
2024-10-16,36.74953703703704,3.0628306878307168,,,2024-10-16,0.2574022223605488
2024-10-16,36.75046296296296,3.057539682539712,,,2024-10-16,0.22516595693912034
2024-10-16,36.75046296296296,3.0588624338624637,,,2024-10-16,0.11367602791756166
2024-10-16,36.75046296296296,3.0601851851852153,,,2024-10-16,0.05405849702281984
2024-10-16,36.75046296296296,3.061507936507965,,,2024-10-16,0.14387478409339177
2024-10-16,36.75046296296296,3.0628306878307168,,,2024-10-16,0.25740073137508096
2024-10-16,36.75138888888889,3.057539682539712,,,2024-10-16,0.2681416363474062
2024-10-16,36.75138888888889,3.0588624338624637,,,2024-10-16,0.18472391343301875
2024-10-16,36.75138888888889,3.0601851851852153,,,2024-10-16,0.1553162150214607
2024-10-16,36.75138888888889,3.061507936507965,,,2024-10-16,0.20469622494972564
2024-10-16,36.75138888888889,3.0628306878307168,,,2024-10-16,0.29572821605468813
2024-10-16,36.75231481481482,3.057539682539712,,,2024-10-16,0.33808427195944535
2024-10-16,36.75231481481482,3.0588624338624637,,,2024-10-16,0.27663047174165517
2024-10-16,36.75231481481482,3.0601851851852153,,,2024-10-16,0.2579239055025071
2024-10-16,36.75231481481482,3.061507936507965,,,2024-10-16,0.2903479711469829
2024-10-16,36.75231481481482,3.0628306878307168,,,2024-10-16,0.3603554187897976
2024-10-17,36.74768518518518,3.057539682539712,,,2024-10-17,0.3380885596660119
2024-10-17,36.74768518518518,3.0588624338624637,,,2024-10-17,0.276631592011625
2024-10-17,36.74768518518518,3.0601851851852153,,,2024-10-17,0.2579239373431453
2024-10-17,36.74768518518518,3.061507936507965,,,2024-10-17,0.2903498466436768
2024-10-17,36.74768518518518,3.0628306878307168,,,2024-10-17,0.3603607437968025
2024-10-17,36.74861111111111,3.057539682539712,,,2024-10-17,0.26814488002100434
2024-10-17,36.74861111111111,3.0588624338624637,,,2024-10-17,0.18472492001821167
2024-10-17,36.74861111111111,3.0601851851852153,,,2024-10-17,0.15531624674691102
2024-10-17,36.74861111111111,3.061507936507965,,,2024-10-17,0.20469782110899754
2024-10-17,36.74861111111111,3.0628306878307168,,,2024-10-17,0.29573210928483373
2024-10-17,36.74953703703704,3.057539682539712,,,2024-10-17,0.22516724453269812
2024-10-17,36.74953703703704,3.0588624338624637,,,2024-10-17,0.11367657315247216
2024-10-17,36.74953703703704,3.0601851851852153,,,2024-10-17,0.05405852740642433
2024-10-17,36.74953703703704,3.061507936507965,,,2024-10-17,0.14387554106688039
2024-10-17,36.74953703703704,3.0628306878307168,,,2024-10-17,0.2574022223605488
2024-10-17,36.75046296296296,3.057539682539712,,,2024-10-17,0.22516595693912034
2024-10-17,36.75046296296296,3.0588624338624637,,,2024-10-17,0.11367602791756166
2024-10-17,36.75046296296296,3.0601851851852153,,,2024-10-17,0.05405849702281984
2024-10-17,36.75046296296296,3.061507936507965,,,2024-10-17,0.14387478409339177
2024-10-17,36.75046296296296,3.0628306878307168,,,2024-10-17,0.25740073137508096
2024-10-17,36.75138888888889,3.057539682539712,,,2024-10-17,0.2681416363474062
2024-10-17,36.75138888888889,3.0588624338624637,,,2024-10-17,0.18472391343301875
2024-10-17,36.75138888888889,3.0601851851852153,,,2024-10-17,0.1553162150214607
2024-10-17,36.75138888888889,3.061507936507965,,,2024-10-17,0.20469622494972564
2024-10-17,36.75138888888889,3.0628306878307168,,,2024-10-17,0.29572821605468813
2024-10-17,36.75231481481482,3.057539682539712,,,2024-10-17,0.33808427195944535
2024-10-17,36.75231481481482,3.0588624338624637,,,2024-10-17,0.27663047174165517
2024-10-17,36.75231481481482,3.0601851851852153,,,2024-10-17,0.2579239055025071
2024-10-17,36.75231481481482,3.061507936507965,,,2024-10-17,0.2903479711469829
2024-10-17,36.75231481481482,3.0628306878307168,,,2024-10-17,0.3603554187897976
2024-10-18,36.74768518518518,3.057539682539712,,,2024-10-18,0.3380885596660119
2024-10-18,36.74768518518518,3.0588624338624637,,,2024-10-18,0.276631592011625
2024-10-18,36.74768518518518,3.0601851851852153,,,2024-10-18,0.2579239373431453
2024-10-18,36.74768518518518,3.061507936507965,,,2024-10-18,0.2903498466436768
2024-10-18,36.74768518518518,3.0628306878307168,,,2024-10-18,0.3603607437968025
2024-10-18,36.74861111111111,3.057539682539712,,,2024-10-18,0.26814488002100434
2024-10-18,36.74861111111111,3.0588624338624637,,,2024-10-18,0.18472492001821167
2024-10-18,36.74861111111111,3.0601851851852153,,,2024-10-18,0.15531624674691102
2024-10-18,36.74861111111111,3.061507936507965,,,2024-10-18,0.20469782110899754
2024-10-18,36.74861111111111,3.0628306878307168,,,2024-10-18,0.29573210928483373
2024-10-18,36.74953703703704,3.057539682539712,,,2024-10-18,0.22516724453269812
2024-10-18,36.74953703703704,3.0588624338624637,,,2024-10-18,0.11367657315247216
2024-10-18,36.74953703703704,3.0601851851852153,,,2024-10-18,0.05405852740642433
2024-10-18,36.74953703703704,3.061507936507965,,,2024-10-18,0.14387554106688039
2024-10-18,36.74953703703704,3.0628306878307168,,,2024-10-18,0.2574022223605488
2024-10-18,36.75046296296296,3.057539682539712,,,2024-10-18,0.22516595693912034
2024-10-18,36.75046296296296,3.0588624338624637,,,2024-10-18,0.11367602791756166
2024-10-18,36.75046296296296,3.0601851851852153,,,2024-10-18,0.05405849702281984
2024-10-18,36.75046296296296,3.061507936507965,,,2024-10-18,0.14387478409339177
2024-10-18,36.75046296296296,3.0628306878307168,,,2024-10-18,0.25740073137508096
2024-10-18,36.75138888888889,3.057539682539712,,,2024-10-18,0.2681416363474062
2024-10-18,36.75138888888889,3.0588624338624637,,,2024-10-18,0.18472391343301875
2024-10-18,36.75138888888889,3.0601851851852153,,,2024-10-18,0.1553162150214607
2024-10-18,36.75138888888889,3.061507936507965,,,2024-10-18,0.20469622494972564
2024-10-18,36.75138888888889,3.0628306878307168,,,2024-10-18,0.29572821605468813
2024-10-18,36.75231481481482,3.057539682539712,,,2024-10-18,0.33808427195944535
2024-10-18,36.75231481481482,3.0588624338624637,,,2024-10-18,0.27663047174165517
2024-10-18,36.75231481481482,3.0601851851852153,,,2024-10-18,0.2579239055025071
2024-10-18,36.75231481481482,3.061507936507965,,,2024-10-18,0.2903479711469829
2024-10-18,36.75231481481482,3.0628306878307168,,,2024-10-18,0.3603554187897976
2024-10-19,36.74768518518518,3.057539682539712,,,2024-10-19,0.3380885596660119
2024-10-19,36.74768518518518,3.0588624338624637,,,2024-10-19,0.276631592011625
2024-10-19,36.74768518518518,3.0601851851852153,,,2024-10-19,0.2579239373431453
2024-10-19,36.74768518518518,3.061507936507965,,,2024-10-19,0.2903498466436768
2024-10-19,36.74768518518518,3.0628306878307168,,,2024-10-19,0.3603607437968025
2024-10-19,36.74861111111111,3.057539682539712,,,2024-10-19,0.26814488002100434
2024-10-19,36.74861111111111,3.0588624338624637,,,2024-10-19,0.18472492001821167
2024-10-19,36.74861111111111,3.0601851851852153,,,2024-10-19,0.15531624674691102
2024-10-19,36.74861111111111,3.061507936507965,,,2024-10-19,0.20469782110899754
2024-10-19,36.74861111111111,3.0628306878307168,,,2024-10-19,0.29573210928483373
2024-10-19,36.74953703703704,3.057539682539712,,,2024-10-19,0.22516724453269812
2024-10-19,36.74953703703704,3.0588624338624637,,,2024-10-19,0.11367657315247216
2024-10-19,36.74953703703704,3.0601851851852153,,,2024-10-19,0.05405852740642433
2024-10-19,36.74953703703704,3.061507936507965,,,2024-10-19,0.14387554106688039
2024-10-19,36.74953703703704,3.0628306878307168,,,2024-10-19,0.2574022223605488
2024-10-19,36.75046296296296,3.057539682539712,,,2024-10-19,0.22516595693912034
2024-10-19,36.75046296296296,3.0588624338624637,,,2024-10-19,0.11367602791756166
2024-10-19,36.75046296296296,3.0601851851852153,,,2024-10-19,0.05405849702281984
2024-10-19,36.75046296296296,3.061507936507965,,,2024-10-19,0.14387478409339177
2024-10-19,36.75046296296296,3.0628306878307168,,,2024-10-19,0.25740073137508096
2024-10-19,36.75138888888889,3.057539682539712,,,2024-10-19,0.2681416363474062
2024-10-19,36.75138888888889,3.0588624338624637,,,2024-10-19,0.18472391343301875
2024-10-19,36.75138888888889,3.0601851851852153,,,2024-10-19,0.1553162150214607
2024-10-19,36.75138888888889,3.061507936507965,,,2024-10-19,0.20469622494972564
2024-10-19,36.75138888888889,3.0628306878307168,,,2024-10-19,0.29572821605468813
2024-10-19,36.75231481481482,3.057539682539712,,,2024-10-19,0.33808427195944535
2024-10-19,36.75231481481482,3.0588624338624637,,,2024-10-19,0.27663047174165517
2024-10-19,36.75231481481482,3.0601851851852153,,,2024-10-19,0.2579239055025071
2024-10-19,36.75231481481482,3.061507936507965,,,2024-10-19,0.2903479711469829
2024-10-19,36.75231481481482,3.0628306878307168,,,2024-10-19,0.3603554187897976
2024-10-20,36.74768518518518,3.057539682539712,,,2024-10-20,0.3380885596660119
2024-10-20,36.74768518518518,3.0588624338624637,,,2024-10-20,0.276631592011625
2024-10-20,36.74768518518518,3.0601851851852153,,,2024-10-20,0.2579239373431453
2024-10-20,36.74768518518518,3.061507936507965,,,2024-10-20,0.2903498466436768
2024-10-20,36.74768518518518,3.0628306878307168,,,2024-10-20,0.3603607437968025
2024-10-20,36.74861111111111,3.057539682539712,,,2024-10-20,0.26814488002100434
2024-10-20,36.74861111111111,3.0588624338624637,,,2024-10-20,0.18472492001821167
2024-10-20,36.74861111111111,3.0601851851852153,,,2024-10-20,0.15531624674691102
2024-10-20,36.74861111111111,3.061507936507965,,,2024-10-20,0.20469782110899754
2024-10-20,36.74861111111111,3.0628306878307168,,,2024-10-20,0.29573210928483373
2024-10-20,36.74953703703704,3.057539682539712,,,2024-10-20,0.22516724453269812
2024-10-20,36.74953703703704,3.0588624338624637,,,2024-10-20,0.11367657315247216
2024-10-20,36.74953703703704,3.0601851851852153,,,2024-10-20,0.05405852740642433
2024-10-20,36.74953703703704,3.061507936507965,,,2024-10-20,0.14387554106688039
2024-10-20,36.74953703703704,3.0628306878307168,,,2024-10-20,0.2574022223605488
2024-10-20,36.75046296296296,3.057539682539712,,,2024-10-20,0.22516595693912034
2024-10-20,36.75046296296296,3.0588624338624637,,,2024-10-20,0.11367602791756166
2024-10-20,36.75046296296296,3.0601851851852153,,,2024-10-20,0.05405849702281984
2024-10-20,36.75046296296296,3.061507936507965,,,2024-10-20,0.14387478409339177
2024-10-20,36.75046296296296,3.0628306878307168,,,2024-10-20,0.25740073137508096
2024-10-20,36.75138888888889,3.057539682539712,,,2024-10-20,0.2681416363474062
2024-10-20,36.75138888888889,3.0588624338624637,,,2024-10-20,0.18472391343301875
2024-10-20,36.75138888888889,3.0601851851852153,,,2024-10-20,0.1553162150214607
2024-10-20,36.75138888888889,3.061507936507965,,,2024-10-20,0.20469622494972564
2024-10-20,36.75138888888889,3.0628306878307168,,,2024-10-20,0.29572821605468813
2024-10-20,36.75231481481482,3.057539682539712,,,2024-10-20,0.33808427195944535
2024-10-20,36.75231481481482,3.0588624338624637,,,2024-10-20,0.27663047174165517
2024-10-20,36.75231481481482,3.0601851851852153,,,2024-10-20,0.2579239055025071
2024-10-20,36.75231481481482,3.061507936507965,,,2024-10-20,0.2903479711469829
2024-10-20,36.75231481481482,3.0628306878307168,,,2024-10-20,0.3603554187897976
2024-10-21,36.74768518518518,3.057539682539712,,,2024-10-21,0.3380885596660119
2024-10-21,36.74768518518518,3.0588624338624637,,,2024-10-21,0.276631592011625
2024-10-21,36.74768518518518,3.0601851851852153,,,2024-10-21,0.2579239373431453
2024-10-21,36.74768518518518,3.061507936507965,,,2024-10-21,0.2903498466436768
2024-10-21,36.74768518518518,3.0628306878307168,,,2024-10-21,0.3603607437968025
2024-10-21,36.74861111111111,3.057539682539712,,,2024-10-21,0.26814488002100434
2024-10-21,36.74861111111111,3.0588624338624637,,,2024-10-21,0.18472492001821167
2024-10-21,36.74861111111111,3.0601851851852153,,,2024-10-21,0.15531624674691102
2024-10-21,36.74861111111111,3.061507936507965,,,2024-10-21,0.20469782110899754
2024-10-21,36.74861111111111,3.0628306878307168,,,2024-10-21,0.29573210928483373
2024-10-21,36.74953703703704,3.057539682539712,,,2024-10-21,0.22516724453269812
2024-10-21,36.74953703703704,3.0588624338624637,,,2024-10-21,0.11367657315247216
2024-10-21,36.74953703703704,3.0601851851852153,,,2024-10-21,0.05405852740642433
2024-10-21,36.74953703703704,3.061507936507965,,,2024-10-21,0.14387554106688039
2024-10-21,36.74953703703704,3.0628306878307168,,,2024-10-21,0.2574022223605488
2024-10-21,36.75046296296296,3.057539682539712,,,2024-10-21,0.22516595693912034
2024-10-21,36.75046296296296,3.0588624338624637,,,2024-10-21,0.11367602791756166
2024-10-21,36.75046296296296,3.0601851851852153,,,2024-10-21,0.05405849702281984
2024-10-21,36.75046296296296,3.061507936507965,,,2024-10-21,0.14387478409339177
2024-10-21,36.75046296296296,3.0628306878307168,,,2024-10-21,0.25740073137508096
2024-10-21,36.75138888888889,3.057539682539712,,,2024-10-21,0.2681416363474062
2024-10-21,36.75138888888889,3.0588624338624637,,,2024-10-21,0.18472391343301875
2024-10-21,36.75138888888889,3.0601851851852153,,,2024-10-21,0.1553162150214607
2024-10-21,36.75138888888889,3.061507936507965,,,2024-10-21,0.20469622494972564
2024-10-21,36.75138888888889,3.0628306878307168,,,2024-10-21,0.29572821605468813
2024-10-21,36.75231481481482,3.057539682539712,,,2024-10-21,0.33808427195944535
2024-10-21,36.75231481481482,3.0588624338624637,,,2024-10-21,0.27663047174165517
2024-10-21,36.75231481481482,3.0601851851852153,,,2024-10-21,0.2579239055025071
2024-10-21,36.75231481481482,3.061507936507965,,,2024-10-21,0.2903479711469829
2024-10-21,36.75231481481482,3.0628306878307168,,,2024-10-21,0.3603554187897976
2024-10-22,36.74768518518518,3.057539682539712,,,2024-10-22,0.3380885596660119
2024-10-22,36.74768518518518,3.0588624338624637,,,2024-10-22,0.276631592011625
2024-10-22,36.74768518518518,3.0601851851852153,,,2024-10-22,0.2579239373431453
2024-10-22,36.74768518518518,3.061507936507965,,,2024-10-22,0.2903498466436768
2024-10-22,36.74768518518518,3.0628306878307168,,,2024-10-22,0.3603607437968025
2024-10-22,36.74861111111111,3.057539682539712,,,2024-10-22,0.26814488002100434
2024-10-22,36.74861111111111,3.0588624338624637,,,2024-10-22,0.18472492001821167
2024-10-22,36.74861111111111,3.0601851851852153,,,2024-10-22,0.15531624674691102
2024-10-22,36.74861111111111,3.061507936507965,,,2024-10-22,0.20469782110899754
2024-10-22,36.74861111111111,3.0628306878307168,,,2024-10-22,0.29573210928483373
2024-10-22,36.74953703703704,3.057539682539712,,,2024-10-22,0.22516724453269812
2024-10-22,36.74953703703704,3.0588624338624637,,,2024-10-22,0.11367657315247216
2024-10-22,36.74953703703704,3.0601851851852153,,,2024-10-22,0.05405852740642433
2024-10-22,36.74953703703704,3.061507936507965,,,2024-10-22,0.14387554106688039
2024-10-22,36.74953703703704,3.0628306878307168,,,2024-10-22,0.2574022223605488
2024-10-22,36.75046296296296,3.057539682539712,,,2024-10-22,0.22516595693912034
2024-10-22,36.75046296296296,3.0588624338624637,,,2024-10-22,0.11367602791756166
2024-10-22,36.75046296296296,3.0601851851852153,,,2024-10-22,0.05405849702281984
2024-10-22,36.75046296296296,3.061507936507965,,,2024-10-22,0.14387478409339177
2024-10-22,36.75046296296296,3.0628306878307168,,,2024-10-22,0.25740073137508096
2024-10-22,36.75138888888889,3.057539682539712,,,2024-10-22,0.2681416363474062
2024-10-22,36.75138888888889,3.0588624338624637,,,2024-10-22,0.18472391343301875
2024-10-22,36.75138888888889,3.0601851851852153,,,2024-10-22,0.1553162150214607
2024-10-22,36.75138888888889,3.061507936507965,,,2024-10-22,0.20469622494972564
2024-10-22,36.75138888888889,3.0628306878307168,,,2024-10-22,0.29572821605468813
2024-10-22,36.75231481481482,3.057539682539712,,,2024-10-22,0.33808427195944535
2024-10-22,36.75231481481482,3.0588624338624637,,,2024-10-22,0.27663047174165517
2024-10-22,36.75231481481482,3.0601851851852153,,,2024-10-22,0.2579239055025071
2024-10-22,36.75231481481482,3.061507936507965,,,2024-10-22,0.2903479711469829
2024-10-22,36.75231481481482,3.0628306878307168,,,2024-10-22,0.3603554187897976
2024-10-23,36.74768518518518,3.057539682539712,,,2024-10-23,0.3380885596660119
2024-10-23,36.74768518518518,3.0588624338624637,,,2024-10-23,0.276631592011625
2024-10-23,36.74768518518518,3.0601851851852153,,,2024-10-23,0.2579239373431453
2024-10-23,36.74768518518518,3.061507936507965,,,2024-10-23,0.2903498466436768
2024-10-23,36.74768518518518,3.0628306878307168,,,2024-10-23,0.3603607437968025
2024-10-23,36.74861111111111,3.057539682539712,,,2024-10-23,0.26814488002100434
2024-10-23,36.74861111111111,3.0588624338624637,,,2024-10-23,0.18472492001821167
2024-10-23,36.74861111111111,3.0601851851852153,,,2024-10-23,0.15531624674691102
2024-10-23,36.74861111111111,3.061507936507965,,,2024-10-23,0.20469782110899754
2024-10-23,36.74861111111111,3.0628306878307168,,,2024-10-23,0.29573210928483373
2024-10-23,36.74953703703704,3.057539682539712,,,2024-10-23,0.22516724453269812
2024-10-23,36.74953703703704,3.0588624338624637,,,2024-10-23,0.11367657315247216
2024-10-23,36.74953703703704,3.0601851851852153,,,2024-10-23,0.05405852740642433
2024-10-23,36.74953703703704,3.061507936507965,,,2024-10-23,0.14387554106688039
2024-10-23,36.74953703703704,3.0628306878307168,,,2024-10-23,0.2574022223605488
2024-10-23,36.75046296296296,3.057539682539712,,,2024-10-23,0.22516595693912034
2024-10-23,36.75046296296296,3.0588624338624637,,,2024-10-23,0.11367602791756166
2024-10-23,36.75046296296296,3.0601851851852153,,,2024-10-23,0.05405849702281984
2024-10-23,36.75046296296296,3.061507936507965,,,2024-10-23,0.14387478409339177
2024-10-23,36.75046296296296,3.0628306878307168,,,2024-10-23,0.25740073137508096
2024-10-23,36.75138888888889,3.057539682539712,,,2024-10-23,0.2681416363474062
2024-10-23,36.75138888888889,3.0588624338624637,,,2024-10-23,0.18472391343301875
2024-10-23,36.75138888888889,3.0601851851852153,,,2024-10-23,0.1553162150214607
2024-10-23,36.75138888888889,3.061507936507965,,,2024-10-23,0.20469622494972564
2024-10-23,36.75138888888889,3.0628306878307168,,,2024-10-23,0.29572821605468813
2024-10-23,36.75231481481482,3.057539682539712,,,2024-10-23,0.33808427195944535
2024-10-23,36.75231481481482,3.0588624338624637,,,2024-10-23,0.27663047174165517
2024-10-23,36.75231481481482,3.0601851851852153,,,2024-10-23,0.2579239055025071
2024-10-23,36.75231481481482,3.061507936507965,,,2024-10-23,0.2903479711469829
2024-10-23,36.75231481481482,3.0628306878307168,,,2024-10-23,0.3603554187897976
2024-10-24,36.74768518518518,3.057539682539712,,,2024-10-24,0.3380885596660119
2024-10-24,36.74768518518518,3.0588624338624637,,,2024-10-24,0.276631592011625
2024-10-24,36.74768518518518,3.0601851851852153,,,2024-10-24,0.2579239373431453
2024-10-24,36.74768518518518,3.061507936507965,,,2024-10-24,0.2903498466436768
2024-10-24,36.74768518518518,3.0628306878307168,,,2024-10-24,0.3603607437968025
2024-10-24,36.74861111111111,3.057539682539712,,,2024-10-24,0.26814488002100434
2024-10-24,36.74861111111111,3.0588624338624637,,,2024-10-24,0.18472492001821167
2024-10-24,36.74861111111111,3.0601851851852153,,,2024-10-24,0.15531624674691102
2024-10-24,36.74861111111111,3.061507936507965,,,2024-10-24,0.20469782110899754
2024-10-24,36.74861111111111,3.0628306878307168,,,2024-10-24,0.29573210928483373
2024-10-24,36.74953703703704,3.057539682539712,,,2024-10-24,0.22516724453269812
2024-10-24,36.74953703703704,3.0588624338624637,,,2024-10-24,0.11367657315247216
2024-10-24,36.74953703703704,3.0601851851852153,,,2024-10-24,0.05405852740642433
2024-10-24,36.74953703703704,3.061507936507965,,,2024-10-24,0.14387554106688039
2024-10-24,36.74953703703704,3.0628306878307168,,,2024-10-24,0.2574022223605488
2024-10-24,36.75046296296296,3.057539682539712,,,2024-10-24,0.22516595693912034
2024-10-24,36.75046296296296,3.0588624338624637,,,2024-10-24,0.11367602791756166
2024-10-24,36.75046296296296,3.0601851851852153,,,2024-10-24,0.05405849702281984
2024-10-24,36.75046296296296,3.061507936507965,,,2024-10-24,0.14387478409339177
2024-10-24,36.75046296296296,3.0628306878307168,,,2024-10-24,0.25740073137508096
2024-10-24,36.75138888888889,3.057539682539712,,,2024-10-24,0.2681416363474062
2024-10-24,36.75138888888889,3.0588624338624637,,,2024-10-24,0.18472391343301875
2024-10-24,36.75138888888889,3.0601851851852153,,,2024-10-24,0.1553162150214607
2024-10-24,36.75138888888889,3.061507936507965,,,2024-10-24,0.20469622494972564
2024-10-24,36.75138888888889,3.0628306878307168,,,2024-10-24,0.29572821605468813
2024-10-24,36.75231481481482,3.057539682539712,,,2024-10-24,0.33808427195944535
2024-10-24,36.75231481481482,3.0588624338624637,,,2024-10-24,0.27663047174165517
2024-10-24,36.75231481481482,3.0601851851852153,,,2024-10-24,0.2579239055025071
2024-10-24,36.75231481481482,3.061507936507965,,,2024-10-24,0.2903479711469829
2024-10-24,36.75231481481482,3.0628306878307168,,,2024-10-24,0.3603554187897976
2024-10-25,36.74768518518518,3.057539682539712,,,2024-10-25,0.3380885596660119
2024-10-25,36.74768518518518,3.0588624338624637,,,2024-10-25,0.276631592011625
2024-10-25,36.74768518518518,3.0601851851852153,,,2024-10-25,0.2579239373431453
2024-10-25,36.74768518518518,3.061507936507965,,,2024-10-25,0.2903498466436768
2024-10-25,36.74768518518518,3.0628306878307168,,,2024-10-25,0.3603607437968025
2024-10-25,36.74861111111111,3.057539682539712,,,2024-10-25,0.26814488002100434
2024-10-25,36.74861111111111,3.0588624338624637,,,2024-10-25,0.18472492001821167
2024-10-25,36.74861111111111,3.0601851851852153,,,2024-10-25,0.15531624674691102
2024-10-25,36.74861111111111,3.061507936507965,,,2024-10-25,0.20469782110899754
2024-10-25,36.74861111111111,3.0628306878307168,,,2024-10-25,0.29573210928483373
2024-10-25,36.74953703703704,3.057539682539712,,,2024-10-25,0.22516724453269812
2024-10-25,36.74953703703704,3.0588624338624637,,,2024-10-25,0.11367657315247216
2024-10-25,36.74953703703704,3.0601851851852153,,,2024-10-25,0.05405852740642433
2024-10-25,36.74953703703704,3.061507936507965,,,2024-10-25,0.14387554106688039
2024-10-25,36.74953703703704,3.0628306878307168,,,2024-10-25,0.2574022223605488
2024-10-25,36.75046296296296,3.057539682539712,,,2024-10-25,0.22516595693912034
2024-10-25,36.75046296296296,3.0588624338624637,,,2024-10-25,0.11367602791756166
2024-10-25,36.75046296296296,3.0601851851852153,,,2024-10-25,0.05405849702281984
2024-10-25,36.75046296296296,3.061507936507965,,,2024-10-25,0.14387478409339177
2024-10-25,36.75046296296296,3.0628306878307168,,,2024-10-25,0.25740073137508096
2024-10-25,36.75138888888889,3.057539682539712,,,2024-10-25,0.2681416363474062
2024-10-25,36.75138888888889,3.0588624338624637,,,2024-10-25,0.18472391343301875
2024-10-25,36.75138888888889,3.0601851851852153,,,2024-10-25,0.1553162150214607
2024-10-25,36.75138888888889,3.061507936507965,,,2024-10-25,0.20469622494972564
2024-10-25,36.75138888888889,3.0628306878307168,,,2024-10-25,0.29572821605468813
2024-10-25,36.75231481481482,3.057539682539712,,,2024-10-25,0.33808427195944535
2024-10-25,36.75231481481482,3.0588624338624637,,,2024-10-25,0.27663047174165517
2024-10-25,36.75231481481482,3.0601851851852153,,,2024-10-25,0.2579239055025071
2024-10-25,36.75231481481482,3.061507936507965,,,2024-10-25,0.2903479711469829
2024-10-25,36.75231481481482,3.0628306878307168,,,2024-10-25,0.3603554187897976
2024-10-26,36.74768518518518,3.057539682539712,,,2024-10-26,0.3380885596660119
2024-10-26,36.74768518518518,3.0588624338624637,,,2024-10-26,0.276631592011625
2024-10-26,36.74768518518518,3.0601851851852153,,,2024-10-26,0.2579239373431453
2024-10-26,36.74768518518518,3.061507936507965,,,2024-10-26,0.2903498466436768
2024-10-26,36.74768518518518,3.0628306878307168,,,2024-10-26,0.3603607437968025
2024-10-26,36.74861111111111,3.057539682539712,,,2024-10-26,0.26814488002100434
2024-10-26,36.74861111111111,3.0588624338624637,,,2024-10-26,0.18472492001821167
2024-10-26,36.74861111111111,3.0601851851852153,,,2024-10-26,0.15531624674691102
2024-10-26,36.74861111111111,3.061507936507965,,,2024-10-26,0.20469782110899754
2024-10-26,36.74861111111111,3.0628306878307168,,,2024-10-26,0.29573210928483373
2024-10-26,36.74953703703704,3.057539682539712,,,2024-10-26,0.22516724453269812
2024-10-26,36.74953703703704,3.0588624338624637,,,2024-10-26,0.11367657315247216
2024-10-26,36.74953703703704,3.0601851851852153,,,2024-10-26,0.05405852740642433
2024-10-26,36.74953703703704,3.061507936507965,,,2024-10-26,0.14387554106688039
2024-10-26,36.74953703703704,3.0628306878307168,,,2024-10-26,0.2574022223605488
2024-10-26,36.75046296296296,3.057539682539712,,,2024-10-26,0.22516595693912034
2024-10-26,36.75046296296296,3.0588624338624637,,,2024-10-26,0.11367602791756166
2024-10-26,36.75046296296296,3.0601851851852153,,,2024-10-26,0.05405849702281984
2024-10-26,36.75046296296296,3.061507936507965,,,2024-10-26,0.14387478409339177
2024-10-26,36.75046296296296,3.0628306878307168,,,2024-10-26,0.25740073137508096
2024-10-26,36.75138888888889,3.057539682539712,,,2024-10-26,0.2681416363474062
2024-10-26,36.75138888888889,3.0588624338624637,,,2024-10-26,0.18472391343301875
2024-10-26,36.75138888888889,3.0601851851852153,,,2024-10-26,0.1553162150214607
2024-10-26,36.75138888888889,3.061507936507965,,,2024-10-26,0.20469622494972564
2024-10-26,36.75138888888889,3.0628306878307168,,,2024-10-26,0.29572821605468813
2024-10-26,36.75231481481482,3.057539682539712,,,2024-10-26,0.33808427195944535
2024-10-26,36.75231481481482,3.0588624338624637,,,2024-10-26,0.27663047174165517
2024-10-26,36.75231481481482,3.0601851851852153,,,2024-10-26,0.2579239055025071
2024-10-26,36.75231481481482,3.061507936507965,,,2024-10-26,0.2903479711469829
2024-10-26,36.75231481481482,3.0628306878307168,,,2024-10-26,0.3603554187897976
2024-10-27,36.74768518518518,3.057539682539712,,,2024-10-27,0.3380885596660119
2024-10-27,36.74768518518518,3.0588624338624637,,,2024-10-27,0.276631592011625
2024-10-27,36.74768518518518,3.0601851851852153,,,2024-10-27,0.2579239373431453
2024-10-27,36.74768518518518,3.061507936507965,,,2024-10-27,0.2903498466436768
2024-10-27,36.74768518518518,3.0628306878307168,,,2024-10-27,0.3603607437968025
2024-10-27,36.74861111111111,3.057539682539712,,,2024-10-27,0.26814488002100434
2024-10-27,36.74861111111111,3.0588624338624637,,,2024-10-27,0.18472492001821167
2024-10-27,36.74861111111111,3.0601851851852153,,,2024-10-27,0.15531624674691102
2024-10-27,36.74861111111111,3.061507936507965,,,2024-10-27,0.20469782110899754
2024-10-27,36.74861111111111,3.0628306878307168,,,2024-10-27,0.29573210928483373
2024-10-27,36.74953703703704,3.057539682539712,,,2024-10-27,0.22516724453269812
2024-10-27,36.74953703703704,3.0588624338624637,,,2024-10-27,0.11367657315247216
2024-10-27,36.74953703703704,3.0601851851852153,,,2024-10-27,0.05405852740642433
2024-10-27,36.74953703703704,3.061507936507965,,,2024-10-27,0.14387554106688039
2024-10-27,36.74953703703704,3.0628306878307168,,,2024-10-27,0.2574022223605488
2024-10-27,36.75046296296296,3.057539682539712,,,2024-10-27,0.22516595693912034
2024-10-27,36.75046296296296,3.0588624338624637,,,2024-10-27,0.11367602791756166
2024-10-27,36.75046296296296,3.0601851851852153,,,2024-10-27,0.05405849702281984
2024-10-27,36.75046296296296,3.061507936507965,,,2024-10-27,0.14387478409339177
2024-10-27,36.75046296296296,3.0628306878307168,,,2024-10-27,0.25740073137508096
2024-10-27,36.75138888888889,3.057539682539712,,,2024-10-27,0.2681416363474062
2024-10-27,36.75138888888889,3.0588624338624637,,,2024-10-27,0.18472391343301875
2024-10-27,36.75138888888889,3.0601851851852153,,,2024-10-27,0.1553162150214607
2024-10-27,36.75138888888889,3.061507936507965,,,2024-10-27,0.20469622494972564
2024-10-27,36.75138888888889,3.0628306878307168,,,2024-10-27,0.29572821605468813
2024-10-27,36.75231481481482,3.057539682539712,,,2024-10-27,0.33808427195944535
2024-10-27,36.75231481481482,3.0588624338624637,,,2024-10-27,0.27663047174165517
2024-10-27,36.75231481481482,3.0601851851852153,,,2024-10-27,0.2579239055025071
2024-10-27,36.75231481481482,3.061507936507965,,,2024-10-27,0.2903479711469829
2024-10-27,36.75231481481482,3.0628306878307168,,,2024-10-27,0.3603554187897976
2024-10-28,36.74768518518518,3.057539682539712,,,2024-10-28,0.3380885596660119
2024-10-28,36.74768518518518,3.0588624338624637,,,2024-10-28,0.276631592011625
2024-10-28,36.74768518518518,3.0601851851852153,,,2024-10-28,0.2579239373431453
2024-10-28,36.74768518518518,3.061507936507965,,,2024-10-28,0.2903498466436768
2024-10-28,36.74768518518518,3.0628306878307168,,,2024-10-28,0.3603607437968025
2024-10-28,36.74861111111111,3.057539682539712,,,2024-10-28,0.26814488002100434
2024-10-28,36.74861111111111,3.0588624338624637,,,2024-10-28,0.18472492001821167
2024-10-28,36.74861111111111,3.0601851851852153,,,2024-10-28,0.15531624674691102
2024-10-28,36.74861111111111,3.061507936507965,,,2024-10-28,0.20469782110899754
2024-10-28,36.74861111111111,3.0628306878307168,,,2024-10-28,0.29573210928483373
2024-10-28,36.74953703703704,3.057539682539712,,,2024-10-28,0.22516724453269812
2024-10-28,36.74953703703704,3.0588624338624637,,,2024-10-28,0.11367657315247216
2024-10-28,36.74953703703704,3.0601851851852153,,,2024-10-28,0.05405852740642433
2024-10-28,36.74953703703704,3.061507936507965,,,2024-10-28,0.14387554106688039
2024-10-28,36.74953703703704,3.0628306878307168,,,2024-10-28,0.2574022223605488
2024-10-28,36.75046296296296,3.057539682539712,,,2024-10-28,0.22516595693912034
2024-10-28,36.75046296296296,3.0588624338624637,,,2024-10-28,0.11367602791756166
2024-10-28,36.75046296296296,3.0601851851852153,,,2024-10-28,0.05405849702281984
2024-10-28,36.75046296296296,3.061507936507965,,,2024-10-28,0.14387478409339177
2024-10-28,36.75046296296296,3.0628306878307168,,,2024-10-28,0.25740073137508096
2024-10-28,36.75138888888889,3.057539682539712,,,2024-10-28,0.2681416363474062
2024-10-28,36.75138888888889,3.0588624338624637,,,2024-10-28,0.18472391343301875
2024-10-28,36.75138888888889,3.0601851851852153,,,2024-10-28,0.1553162150214607
2024-10-28,36.75138888888889,3.061507936507965,,,2024-10-28,0.20469622494972564
2024-10-28,36.75138888888889,3.0628306878307168,,,2024-10-28,0.29572821605468813
2024-10-28,36.75231481481482,3.057539682539712,,,2024-10-28,0.33808427195944535
2024-10-28,36.75231481481482,3.0588624338624637,,,2024-10-28,0.27663047174165517
2024-10-28,36.75231481481482,3.0601851851852153,,,2024-10-28,0.2579239055025071
2024-10-28,36.75231481481482,3.061507936507965,,,2024-10-28,0.2903479711469829
2024-10-28,36.75231481481482,3.0628306878307168,,,2024-10-28,0.3603554187897976
2024-10-29,36.74768518518518,3.057539682539712,,,2024-10-29,0.3380885596660119
2024-10-29,36.74768518518518,3.0588624338624637,,,2024-10-29,0.276631592011625
2024-10-29,36.74768518518518,3.0601851851852153,,,2024-10-29,0.2579239373431453
2024-10-29,36.74768518518518,3.061507936507965,,,2024-10-29,0.2903498466436768
2024-10-29,36.74768518518518,3.0628306878307168,,,2024-10-29,0.3603607437968025
2024-10-29,36.74861111111111,3.057539682539712,,,2024-10-29,0.26814488002100434
2024-10-29,36.74861111111111,3.0588624338624637,,,2024-10-29,0.18472492001821167
2024-10-29,36.74861111111111,3.0601851851852153,,,2024-10-29,0.15531624674691102
2024-10-29,36.74861111111111,3.061507936507965,,,2024-10-29,0.20469782110899754
2024-10-29,36.74861111111111,3.0628306878307168,,,2024-10-29,0.29573210928483373
2024-10-29,36.74953703703704,3.057539682539712,,,2024-10-29,0.22516724453269812
2024-10-29,36.74953703703704,3.0588624338624637,,,2024-10-29,0.11367657315247216
2024-10-29,36.74953703703704,3.0601851851852153,,,2024-10-29,0.05405852740642433
2024-10-29,36.74953703703704,3.061507936507965,,,2024-10-29,0.14387554106688039
2024-10-29,36.74953703703704,3.0628306878307168,,,2024-10-29,0.2574022223605488
2024-10-29,36.75046296296296,3.057539682539712,,,2024-10-29,0.22516595693912034
2024-10-29,36.75046296296296,3.0588624338624637,,,2024-10-29,0.11367602791756166
2024-10-29,36.75046296296296,3.0601851851852153,,,2024-10-29,0.05405849702281984
2024-10-29,36.75046296296296,3.061507936507965,,,2024-10-29,0.14387478409339177
2024-10-29,36.75046296296296,3.0628306878307168,,,2024-10-29,0.25740073137508096
2024-10-29,36.75138888888889,3.057539682539712,,,2024-10-29,0.2681416363474062
2024-10-29,36.75138888888889,3.0588624338624637,,,2024-10-29,0.18472391343301875
2024-10-29,36.75138888888889,3.0601851851852153,,,2024-10-29,0.1553162150214607
2024-10-29,36.75138888888889,3.061507936507965,,,2024-10-29,0.20469622494972564
2024-10-29,36.75138888888889,3.0628306878307168,,,2024-10-29,0.29572821605468813
2024-10-29,36.75231481481482,3.057539682539712,,,2024-10-29,0.33808427195944535
2024-10-29,36.75231481481482,3.0588624338624637,,,2024-10-29,0.27663047174165517
2024-10-29,36.75231481481482,3.0601851851852153,,,2024-10-29,0.2579239055025071
2024-10-29,36.75231481481482,3.061507936507965,,,2024-10-29,0.2903479711469829
2024-10-29,36.75231481481482,3.0628306878307168,,,2024-10-29,0.3603554187897976
2024-10-30,36.74768518518518,3.057539682539712,,,2024-10-30,0.3380885596660119
2024-10-30,36.74768518518518,3.0588624338624637,,,2024-10-30,0.276631592011625
2024-10-30,36.74768518518518,3.0601851851852153,,,2024-10-30,0.2579239373431453
2024-10-30,36.74768518518518,3.061507936507965,,,2024-10-30,0.2903498466436768
2024-10-30,36.74768518518518,3.0628306878307168,,,2024-10-30,0.3603607437968025
2024-10-30,36.74861111111111,3.057539682539712,,,2024-10-30,0.26814488002100434
2024-10-30,36.74861111111111,3.0588624338624637,,,2024-10-30,0.18472492001821167
2024-10-30,36.74861111111111,3.0601851851852153,,,2024-10-30,0.15531624674691102
2024-10-30,36.74861111111111,3.061507936507965,,,2024-10-30,0.20469782110899754
2024-10-30,36.74861111111111,3.0628306878307168,,,2024-10-30,0.29573210928483373
2024-10-30,36.74953703703704,3.057539682539712,,,2024-10-30,0.22516724453269812
2024-10-30,36.74953703703704,3.0588624338624637,,,2024-10-30,0.11367657315247216
2024-10-30,36.74953703703704,3.0601851851852153,,,2024-10-30,0.05405852740642433
2024-10-30,36.74953703703704,3.061507936507965,,,2024-10-30,0.14387554106688039
2024-10-30,36.74953703703704,3.0628306878307168,,,2024-10-30,0.2574022223605488
2024-10-30,36.75046296296296,3.057539682539712,,,2024-10-30,0.22516595693912034
2024-10-30,36.75046296296296,3.0588624338624637,,,2024-10-30,0.11367602791756166
2024-10-30,36.75046296296296,3.0601851851852153,,,2024-10-30,0.05405849702281984
2024-10-30,36.75046296296296,3.061507936507965,,,2024-10-30,0.14387478409339177
2024-10-30,36.75046296296296,3.0628306878307168,,,2024-10-30,0.25740073137508096
2024-10-30,36.75138888888889,3.057539682539712,,,2024-10-30,0.2681416363474062
2024-10-30,36.75138888888889,3.0588624338624637,,,2024-10-30,0.18472391343301875
2024-10-30,36.75138888888889,3.0601851851852153,,,2024-10-30,0.1553162150214607
2024-10-30,36.75138888888889,3.061507936507965,,,2024-10-30,0.20469622494972564
2024-10-30,36.75138888888889,3.0628306878307168,,,2024-10-30,0.29572821605468813
2024-10-30,36.75231481481482,3.057539682539712,,,2024-10-30,0.33808427195944535
2024-10-30,36.75231481481482,3.0588624338624637,,,2024-10-30,0.27663047174165517
2024-10-30,36.75231481481482,3.0601851851852153,,,2024-10-30,0.2579239055025071
2024-10-30,36.75231481481482,3.061507936507965,,,2024-10-30,0.2903479711469829
2024-10-30,36.75231481481482,3.0628306878307168,,,2024-10-30,0.3603554187897976
2024-10-31,36.74768518518518,3.057539682539712,,,2024-10-31,0.3380885596660119
2024-10-31,36.74768518518518,3.0588624338624637,,,2024-10-31,0.276631592011625
2024-10-31,36.74768518518518,3.0601851851852153,,,2024-10-31,0.2579239373431453
2024-10-31,36.74768518518518,3.061507936507965,,,2024-10-31,0.2903498466436768
2024-10-31,36.74768518518518,3.0628306878307168,,,2024-10-31,0.3603607437968025
2024-10-31,36.74861111111111,3.057539682539712,,,2024-10-31,0.26814488002100434
2024-10-31,36.74861111111111,3.0588624338624637,,,2024-10-31,0.18472492001821167
2024-10-31,36.74861111111111,3.0601851851852153,,,2024-10-31,0.15531624674691102
2024-10-31,36.74861111111111,3.061507936507965,,,2024-10-31,0.20469782110899754
2024-10-31,36.74861111111111,3.0628306878307168,,,2024-10-31,0.29573210928483373
2024-10-31,36.74953703703704,3.057539682539712,,,2024-10-31,0.22516724453269812
2024-10-31,36.74953703703704,3.0588624338624637,,,2024-10-31,0.11367657315247216
2024-10-31,36.74953703703704,3.0601851851852153,,,2024-10-31,0.05405852740642433
2024-10-31,36.74953703703704,3.061507936507965,,,2024-10-31,0.14387554106688039
2024-10-31,36.74953703703704,3.0628306878307168,,,2024-10-31,0.2574022223605488
2024-10-31,36.75046296296296,3.057539682539712,,,2024-10-31,0.22516595693912034
2024-10-31,36.75046296296296,3.0588624338624637,,,2024-10-31,0.11367602791756166
2024-10-31,36.75046296296296,3.0601851851852153,,,2024-10-31,0.05405849702281984
2024-10-31,36.75046296296296,3.061507936507965,,,2024-10-31,0.14387478409339177
2024-10-31,36.75046296296296,3.0628306878307168,,,2024-10-31,0.25740073137508096
2024-10-31,36.75138888888889,3.057539682539712,,,2024-10-31,0.2681416363474062
2024-10-31,36.75138888888889,3.0588624338624637,,,2024-10-31,0.18472391343301875
2024-10-31,36.75138888888889,3.0601851851852153,,,2024-10-31,0.1553162150214607
2024-10-31,36.75138888888889,3.061507936507965,,,2024-10-31,0.20469622494972564
2024-10-31,36.75138888888889,3.0628306878307168,,,2024-10-31,0.29572821605468813
2024-10-31,36.75231481481482,3.057539682539712,,,2024-10-31,0.33808427195944535
2024-10-31,36.75231481481482,3.0588624338624637,,,2024-10-31,0.27663047174165517
2024-10-31,36.75231481481482,3.0601851851852153,,,2024-10-31,0.2579239055025071
2024-10-31,36.75231481481482,3.061507936507965,,,2024-10-31,0.2903479711469829
2024-10-31,36.75231481481482,3.0628306878307168,,,2024-10-31,0.3603554187897976
2024-11-01,36.74768518518518,3.057539682539712,,,2024-11-01,0.3380885596660119
2024-11-01,36.74768518518518,3.0588624338624637,,,2024-11-01,0.276631592011625
2024-11-01,36.74768518518518,3.0601851851852153,,,2024-11-01,0.2579239373431453
2024-11-01,36.74768518518518,3.061507936507965,,,2024-11-01,0.2903498466436768
2024-11-01,36.74768518518518,3.0628306878307168,,,2024-11-01,0.3603607437968025
2024-11-01,36.74861111111111,3.057539682539712,,,2024-11-01,0.26814488002100434
2024-11-01,36.74861111111111,3.0588624338624637,,,2024-11-01,0.18472492001821167
2024-11-01,36.74861111111111,3.0601851851852153,,,2024-11-01,0.15531624674691102
2024-11-01,36.74861111111111,3.061507936507965,,,2024-11-01,0.20469782110899754
2024-11-01,36.74861111111111,3.0628306878307168,,,2024-11-01,0.29573210928483373
2024-11-01,36.74953703703704,3.057539682539712,,,2024-11-01,0.22516724453269812
2024-11-01,36.74953703703704,3.0588624338624637,,,2024-11-01,0.11367657315247216
2024-11-01,36.74953703703704,3.0601851851852153,,,2024-11-01,0.05405852740642433
2024-11-01,36.74953703703704,3.061507936507965,,,2024-11-01,0.14387554106688039
2024-11-01,36.74953703703704,3.0628306878307168,,,2024-11-01,0.2574022223605488
2024-11-01,36.75046296296296,3.057539682539712,,,2024-11-01,0.22516595693912034
2024-11-01,36.75046296296296,3.0588624338624637,,,2024-11-01,0.11367602791756166
2024-11-01,36.75046296296296,3.0601851851852153,,,2024-11-01,0.05405849702281984
2024-11-01,36.75046296296296,3.061507936507965,,,2024-11-01,0.14387478409339177
2024-11-01,36.75046296296296,3.0628306878307168,,,2024-11-01,0.25740073137508096
2024-11-01,36.75138888888889,3.057539682539712,,,2024-11-01,0.2681416363474062
2024-11-01,36.75138888888889,3.0588624338624637,,,2024-11-01,0.18472391343301875
2024-11-01,36.75138888888889,3.0601851851852153,,,2024-11-01,0.1553162150214607
2024-11-01,36.75138888888889,3.061507936507965,,,2024-11-01,0.20469622494972564
2024-11-01,36.75138888888889,3.0628306878307168,,,2024-11-01,0.29572821605468813
2024-11-01,36.75231481481482,3.057539682539712,,,2024-11-01,0.33808427195944535
2024-11-01,36.75231481481482,3.0588624338624637,,,2024-11-01,0.27663047174165517
2024-11-01,36.75231481481482,3.0601851851852153,,,2024-11-01,0.2579239055025071
2024-11-01,36.75231481481482,3.061507936507965,,,2024-11-01,0.2903479711469829
2024-11-01,36.75231481481482,3.0628306878307168,,,2024-11-01,0.3603554187897976
2024-11-02,36.74768518518518,3.057539682539712,,,2024-11-02,0.3380885596660119
2024-11-02,36.74768518518518,3.0588624338624637,,,2024-11-02,0.276631592011625
2024-11-02,36.74768518518518,3.0601851851852153,,,2024-11-02,0.2579239373431453
2024-11-02,36.74768518518518,3.061507936507965,,,2024-11-02,0.2903498466436768
2024-11-02,36.74768518518518,3.0628306878307168,,,2024-11-02,0.3603607437968025
2024-11-02,36.74861111111111,3.057539682539712,,,2024-11-02,0.26814488002100434
2024-11-02,36.74861111111111,3.0588624338624637,,,2024-11-02,0.18472492001821167
2024-11-02,36.74861111111111,3.0601851851852153,,,2024-11-02,0.15531624674691102
2024-11-02,36.74861111111111,3.061507936507965,,,2024-11-02,0.20469782110899754
2024-11-02,36.74861111111111,3.0628306878307168,,,2024-11-02,0.29573210928483373
2024-11-02,36.74953703703704,3.057539682539712,,,2024-11-02,0.22516724453269812
2024-11-02,36.74953703703704,3.0588624338624637,,,2024-11-02,0.11367657315247216
2024-11-02,36.74953703703704,3.0601851851852153,,,2024-11-02,0.05405852740642433
2024-11-02,36.74953703703704,3.061507936507965,,,2024-11-02,0.14387554106688039
2024-11-02,36.74953703703704,3.0628306878307168,,,2024-11-02,0.2574022223605488
2024-11-02,36.75046296296296,3.057539682539712,,,2024-11-02,0.22516595693912034
2024-11-02,36.75046296296296,3.0588624338624637,,,2024-11-02,0.11367602791756166
2024-11-02,36.75046296296296,3.0601851851852153,,,2024-11-02,0.05405849702281984
2024-11-02,36.75046296296296,3.061507936507965,,,2024-11-02,0.14387478409339177
2024-11-02,36.75046296296296,3.0628306878307168,,,2024-11-02,0.25740073137508096
2024-11-02,36.75138888888889,3.057539682539712,,,2024-11-02,0.2681416363474062
2024-11-02,36.75138888888889,3.0588624338624637,,,2024-11-02,0.18472391343301875
2024-11-02,36.75138888888889,3.0601851851852153,,,2024-11-02,0.1553162150214607
2024-11-02,36.75138888888889,3.061507936507965,,,2024-11-02,0.20469622494972564
2024-11-02,36.75138888888889,3.0628306878307168,,,2024-11-02,0.29572821605468813
2024-11-02,36.75231481481482,3.057539682539712,,,2024-11-02,0.33808427195944535
2024-11-02,36.75231481481482,3.0588624338624637,,,2024-11-02,0.27663047174165517
2024-11-02,36.75231481481482,3.0601851851852153,,,2024-11-02,0.2579239055025071
2024-11-02,36.75231481481482,3.061507936507965,,,2024-11-02,0.2903479711469829
2024-11-02,36.75231481481482,3.0628306878307168,,,2024-11-02,0.3603554187897976
2024-11-03,36.74768518518518,3.057539682539712,,,2024-11-03,0.3380885596660119
2024-11-03,36.74768518518518,3.0588624338624637,,,2024-11-03,0.276631592011625
2024-11-03,36.74768518518518,3.0601851851852153,,,2024-11-03,0.2579239373431453
2024-11-03,36.74768518518518,3.061507936507965,,,2024-11-03,0.2903498466436768
2024-11-03,36.74768518518518,3.0628306878307168,,,2024-11-03,0.3603607437968025
2024-11-03,36.74861111111111,3.057539682539712,,,2024-11-03,0.26814488002100434
2024-11-03,36.74861111111111,3.0588624338624637,,,2024-11-03,0.18472492001821167
2024-11-03,36.74861111111111,3.0601851851852153,,,2024-11-03,0.15531624674691102
2024-11-03,36.74861111111111,3.061507936507965,,,2024-11-03,0.20469782110899754
2024-11-03,36.74861111111111,3.0628306878307168,,,2024-11-03,0.29573210928483373
2024-11-03,36.74953703703704,3.057539682539712,,,2024-11-03,0.22516724453269812
2024-11-03,36.74953703703704,3.0588624338624637,,,2024-11-03,0.11367657315247216
2024-11-03,36.74953703703704,3.0601851851852153,,,2024-11-03,0.05405852740642433
2024-11-03,36.74953703703704,3.061507936507965,,,2024-11-03,0.14387554106688039
2024-11-03,36.74953703703704,3.0628306878307168,,,2024-11-03,0.2574022223605488
2024-11-03,36.75046296296296,3.057539682539712,,,2024-11-03,0.22516595693912034
2024-11-03,36.75046296296296,3.0588624338624637,,,2024-11-03,0.11367602791756166
2024-11-03,36.75046296296296,3.0601851851852153,,,2024-11-03,0.05405849702281984
2024-11-03,36.75046296296296,3.061507936507965,,,2024-11-03,0.14387478409339177
2024-11-03,36.75046296296296,3.0628306878307168,,,2024-11-03,0.25740073137508096
2024-11-03,36.75138888888889,3.057539682539712,,,2024-11-03,0.2681416363474062
2024-11-03,36.75138888888889,3.0588624338624637,,,2024-11-03,0.18472391343301875
2024-11-03,36.75138888888889,3.0601851851852153,,,2024-11-03,0.1553162150214607
2024-11-03,36.75138888888889,3.061507936507965,,,2024-11-03,0.20469622494972564
2024-11-03,36.75138888888889,3.0628306878307168,,,2024-11-03,0.29572821605468813
2024-11-03,36.75231481481482,3.057539682539712,,,2024-11-03,0.33808427195944535
2024-11-03,36.75231481481482,3.0588624338624637,,,2024-11-03,0.27663047174165517
2024-11-03,36.75231481481482,3.0601851851852153,,,2024-11-03,0.2579239055025071
2024-11-03,36.75231481481482,3.061507936507965,,,2024-11-03,0.2903479711469829
2024-11-03,36.75231481481482,3.0628306878307168,,,2024-11-03,0.3603554187897976
2024-11-04,36.74768518518518,3.057539682539712,,,2024-11-04,0.3380885596660119
2024-11-04,36.74768518518518,3.0588624338624637,,,2024-11-04,0.276631592011625
2024-11-04,36.74768518518518,3.0601851851852153,,,2024-11-04,0.2579239373431453
2024-11-04,36.74768518518518,3.061507936507965,,,2024-11-04,0.2903498466436768
2024-11-04,36.74768518518518,3.0628306878307168,,,2024-11-04,0.3603607437968025
2024-11-04,36.74861111111111,3.057539682539712,,,2024-11-04,0.26814488002100434
2024-11-04,36.74861111111111,3.0588624338624637,,,2024-11-04,0.18472492001821167
2024-11-04,36.74861111111111,3.0601851851852153,,,2024-11-04,0.15531624674691102
2024-11-04,36.74861111111111,3.061507936507965,,,2024-11-04,0.20469782110899754
2024-11-04,36.74861111111111,3.0628306878307168,,,2024-11-04,0.29573210928483373
2024-11-04,36.74953703703704,3.057539682539712,,,2024-11-04,0.22516724453269812
2024-11-04,36.74953703703704,3.0588624338624637,,,2024-11-04,0.11367657315247216
2024-11-04,36.74953703703704,3.0601851851852153,,,2024-11-04,0.05405852740642433
2024-11-04,36.74953703703704,3.061507936507965,,,2024-11-04,0.14387554106688039
2024-11-04,36.74953703703704,3.0628306878307168,,,2024-11-04,0.2574022223605488
2024-11-04,36.75046296296296,3.057539682539712,,,2024-11-04,0.22516595693912034
2024-11-04,36.75046296296296,3.0588624338624637,,,2024-11-04,0.11367602791756166
2024-11-04,36.75046296296296,3.0601851851852153,,,2024-11-04,0.05405849702281984
2024-11-04,36.75046296296296,3.061507936507965,,,2024-11-04,0.14387478409339177
2024-11-04,36.75046296296296,3.0628306878307168,,,2024-11-04,0.25740073137508096
2024-11-04,36.75138888888889,3.057539682539712,,,2024-11-04,0.2681416363474062
2024-11-04,36.75138888888889,3.0588624338624637,,,2024-11-04,0.18472391343301875
2024-11-04,36.75138888888889,3.0601851851852153,,,2024-11-04,0.1553162150214607
2024-11-04,36.75138888888889,3.061507936507965,,,2024-11-04,0.20469622494972564
2024-11-04,36.75138888888889,3.0628306878307168,,,2024-11-04,0.29572821605468813
2024-11-04,36.75231481481482,3.057539682539712,,,2024-11-04,0.33808427195944535
2024-11-04,36.75231481481482,3.0588624338624637,,,2024-11-04,0.27663047174165517
2024-11-04,36.75231481481482,3.0601851851852153,,,2024-11-04,0.2579239055025071
2024-11-04,36.75231481481482,3.061507936507965,,,2024-11-04,0.2903479711469829
2024-11-04,36.75231481481482,3.0628306878307168,,,2024-11-04,0.3603554187897976
2024-11-05,36.74768518518518,3.057539682539712,,,2024-11-05,0.3380885596660119
2024-11-05,36.74768518518518,3.0588624338624637,,,2024-11-05,0.276631592011625
2024-11-05,36.74768518518518,3.0601851851852153,,,2024-11-05,0.2579239373431453
2024-11-05,36.74768518518518,3.061507936507965,,,2024-11-05,0.2903498466436768
2024-11-05,36.74768518518518,3.0628306878307168,,,2024-11-05,0.3603607437968025
2024-11-05,36.74861111111111,3.057539682539712,,,2024-11-05,0.26814488002100434
2024-11-05,36.74861111111111,3.0588624338624637,,,2024-11-05,0.18472492001821167
2024-11-05,36.74861111111111,3.0601851851852153,,,2024-11-05,0.15531624674691102
2024-11-05,36.74861111111111,3.061507936507965,,,2024-11-05,0.20469782110899754
2024-11-05,36.74861111111111,3.0628306878307168,,,2024-11-05,0.29573210928483373
2024-11-05,36.74953703703704,3.057539682539712,,,2024-11-05,0.22516724453269812
2024-11-05,36.74953703703704,3.0588624338624637,,,2024-11-05,0.11367657315247216
2024-11-05,36.74953703703704,3.0601851851852153,,,2024-11-05,0.05405852740642433
2024-11-05,36.74953703703704,3.061507936507965,,,2024-11-05,0.14387554106688039
2024-11-05,36.74953703703704,3.0628306878307168,,,2024-11-05,0.2574022223605488
2024-11-05,36.75046296296296,3.057539682539712,,,2024-11-05,0.22516595693912034
2024-11-05,36.75046296296296,3.0588624338624637,,,2024-11-05,0.11367602791756166
2024-11-05,36.75046296296296,3.0601851851852153,,,2024-11-05,0.05405849702281984
2024-11-05,36.75046296296296,3.061507936507965,,,2024-11-05,0.14387478409339177
2024-11-05,36.75046296296296,3.0628306878307168,,,2024-11-05,0.25740073137508096
2024-11-05,36.75138888888889,3.057539682539712,,,2024-11-05,0.2681416363474062
2024-11-05,36.75138888888889,3.0588624338624637,,,2024-11-05,0.18472391343301875
2024-11-05,36.75138888888889,3.0601851851852153,,,2024-11-05,0.1553162150214607
2024-11-05,36.75138888888889,3.061507936507965,,,2024-11-05,0.20469622494972564
2024-11-05,36.75138888888889,3.0628306878307168,,,2024-11-05,0.29572821605468813
2024-11-05,36.75231481481482,3.057539682539712,,,2024-11-05,0.33808427195944535
2024-11-05,36.75231481481482,3.0588624338624637,,,2024-11-05,0.27663047174165517
2024-11-05,36.75231481481482,3.0601851851852153,,,2024-11-05,0.2579239055025071
2024-11-05,36.75231481481482,3.061507936507965,,,2024-11-05,0.2903479711469829
2024-11-05,36.75231481481482,3.0628306878307168,,,2024-11-05,0.3603554187897976
2024-11-06,36.74768518518518,3.057539682539712,,,2024-11-06,0.3380885596660119
2024-11-06,36.74768518518518,3.0588624338624637,,,2024-11-06,0.276631592011625
2024-11-06,36.74768518518518,3.0601851851852153,,,2024-11-06,0.2579239373431453
2024-11-06,36.74768518518518,3.061507936507965,,,2024-11-06,0.2903498466436768
2024-11-06,36.74768518518518,3.0628306878307168,,,2024-11-06,0.3603607437968025
2024-11-06,36.74861111111111,3.057539682539712,,,2024-11-06,0.26814488002100434
2024-11-06,36.74861111111111,3.0588624338624637,,,2024-11-06,0.18472492001821167
2024-11-06,36.74861111111111,3.0601851851852153,,,2024-11-06,0.15531624674691102
2024-11-06,36.74861111111111,3.061507936507965,,,2024-11-06,0.20469782110899754
2024-11-06,36.74861111111111,3.0628306878307168,,,2024-11-06,0.29573210928483373
2024-11-06,36.74953703703704,3.057539682539712,,,2024-11-06,0.22516724453269812
2024-11-06,36.74953703703704,3.0588624338624637,,,2024-11-06,0.11367657315247216
2024-11-06,36.74953703703704,3.0601851851852153,,,2024-11-06,0.05405852740642433
2024-11-06,36.74953703703704,3.061507936507965,,,2024-11-06,0.14387554106688039
2024-11-06,36.74953703703704,3.0628306878307168,,,2024-11-06,0.2574022223605488
2024-11-06,36.75046296296296,3.057539682539712,,,2024-11-06,0.22516595693912034
2024-11-06,36.75046296296296,3.0588624338624637,,,2024-11-06,0.11367602791756166
2024-11-06,36.75046296296296,3.0601851851852153,,,2024-11-06,0.05405849702281984
2024-11-06,36.75046296296296,3.061507936507965,,,2024-11-06,0.14387478409339177
2024-11-06,36.75046296296296,3.0628306878307168,,,2024-11-06,0.25740073137508096
2024-11-06,36.75138888888889,3.057539682539712,,,2024-11-06,0.2681416363474062
2024-11-06,36.75138888888889,3.0588624338624637,,,2024-11-06,0.18472391343301875
2024-11-06,36.75138888888889,3.0601851851852153,,,2024-11-06,0.1553162150214607
2024-11-06,36.75138888888889,3.061507936507965,,,2024-11-06,0.20469622494972564
2024-11-06,36.75138888888889,3.0628306878307168,,,2024-11-06,0.29572821605468813
2024-11-06,36.75231481481482,3.057539682539712,,,2024-11-06,0.33808427195944535
2024-11-06,36.75231481481482,3.0588624338624637,,,2024-11-06,0.27663047174165517
2024-11-06,36.75231481481482,3.0601851851852153,,,2024-11-06,0.2579239055025071
2024-11-06,36.75231481481482,3.061507936507965,,,2024-11-06,0.2903479711469829
2024-11-06,36.75231481481482,3.0628306878307168,,,2024-11-06,0.3603554187897976
2024-11-07,36.74768518518518,3.057539682539712,,,2024-11-07,0.3380885596660119
2024-11-07,36.74768518518518,3.0588624338624637,,,2024-11-07,0.276631592011625
2024-11-07,36.74768518518518,3.0601851851852153,,,2024-11-07,0.2579239373431453
2024-11-07,36.74768518518518,3.061507936507965,,,2024-11-07,0.2903498466436768
2024-11-07,36.74768518518518,3.0628306878307168,,,2024-11-07,0.3603607437968025
2024-11-07,36.74861111111111,3.057539682539712,,,2024-11-07,0.26814488002100434
2024-11-07,36.74861111111111,3.0588624338624637,,,2024-11-07,0.18472492001821167
2024-11-07,36.74861111111111,3.0601851851852153,,,2024-11-07,0.15531624674691102
2024-11-07,36.74861111111111,3.061507936507965,,,2024-11-07,0.20469782110899754
2024-11-07,36.74861111111111,3.0628306878307168,,,2024-11-07,0.29573210928483373
2024-11-07,36.74953703703704,3.057539682539712,,,2024-11-07,0.22516724453269812
2024-11-07,36.74953703703704,3.0588624338624637,,,2024-11-07,0.11367657315247216
2024-11-07,36.74953703703704,3.0601851851852153,,,2024-11-07,0.05405852740642433
2024-11-07,36.74953703703704,3.061507936507965,,,2024-11-07,0.14387554106688039
2024-11-07,36.74953703703704,3.0628306878307168,,,2024-11-07,0.2574022223605488
2024-11-07,36.75046296296296,3.057539682539712,,,2024-11-07,0.22516595693912034
2024-11-07,36.75046296296296,3.0588624338624637,,,2024-11-07,0.11367602791756166
2024-11-07,36.75046296296296,3.0601851851852153,,,2024-11-07,0.05405849702281984
2024-11-07,36.75046296296296,3.061507936507965,,,2024-11-07,0.14387478409339177
2024-11-07,36.75046296296296,3.0628306878307168,,,2024-11-07,0.25740073137508096
2024-11-07,36.75138888888889,3.057539682539712,,,2024-11-07,0.2681416363474062
2024-11-07,36.75138888888889,3.0588624338624637,,,2024-11-07,0.18472391343301875
2024-11-07,36.75138888888889,3.0601851851852153,,,2024-11-07,0.1553162150214607
2024-11-07,36.75138888888889,3.061507936507965,,,2024-11-07,0.20469622494972564
2024-11-07,36.75138888888889,3.0628306878307168,,,2024-11-07,0.29572821605468813
2024-11-07,36.75231481481482,3.057539682539712,,,2024-11-07,0.33808427195944535
2024-11-07,36.75231481481482,3.0588624338624637,,,2024-11-07,0.27663047174165517
2024-11-07,36.75231481481482,3.0601851851852153,,,2024-11-07,0.2579239055025071
2024-11-07,36.75231481481482,3.061507936507965,,,2024-11-07,0.2903479711469829
2024-11-07,36.75231481481482,3.0628306878307168,,,2024-11-07,0.3603554187897976
2024-11-08,36.74768518518518,3.057539682539712,,,2024-11-08,0.3380885596660119
2024-11-08,36.74768518518518,3.0588624338624637,,,2024-11-08,0.276631592011625
2024-11-08,36.74768518518518,3.0601851851852153,,,2024-11-08,0.2579239373431453
2024-11-08,36.74768518518518,3.061507936507965,,,2024-11-08,0.2903498466436768
2024-11-08,36.74768518518518,3.0628306878307168,,,2024-11-08,0.3603607437968025
2024-11-08,36.74861111111111,3.057539682539712,,,2024-11-08,0.26814488002100434
2024-11-08,36.74861111111111,3.0588624338624637,,,2024-11-08,0.18472492001821167
2024-11-08,36.74861111111111,3.0601851851852153,,,2024-11-08,0.15531624674691102
2024-11-08,36.74861111111111,3.061507936507965,,,2024-11-08,0.20469782110899754
2024-11-08,36.74861111111111,3.0628306878307168,,,2024-11-08,0.29573210928483373
2024-11-08,36.74953703703704,3.057539682539712,,,2024-11-08,0.22516724453269812
2024-11-08,36.74953703703704,3.0588624338624637,,,2024-11-08,0.11367657315247216
2024-11-08,36.74953703703704,3.0601851851852153,,,2024-11-08,0.05405852740642433
2024-11-08,36.74953703703704,3.061507936507965,,,2024-11-08,0.14387554106688039
2024-11-08,36.74953703703704,3.0628306878307168,,,2024-11-08,0.2574022223605488
2024-11-08,36.75046296296296,3.057539682539712,,,2024-11-08,0.22516595693912034
2024-11-08,36.75046296296296,3.0588624338624637,,,2024-11-08,0.11367602791756166
2024-11-08,36.75046296296296,3.0601851851852153,,,2024-11-08,0.05405849702281984
2024-11-08,36.75046296296296,3.061507936507965,,,2024-11-08,0.14387478409339177
2024-11-08,36.75046296296296,3.0628306878307168,,,2024-11-08,0.25740073137508096
2024-11-08,36.75138888888889,3.057539682539712,,,2024-11-08,0.2681416363474062
2024-11-08,36.75138888888889,3.0588624338624637,,,2024-11-08,0.18472391343301875
2024-11-08,36.75138888888889,3.0601851851852153,,,2024-11-08,0.1553162150214607
2024-11-08,36.75138888888889,3.061507936507965,,,2024-11-08,0.20469622494972564
2024-11-08,36.75138888888889,3.0628306878307168,,,2024-11-08,0.29572821605468813
2024-11-08,36.75231481481482,3.057539682539712,,,2024-11-08,0.33808427195944535
2024-11-08,36.75231481481482,3.0588624338624637,,,2024-11-08,0.27663047174165517
2024-11-08,36.75231481481482,3.0601851851852153,,,2024-11-08,0.2579239055025071
2024-11-08,36.75231481481482,3.061507936507965,,,2024-11-08,0.2903479711469829
2024-11-08,36.75231481481482,3.0628306878307168,,,2024-11-08,0.3603554187897976
2024-11-09,36.74768518518518,3.057539682539712,,,2024-11-09,0.3380885596660119
2024-11-09,36.74768518518518,3.0588624338624637,,,2024-11-09,0.276631592011625
2024-11-09,36.74768518518518,3.0601851851852153,,,2024-11-09,0.2579239373431453
2024-11-09,36.74768518518518,3.061507936507965,,,2024-11-09,0.2903498466436768
2024-11-09,36.74768518518518,3.0628306878307168,,,2024-11-09,0.3603607437968025
2024-11-09,36.74861111111111,3.057539682539712,,,2024-11-09,0.26814488002100434
2024-11-09,36.74861111111111,3.0588624338624637,,,2024-11-09,0.18472492001821167
2024-11-09,36.74861111111111,3.0601851851852153,,,2024-11-09,0.15531624674691102
2024-11-09,36.74861111111111,3.061507936507965,,,2024-11-09,0.20469782110899754
2024-11-09,36.74861111111111,3.0628306878307168,,,2024-11-09,0.29573210928483373
2024-11-09,36.74953703703704,3.057539682539712,,,2024-11-09,0.22516724453269812
2024-11-09,36.74953703703704,3.0588624338624637,,,2024-11-09,0.11367657315247216
2024-11-09,36.74953703703704,3.0601851851852153,,,2024-11-09,0.05405852740642433
2024-11-09,36.74953703703704,3.061507936507965,,,2024-11-09,0.14387554106688039
2024-11-09,36.74953703703704,3.0628306878307168,,,2024-11-09,0.2574022223605488
2024-11-09,36.75046296296296,3.057539682539712,,,2024-11-09,0.22516595693912034
2024-11-09,36.75046296296296,3.0588624338624637,,,2024-11-09,0.11367602791756166
2024-11-09,36.75046296296296,3.0601851851852153,,,2024-11-09,0.05405849702281984
2024-11-09,36.75046296296296,3.061507936507965,,,2024-11-09,0.14387478409339177
2024-11-09,36.75046296296296,3.0628306878307168,,,2024-11-09,0.25740073137508096
2024-11-09,36.75138888888889,3.057539682539712,,,2024-11-09,0.2681416363474062
2024-11-09,36.75138888888889,3.0588624338624637,,,2024-11-09,0.18472391343301875
2024-11-09,36.75138888888889,3.0601851851852153,,,2024-11-09,0.1553162150214607
2024-11-09,36.75138888888889,3.061507936507965,,,2024-11-09,0.20469622494972564
2024-11-09,36.75138888888889,3.0628306878307168,,,2024-11-09,0.29572821605468813
2024-11-09,36.75231481481482,3.057539682539712,,,2024-11-09,0.33808427195944535
2024-11-09,36.75231481481482,3.0588624338624637,,,2024-11-09,0.27663047174165517
2024-11-09,36.75231481481482,3.0601851851852153,,,2024-11-09,0.2579239055025071
2024-11-09,36.75231481481482,3.061507936507965,,,2024-11-09,0.2903479711469829
2024-11-09,36.75231481481482,3.0628306878307168,,,2024-11-09,0.3603554187897976
2024-11-10,36.74768518518518,3.057539682539712,,,2024-11-10,0.3380885596660119
2024-11-10,36.74768518518518,3.0588624338624637,,,2024-11-10,0.276631592011625
2024-11-10,36.74768518518518,3.0601851851852153,,,2024-11-10,0.2579239373431453
2024-11-10,36.74768518518518,3.061507936507965,,,2024-11-10,0.2903498466436768
2024-11-10,36.74768518518518,3.0628306878307168,,,2024-11-10,0.3603607437968025
2024-11-10,36.74861111111111,3.057539682539712,,,2024-11-10,0.26814488002100434
2024-11-10,36.74861111111111,3.0588624338624637,,,2024-11-10,0.18472492001821167
2024-11-10,36.74861111111111,3.0601851851852153,,,2024-11-10,0.15531624674691102
2024-11-10,36.74861111111111,3.061507936507965,,,2024-11-10,0.20469782110899754
2024-11-10,36.74861111111111,3.0628306878307168,,,2024-11-10,0.29573210928483373
2024-11-10,36.74953703703704,3.057539682539712,,,2024-11-10,0.22516724453269812
2024-11-10,36.74953703703704,3.0588624338624637,,,2024-11-10,0.11367657315247216
2024-11-10,36.74953703703704,3.0601851851852153,,,2024-11-10,0.05405852740642433
2024-11-10,36.74953703703704,3.061507936507965,,,2024-11-10,0.14387554106688039
2024-11-10,36.74953703703704,3.0628306878307168,,,2024-11-10,0.2574022223605488
2024-11-10,36.75046296296296,3.057539682539712,,,2024-11-10,0.22516595693912034
2024-11-10,36.75046296296296,3.0588624338624637,,,2024-11-10,0.11367602791756166
2024-11-10,36.75046296296296,3.0601851851852153,,,2024-11-10,0.05405849702281984
2024-11-10,36.75046296296296,3.061507936507965,,,2024-11-10,0.14387478409339177
2024-11-10,36.75046296296296,3.0628306878307168,,,2024-11-10,0.25740073137508096
2024-11-10,36.75138888888889,3.057539682539712,,,2024-11-10,0.2681416363474062
2024-11-10,36.75138888888889,3.0588624338624637,,,2024-11-10,0.18472391343301875
2024-11-10,36.75138888888889,3.0601851851852153,,,2024-11-10,0.1553162150214607
2024-11-10,36.75138888888889,3.061507936507965,,,2024-11-10,0.20469622494972564
2024-11-10,36.75138888888889,3.0628306878307168,,,2024-11-10,0.29572821605468813
2024-11-10,36.75231481481482,3.057539682539712,,,2024-11-10,0.33808427195944535
2024-11-10,36.75231481481482,3.0588624338624637,,,2024-11-10,0.27663047174165517
2024-11-10,36.75231481481482,3.0601851851852153,,,2024-11-10,0.2579239055025071
2024-11-10,36.75231481481482,3.061507936507965,,,2024-11-10,0.2903479711469829
2024-11-10,36.75231481481482,3.0628306878307168,,,2024-11-10,0.3603554187897976
2024-11-11,36.74768518518518,3.057539682539712,,,2024-11-11,0.3380885596660119
2024-11-11,36.74768518518518,3.0588624338624637,,,2024-11-11,0.276631592011625
2024-11-11,36.74768518518518,3.0601851851852153,,,2024-11-11,0.2579239373431453
2024-11-11,36.74768518518518,3.061507936507965,,,2024-11-11,0.2903498466436768
2024-11-11,36.74768518518518,3.0628306878307168,,,2024-11-11,0.3603607437968025
2024-11-11,36.74861111111111,3.057539682539712,,,2024-11-11,0.26814488002100434
2024-11-11,36.74861111111111,3.0588624338624637,,,2024-11-11,0.18472492001821167
2024-11-11,36.74861111111111,3.0601851851852153,,,2024-11-11,0.15531624674691102
2024-11-11,36.74861111111111,3.061507936507965,,,2024-11-11,0.20469782110899754
2024-11-11,36.74861111111111,3.0628306878307168,,,2024-11-11,0.29573210928483373
2024-11-11,36.74953703703704,3.057539682539712,,,2024-11-11,0.22516724453269812
2024-11-11,36.74953703703704,3.0588624338624637,,,2024-11-11,0.11367657315247216
2024-11-11,36.74953703703704,3.0601851851852153,,,2024-11-11,0.05405852740642433
2024-11-11,36.74953703703704,3.061507936507965,,,2024-11-11,0.14387554106688039
2024-11-11,36.74953703703704,3.0628306878307168,,,2024-11-11,0.2574022223605488
2024-11-11,36.75046296296296,3.057539682539712,,,2024-11-11,0.22516595693912034
2024-11-11,36.75046296296296,3.0588624338624637,,,2024-11-11,0.11367602791756166
2024-11-11,36.75046296296296,3.0601851851852153,,,2024-11-11,0.05405849702281984
2024-11-11,36.75046296296296,3.061507936507965,,,2024-11-11,0.14387478409339177
2024-11-11,36.75046296296296,3.0628306878307168,,,2024-11-11,0.25740073137508096
2024-11-11,36.75138888888889,3.057539682539712,,,2024-11-11,0.2681416363474062
2024-11-11,36.75138888888889,3.0588624338624637,,,2024-11-11,0.18472391343301875
2024-11-11,36.75138888888889,3.0601851851852153,,,2024-11-11,0.1553162150214607
2024-11-11,36.75138888888889,3.061507936507965,,,2024-11-11,0.20469622494972564
2024-11-11,36.75138888888889,3.0628306878307168,,,2024-11-11,0.29572821605468813
2024-11-11,36.75231481481482,3.057539682539712,,,2024-11-11,0.33808427195944535
2024-11-11,36.75231481481482,3.0588624338624637,,,2024-11-11,0.27663047174165517
2024-11-11,36.75231481481482,3.0601851851852153,,,2024-11-11,0.2579239055025071
2024-11-11,36.75231481481482,3.061507936507965,,,2024-11-11,0.2903479711469829
2024-11-11,36.75231481481482,3.0628306878307168,,,2024-11-11,0.3603554187897976
2024-11-12,36.74768518518518,3.057539682539712,,,2024-11-12,0.3380885596660119
2024-11-12,36.74768518518518,3.0588624338624637,,,2024-11-12,0.276631592011625
2024-11-12,36.74768518518518,3.0601851851852153,,,2024-11-12,0.2579239373431453
2024-11-12,36.74768518518518,3.061507936507965,,,2024-11-12,0.2903498466436768
2024-11-12,36.74768518518518,3.0628306878307168,,,2024-11-12,0.3603607437968025
2024-11-12,36.74861111111111,3.057539682539712,,,2024-11-12,0.26814488002100434
2024-11-12,36.74861111111111,3.0588624338624637,,,2024-11-12,0.18472492001821167
2024-11-12,36.74861111111111,3.0601851851852153,,,2024-11-12,0.15531624674691102
2024-11-12,36.74861111111111,3.061507936507965,,,2024-11-12,0.20469782110899754
2024-11-12,36.74861111111111,3.0628306878307168,,,2024-11-12,0.29573210928483373
2024-11-12,36.74953703703704,3.057539682539712,,,2024-11-12,0.22516724453269812
2024-11-12,36.74953703703704,3.0588624338624637,,,2024-11-12,0.11367657315247216
2024-11-12,36.74953703703704,3.0601851851852153,,,2024-11-12,0.05405852740642433
2024-11-12,36.74953703703704,3.061507936507965,,,2024-11-12,0.14387554106688039
2024-11-12,36.74953703703704,3.0628306878307168,,,2024-11-12,0.2574022223605488
2024-11-12,36.75046296296296,3.057539682539712,,,2024-11-12,0.22516595693912034
2024-11-12,36.75046296296296,3.0588624338624637,,,2024-11-12,0.11367602791756166
2024-11-12,36.75046296296296,3.0601851851852153,,,2024-11-12,0.05405849702281984
2024-11-12,36.75046296296296,3.061507936507965,,,2024-11-12,0.14387478409339177
2024-11-12,36.75046296296296,3.0628306878307168,,,2024-11-12,0.25740073137508096
2024-11-12,36.75138888888889,3.057539682539712,,,2024-11-12,0.2681416363474062
2024-11-12,36.75138888888889,3.0588624338624637,,,2024-11-12,0.18472391343301875
2024-11-12,36.75138888888889,3.0601851851852153,,,2024-11-12,0.1553162150214607
2024-11-12,36.75138888888889,3.061507936507965,,,2024-11-12,0.20469622494972564
2024-11-12,36.75138888888889,3.0628306878307168,,,2024-11-12,0.29572821605468813
2024-11-12,36.75231481481482,3.057539682539712,,,2024-11-12,0.33808427195944535
2024-11-12,36.75231481481482,3.0588624338624637,,,2024-11-12,0.27663047174165517
2024-11-12,36.75231481481482,3.0601851851852153,,,2024-11-12,0.2579239055025071
2024-11-12,36.75231481481482,3.061507936507965,,,2024-11-12,0.2903479711469829
2024-11-12,36.75231481481482,3.0628306878307168,,,2024-11-12,0.3603554187897976
2024-11-13,36.74768518518518,3.057539682539712,,,2024-11-13,0.3380885596660119
2024-11-13,36.74768518518518,3.0588624338624637,,,2024-11-13,0.276631592011625
2024-11-13,36.74768518518518,3.0601851851852153,,,2024-11-13,0.2579239373431453
2024-11-13,36.74768518518518,3.061507936507965,,,2024-11-13,0.2903498466436768
2024-11-13,36.74768518518518,3.0628306878307168,,,2024-11-13,0.3603607437968025
2024-11-13,36.74861111111111,3.057539682539712,,,2024-11-13,0.26814488002100434
2024-11-13,36.74861111111111,3.0588624338624637,,,2024-11-13,0.18472492001821167
2024-11-13,36.74861111111111,3.0601851851852153,,,2024-11-13,0.15531624674691102
2024-11-13,36.74861111111111,3.061507936507965,,,2024-11-13,0.20469782110899754
2024-11-13,36.74861111111111,3.0628306878307168,,,2024-11-13,0.29573210928483373
2024-11-13,36.74953703703704,3.057539682539712,,,2024-11-13,0.22516724453269812
2024-11-13,36.74953703703704,3.0588624338624637,,,2024-11-13,0.11367657315247216
2024-11-13,36.74953703703704,3.0601851851852153,,,2024-11-13,0.05405852740642433
2024-11-13,36.74953703703704,3.061507936507965,,,2024-11-13,0.14387554106688039
2024-11-13,36.74953703703704,3.0628306878307168,,,2024-11-13,0.2574022223605488
2024-11-13,36.75046296296296,3.057539682539712,,,2024-11-13,0.22516595693912034
2024-11-13,36.75046296296296,3.0588624338624637,,,2024-11-13,0.11367602791756166
2024-11-13,36.75046296296296,3.0601851851852153,,,2024-11-13,0.05405849702281984
2024-11-13,36.75046296296296,3.061507936507965,,,2024-11-13,0.14387478409339177
2024-11-13,36.75046296296296,3.0628306878307168,,,2024-11-13,0.25740073137508096
2024-11-13,36.75138888888889,3.057539682539712,,,2024-11-13,0.2681416363474062
2024-11-13,36.75138888888889,3.0588624338624637,,,2024-11-13,0.18472391343301875
2024-11-13,36.75138888888889,3.0601851851852153,,,2024-11-13,0.1553162150214607
2024-11-13,36.75138888888889,3.061507936507965,,,2024-11-13,0.20469622494972564
2024-11-13,36.75138888888889,3.0628306878307168,,,2024-11-13,0.29572821605468813
2024-11-13,36.75231481481482,3.057539682539712,,,2024-11-13,0.33808427195944535
2024-11-13,36.75231481481482,3.0588624338624637,,,2024-11-13,0.27663047174165517
2024-11-13,36.75231481481482,3.0601851851852153,,,2024-11-13,0.2579239055025071
2024-11-13,36.75231481481482,3.061507936507965,,,2024-11-13,0.2903479711469829
2024-11-13,36.75231481481482,3.0628306878307168,,,2024-11-13,0.3603554187897976
2024-11-14,36.74768518518518,3.057539682539712,,,2024-11-14,0.3380885596660119
2024-11-14,36.74768518518518,3.0588624338624637,,,2024-11-14,0.276631592011625
2024-11-14,36.74768518518518,3.0601851851852153,,,2024-11-14,0.2579239373431453
2024-11-14,36.74768518518518,3.061507936507965,,,2024-11-14,0.2903498466436768
2024-11-14,36.74768518518518,3.0628306878307168,,,2024-11-14,0.3603607437968025
2024-11-14,36.74861111111111,3.057539682539712,,,2024-11-14,0.26814488002100434
2024-11-14,36.74861111111111,3.0588624338624637,,,2024-11-14,0.18472492001821167
2024-11-14,36.74861111111111,3.0601851851852153,,,2024-11-14,0.15531624674691102
2024-11-14,36.74861111111111,3.061507936507965,,,2024-11-14,0.20469782110899754
2024-11-14,36.74861111111111,3.0628306878307168,,,2024-11-14,0.29573210928483373
2024-11-14,36.74953703703704,3.057539682539712,,,2024-11-14,0.22516724453269812
2024-11-14,36.74953703703704,3.0588624338624637,,,2024-11-14,0.11367657315247216
2024-11-14,36.74953703703704,3.0601851851852153,,,2024-11-14,0.05405852740642433
2024-11-14,36.74953703703704,3.061507936507965,,,2024-11-14,0.14387554106688039
2024-11-14,36.74953703703704,3.0628306878307168,,,2024-11-14,0.2574022223605488
2024-11-14,36.75046296296296,3.057539682539712,,,2024-11-14,0.22516595693912034
2024-11-14,36.75046296296296,3.0588624338624637,,,2024-11-14,0.11367602791756166
2024-11-14,36.75046296296296,3.0601851851852153,,,2024-11-14,0.05405849702281984
2024-11-14,36.75046296296296,3.061507936507965,,,2024-11-14,0.14387478409339177
2024-11-14,36.75046296296296,3.0628306878307168,,,2024-11-14,0.25740073137508096
2024-11-14,36.75138888888889,3.057539682539712,,,2024-11-14,0.2681416363474062
2024-11-14,36.75138888888889,3.0588624338624637,,,2024-11-14,0.18472391343301875
2024-11-14,36.75138888888889,3.0601851851852153,,,2024-11-14,0.1553162150214607
2024-11-14,36.75138888888889,3.061507936507965,,,2024-11-14,0.20469622494972564
2024-11-14,36.75138888888889,3.0628306878307168,,,2024-11-14,0.29572821605468813
2024-11-14,36.75231481481482,3.057539682539712,,,2024-11-14,0.33808427195944535
2024-11-14,36.75231481481482,3.0588624338624637,,,2024-11-14,0.27663047174165517
2024-11-14,36.75231481481482,3.0601851851852153,,,2024-11-14,0.2579239055025071
2024-11-14,36.75231481481482,3.061507936507965,,,2024-11-14,0.2903479711469829
2024-11-14,36.75231481481482,3.0628306878307168,,,2024-11-14,0.3603554187897976
2024-11-15,36.74768518518518,3.057539682539712,,,2024-11-15,0.3380885596660119
2024-11-15,36.74768518518518,3.0588624338624637,,,2024-11-15,0.276631592011625
2024-11-15,36.74768518518518,3.0601851851852153,,,2024-11-15,0.2579239373431453
2024-11-15,36.74768518518518,3.061507936507965,,,2024-11-15,0.2903498466436768
2024-11-15,36.74768518518518,3.0628306878307168,,,2024-11-15,0.3603607437968025
2024-11-15,36.74861111111111,3.057539682539712,,,2024-11-15,0.26814488002100434
2024-11-15,36.74861111111111,3.0588624338624637,,,2024-11-15,0.18472492001821167
2024-11-15,36.74861111111111,3.0601851851852153,,,2024-11-15,0.15531624674691102
2024-11-15,36.74861111111111,3.061507936507965,,,2024-11-15,0.20469782110899754
2024-11-15,36.74861111111111,3.0628306878307168,,,2024-11-15,0.29573210928483373
2024-11-15,36.74953703703704,3.057539682539712,,,2024-11-15,0.22516724453269812
2024-11-15,36.74953703703704,3.0588624338624637,,,2024-11-15,0.11367657315247216
2024-11-15,36.74953703703704,3.0601851851852153,,,2024-11-15,0.05405852740642433
2024-11-15,36.74953703703704,3.061507936507965,,,2024-11-15,0.14387554106688039
2024-11-15,36.74953703703704,3.0628306878307168,,,2024-11-15,0.2574022223605488
2024-11-15,36.75046296296296,3.057539682539712,,,2024-11-15,0.22516595693912034
2024-11-15,36.75046296296296,3.0588624338624637,,,2024-11-15,0.11367602791756166
2024-11-15,36.75046296296296,3.0601851851852153,,,2024-11-15,0.05405849702281984
2024-11-15,36.75046296296296,3.061507936507965,,,2024-11-15,0.14387478409339177
2024-11-15,36.75046296296296,3.0628306878307168,,,2024-11-15,0.25740073137508096
2024-11-15,36.75138888888889,3.057539682539712,,,2024-11-15,0.2681416363474062
2024-11-15,36.75138888888889,3.0588624338624637,,,2024-11-15,0.18472391343301875
2024-11-15,36.75138888888889,3.0601851851852153,,,2024-11-15,0.1553162150214607
2024-11-15,36.75138888888889,3.061507936507965,,,2024-11-15,0.20469622494972564
2024-11-15,36.75138888888889,3.0628306878307168,,,2024-11-15,0.29572821605468813
2024-11-15,36.75231481481482,3.057539682539712,,,2024-11-15,0.33808427195944535
2024-11-15,36.75231481481482,3.0588624338624637,,,2024-11-15,0.27663047174165517
2024-11-15,36.75231481481482,3.0601851851852153,,,2024-11-15,0.2579239055025071
2024-11-15,36.75231481481482,3.061507936507965,,,2024-11-15,0.2903479711469829
2024-11-15,36.75231481481482,3.0628306878307168,,,2024-11-15,0.3603554187897976
2024-11-16,36.74768518518518,3.057539682539712,,,2024-11-16,0.3380885596660119
2024-11-16,36.74768518518518,3.0588624338624637,,,2024-11-16,0.276631592011625
2024-11-16,36.74768518518518,3.0601851851852153,,,2024-11-16,0.2579239373431453
2024-11-16,36.74768518518518,3.061507936507965,,,2024-11-16,0.2903498466436768
2024-11-16,36.74768518518518,3.0628306878307168,,,2024-11-16,0.3603607437968025
2024-11-16,36.74861111111111,3.057539682539712,,,2024-11-16,0.26814488002100434
2024-11-16,36.74861111111111,3.0588624338624637,,,2024-11-16,0.18472492001821167
2024-11-16,36.74861111111111,3.0601851851852153,,,2024-11-16,0.15531624674691102
2024-11-16,36.74861111111111,3.061507936507965,,,2024-11-16,0.20469782110899754
2024-11-16,36.74861111111111,3.0628306878307168,,,2024-11-16,0.29573210928483373
2024-11-16,36.74953703703704,3.057539682539712,,,2024-11-16,0.22516724453269812
2024-11-16,36.74953703703704,3.0588624338624637,,,2024-11-16,0.11367657315247216
2024-11-16,36.74953703703704,3.0601851851852153,,,2024-11-16,0.05405852740642433
2024-11-16,36.74953703703704,3.061507936507965,,,2024-11-16,0.14387554106688039
2024-11-16,36.74953703703704,3.0628306878307168,,,2024-11-16,0.2574022223605488
2024-11-16,36.75046296296296,3.057539682539712,,,2024-11-16,0.22516595693912034
2024-11-16,36.75046296296296,3.0588624338624637,,,2024-11-16,0.11367602791756166
2024-11-16,36.75046296296296,3.0601851851852153,,,2024-11-16,0.05405849702281984
2024-11-16,36.75046296296296,3.061507936507965,,,2024-11-16,0.14387478409339177
2024-11-16,36.75046296296296,3.0628306878307168,,,2024-11-16,0.25740073137508096
2024-11-16,36.75138888888889,3.057539682539712,,,2024-11-16,0.2681416363474062
2024-11-16,36.75138888888889,3.0588624338624637,,,2024-11-16,0.18472391343301875
2024-11-16,36.75138888888889,3.0601851851852153,,,2024-11-16,0.1553162150214607
2024-11-16,36.75138888888889,3.061507936507965,,,2024-11-16,0.20469622494972564
2024-11-16,36.75138888888889,3.0628306878307168,,,2024-11-16,0.29572821605468813
2024-11-16,36.75231481481482,3.057539682539712,,,2024-11-16,0.33808427195944535
2024-11-16,36.75231481481482,3.0588624338624637,,,2024-11-16,0.27663047174165517
2024-11-16,36.75231481481482,3.0601851851852153,,,2024-11-16,0.2579239055025071
2024-11-16,36.75231481481482,3.061507936507965,,,2024-11-16,0.2903479711469829
2024-11-16,36.75231481481482,3.0628306878307168,,,2024-11-16,0.3603554187897976
2024-11-17,36.74768518518518,3.057539682539712,,,2024-11-17,0.3380885596660119
2024-11-17,36.74768518518518,3.0588624338624637,,,2024-11-17,0.276631592011625
2024-11-17,36.74768518518518,3.0601851851852153,,,2024-11-17,0.2579239373431453
2024-11-17,36.74768518518518,3.061507936507965,,,2024-11-17,0.2903498466436768
2024-11-17,36.74768518518518,3.0628306878307168,,,2024-11-17,0.3603607437968025
2024-11-17,36.74861111111111,3.057539682539712,,,2024-11-17,0.26814488002100434
2024-11-17,36.74861111111111,3.0588624338624637,,,2024-11-17,0.18472492001821167
2024-11-17,36.74861111111111,3.0601851851852153,,,2024-11-17,0.15531624674691102
2024-11-17,36.74861111111111,3.061507936507965,,,2024-11-17,0.20469782110899754
2024-11-17,36.74861111111111,3.0628306878307168,,,2024-11-17,0.29573210928483373
2024-11-17,36.74953703703704,3.057539682539712,,,2024-11-17,0.22516724453269812
2024-11-17,36.74953703703704,3.0588624338624637,,,2024-11-17,0.11367657315247216
2024-11-17,36.74953703703704,3.0601851851852153,,,2024-11-17,0.05405852740642433
2024-11-17,36.74953703703704,3.061507936507965,,,2024-11-17,0.14387554106688039
2024-11-17,36.74953703703704,3.0628306878307168,,,2024-11-17,0.2574022223605488
2024-11-17,36.75046296296296,3.057539682539712,,,2024-11-17,0.22516595693912034
2024-11-17,36.75046296296296,3.0588624338624637,,,2024-11-17,0.11367602791756166
2024-11-17,36.75046296296296,3.0601851851852153,,,2024-11-17,0.05405849702281984
2024-11-17,36.75046296296296,3.061507936507965,,,2024-11-17,0.14387478409339177
2024-11-17,36.75046296296296,3.0628306878307168,,,2024-11-17,0.25740073137508096
2024-11-17,36.75138888888889,3.057539682539712,,,2024-11-17,0.2681416363474062
2024-11-17,36.75138888888889,3.0588624338624637,,,2024-11-17,0.18472391343301875
2024-11-17,36.75138888888889,3.0601851851852153,,,2024-11-17,0.1553162150214607
2024-11-17,36.75138888888889,3.061507936507965,,,2024-11-17,0.20469622494972564
2024-11-17,36.75138888888889,3.0628306878307168,,,2024-11-17,0.29572821605468813
2024-11-17,36.75231481481482,3.057539682539712,,,2024-11-17,0.33808427195944535
2024-11-17,36.75231481481482,3.0588624338624637,,,2024-11-17,0.27663047174165517
2024-11-17,36.75231481481482,3.0601851851852153,,,2024-11-17,0.2579239055025071
2024-11-17,36.75231481481482,3.061507936507965,,,2024-11-17,0.2903479711469829
2024-11-17,36.75231481481482,3.0628306878307168,,,2024-11-17,0.3603554187897976
2024-11-18,36.74768518518518,3.057539682539712,,,2024-11-18,0.3380885596660119
2024-11-18,36.74768518518518,3.0588624338624637,,,2024-11-18,0.276631592011625
2024-11-18,36.74768518518518,3.0601851851852153,,,2024-11-18,0.2579239373431453
2024-11-18,36.74768518518518,3.061507936507965,,,2024-11-18,0.2903498466436768
2024-11-18,36.74768518518518,3.0628306878307168,,,2024-11-18,0.3603607437968025
2024-11-18,36.74861111111111,3.057539682539712,,,2024-11-18,0.26814488002100434
2024-11-18,36.74861111111111,3.0588624338624637,,,2024-11-18,0.18472492001821167
2024-11-18,36.74861111111111,3.0601851851852153,,,2024-11-18,0.15531624674691102
2024-11-18,36.74861111111111,3.061507936507965,,,2024-11-18,0.20469782110899754
2024-11-18,36.74861111111111,3.0628306878307168,,,2024-11-18,0.29573210928483373
2024-11-18,36.74953703703704,3.057539682539712,,,2024-11-18,0.22516724453269812
2024-11-18,36.74953703703704,3.0588624338624637,,,2024-11-18,0.11367657315247216
2024-11-18,36.74953703703704,3.0601851851852153,,,2024-11-18,0.05405852740642433
2024-11-18,36.74953703703704,3.061507936507965,,,2024-11-18,0.14387554106688039
2024-11-18,36.74953703703704,3.0628306878307168,,,2024-11-18,0.2574022223605488
2024-11-18,36.75046296296296,3.057539682539712,,,2024-11-18,0.22516595693912034
2024-11-18,36.75046296296296,3.0588624338624637,,,2024-11-18,0.11367602791756166
2024-11-18,36.75046296296296,3.0601851851852153,,,2024-11-18,0.05405849702281984
2024-11-18,36.75046296296296,3.061507936507965,,,2024-11-18,0.14387478409339177
2024-11-18,36.75046296296296,3.0628306878307168,,,2024-11-18,0.25740073137508096
2024-11-18,36.75138888888889,3.057539682539712,,,2024-11-18,0.2681416363474062
2024-11-18,36.75138888888889,3.0588624338624637,,,2024-11-18,0.18472391343301875
2024-11-18,36.75138888888889,3.0601851851852153,,,2024-11-18,0.1553162150214607
2024-11-18,36.75138888888889,3.061507936507965,,,2024-11-18,0.20469622494972564
2024-11-18,36.75138888888889,3.0628306878307168,,,2024-11-18,0.29572821605468813
2024-11-18,36.75231481481482,3.057539682539712,,,2024-11-18,0.33808427195944535
2024-11-18,36.75231481481482,3.0588624338624637,,,2024-11-18,0.27663047174165517
2024-11-18,36.75231481481482,3.0601851851852153,,,2024-11-18,0.2579239055025071
2024-11-18,36.75231481481482,3.061507936507965,,,2024-11-18,0.2903479711469829
2024-11-18,36.75231481481482,3.0628306878307168,,,2024-11-18,0.3603554187897976
2024-11-19,36.74768518518518,3.057539682539712,,,2024-11-19,0.3380885596660119
2024-11-19,36.74768518518518,3.0588624338624637,,,2024-11-19,0.276631592011625
2024-11-19,36.74768518518518,3.0601851851852153,,,2024-11-19,0.2579239373431453
2024-11-19,36.74768518518518,3.061507936507965,,,2024-11-19,0.2903498466436768
2024-11-19,36.74768518518518,3.0628306878307168,,,2024-11-19,0.3603607437968025
2024-11-19,36.74861111111111,3.057539682539712,,,2024-11-19,0.26814488002100434
2024-11-19,36.74861111111111,3.0588624338624637,,,2024-11-19,0.18472492001821167
2024-11-19,36.74861111111111,3.0601851851852153,,,2024-11-19,0.15531624674691102
2024-11-19,36.74861111111111,3.061507936507965,,,2024-11-19,0.20469782110899754
2024-11-19,36.74861111111111,3.0628306878307168,,,2024-11-19,0.29573210928483373
2024-11-19,36.74953703703704,3.057539682539712,,,2024-11-19,0.22516724453269812
2024-11-19,36.74953703703704,3.0588624338624637,,,2024-11-19,0.11367657315247216
2024-11-19,36.74953703703704,3.0601851851852153,,,2024-11-19,0.05405852740642433
2024-11-19,36.74953703703704,3.061507936507965,,,2024-11-19,0.14387554106688039
2024-11-19,36.74953703703704,3.0628306878307168,,,2024-11-19,0.2574022223605488
2024-11-19,36.75046296296296,3.057539682539712,,,2024-11-19,0.22516595693912034
2024-11-19,36.75046296296296,3.0588624338624637,,,2024-11-19,0.11367602791756166
2024-11-19,36.75046296296296,3.0601851851852153,,,2024-11-19,0.05405849702281984
2024-11-19,36.75046296296296,3.061507936507965,,,2024-11-19,0.14387478409339177
2024-11-19,36.75046296296296,3.0628306878307168,,,2024-11-19,0.25740073137508096
2024-11-19,36.75138888888889,3.057539682539712,,,2024-11-19,0.2681416363474062
2024-11-19,36.75138888888889,3.0588624338624637,,,2024-11-19,0.18472391343301875
2024-11-19,36.75138888888889,3.0601851851852153,,,2024-11-19,0.1553162150214607
2024-11-19,36.75138888888889,3.061507936507965,,,2024-11-19,0.20469622494972564
2024-11-19,36.75138888888889,3.0628306878307168,,,2024-11-19,0.29572821605468813
2024-11-19,36.75231481481482,3.057539682539712,,,2024-11-19,0.33808427195944535
2024-11-19,36.75231481481482,3.0588624338624637,,,2024-11-19,0.27663047174165517
2024-11-19,36.75231481481482,3.0601851851852153,,,2024-11-19,0.2579239055025071
2024-11-19,36.75231481481482,3.061507936507965,,,2024-11-19,0.2903479711469829
2024-11-19,36.75231481481482,3.0628306878307168,,,2024-11-19,0.3603554187897976
2024-11-20,36.74768518518518,3.057539682539712,,,2024-11-20,0.3380885596660119
2024-11-20,36.74768518518518,3.0588624338624637,,,2024-11-20,0.276631592011625
2024-11-20,36.74768518518518,3.0601851851852153,,,2024-11-20,0.2579239373431453
2024-11-20,36.74768518518518,3.061507936507965,,,2024-11-20,0.2903498466436768
2024-11-20,36.74768518518518,3.0628306878307168,,,2024-11-20,0.3603607437968025
2024-11-20,36.74861111111111,3.057539682539712,,,2024-11-20,0.26814488002100434
2024-11-20,36.74861111111111,3.0588624338624637,,,2024-11-20,0.18472492001821167
2024-11-20,36.74861111111111,3.0601851851852153,,,2024-11-20,0.15531624674691102
2024-11-20,36.74861111111111,3.061507936507965,,,2024-11-20,0.20469782110899754
2024-11-20,36.74861111111111,3.0628306878307168,,,2024-11-20,0.29573210928483373
2024-11-20,36.74953703703704,3.057539682539712,,,2024-11-20,0.22516724453269812
2024-11-20,36.74953703703704,3.0588624338624637,,,2024-11-20,0.11367657315247216
2024-11-20,36.74953703703704,3.0601851851852153,,,2024-11-20,0.05405852740642433
2024-11-20,36.74953703703704,3.061507936507965,,,2024-11-20,0.14387554106688039
2024-11-20,36.74953703703704,3.0628306878307168,,,2024-11-20,0.2574022223605488
2024-11-20,36.75046296296296,3.057539682539712,,,2024-11-20,0.22516595693912034
2024-11-20,36.75046296296296,3.0588624338624637,,,2024-11-20,0.11367602791756166
2024-11-20,36.75046296296296,3.0601851851852153,,,2024-11-20,0.05405849702281984
2024-11-20,36.75046296296296,3.061507936507965,,,2024-11-20,0.14387478409339177
2024-11-20,36.75046296296296,3.0628306878307168,,,2024-11-20,0.25740073137508096
2024-11-20,36.75138888888889,3.057539682539712,,,2024-11-20,0.2681416363474062
2024-11-20,36.75138888888889,3.0588624338624637,,,2024-11-20,0.18472391343301875
2024-11-20,36.75138888888889,3.0601851851852153,,,2024-11-20,0.1553162150214607
2024-11-20,36.75138888888889,3.061507936507965,,,2024-11-20,0.20469622494972564
2024-11-20,36.75138888888889,3.0628306878307168,,,2024-11-20,0.29572821605468813
2024-11-20,36.75231481481482,3.057539682539712,,,2024-11-20,0.33808427195944535
2024-11-20,36.75231481481482,3.0588624338624637,,,2024-11-20,0.27663047174165517
2024-11-20,36.75231481481482,3.0601851851852153,,,2024-11-20,0.2579239055025071
2024-11-20,36.75231481481482,3.061507936507965,,,2024-11-20,0.2903479711469829
2024-11-20,36.75231481481482,3.0628306878307168,,,2024-11-20,0.3603554187897976
2024-11-21,36.74768518518518,3.057539682539712,,,2024-11-21,0.3380885596660119
2024-11-21,36.74768518518518,3.0588624338624637,,,2024-11-21,0.276631592011625
2024-11-21,36.74768518518518,3.0601851851852153,,,2024-11-21,0.2579239373431453
2024-11-21,36.74768518518518,3.061507936507965,,,2024-11-21,0.2903498466436768
2024-11-21,36.74768518518518,3.0628306878307168,,,2024-11-21,0.3603607437968025
2024-11-21,36.74861111111111,3.057539682539712,,,2024-11-21,0.26814488002100434
2024-11-21,36.74861111111111,3.0588624338624637,,,2024-11-21,0.18472492001821167
2024-11-21,36.74861111111111,3.0601851851852153,,,2024-11-21,0.15531624674691102
2024-11-21,36.74861111111111,3.061507936507965,,,2024-11-21,0.20469782110899754
2024-11-21,36.74861111111111,3.0628306878307168,,,2024-11-21,0.29573210928483373
2024-11-21,36.74953703703704,3.057539682539712,,,2024-11-21,0.22516724453269812
2024-11-21,36.74953703703704,3.0588624338624637,,,2024-11-21,0.11367657315247216
2024-11-21,36.74953703703704,3.0601851851852153,,,2024-11-21,0.05405852740642433
2024-11-21,36.74953703703704,3.061507936507965,,,2024-11-21,0.14387554106688039
2024-11-21,36.74953703703704,3.0628306878307168,,,2024-11-21,0.2574022223605488
2024-11-21,36.75046296296296,3.057539682539712,,,2024-11-21,0.22516595693912034
2024-11-21,36.75046296296296,3.0588624338624637,,,2024-11-21,0.11367602791756166
2024-11-21,36.75046296296296,3.0601851851852153,,,2024-11-21,0.05405849702281984
2024-11-21,36.75046296296296,3.061507936507965,,,2024-11-21,0.14387478409339177
2024-11-21,36.75046296296296,3.0628306878307168,,,2024-11-21,0.25740073137508096
2024-11-21,36.75138888888889,3.057539682539712,,,2024-11-21,0.2681416363474062
2024-11-21,36.75138888888889,3.0588624338624637,,,2024-11-21,0.18472391343301875
2024-11-21,36.75138888888889,3.0601851851852153,,,2024-11-21,0.1553162150214607
2024-11-21,36.75138888888889,3.061507936507965,,,2024-11-21,0.20469622494972564
2024-11-21,36.75138888888889,3.0628306878307168,,,2024-11-21,0.29572821605468813
2024-11-21,36.75231481481482,3.057539682539712,,,2024-11-21,0.33808427195944535
2024-11-21,36.75231481481482,3.0588624338624637,,,2024-11-21,0.27663047174165517
2024-11-21,36.75231481481482,3.0601851851852153,,,2024-11-21,0.2579239055025071
2024-11-21,36.75231481481482,3.061507936507965,,,2024-11-21,0.2903479711469829
2024-11-21,36.75231481481482,3.0628306878307168,,,2024-11-21,0.3603554187897976
2024-11-22,36.74768518518518,3.057539682539712,,,2024-11-22,0.3380885596660119
2024-11-22,36.74768518518518,3.0588624338624637,,,2024-11-22,0.276631592011625
2024-11-22,36.74768518518518,3.0601851851852153,,,2024-11-22,0.2579239373431453
2024-11-22,36.74768518518518,3.061507936507965,,,2024-11-22,0.2903498466436768
2024-11-22,36.74768518518518,3.0628306878307168,,,2024-11-22,0.3603607437968025
2024-11-22,36.74861111111111,3.057539682539712,,,2024-11-22,0.26814488002100434
2024-11-22,36.74861111111111,3.0588624338624637,,,2024-11-22,0.18472492001821167
2024-11-22,36.74861111111111,3.0601851851852153,,,2024-11-22,0.15531624674691102
2024-11-22,36.74861111111111,3.061507936507965,,,2024-11-22,0.20469782110899754
2024-11-22,36.74861111111111,3.0628306878307168,,,2024-11-22,0.29573210928483373
2024-11-22,36.74953703703704,3.057539682539712,,,2024-11-22,0.22516724453269812
2024-11-22,36.74953703703704,3.0588624338624637,,,2024-11-22,0.11367657315247216
2024-11-22,36.74953703703704,3.0601851851852153,,,2024-11-22,0.05405852740642433
2024-11-22,36.74953703703704,3.061507936507965,,,2024-11-22,0.14387554106688039
2024-11-22,36.74953703703704,3.0628306878307168,,,2024-11-22,0.2574022223605488
2024-11-22,36.75046296296296,3.057539682539712,,,2024-11-22,0.22516595693912034
2024-11-22,36.75046296296296,3.0588624338624637,,,2024-11-22,0.11367602791756166
2024-11-22,36.75046296296296,3.0601851851852153,,,2024-11-22,0.05405849702281984
2024-11-22,36.75046296296296,3.061507936507965,,,2024-11-22,0.14387478409339177
2024-11-22,36.75046296296296,3.0628306878307168,,,2024-11-22,0.25740073137508096
2024-11-22,36.75138888888889,3.057539682539712,,,2024-11-22,0.2681416363474062
2024-11-22,36.75138888888889,3.0588624338624637,,,2024-11-22,0.18472391343301875
2024-11-22,36.75138888888889,3.0601851851852153,,,2024-11-22,0.1553162150214607
2024-11-22,36.75138888888889,3.061507936507965,,,2024-11-22,0.20469622494972564
2024-11-22,36.75138888888889,3.0628306878307168,,,2024-11-22,0.29572821605468813
2024-11-22,36.75231481481482,3.057539682539712,,,2024-11-22,0.33808427195944535
2024-11-22,36.75231481481482,3.0588624338624637,,,2024-11-22,0.27663047174165517
2024-11-22,36.75231481481482,3.0601851851852153,,,2024-11-22,0.2579239055025071
2024-11-22,36.75231481481482,3.061507936507965,,,2024-11-22,0.2903479711469829
2024-11-22,36.75231481481482,3.0628306878307168,,,2024-11-22,0.3603554187897976
2024-11-23,36.74768518518518,3.057539682539712,,,2024-11-23,0.3380885596660119
2024-11-23,36.74768518518518,3.0588624338624637,,,2024-11-23,0.276631592011625
2024-11-23,36.74768518518518,3.0601851851852153,,,2024-11-23,0.2579239373431453
2024-11-23,36.74768518518518,3.061507936507965,,,2024-11-23,0.2903498466436768
2024-11-23,36.74768518518518,3.0628306878307168,,,2024-11-23,0.3603607437968025
2024-11-23,36.74861111111111,3.057539682539712,,,2024-11-23,0.26814488002100434
2024-11-23,36.74861111111111,3.0588624338624637,,,2024-11-23,0.18472492001821167
2024-11-23,36.74861111111111,3.0601851851852153,,,2024-11-23,0.15531624674691102
2024-11-23,36.74861111111111,3.061507936507965,,,2024-11-23,0.20469782110899754
2024-11-23,36.74861111111111,3.0628306878307168,,,2024-11-23,0.29573210928483373
2024-11-23,36.74953703703704,3.057539682539712,,,2024-11-23,0.22516724453269812
2024-11-23,36.74953703703704,3.0588624338624637,,,2024-11-23,0.11367657315247216
2024-11-23,36.74953703703704,3.0601851851852153,,,2024-11-23,0.05405852740642433
2024-11-23,36.74953703703704,3.061507936507965,,,2024-11-23,0.14387554106688039
2024-11-23,36.74953703703704,3.0628306878307168,,,2024-11-23,0.2574022223605488
2024-11-23,36.75046296296296,3.057539682539712,,,2024-11-23,0.22516595693912034
2024-11-23,36.75046296296296,3.0588624338624637,,,2024-11-23,0.11367602791756166
2024-11-23,36.75046296296296,3.0601851851852153,,,2024-11-23,0.05405849702281984
2024-11-23,36.75046296296296,3.061507936507965,,,2024-11-23,0.14387478409339177
2024-11-23,36.75046296296296,3.0628306878307168,,,2024-11-23,0.25740073137508096
2024-11-23,36.75138888888889,3.057539682539712,,,2024-11-23,0.2681416363474062
2024-11-23,36.75138888888889,3.0588624338624637,,,2024-11-23,0.18472391343301875
2024-11-23,36.75138888888889,3.0601851851852153,,,2024-11-23,0.1553162150214607
2024-11-23,36.75138888888889,3.061507936507965,,,2024-11-23,0.20469622494972564
2024-11-23,36.75138888888889,3.0628306878307168,,,2024-11-23,0.29572821605468813
2024-11-23,36.75231481481482,3.057539682539712,,,2024-11-23,0.33808427195944535
2024-11-23,36.75231481481482,3.0588624338624637,,,2024-11-23,0.27663047174165517
2024-11-23,36.75231481481482,3.0601851851852153,,,2024-11-23,0.2579239055025071
2024-11-23,36.75231481481482,3.061507936507965,,,2024-11-23,0.2903479711469829
2024-11-23,36.75231481481482,3.0628306878307168,,,2024-11-23,0.3603554187897976
2024-11-24,36.74768518518518,3.057539682539712,,,2024-11-24,0.3380885596660119
2024-11-24,36.74768518518518,3.0588624338624637,,,2024-11-24,0.276631592011625
2024-11-24,36.74768518518518,3.0601851851852153,,,2024-11-24,0.2579239373431453
2024-11-24,36.74768518518518,3.061507936507965,,,2024-11-24,0.2903498466436768
2024-11-24,36.74768518518518,3.0628306878307168,,,2024-11-24,0.3603607437968025
2024-11-24,36.74861111111111,3.057539682539712,,,2024-11-24,0.26814488002100434
2024-11-24,36.74861111111111,3.0588624338624637,,,2024-11-24,0.18472492001821167
2024-11-24,36.74861111111111,3.0601851851852153,,,2024-11-24,0.15531624674691102
2024-11-24,36.74861111111111,3.061507936507965,,,2024-11-24,0.20469782110899754
2024-11-24,36.74861111111111,3.0628306878307168,,,2024-11-24,0.29573210928483373
2024-11-24,36.74953703703704,3.057539682539712,,,2024-11-24,0.22516724453269812
2024-11-24,36.74953703703704,3.0588624338624637,,,2024-11-24,0.11367657315247216
2024-11-24,36.74953703703704,3.0601851851852153,,,2024-11-24,0.05405852740642433
2024-11-24,36.74953703703704,3.061507936507965,,,2024-11-24,0.14387554106688039
2024-11-24,36.74953703703704,3.0628306878307168,,,2024-11-24,0.2574022223605488
2024-11-24,36.75046296296296,3.057539682539712,,,2024-11-24,0.22516595693912034
2024-11-24,36.75046296296296,3.0588624338624637,,,2024-11-24,0.11367602791756166
2024-11-24,36.75046296296296,3.0601851851852153,,,2024-11-24,0.05405849702281984
2024-11-24,36.75046296296296,3.061507936507965,,,2024-11-24,0.14387478409339177
2024-11-24,36.75046296296296,3.0628306878307168,,,2024-11-24,0.25740073137508096
2024-11-24,36.75138888888889,3.057539682539712,,,2024-11-24,0.2681416363474062
2024-11-24,36.75138888888889,3.0588624338624637,,,2024-11-24,0.18472391343301875
2024-11-24,36.75138888888889,3.0601851851852153,,,2024-11-24,0.1553162150214607
2024-11-24,36.75138888888889,3.061507936507965,,,2024-11-24,0.20469622494972564
2024-11-24,36.75138888888889,3.0628306878307168,,,2024-11-24,0.29572821605468813
2024-11-24,36.75231481481482,3.057539682539712,,,2024-11-24,0.33808427195944535
2024-11-24,36.75231481481482,3.0588624338624637,,,2024-11-24,0.27663047174165517
2024-11-24,36.75231481481482,3.0601851851852153,,,2024-11-24,0.2579239055025071
2024-11-24,36.75231481481482,3.061507936507965,,,2024-11-24,0.2903479711469829
2024-11-24,36.75231481481482,3.0628306878307168,,,2024-11-24,0.3603554187897976
2024-11-25,36.74768518518518,3.057539682539712,,,2024-11-25,0.3380885596660119
2024-11-25,36.74768518518518,3.0588624338624637,,,2024-11-25,0.276631592011625
2024-11-25,36.74768518518518,3.0601851851852153,,,2024-11-25,0.2579239373431453
2024-11-25,36.74768518518518,3.061507936507965,,,2024-11-25,0.2903498466436768
2024-11-25,36.74768518518518,3.0628306878307168,,,2024-11-25,0.3603607437968025
2024-11-25,36.74861111111111,3.057539682539712,,,2024-11-25,0.26814488002100434
2024-11-25,36.74861111111111,3.0588624338624637,,,2024-11-25,0.18472492001821167
2024-11-25,36.74861111111111,3.0601851851852153,,,2024-11-25,0.15531624674691102
2024-11-25,36.74861111111111,3.061507936507965,,,2024-11-25,0.20469782110899754
2024-11-25,36.74861111111111,3.0628306878307168,,,2024-11-25,0.29573210928483373
2024-11-25,36.74953703703704,3.057539682539712,,,2024-11-25,0.22516724453269812
2024-11-25,36.74953703703704,3.0588624338624637,,,2024-11-25,0.11367657315247216
2024-11-25,36.74953703703704,3.0601851851852153,,,2024-11-25,0.05405852740642433
2024-11-25,36.74953703703704,3.061507936507965,,,2024-11-25,0.14387554106688039
2024-11-25,36.74953703703704,3.0628306878307168,,,2024-11-25,0.2574022223605488
2024-11-25,36.75046296296296,3.057539682539712,,,2024-11-25,0.22516595693912034
2024-11-25,36.75046296296296,3.0588624338624637,,,2024-11-25,0.11367602791756166
2024-11-25,36.75046296296296,3.0601851851852153,,,2024-11-25,0.05405849702281984
2024-11-25,36.75046296296296,3.061507936507965,,,2024-11-25,0.14387478409339177
2024-11-25,36.75046296296296,3.0628306878307168,,,2024-11-25,0.25740073137508096
2024-11-25,36.75138888888889,3.057539682539712,,,2024-11-25,0.2681416363474062
2024-11-25,36.75138888888889,3.0588624338624637,,,2024-11-25,0.18472391343301875
2024-11-25,36.75138888888889,3.0601851851852153,,,2024-11-25,0.1553162150214607
2024-11-25,36.75138888888889,3.061507936507965,,,2024-11-25,0.20469622494972564
2024-11-25,36.75138888888889,3.0628306878307168,,,2024-11-25,0.29572821605468813
2024-11-25,36.75231481481482,3.057539682539712,,,2024-11-25,0.33808427195944535
2024-11-25,36.75231481481482,3.0588624338624637,,,2024-11-25,0.27663047174165517
2024-11-25,36.75231481481482,3.0601851851852153,,,2024-11-25,0.2579239055025071
2024-11-25,36.75231481481482,3.061507936507965,,,2024-11-25,0.2903479711469829
2024-11-25,36.75231481481482,3.0628306878307168,,,2024-11-25,0.3603554187897976
2024-11-26,36.74768518518518,3.057539682539712,,,2024-11-26,0.3380885596660119
2024-11-26,36.74768518518518,3.0588624338624637,,,2024-11-26,0.276631592011625
2024-11-26,36.74768518518518,3.0601851851852153,,,2024-11-26,0.2579239373431453
2024-11-26,36.74768518518518,3.061507936507965,,,2024-11-26,0.2903498466436768
2024-11-26,36.74768518518518,3.0628306878307168,,,2024-11-26,0.3603607437968025
2024-11-26,36.74861111111111,3.057539682539712,,,2024-11-26,0.26814488002100434
2024-11-26,36.74861111111111,3.0588624338624637,,,2024-11-26,0.18472492001821167
2024-11-26,36.74861111111111,3.0601851851852153,,,2024-11-26,0.15531624674691102
2024-11-26,36.74861111111111,3.061507936507965,,,2024-11-26,0.20469782110899754
2024-11-26,36.74861111111111,3.0628306878307168,,,2024-11-26,0.29573210928483373
2024-11-26,36.74953703703704,3.057539682539712,,,2024-11-26,0.22516724453269812
2024-11-26,36.74953703703704,3.0588624338624637,,,2024-11-26,0.11367657315247216
2024-11-26,36.74953703703704,3.0601851851852153,,,2024-11-26,0.05405852740642433
2024-11-26,36.74953703703704,3.061507936507965,,,2024-11-26,0.14387554106688039
2024-11-26,36.74953703703704,3.0628306878307168,,,2024-11-26,0.2574022223605488
2024-11-26,36.75046296296296,3.057539682539712,,,2024-11-26,0.22516595693912034
2024-11-26,36.75046296296296,3.0588624338624637,,,2024-11-26,0.11367602791756166
2024-11-26,36.75046296296296,3.0601851851852153,,,2024-11-26,0.05405849702281984
2024-11-26,36.75046296296296,3.061507936507965,,,2024-11-26,0.14387478409339177
2024-11-26,36.75046296296296,3.0628306878307168,,,2024-11-26,0.25740073137508096
2024-11-26,36.75138888888889,3.057539682539712,,,2024-11-26,0.2681416363474062
2024-11-26,36.75138888888889,3.0588624338624637,,,2024-11-26,0.18472391343301875
2024-11-26,36.75138888888889,3.0601851851852153,,,2024-11-26,0.1553162150214607
2024-11-26,36.75138888888889,3.061507936507965,,,2024-11-26,0.20469622494972564
2024-11-26,36.75138888888889,3.0628306878307168,,,2024-11-26,0.29572821605468813
2024-11-26,36.75231481481482,3.057539682539712,,,2024-11-26,0.33808427195944535
2024-11-26,36.75231481481482,3.0588624338624637,,,2024-11-26,0.27663047174165517
2024-11-26,36.75231481481482,3.0601851851852153,,,2024-11-26,0.2579239055025071
2024-11-26,36.75231481481482,3.061507936507965,,,2024-11-26,0.2903479711469829
2024-11-26,36.75231481481482,3.0628306878307168,,,2024-11-26,0.3603554187897976
2024-11-27,36.74768518518518,3.057539682539712,,,2024-11-27,0.3380885596660119
2024-11-27,36.74768518518518,3.0588624338624637,,,2024-11-27,0.276631592011625
2024-11-27,36.74768518518518,3.0601851851852153,,,2024-11-27,0.2579239373431453
2024-11-27,36.74768518518518,3.061507936507965,,,2024-11-27,0.2903498466436768
2024-11-27,36.74768518518518,3.0628306878307168,,,2024-11-27,0.3603607437968025
2024-11-27,36.74861111111111,3.057539682539712,,,2024-11-27,0.26814488002100434
2024-11-27,36.74861111111111,3.0588624338624637,,,2024-11-27,0.18472492001821167
2024-11-27,36.74861111111111,3.0601851851852153,,,2024-11-27,0.15531624674691102
2024-11-27,36.74861111111111,3.061507936507965,,,2024-11-27,0.20469782110899754
2024-11-27,36.74861111111111,3.0628306878307168,,,2024-11-27,0.29573210928483373
2024-11-27,36.74953703703704,3.057539682539712,,,2024-11-27,0.22516724453269812
2024-11-27,36.74953703703704,3.0588624338624637,,,2024-11-27,0.11367657315247216
2024-11-27,36.74953703703704,3.0601851851852153,,,2024-11-27,0.05405852740642433
2024-11-27,36.74953703703704,3.061507936507965,,,2024-11-27,0.14387554106688039
2024-11-27,36.74953703703704,3.0628306878307168,,,2024-11-27,0.2574022223605488
2024-11-27,36.75046296296296,3.057539682539712,,,2024-11-27,0.22516595693912034
2024-11-27,36.75046296296296,3.0588624338624637,,,2024-11-27,0.11367602791756166
2024-11-27,36.75046296296296,3.0601851851852153,,,2024-11-27,0.05405849702281984
2024-11-27,36.75046296296296,3.061507936507965,,,2024-11-27,0.14387478409339177
2024-11-27,36.75046296296296,3.0628306878307168,,,2024-11-27,0.25740073137508096
2024-11-27,36.75138888888889,3.057539682539712,,,2024-11-27,0.2681416363474062
2024-11-27,36.75138888888889,3.0588624338624637,,,2024-11-27,0.18472391343301875
2024-11-27,36.75138888888889,3.0601851851852153,,,2024-11-27,0.1553162150214607
2024-11-27,36.75138888888889,3.061507936507965,,,2024-11-27,0.20469622494972564
2024-11-27,36.75138888888889,3.0628306878307168,,,2024-11-27,0.29572821605468813
2024-11-27,36.75231481481482,3.057539682539712,,,2024-11-27,0.33808427195944535
2024-11-27,36.75231481481482,3.0588624338624637,,,2024-11-27,0.27663047174165517
2024-11-27,36.75231481481482,3.0601851851852153,,,2024-11-27,0.2579239055025071
2024-11-27,36.75231481481482,3.061507936507965,,,2024-11-27,0.2903479711469829
2024-11-27,36.75231481481482,3.0628306878307168,,,2024-11-27,0.3603554187897976
2024-11-28,36.74768518518518,3.057539682539712,,,2024-11-28,0.3380885596660119
2024-11-28,36.74768518518518,3.0588624338624637,,,2024-11-28,0.276631592011625
2024-11-28,36.74768518518518,3.0601851851852153,,,2024-11-28,0.2579239373431453
2024-11-28,36.74768518518518,3.061507936507965,,,2024-11-28,0.2903498466436768
2024-11-28,36.74768518518518,3.0628306878307168,,,2024-11-28,0.3603607437968025
2024-11-28,36.74861111111111,3.057539682539712,,,2024-11-28,0.26814488002100434
2024-11-28,36.74861111111111,3.0588624338624637,,,2024-11-28,0.18472492001821167
2024-11-28,36.74861111111111,3.0601851851852153,,,2024-11-28,0.15531624674691102
2024-11-28,36.74861111111111,3.061507936507965,,,2024-11-28,0.20469782110899754
2024-11-28,36.74861111111111,3.0628306878307168,,,2024-11-28,0.29573210928483373
2024-11-28,36.74953703703704,3.057539682539712,,,2024-11-28,0.22516724453269812
2024-11-28,36.74953703703704,3.0588624338624637,,,2024-11-28,0.11367657315247216
2024-11-28,36.74953703703704,3.0601851851852153,,,2024-11-28,0.05405852740642433
2024-11-28,36.74953703703704,3.061507936507965,,,2024-11-28,0.14387554106688039
2024-11-28,36.74953703703704,3.0628306878307168,,,2024-11-28,0.2574022223605488
2024-11-28,36.75046296296296,3.057539682539712,,,2024-11-28,0.22516595693912034
2024-11-28,36.75046296296296,3.0588624338624637,,,2024-11-28,0.11367602791756166
2024-11-28,36.75046296296296,3.0601851851852153,,,2024-11-28,0.05405849702281984
2024-11-28,36.75046296296296,3.061507936507965,,,2024-11-28,0.14387478409339177
2024-11-28,36.75046296296296,3.0628306878307168,,,2024-11-28,0.25740073137508096
2024-11-28,36.75138888888889,3.057539682539712,,,2024-11-28,0.2681416363474062
2024-11-28,36.75138888888889,3.0588624338624637,,,2024-11-28,0.18472391343301875
2024-11-28,36.75138888888889,3.0601851851852153,,,2024-11-28,0.1553162150214607
2024-11-28,36.75138888888889,3.061507936507965,,,2024-11-28,0.20469622494972564
2024-11-28,36.75138888888889,3.0628306878307168,,,2024-11-28,0.29572821605468813
2024-11-28,36.75231481481482,3.057539682539712,,,2024-11-28,0.33808427195944535
2024-11-28,36.75231481481482,3.0588624338624637,,,2024-11-28,0.27663047174165517
2024-11-28,36.75231481481482,3.0601851851852153,,,2024-11-28,0.2579239055025071
2024-11-28,36.75231481481482,3.061507936507965,,,2024-11-28,0.2903479711469829
2024-11-28,36.75231481481482,3.0628306878307168,,,2024-11-28,0.3603554187897976
2024-11-29,36.74768518518518,3.057539682539712,,,2024-11-29,0.3380885596660119
2024-11-29,36.74768518518518,3.0588624338624637,,,2024-11-29,0.276631592011625
2024-11-29,36.74768518518518,3.0601851851852153,,,2024-11-29,0.2579239373431453
2024-11-29,36.74768518518518,3.061507936507965,,,2024-11-29,0.2903498466436768
2024-11-29,36.74768518518518,3.0628306878307168,,,2024-11-29,0.3603607437968025
2024-11-29,36.74861111111111,3.057539682539712,,,2024-11-29,0.26814488002100434
2024-11-29,36.74861111111111,3.0588624338624637,,,2024-11-29,0.18472492001821167
2024-11-29,36.74861111111111,3.0601851851852153,,,2024-11-29,0.15531624674691102
2024-11-29,36.74861111111111,3.061507936507965,,,2024-11-29,0.20469782110899754
2024-11-29,36.74861111111111,3.0628306878307168,,,2024-11-29,0.29573210928483373
2024-11-29,36.74953703703704,3.057539682539712,,,2024-11-29,0.22516724453269812
2024-11-29,36.74953703703704,3.0588624338624637,,,2024-11-29,0.11367657315247216
2024-11-29,36.74953703703704,3.0601851851852153,,,2024-11-29,0.05405852740642433
2024-11-29,36.74953703703704,3.061507936507965,,,2024-11-29,0.14387554106688039
2024-11-29,36.74953703703704,3.0628306878307168,,,2024-11-29,0.2574022223605488
2024-11-29,36.75046296296296,3.057539682539712,,,2024-11-29,0.22516595693912034
2024-11-29,36.75046296296296,3.0588624338624637,,,2024-11-29,0.11367602791756166
2024-11-29,36.75046296296296,3.0601851851852153,,,2024-11-29,0.05405849702281984
2024-11-29,36.75046296296296,3.061507936507965,,,2024-11-29,0.14387478409339177
2024-11-29,36.75046296296296,3.0628306878307168,,,2024-11-29,0.25740073137508096
2024-11-29,36.75138888888889,3.057539682539712,,,2024-11-29,0.2681416363474062
2024-11-29,36.75138888888889,3.0588624338624637,,,2024-11-29,0.18472391343301875
2024-11-29,36.75138888888889,3.0601851851852153,,,2024-11-29,0.1553162150214607
2024-11-29,36.75138888888889,3.061507936507965,,,2024-11-29,0.20469622494972564
2024-11-29,36.75138888888889,3.0628306878307168,,,2024-11-29,0.29572821605468813
2024-11-29,36.75231481481482,3.057539682539712,,,2024-11-29,0.33808427195944535
2024-11-29,36.75231481481482,3.0588624338624637,,,2024-11-29,0.27663047174165517
2024-11-29,36.75231481481482,3.0601851851852153,,,2024-11-29,0.2579239055025071
2024-11-29,36.75231481481482,3.061507936507965,,,2024-11-29,0.2903479711469829
2024-11-29,36.75231481481482,3.0628306878307168,,,2024-11-29,0.3603554187897976
2024-11-30,36.74768518518518,3.057539682539712,,,2024-11-30,0.3380885596660119
2024-11-30,36.74768518518518,3.0588624338624637,,,2024-11-30,0.276631592011625
2024-11-30,36.74768518518518,3.0601851851852153,,,2024-11-30,0.2579239373431453
2024-11-30,36.74768518518518,3.061507936507965,,,2024-11-30,0.2903498466436768
2024-11-30,36.74768518518518,3.0628306878307168,,,2024-11-30,0.3603607437968025
2024-11-30,36.74861111111111,3.057539682539712,,,2024-11-30,0.26814488002100434
2024-11-30,36.74861111111111,3.0588624338624637,,,2024-11-30,0.18472492001821167
2024-11-30,36.74861111111111,3.0601851851852153,,,2024-11-30,0.15531624674691102
2024-11-30,36.74861111111111,3.061507936507965,,,2024-11-30,0.20469782110899754
2024-11-30,36.74861111111111,3.0628306878307168,,,2024-11-30,0.29573210928483373
2024-11-30,36.74953703703704,3.057539682539712,,,2024-11-30,0.22516724453269812
2024-11-30,36.74953703703704,3.0588624338624637,,,2024-11-30,0.11367657315247216
2024-11-30,36.74953703703704,3.0601851851852153,,,2024-11-30,0.05405852740642433
2024-11-30,36.74953703703704,3.061507936507965,,,2024-11-30,0.14387554106688039
2024-11-30,36.74953703703704,3.0628306878307168,,,2024-11-30,0.2574022223605488
2024-11-30,36.75046296296296,3.057539682539712,,,2024-11-30,0.22516595693912034
2024-11-30,36.75046296296296,3.0588624338624637,,,2024-11-30,0.11367602791756166
2024-11-30,36.75046296296296,3.0601851851852153,,,2024-11-30,0.05405849702281984
2024-11-30,36.75046296296296,3.061507936507965,,,2024-11-30,0.14387478409339177
2024-11-30,36.75046296296296,3.0628306878307168,,,2024-11-30,0.25740073137508096
2024-11-30,36.75138888888889,3.057539682539712,,,2024-11-30,0.2681416363474062
2024-11-30,36.75138888888889,3.0588624338624637,,,2024-11-30,0.18472391343301875
2024-11-30,36.75138888888889,3.0601851851852153,,,2024-11-30,0.1553162150214607
2024-11-30,36.75138888888889,3.061507936507965,,,2024-11-30,0.20469622494972564
2024-11-30,36.75138888888889,3.0628306878307168,,,2024-11-30,0.29572821605468813
2024-11-30,36.75231481481482,3.057539682539712,,,2024-11-30,0.33808427195944535
2024-11-30,36.75231481481482,3.0588624338624637,,,2024-11-30,0.27663047174165517
2024-11-30,36.75231481481482,3.0601851851852153,,,2024-11-30,0.2579239055025071
2024-11-30,36.75231481481482,3.061507936507965,,,2024-11-30,0.2903479711469829
2024-11-30,36.75231481481482,3.0628306878307168,,,2024-11-30,0.3603554187897976
2024-12-01,36.74768518518518,3.057539682539712,,,2024-12-01,0.3380885596660119
2024-12-01,36.74768518518518,3.0588624338624637,,,2024-12-01,0.276631592011625
2024-12-01,36.74768518518518,3.0601851851852153,,,2024-12-01,0.2579239373431453
2024-12-01,36.74768518518518,3.061507936507965,,,2024-12-01,0.2903498466436768
2024-12-01,36.74768518518518,3.0628306878307168,,,2024-12-01,0.3603607437968025
2024-12-01,36.74861111111111,3.057539682539712,,,2024-12-01,0.26814488002100434
2024-12-01,36.74861111111111,3.0588624338624637,,,2024-12-01,0.18472492001821167
2024-12-01,36.74861111111111,3.0601851851852153,,,2024-12-01,0.15531624674691102
2024-12-01,36.74861111111111,3.061507936507965,,,2024-12-01,0.20469782110899754
2024-12-01,36.74861111111111,3.0628306878307168,,,2024-12-01,0.29573210928483373
2024-12-01,36.74953703703704,3.057539682539712,,,2024-12-01,0.22516724453269812
2024-12-01,36.74953703703704,3.0588624338624637,,,2024-12-01,0.11367657315247216
2024-12-01,36.74953703703704,3.0601851851852153,,,2024-12-01,0.05405852740642433
2024-12-01,36.74953703703704,3.061507936507965,,,2024-12-01,0.14387554106688039
2024-12-01,36.74953703703704,3.0628306878307168,,,2024-12-01,0.2574022223605488
2024-12-01,36.75046296296296,3.057539682539712,,,2024-12-01,0.22516595693912034
2024-12-01,36.75046296296296,3.0588624338624637,,,2024-12-01,0.11367602791756166
2024-12-01,36.75046296296296,3.0601851851852153,,,2024-12-01,0.05405849702281984
2024-12-01,36.75046296296296,3.061507936507965,,,2024-12-01,0.14387478409339177
2024-12-01,36.75046296296296,3.0628306878307168,,,2024-12-01,0.25740073137508096
2024-12-01,36.75138888888889,3.057539682539712,,,2024-12-01,0.2681416363474062
2024-12-01,36.75138888888889,3.0588624338624637,,,2024-12-01,0.18472391343301875
2024-12-01,36.75138888888889,3.0601851851852153,,,2024-12-01,0.1553162150214607
2024-12-01,36.75138888888889,3.061507936507965,,,2024-12-01,0.20469622494972564
2024-12-01,36.75138888888889,3.0628306878307168,,,2024-12-01,0.29572821605468813
2024-12-01,36.75231481481482,3.057539682539712,,,2024-12-01,0.33808427195944535
2024-12-01,36.75231481481482,3.0588624338624637,,,2024-12-01,0.27663047174165517
2024-12-01,36.75231481481482,3.0601851851852153,,,2024-12-01,0.2579239055025071
2024-12-01,36.75231481481482,3.061507936507965,,,2024-12-01,0.2903479711469829
2024-12-01,36.75231481481482,3.0628306878307168,,,2024-12-01,0.3603554187897976
2024-12-02,36.74768518518518,3.057539682539712,,,2024-12-02,0.3380885596660119
2024-12-02,36.74768518518518,3.0588624338624637,,,2024-12-02,0.276631592011625
2024-12-02,36.74768518518518,3.0601851851852153,,,2024-12-02,0.2579239373431453
2024-12-02,36.74768518518518,3.061507936507965,,,2024-12-02,0.2903498466436768
2024-12-02,36.74768518518518,3.0628306878307168,,,2024-12-02,0.3603607437968025
2024-12-02,36.74861111111111,3.057539682539712,,,2024-12-02,0.26814488002100434
2024-12-02,36.74861111111111,3.0588624338624637,,,2024-12-02,0.18472492001821167
2024-12-02,36.74861111111111,3.0601851851852153,,,2024-12-02,0.15531624674691102
2024-12-02,36.74861111111111,3.061507936507965,,,2024-12-02,0.20469782110899754
2024-12-02,36.74861111111111,3.0628306878307168,,,2024-12-02,0.29573210928483373
2024-12-02,36.74953703703704,3.057539682539712,,,2024-12-02,0.22516724453269812
2024-12-02,36.74953703703704,3.0588624338624637,,,2024-12-02,0.11367657315247216
2024-12-02,36.74953703703704,3.0601851851852153,,,2024-12-02,0.05405852740642433
2024-12-02,36.74953703703704,3.061507936507965,,,2024-12-02,0.14387554106688039
2024-12-02,36.74953703703704,3.0628306878307168,,,2024-12-02,0.2574022223605488
2024-12-02,36.75046296296296,3.057539682539712,,,2024-12-02,0.22516595693912034
2024-12-02,36.75046296296296,3.0588624338624637,,,2024-12-02,0.11367602791756166
2024-12-02,36.75046296296296,3.0601851851852153,,,2024-12-02,0.05405849702281984
2024-12-02,36.75046296296296,3.061507936507965,,,2024-12-02,0.14387478409339177
2024-12-02,36.75046296296296,3.0628306878307168,,,2024-12-02,0.25740073137508096
2024-12-02,36.75138888888889,3.057539682539712,,,2024-12-02,0.2681416363474062
2024-12-02,36.75138888888889,3.0588624338624637,,,2024-12-02,0.18472391343301875
2024-12-02,36.75138888888889,3.0601851851852153,,,2024-12-02,0.1553162150214607
2024-12-02,36.75138888888889,3.061507936507965,,,2024-12-02,0.20469622494972564
2024-12-02,36.75138888888889,3.0628306878307168,,,2024-12-02,0.29572821605468813
2024-12-02,36.75231481481482,3.057539682539712,,,2024-12-02,0.33808427195944535
2024-12-02,36.75231481481482,3.0588624338624637,,,2024-12-02,0.27663047174165517
2024-12-02,36.75231481481482,3.0601851851852153,,,2024-12-02,0.2579239055025071
2024-12-02,36.75231481481482,3.061507936507965,,,2024-12-02,0.2903479711469829
2024-12-02,36.75231481481482,3.0628306878307168,,,2024-12-02,0.3603554187897976
2024-12-03,36.74768518518518,3.057539682539712,,,2024-12-03,0.3380885596660119
2024-12-03,36.74768518518518,3.0588624338624637,,,2024-12-03,0.276631592011625
2024-12-03,36.74768518518518,3.0601851851852153,,,2024-12-03,0.2579239373431453
2024-12-03,36.74768518518518,3.061507936507965,,,2024-12-03,0.2903498466436768
2024-12-03,36.74768518518518,3.0628306878307168,,,2024-12-03,0.3603607437968025
2024-12-03,36.74861111111111,3.057539682539712,,,2024-12-03,0.26814488002100434
2024-12-03,36.74861111111111,3.0588624338624637,,,2024-12-03,0.18472492001821167
2024-12-03,36.74861111111111,3.0601851851852153,,,2024-12-03,0.15531624674691102
2024-12-03,36.74861111111111,3.061507936507965,,,2024-12-03,0.20469782110899754
2024-12-03,36.74861111111111,3.0628306878307168,,,2024-12-03,0.29573210928483373
2024-12-03,36.74953703703704,3.057539682539712,,,2024-12-03,0.22516724453269812
2024-12-03,36.74953703703704,3.0588624338624637,,,2024-12-03,0.11367657315247216
2024-12-03,36.74953703703704,3.0601851851852153,,,2024-12-03,0.05405852740642433
2024-12-03,36.74953703703704,3.061507936507965,,,2024-12-03,0.14387554106688039
2024-12-03,36.74953703703704,3.0628306878307168,,,2024-12-03,0.2574022223605488
2024-12-03,36.75046296296296,3.057539682539712,,,2024-12-03,0.22516595693912034
2024-12-03,36.75046296296296,3.0588624338624637,,,2024-12-03,0.11367602791756166
2024-12-03,36.75046296296296,3.0601851851852153,,,2024-12-03,0.05405849702281984
2024-12-03,36.75046296296296,3.061507936507965,,,2024-12-03,0.14387478409339177
2024-12-03,36.75046296296296,3.0628306878307168,,,2024-12-03,0.25740073137508096
2024-12-03,36.75138888888889,3.057539682539712,,,2024-12-03,0.2681416363474062
2024-12-03,36.75138888888889,3.0588624338624637,,,2024-12-03,0.18472391343301875
2024-12-03,36.75138888888889,3.0601851851852153,,,2024-12-03,0.1553162150214607
2024-12-03,36.75138888888889,3.061507936507965,,,2024-12-03,0.20469622494972564
2024-12-03,36.75138888888889,3.0628306878307168,,,2024-12-03,0.29572821605468813
2024-12-03,36.75231481481482,3.057539682539712,,,2024-12-03,0.33808427195944535
2024-12-03,36.75231481481482,3.0588624338624637,,,2024-12-03,0.27663047174165517
2024-12-03,36.75231481481482,3.0601851851852153,,,2024-12-03,0.2579239055025071
2024-12-03,36.75231481481482,3.061507936507965,,,2024-12-03,0.2903479711469829
2024-12-03,36.75231481481482,3.0628306878307168,,,2024-12-03,0.3603554187897976
2024-12-04,36.74768518518518,3.057539682539712,,,2024-12-04,0.3380885596660119
2024-12-04,36.74768518518518,3.0588624338624637,,,2024-12-04,0.276631592011625
2024-12-04,36.74768518518518,3.0601851851852153,,,2024-12-04,0.2579239373431453
2024-12-04,36.74768518518518,3.061507936507965,,,2024-12-04,0.2903498466436768
2024-12-04,36.74768518518518,3.0628306878307168,,,2024-12-04,0.3603607437968025
2024-12-04,36.74861111111111,3.057539682539712,,,2024-12-04,0.26814488002100434
2024-12-04,36.74861111111111,3.0588624338624637,,,2024-12-04,0.18472492001821167
2024-12-04,36.74861111111111,3.0601851851852153,,,2024-12-04,0.15531624674691102
2024-12-04,36.74861111111111,3.061507936507965,,,2024-12-04,0.20469782110899754
2024-12-04,36.74861111111111,3.0628306878307168,,,2024-12-04,0.29573210928483373
2024-12-04,36.74953703703704,3.057539682539712,,,2024-12-04,0.22516724453269812
2024-12-04,36.74953703703704,3.0588624338624637,,,2024-12-04,0.11367657315247216
2024-12-04,36.74953703703704,3.0601851851852153,,,2024-12-04,0.05405852740642433
2024-12-04,36.74953703703704,3.061507936507965,,,2024-12-04,0.14387554106688039
2024-12-04,36.74953703703704,3.0628306878307168,,,2024-12-04,0.2574022223605488
2024-12-04,36.75046296296296,3.057539682539712,,,2024-12-04,0.22516595693912034
2024-12-04,36.75046296296296,3.0588624338624637,,,2024-12-04,0.11367602791756166
2024-12-04,36.75046296296296,3.0601851851852153,,,2024-12-04,0.05405849702281984
2024-12-04,36.75046296296296,3.061507936507965,,,2024-12-04,0.14387478409339177
2024-12-04,36.75046296296296,3.0628306878307168,,,2024-12-04,0.25740073137508096
2024-12-04,36.75138888888889,3.057539682539712,,,2024-12-04,0.2681416363474062
2024-12-04,36.75138888888889,3.0588624338624637,,,2024-12-04,0.18472391343301875
2024-12-04,36.75138888888889,3.0601851851852153,,,2024-12-04,0.1553162150214607
2024-12-04,36.75138888888889,3.061507936507965,,,2024-12-04,0.20469622494972564
2024-12-04,36.75138888888889,3.0628306878307168,,,2024-12-04,0.29572821605468813
2024-12-04,36.75231481481482,3.057539682539712,,,2024-12-04,0.33808427195944535
2024-12-04,36.75231481481482,3.0588624338624637,,,2024-12-04,0.27663047174165517
2024-12-04,36.75231481481482,3.0601851851852153,,,2024-12-04,0.2579239055025071
2024-12-04,36.75231481481482,3.061507936507965,,,2024-12-04,0.2903479711469829
2024-12-04,36.75231481481482,3.0628306878307168,,,2024-12-04,0.3603554187897976
2024-12-05,36.74768518518518,3.057539682539712,,,2024-12-05,0.3380885596660119
2024-12-05,36.74768518518518,3.0588624338624637,,,2024-12-05,0.276631592011625
2024-12-05,36.74768518518518,3.0601851851852153,,,2024-12-05,0.2579239373431453
2024-12-05,36.74768518518518,3.061507936507965,,,2024-12-05,0.2903498466436768
2024-12-05,36.74768518518518,3.0628306878307168,,,2024-12-05,0.3603607437968025
2024-12-05,36.74861111111111,3.057539682539712,,,2024-12-05,0.26814488002100434
2024-12-05,36.74861111111111,3.0588624338624637,,,2024-12-05,0.18472492001821167
2024-12-05,36.74861111111111,3.0601851851852153,,,2024-12-05,0.15531624674691102
2024-12-05,36.74861111111111,3.061507936507965,,,2024-12-05,0.20469782110899754
2024-12-05,36.74861111111111,3.0628306878307168,,,2024-12-05,0.29573210928483373
2024-12-05,36.74953703703704,3.057539682539712,,,2024-12-05,0.22516724453269812
2024-12-05,36.74953703703704,3.0588624338624637,,,2024-12-05,0.11367657315247216
2024-12-05,36.74953703703704,3.0601851851852153,,,2024-12-05,0.05405852740642433
2024-12-05,36.74953703703704,3.061507936507965,,,2024-12-05,0.14387554106688039
2024-12-05,36.74953703703704,3.0628306878307168,,,2024-12-05,0.2574022223605488
2024-12-05,36.75046296296296,3.057539682539712,,,2024-12-05,0.22516595693912034
2024-12-05,36.75046296296296,3.0588624338624637,,,2024-12-05,0.11367602791756166
2024-12-05,36.75046296296296,3.0601851851852153,,,2024-12-05,0.05405849702281984
2024-12-05,36.75046296296296,3.061507936507965,,,2024-12-05,0.14387478409339177
2024-12-05,36.75046296296296,3.0628306878307168,,,2024-12-05,0.25740073137508096
2024-12-05,36.75138888888889,3.057539682539712,,,2024-12-05,0.2681416363474062
2024-12-05,36.75138888888889,3.0588624338624637,,,2024-12-05,0.18472391343301875
2024-12-05,36.75138888888889,3.0601851851852153,,,2024-12-05,0.1553162150214607
2024-12-05,36.75138888888889,3.061507936507965,,,2024-12-05,0.20469622494972564
2024-12-05,36.75138888888889,3.0628306878307168,,,2024-12-05,0.29572821605468813
2024-12-05,36.75231481481482,3.057539682539712,,,2024-12-05,0.33808427195944535
2024-12-05,36.75231481481482,3.0588624338624637,,,2024-12-05,0.27663047174165517
2024-12-05,36.75231481481482,3.0601851851852153,,,2024-12-05,0.2579239055025071
2024-12-05,36.75231481481482,3.061507936507965,,,2024-12-05,0.2903479711469829
2024-12-05,36.75231481481482,3.0628306878307168,,,2024-12-05,0.3603554187897976
2024-12-06,36.74768518518518,3.057539682539712,,,2024-12-06,0.3380885596660119
2024-12-06,36.74768518518518,3.0588624338624637,,,2024-12-06,0.276631592011625
2024-12-06,36.74768518518518,3.0601851851852153,,,2024-12-06,0.2579239373431453
2024-12-06,36.74768518518518,3.061507936507965,,,2024-12-06,0.2903498466436768
2024-12-06,36.74768518518518,3.0628306878307168,,,2024-12-06,0.3603607437968025
2024-12-06,36.74861111111111,3.057539682539712,,,2024-12-06,0.26814488002100434
2024-12-06,36.74861111111111,3.0588624338624637,,,2024-12-06,0.18472492001821167
2024-12-06,36.74861111111111,3.0601851851852153,,,2024-12-06,0.15531624674691102
2024-12-06,36.74861111111111,3.061507936507965,,,2024-12-06,0.20469782110899754
2024-12-06,36.74861111111111,3.0628306878307168,,,2024-12-06,0.29573210928483373
2024-12-06,36.74953703703704,3.057539682539712,,,2024-12-06,0.22516724453269812
2024-12-06,36.74953703703704,3.0588624338624637,,,2024-12-06,0.11367657315247216
2024-12-06,36.74953703703704,3.0601851851852153,,,2024-12-06,0.05405852740642433
2024-12-06,36.74953703703704,3.061507936507965,,,2024-12-06,0.14387554106688039
2024-12-06,36.74953703703704,3.0628306878307168,,,2024-12-06,0.2574022223605488
2024-12-06,36.75046296296296,3.057539682539712,,,2024-12-06,0.22516595693912034
2024-12-06,36.75046296296296,3.0588624338624637,,,2024-12-06,0.11367602791756166
2024-12-06,36.75046296296296,3.0601851851852153,,,2024-12-06,0.05405849702281984
2024-12-06,36.75046296296296,3.061507936507965,,,2024-12-06,0.14387478409339177
2024-12-06,36.75046296296296,3.0628306878307168,,,2024-12-06,0.25740073137508096
2024-12-06,36.75138888888889,3.057539682539712,,,2024-12-06,0.2681416363474062
2024-12-06,36.75138888888889,3.0588624338624637,,,2024-12-06,0.18472391343301875
2024-12-06,36.75138888888889,3.0601851851852153,,,2024-12-06,0.1553162150214607
2024-12-06,36.75138888888889,3.061507936507965,,,2024-12-06,0.20469622494972564
2024-12-06,36.75138888888889,3.0628306878307168,,,2024-12-06,0.29572821605468813
2024-12-06,36.75231481481482,3.057539682539712,,,2024-12-06,0.33808427195944535
2024-12-06,36.75231481481482,3.0588624338624637,,,2024-12-06,0.27663047174165517
2024-12-06,36.75231481481482,3.0601851851852153,,,2024-12-06,0.2579239055025071
2024-12-06,36.75231481481482,3.061507936507965,,,2024-12-06,0.2903479711469829
2024-12-06,36.75231481481482,3.0628306878307168,,,2024-12-06,0.3603554187897976
2024-12-07,36.74768518518518,3.057539682539712,,,2024-12-07,0.3380885596660119
2024-12-07,36.74768518518518,3.0588624338624637,,,2024-12-07,0.276631592011625
2024-12-07,36.74768518518518,3.0601851851852153,,,2024-12-07,0.2579239373431453
2024-12-07,36.74768518518518,3.061507936507965,,,2024-12-07,0.2903498466436768
2024-12-07,36.74768518518518,3.0628306878307168,,,2024-12-07,0.3603607437968025
2024-12-07,36.74861111111111,3.057539682539712,,,2024-12-07,0.26814488002100434
2024-12-07,36.74861111111111,3.0588624338624637,,,2024-12-07,0.18472492001821167
2024-12-07,36.74861111111111,3.0601851851852153,,,2024-12-07,0.15531624674691102
2024-12-07,36.74861111111111,3.061507936507965,,,2024-12-07,0.20469782110899754
2024-12-07,36.74861111111111,3.0628306878307168,,,2024-12-07,0.29573210928483373
2024-12-07,36.74953703703704,3.057539682539712,,,2024-12-07,0.22516724453269812
2024-12-07,36.74953703703704,3.0588624338624637,,,2024-12-07,0.11367657315247216
2024-12-07,36.74953703703704,3.0601851851852153,,,2024-12-07,0.05405852740642433
2024-12-07,36.74953703703704,3.061507936507965,,,2024-12-07,0.14387554106688039
2024-12-07,36.74953703703704,3.0628306878307168,,,2024-12-07,0.2574022223605488
2024-12-07,36.75046296296296,3.057539682539712,,,2024-12-07,0.22516595693912034
2024-12-07,36.75046296296296,3.0588624338624637,,,2024-12-07,0.11367602791756166
2024-12-07,36.75046296296296,3.0601851851852153,,,2024-12-07,0.05405849702281984
2024-12-07,36.75046296296296,3.061507936507965,,,2024-12-07,0.14387478409339177
2024-12-07,36.75046296296296,3.0628306878307168,,,2024-12-07,0.25740073137508096
2024-12-07,36.75138888888889,3.057539682539712,,,2024-12-07,0.2681416363474062
2024-12-07,36.75138888888889,3.0588624338624637,,,2024-12-07,0.18472391343301875
2024-12-07,36.75138888888889,3.0601851851852153,,,2024-12-07,0.1553162150214607
2024-12-07,36.75138888888889,3.061507936507965,,,2024-12-07,0.20469622494972564
2024-12-07,36.75138888888889,3.0628306878307168,,,2024-12-07,0.29572821605468813
2024-12-07,36.75231481481482,3.057539682539712,,,2024-12-07,0.33808427195944535
2024-12-07,36.75231481481482,3.0588624338624637,,,2024-12-07,0.27663047174165517
2024-12-07,36.75231481481482,3.0601851851852153,,,2024-12-07,0.2579239055025071
2024-12-07,36.75231481481482,3.061507936507965,,,2024-12-07,0.2903479711469829
2024-12-07,36.75231481481482,3.0628306878307168,,,2024-12-07,0.3603554187897976
2024-12-08,36.74768518518518,3.057539682539712,,,2024-12-08,0.3380885596660119
2024-12-08,36.74768518518518,3.0588624338624637,,,2024-12-08,0.276631592011625
2024-12-08,36.74768518518518,3.0601851851852153,,,2024-12-08,0.2579239373431453
2024-12-08,36.74768518518518,3.061507936507965,,,2024-12-08,0.2903498466436768
2024-12-08,36.74768518518518,3.0628306878307168,,,2024-12-08,0.3603607437968025
2024-12-08,36.74861111111111,3.057539682539712,,,2024-12-08,0.26814488002100434
2024-12-08,36.74861111111111,3.0588624338624637,,,2024-12-08,0.18472492001821167
2024-12-08,36.74861111111111,3.0601851851852153,,,2024-12-08,0.15531624674691102
2024-12-08,36.74861111111111,3.061507936507965,,,2024-12-08,0.20469782110899754
2024-12-08,36.74861111111111,3.0628306878307168,,,2024-12-08,0.29573210928483373
2024-12-08,36.74953703703704,3.057539682539712,,,2024-12-08,0.22516724453269812
2024-12-08,36.74953703703704,3.0588624338624637,,,2024-12-08,0.11367657315247216
2024-12-08,36.74953703703704,3.0601851851852153,,,2024-12-08,0.05405852740642433
2024-12-08,36.74953703703704,3.061507936507965,,,2024-12-08,0.14387554106688039
2024-12-08,36.74953703703704,3.0628306878307168,,,2024-12-08,0.2574022223605488
2024-12-08,36.75046296296296,3.057539682539712,,,2024-12-08,0.22516595693912034
2024-12-08,36.75046296296296,3.0588624338624637,,,2024-12-08,0.11367602791756166
2024-12-08,36.75046296296296,3.0601851851852153,,,2024-12-08,0.05405849702281984
2024-12-08,36.75046296296296,3.061507936507965,,,2024-12-08,0.14387478409339177
2024-12-08,36.75046296296296,3.0628306878307168,,,2024-12-08,0.25740073137508096
2024-12-08,36.75138888888889,3.057539682539712,,,2024-12-08,0.2681416363474062
2024-12-08,36.75138888888889,3.0588624338624637,,,2024-12-08,0.18472391343301875
2024-12-08,36.75138888888889,3.0601851851852153,,,2024-12-08,0.1553162150214607
2024-12-08,36.75138888888889,3.061507936507965,,,2024-12-08,0.20469622494972564
2024-12-08,36.75138888888889,3.0628306878307168,,,2024-12-08,0.29572821605468813
2024-12-08,36.75231481481482,3.057539682539712,,,2024-12-08,0.33808427195944535
2024-12-08,36.75231481481482,3.0588624338624637,,,2024-12-08,0.27663047174165517
2024-12-08,36.75231481481482,3.0601851851852153,,,2024-12-08,0.2579239055025071
2024-12-08,36.75231481481482,3.061507936507965,,,2024-12-08,0.2903479711469829
2024-12-08,36.75231481481482,3.0628306878307168,,,2024-12-08,0.3603554187897976
2024-12-09,36.74768518518518,3.057539682539712,,,2024-12-09,0.3380885596660119
2024-12-09,36.74768518518518,3.0588624338624637,,,2024-12-09,0.276631592011625
2024-12-09,36.74768518518518,3.0601851851852153,,,2024-12-09,0.2579239373431453
2024-12-09,36.74768518518518,3.061507936507965,,,2024-12-09,0.2903498466436768
2024-12-09,36.74768518518518,3.0628306878307168,,,2024-12-09,0.3603607437968025
2024-12-09,36.74861111111111,3.057539682539712,,,2024-12-09,0.26814488002100434
2024-12-09,36.74861111111111,3.0588624338624637,,,2024-12-09,0.18472492001821167
2024-12-09,36.74861111111111,3.0601851851852153,,,2024-12-09,0.15531624674691102
2024-12-09,36.74861111111111,3.061507936507965,,,2024-12-09,0.20469782110899754
2024-12-09,36.74861111111111,3.0628306878307168,,,2024-12-09,0.29573210928483373
2024-12-09,36.74953703703704,3.057539682539712,,,2024-12-09,0.22516724453269812
2024-12-09,36.74953703703704,3.0588624338624637,,,2024-12-09,0.11367657315247216
2024-12-09,36.74953703703704,3.0601851851852153,,,2024-12-09,0.05405852740642433
2024-12-09,36.74953703703704,3.061507936507965,,,2024-12-09,0.14387554106688039
2024-12-09,36.74953703703704,3.0628306878307168,,,2024-12-09,0.2574022223605488
2024-12-09,36.75046296296296,3.057539682539712,,,2024-12-09,0.22516595693912034
2024-12-09,36.75046296296296,3.0588624338624637,,,2024-12-09,0.11367602791756166
2024-12-09,36.75046296296296,3.0601851851852153,,,2024-12-09,0.05405849702281984
2024-12-09,36.75046296296296,3.061507936507965,,,2024-12-09,0.14387478409339177
2024-12-09,36.75046296296296,3.0628306878307168,,,2024-12-09,0.25740073137508096
2024-12-09,36.75138888888889,3.057539682539712,,,2024-12-09,0.2681416363474062
2024-12-09,36.75138888888889,3.0588624338624637,,,2024-12-09,0.18472391343301875
2024-12-09,36.75138888888889,3.0601851851852153,,,2024-12-09,0.1553162150214607
2024-12-09,36.75138888888889,3.061507936507965,,,2024-12-09,0.20469622494972564
2024-12-09,36.75138888888889,3.0628306878307168,,,2024-12-09,0.29572821605468813
2024-12-09,36.75231481481482,3.057539682539712,,,2024-12-09,0.33808427195944535
2024-12-09,36.75231481481482,3.0588624338624637,,,2024-12-09,0.27663047174165517
2024-12-09,36.75231481481482,3.0601851851852153,,,2024-12-09,0.2579239055025071
2024-12-09,36.75231481481482,3.061507936507965,,,2024-12-09,0.2903479711469829
2024-12-09,36.75231481481482,3.0628306878307168,,,2024-12-09,0.3603554187897976
2024-12-10,36.74768518518518,3.057539682539712,,,2024-12-10,0.3380885596660119
2024-12-10,36.74768518518518,3.0588624338624637,,,2024-12-10,0.276631592011625
2024-12-10,36.74768518518518,3.0601851851852153,,,2024-12-10,0.2579239373431453
2024-12-10,36.74768518518518,3.061507936507965,,,2024-12-10,0.2903498466436768
2024-12-10,36.74768518518518,3.0628306878307168,,,2024-12-10,0.3603607437968025
2024-12-10,36.74861111111111,3.057539682539712,,,2024-12-10,0.26814488002100434
2024-12-10,36.74861111111111,3.0588624338624637,,,2024-12-10,0.18472492001821167
2024-12-10,36.74861111111111,3.0601851851852153,,,2024-12-10,0.15531624674691102
2024-12-10,36.74861111111111,3.061507936507965,,,2024-12-10,0.20469782110899754
2024-12-10,36.74861111111111,3.0628306878307168,,,2024-12-10,0.29573210928483373
2024-12-10,36.74953703703704,3.057539682539712,,,2024-12-10,0.22516724453269812
2024-12-10,36.74953703703704,3.0588624338624637,,,2024-12-10,0.11367657315247216
2024-12-10,36.74953703703704,3.0601851851852153,,,2024-12-10,0.05405852740642433
2024-12-10,36.74953703703704,3.061507936507965,,,2024-12-10,0.14387554106688039
2024-12-10,36.74953703703704,3.0628306878307168,,,2024-12-10,0.2574022223605488
2024-12-10,36.75046296296296,3.057539682539712,,,2024-12-10,0.22516595693912034
2024-12-10,36.75046296296296,3.0588624338624637,,,2024-12-10,0.11367602791756166
2024-12-10,36.75046296296296,3.0601851851852153,,,2024-12-10,0.05405849702281984
2024-12-10,36.75046296296296,3.061507936507965,,,2024-12-10,0.14387478409339177
2024-12-10,36.75046296296296,3.0628306878307168,,,2024-12-10,0.25740073137508096
2024-12-10,36.75138888888889,3.057539682539712,,,2024-12-10,0.2681416363474062
2024-12-10,36.75138888888889,3.0588624338624637,,,2024-12-10,0.18472391343301875
2024-12-10,36.75138888888889,3.0601851851852153,,,2024-12-10,0.1553162150214607
2024-12-10,36.75138888888889,3.061507936507965,,,2024-12-10,0.20469622494972564
2024-12-10,36.75138888888889,3.0628306878307168,,,2024-12-10,0.29572821605468813
2024-12-10,36.75231481481482,3.057539682539712,,,2024-12-10,0.33808427195944535
2024-12-10,36.75231481481482,3.0588624338624637,,,2024-12-10,0.27663047174165517
2024-12-10,36.75231481481482,3.0601851851852153,,,2024-12-10,0.2579239055025071
2024-12-10,36.75231481481482,3.061507936507965,,,2024-12-10,0.2903479711469829
2024-12-10,36.75231481481482,3.0628306878307168,,,2024-12-10,0.3603554187897976
2024-12-11,36.74768518518518,3.057539682539712,,,2024-12-11,0.3380885596660119
2024-12-11,36.74768518518518,3.0588624338624637,,,2024-12-11,0.276631592011625
2024-12-11,36.74768518518518,3.0601851851852153,,,2024-12-11,0.2579239373431453
2024-12-11,36.74768518518518,3.061507936507965,,,2024-12-11,0.2903498466436768
2024-12-11,36.74768518518518,3.0628306878307168,,,2024-12-11,0.3603607437968025
2024-12-11,36.74861111111111,3.057539682539712,,,2024-12-11,0.26814488002100434
2024-12-11,36.74861111111111,3.0588624338624637,,,2024-12-11,0.18472492001821167
2024-12-11,36.74861111111111,3.0601851851852153,,,2024-12-11,0.15531624674691102
2024-12-11,36.74861111111111,3.061507936507965,,,2024-12-11,0.20469782110899754
2024-12-11,36.74861111111111,3.0628306878307168,,,2024-12-11,0.29573210928483373
2024-12-11,36.74953703703704,3.057539682539712,,,2024-12-11,0.22516724453269812
2024-12-11,36.74953703703704,3.0588624338624637,,,2024-12-11,0.11367657315247216
2024-12-11,36.74953703703704,3.0601851851852153,,,2024-12-11,0.05405852740642433
2024-12-11,36.74953703703704,3.061507936507965,,,2024-12-11,0.14387554106688039
2024-12-11,36.74953703703704,3.0628306878307168,,,2024-12-11,0.2574022223605488
2024-12-11,36.75046296296296,3.057539682539712,,,2024-12-11,0.22516595693912034
2024-12-11,36.75046296296296,3.0588624338624637,,,2024-12-11,0.11367602791756166
2024-12-11,36.75046296296296,3.0601851851852153,,,2024-12-11,0.05405849702281984
2024-12-11,36.75046296296296,3.061507936507965,,,2024-12-11,0.14387478409339177
2024-12-11,36.75046296296296,3.0628306878307168,,,2024-12-11,0.25740073137508096
2024-12-11,36.75138888888889,3.057539682539712,,,2024-12-11,0.2681416363474062
2024-12-11,36.75138888888889,3.0588624338624637,,,2024-12-11,0.18472391343301875
2024-12-11,36.75138888888889,3.0601851851852153,,,2024-12-11,0.1553162150214607
2024-12-11,36.75138888888889,3.061507936507965,,,2024-12-11,0.20469622494972564
2024-12-11,36.75138888888889,3.0628306878307168,,,2024-12-11,0.29572821605468813
2024-12-11,36.75231481481482,3.057539682539712,,,2024-12-11,0.33808427195944535
2024-12-11,36.75231481481482,3.0588624338624637,,,2024-12-11,0.27663047174165517
2024-12-11,36.75231481481482,3.0601851851852153,,,2024-12-11,0.2579239055025071
2024-12-11,36.75231481481482,3.061507936507965,,,2024-12-11,0.2903479711469829
2024-12-11,36.75231481481482,3.0628306878307168,,,2024-12-11,0.3603554187897976
2024-12-12,36.74768518518518,3.057539682539712,,,2024-12-12,0.3380885596660119
2024-12-12,36.74768518518518,3.0588624338624637,,,2024-12-12,0.276631592011625
2024-12-12,36.74768518518518,3.0601851851852153,,,2024-12-12,0.2579239373431453
2024-12-12,36.74768518518518,3.061507936507965,,,2024-12-12,0.2903498466436768
2024-12-12,36.74768518518518,3.0628306878307168,,,2024-12-12,0.3603607437968025
2024-12-12,36.74861111111111,3.057539682539712,,,2024-12-12,0.26814488002100434
2024-12-12,36.74861111111111,3.0588624338624637,,,2024-12-12,0.18472492001821167
2024-12-12,36.74861111111111,3.0601851851852153,,,2024-12-12,0.15531624674691102
2024-12-12,36.74861111111111,3.061507936507965,,,2024-12-12,0.20469782110899754
2024-12-12,36.74861111111111,3.0628306878307168,,,2024-12-12,0.29573210928483373
2024-12-12,36.74953703703704,3.057539682539712,,,2024-12-12,0.22516724453269812
2024-12-12,36.74953703703704,3.0588624338624637,,,2024-12-12,0.11367657315247216
2024-12-12,36.74953703703704,3.0601851851852153,,,2024-12-12,0.05405852740642433
2024-12-12,36.74953703703704,3.061507936507965,,,2024-12-12,0.14387554106688039
2024-12-12,36.74953703703704,3.0628306878307168,,,2024-12-12,0.2574022223605488
2024-12-12,36.75046296296296,3.057539682539712,,,2024-12-12,0.22516595693912034
2024-12-12,36.75046296296296,3.0588624338624637,,,2024-12-12,0.11367602791756166
2024-12-12,36.75046296296296,3.0601851851852153,,,2024-12-12,0.05405849702281984
2024-12-12,36.75046296296296,3.061507936507965,,,2024-12-12,0.14387478409339177
2024-12-12,36.75046296296296,3.0628306878307168,,,2024-12-12,0.25740073137508096
2024-12-12,36.75138888888889,3.057539682539712,,,2024-12-12,0.2681416363474062
2024-12-12,36.75138888888889,3.0588624338624637,,,2024-12-12,0.18472391343301875
2024-12-12,36.75138888888889,3.0601851851852153,,,2024-12-12,0.1553162150214607
2024-12-12,36.75138888888889,3.061507936507965,,,2024-12-12,0.20469622494972564
2024-12-12,36.75138888888889,3.0628306878307168,,,2024-12-12,0.29572821605468813
2024-12-12,36.75231481481482,3.057539682539712,,,2024-12-12,0.33808427195944535
2024-12-12,36.75231481481482,3.0588624338624637,,,2024-12-12,0.27663047174165517
2024-12-12,36.75231481481482,3.0601851851852153,,,2024-12-12,0.2579239055025071
2024-12-12,36.75231481481482,3.061507936507965,,,2024-12-12,0.2903479711469829
2024-12-12,36.75231481481482,3.0628306878307168,,,2024-12-12,0.3603554187897976
2024-12-13,36.74768518518518,3.057539682539712,,,2024-12-13,0.3380885596660119
2024-12-13,36.74768518518518,3.0588624338624637,,,2024-12-13,0.276631592011625
2024-12-13,36.74768518518518,3.0601851851852153,,,2024-12-13,0.2579239373431453
2024-12-13,36.74768518518518,3.061507936507965,,,2024-12-13,0.2903498466436768
2024-12-13,36.74768518518518,3.0628306878307168,,,2024-12-13,0.3603607437968025
2024-12-13,36.74861111111111,3.057539682539712,,,2024-12-13,0.26814488002100434
2024-12-13,36.74861111111111,3.0588624338624637,,,2024-12-13,0.18472492001821167
2024-12-13,36.74861111111111,3.0601851851852153,,,2024-12-13,0.15531624674691102
2024-12-13,36.74861111111111,3.061507936507965,,,2024-12-13,0.20469782110899754
2024-12-13,36.74861111111111,3.0628306878307168,,,2024-12-13,0.29573210928483373
2024-12-13,36.74953703703704,3.057539682539712,,,2024-12-13,0.22516724453269812
2024-12-13,36.74953703703704,3.0588624338624637,,,2024-12-13,0.11367657315247216
2024-12-13,36.74953703703704,3.0601851851852153,,,2024-12-13,0.05405852740642433
2024-12-13,36.74953703703704,3.061507936507965,,,2024-12-13,0.14387554106688039
2024-12-13,36.74953703703704,3.0628306878307168,,,2024-12-13,0.2574022223605488
2024-12-13,36.75046296296296,3.057539682539712,,,2024-12-13,0.22516595693912034
2024-12-13,36.75046296296296,3.0588624338624637,,,2024-12-13,0.11367602791756166
2024-12-13,36.75046296296296,3.0601851851852153,,,2024-12-13,0.05405849702281984
2024-12-13,36.75046296296296,3.061507936507965,,,2024-12-13,0.14387478409339177
2024-12-13,36.75046296296296,3.0628306878307168,,,2024-12-13,0.25740073137508096
2024-12-13,36.75138888888889,3.057539682539712,,,2024-12-13,0.2681416363474062
2024-12-13,36.75138888888889,3.0588624338624637,,,2024-12-13,0.18472391343301875
2024-12-13,36.75138888888889,3.0601851851852153,,,2024-12-13,0.1553162150214607
2024-12-13,36.75138888888889,3.061507936507965,,,2024-12-13,0.20469622494972564
2024-12-13,36.75138888888889,3.0628306878307168,,,2024-12-13,0.29572821605468813
2024-12-13,36.75231481481482,3.057539682539712,,,2024-12-13,0.33808427195944535
2024-12-13,36.75231481481482,3.0588624338624637,,,2024-12-13,0.27663047174165517
2024-12-13,36.75231481481482,3.0601851851852153,,,2024-12-13,0.2579239055025071
2024-12-13,36.75231481481482,3.061507936507965,,,2024-12-13,0.2903479711469829
2024-12-13,36.75231481481482,3.0628306878307168,,,2024-12-13,0.3603554187897976
2024-12-14,36.74768518518518,3.057539682539712,,,2024-12-14,0.3380885596660119
2024-12-14,36.74768518518518,3.0588624338624637,,,2024-12-14,0.276631592011625
2024-12-14,36.74768518518518,3.0601851851852153,,,2024-12-14,0.2579239373431453
2024-12-14,36.74768518518518,3.061507936507965,,,2024-12-14,0.2903498466436768
2024-12-14,36.74768518518518,3.0628306878307168,,,2024-12-14,0.3603607437968025
2024-12-14,36.74861111111111,3.057539682539712,,,2024-12-14,0.26814488002100434
2024-12-14,36.74861111111111,3.0588624338624637,,,2024-12-14,0.18472492001821167
2024-12-14,36.74861111111111,3.0601851851852153,,,2024-12-14,0.15531624674691102
2024-12-14,36.74861111111111,3.061507936507965,,,2024-12-14,0.20469782110899754
2024-12-14,36.74861111111111,3.0628306878307168,,,2024-12-14,0.29573210928483373
2024-12-14,36.74953703703704,3.057539682539712,,,2024-12-14,0.22516724453269812
2024-12-14,36.74953703703704,3.0588624338624637,,,2024-12-14,0.11367657315247216
2024-12-14,36.74953703703704,3.0601851851852153,,,2024-12-14,0.05405852740642433
2024-12-14,36.74953703703704,3.061507936507965,,,2024-12-14,0.14387554106688039
2024-12-14,36.74953703703704,3.0628306878307168,,,2024-12-14,0.2574022223605488
2024-12-14,36.75046296296296,3.057539682539712,,,2024-12-14,0.22516595693912034
2024-12-14,36.75046296296296,3.0588624338624637,,,2024-12-14,0.11367602791756166
2024-12-14,36.75046296296296,3.0601851851852153,,,2024-12-14,0.05405849702281984
2024-12-14,36.75046296296296,3.061507936507965,,,2024-12-14,0.14387478409339177
2024-12-14,36.75046296296296,3.0628306878307168,,,2024-12-14,0.25740073137508096
2024-12-14,36.75138888888889,3.057539682539712,,,2024-12-14,0.2681416363474062
2024-12-14,36.75138888888889,3.0588624338624637,,,2024-12-14,0.18472391343301875
2024-12-14,36.75138888888889,3.0601851851852153,,,2024-12-14,0.1553162150214607
2024-12-14,36.75138888888889,3.061507936507965,,,2024-12-14,0.20469622494972564
2024-12-14,36.75138888888889,3.0628306878307168,,,2024-12-14,0.29572821605468813
2024-12-14,36.75231481481482,3.057539682539712,,,2024-12-14,0.33808427195944535
2024-12-14,36.75231481481482,3.0588624338624637,,,2024-12-14,0.27663047174165517
2024-12-14,36.75231481481482,3.0601851851852153,,,2024-12-14,0.2579239055025071
2024-12-14,36.75231481481482,3.061507936507965,,,2024-12-14,0.2903479711469829
2024-12-14,36.75231481481482,3.0628306878307168,,,2024-12-14,0.3603554187897976
2024-12-15,36.74768518518518,3.057539682539712,,,2024-12-15,0.3380885596660119
2024-12-15,36.74768518518518,3.0588624338624637,,,2024-12-15,0.276631592011625
2024-12-15,36.74768518518518,3.0601851851852153,,,2024-12-15,0.2579239373431453
2024-12-15,36.74768518518518,3.061507936507965,,,2024-12-15,0.2903498466436768
2024-12-15,36.74768518518518,3.0628306878307168,,,2024-12-15,0.3603607437968025
2024-12-15,36.74861111111111,3.057539682539712,,,2024-12-15,0.26814488002100434
2024-12-15,36.74861111111111,3.0588624338624637,,,2024-12-15,0.18472492001821167
2024-12-15,36.74861111111111,3.0601851851852153,,,2024-12-15,0.15531624674691102
2024-12-15,36.74861111111111,3.061507936507965,,,2024-12-15,0.20469782110899754
2024-12-15,36.74861111111111,3.0628306878307168,,,2024-12-15,0.29573210928483373
2024-12-15,36.74953703703704,3.057539682539712,,,2024-12-15,0.22516724453269812
2024-12-15,36.74953703703704,3.0588624338624637,,,2024-12-15,0.11367657315247216
2024-12-15,36.74953703703704,3.0601851851852153,,,2024-12-15,0.05405852740642433
2024-12-15,36.74953703703704,3.061507936507965,,,2024-12-15,0.14387554106688039
2024-12-15,36.74953703703704,3.0628306878307168,,,2024-12-15,0.2574022223605488
2024-12-15,36.75046296296296,3.057539682539712,,,2024-12-15,0.22516595693912034
2024-12-15,36.75046296296296,3.0588624338624637,,,2024-12-15,0.11367602791756166
2024-12-15,36.75046296296296,3.0601851851852153,,,2024-12-15,0.05405849702281984
2024-12-15,36.75046296296296,3.061507936507965,,,2024-12-15,0.14387478409339177
2024-12-15,36.75046296296296,3.0628306878307168,,,2024-12-15,0.25740073137508096
2024-12-15,36.75138888888889,3.057539682539712,,,2024-12-15,0.2681416363474062
2024-12-15,36.75138888888889,3.0588624338624637,,,2024-12-15,0.18472391343301875
2024-12-15,36.75138888888889,3.0601851851852153,,,2024-12-15,0.1553162150214607
2024-12-15,36.75138888888889,3.061507936507965,,,2024-12-15,0.20469622494972564
2024-12-15,36.75138888888889,3.0628306878307168,,,2024-12-15,0.29572821605468813
2024-12-15,36.75231481481482,3.057539682539712,,,2024-12-15,0.33808427195944535
2024-12-15,36.75231481481482,3.0588624338624637,,,2024-12-15,0.27663047174165517
2024-12-15,36.75231481481482,3.0601851851852153,,,2024-12-15,0.2579239055025071
2024-12-15,36.75231481481482,3.061507936507965,,,2024-12-15,0.2903479711469829
2024-12-15,36.75231481481482,3.0628306878307168,,,2024-12-15,0.3603554187897976
2024-12-16,36.74768518518518,3.057539682539712,,,2024-12-16,0.3380885596660119
2024-12-16,36.74768518518518,3.0588624338624637,,,2024-12-16,0.276631592011625
2024-12-16,36.74768518518518,3.0601851851852153,,,2024-12-16,0.2579239373431453
2024-12-16,36.74768518518518,3.061507936507965,,,2024-12-16,0.2903498466436768
2024-12-16,36.74768518518518,3.0628306878307168,,,2024-12-16,0.3603607437968025
2024-12-16,36.74861111111111,3.057539682539712,,,2024-12-16,0.26814488002100434
2024-12-16,36.74861111111111,3.0588624338624637,,,2024-12-16,0.18472492001821167
2024-12-16,36.74861111111111,3.0601851851852153,,,2024-12-16,0.15531624674691102
2024-12-16,36.74861111111111,3.061507936507965,,,2024-12-16,0.20469782110899754
2024-12-16,36.74861111111111,3.0628306878307168,,,2024-12-16,0.29573210928483373
2024-12-16,36.74953703703704,3.057539682539712,,,2024-12-16,0.22516724453269812
2024-12-16,36.74953703703704,3.0588624338624637,,,2024-12-16,0.11367657315247216
2024-12-16,36.74953703703704,3.0601851851852153,,,2024-12-16,0.05405852740642433
2024-12-16,36.74953703703704,3.061507936507965,,,2024-12-16,0.14387554106688039
2024-12-16,36.74953703703704,3.0628306878307168,,,2024-12-16,0.2574022223605488
2024-12-16,36.75046296296296,3.057539682539712,,,2024-12-16,0.22516595693912034
2024-12-16,36.75046296296296,3.0588624338624637,,,2024-12-16,0.11367602791756166
2024-12-16,36.75046296296296,3.0601851851852153,,,2024-12-16,0.05405849702281984
2024-12-16,36.75046296296296,3.061507936507965,,,2024-12-16,0.14387478409339177
2024-12-16,36.75046296296296,3.0628306878307168,,,2024-12-16,0.25740073137508096
2024-12-16,36.75138888888889,3.057539682539712,,,2024-12-16,0.2681416363474062
2024-12-16,36.75138888888889,3.0588624338624637,,,2024-12-16,0.18472391343301875
2024-12-16,36.75138888888889,3.0601851851852153,,,2024-12-16,0.1553162150214607
2024-12-16,36.75138888888889,3.061507936507965,,,2024-12-16,0.20469622494972564
2024-12-16,36.75138888888889,3.0628306878307168,,,2024-12-16,0.29572821605468813
2024-12-16,36.75231481481482,3.057539682539712,,,2024-12-16,0.33808427195944535
2024-12-16,36.75231481481482,3.0588624338624637,,,2024-12-16,0.27663047174165517
2024-12-16,36.75231481481482,3.0601851851852153,,,2024-12-16,0.2579239055025071
2024-12-16,36.75231481481482,3.061507936507965,,,2024-12-16,0.2903479711469829
2024-12-16,36.75231481481482,3.0628306878307168,,,2024-12-16,0.3603554187897976
2024-12-17,36.74768518518518,3.057539682539712,,,2024-12-17,0.3380885596660119
2024-12-17,36.74768518518518,3.0588624338624637,,,2024-12-17,0.276631592011625
2024-12-17,36.74768518518518,3.0601851851852153,,,2024-12-17,0.2579239373431453
2024-12-17,36.74768518518518,3.061507936507965,,,2024-12-17,0.2903498466436768
2024-12-17,36.74768518518518,3.0628306878307168,,,2024-12-17,0.3603607437968025
2024-12-17,36.74861111111111,3.057539682539712,,,2024-12-17,0.26814488002100434
2024-12-17,36.74861111111111,3.0588624338624637,,,2024-12-17,0.18472492001821167
2024-12-17,36.74861111111111,3.0601851851852153,,,2024-12-17,0.15531624674691102
2024-12-17,36.74861111111111,3.061507936507965,,,2024-12-17,0.20469782110899754
2024-12-17,36.74861111111111,3.0628306878307168,,,2024-12-17,0.29573210928483373
2024-12-17,36.74953703703704,3.057539682539712,,,2024-12-17,0.22516724453269812
2024-12-17,36.74953703703704,3.0588624338624637,,,2024-12-17,0.11367657315247216
2024-12-17,36.74953703703704,3.0601851851852153,,,2024-12-17,0.05405852740642433
2024-12-17,36.74953703703704,3.061507936507965,,,2024-12-17,0.14387554106688039
2024-12-17,36.74953703703704,3.0628306878307168,,,2024-12-17,0.2574022223605488
2024-12-17,36.75046296296296,3.057539682539712,,,2024-12-17,0.22516595693912034
2024-12-17,36.75046296296296,3.0588624338624637,,,2024-12-17,0.11367602791756166
2024-12-17,36.75046296296296,3.0601851851852153,,,2024-12-17,0.05405849702281984
2024-12-17,36.75046296296296,3.061507936507965,,,2024-12-17,0.14387478409339177
2024-12-17,36.75046296296296,3.0628306878307168,,,2024-12-17,0.25740073137508096
2024-12-17,36.75138888888889,3.057539682539712,,,2024-12-17,0.2681416363474062
2024-12-17,36.75138888888889,3.0588624338624637,,,2024-12-17,0.18472391343301875
2024-12-17,36.75138888888889,3.0601851851852153,,,2024-12-17,0.1553162150214607
2024-12-17,36.75138888888889,3.061507936507965,,,2024-12-17,0.20469622494972564
2024-12-17,36.75138888888889,3.0628306878307168,,,2024-12-17,0.29572821605468813
2024-12-17,36.75231481481482,3.057539682539712,,,2024-12-17,0.33808427195944535
2024-12-17,36.75231481481482,3.0588624338624637,,,2024-12-17,0.27663047174165517
2024-12-17,36.75231481481482,3.0601851851852153,,,2024-12-17,0.2579239055025071
2024-12-17,36.75231481481482,3.061507936507965,,,2024-12-17,0.2903479711469829
2024-12-17,36.75231481481482,3.0628306878307168,,,2024-12-17,0.3603554187897976
2024-12-18,36.74768518518518,3.057539682539712,,,2024-12-18,0.3380885596660119
2024-12-18,36.74768518518518,3.0588624338624637,,,2024-12-18,0.276631592011625
2024-12-18,36.74768518518518,3.0601851851852153,,,2024-12-18,0.2579239373431453
2024-12-18,36.74768518518518,3.061507936507965,,,2024-12-18,0.2903498466436768
2024-12-18,36.74768518518518,3.0628306878307168,,,2024-12-18,0.3603607437968025
2024-12-18,36.74861111111111,3.057539682539712,,,2024-12-18,0.26814488002100434
2024-12-18,36.74861111111111,3.0588624338624637,,,2024-12-18,0.18472492001821167
2024-12-18,36.74861111111111,3.0601851851852153,,,2024-12-18,0.15531624674691102
2024-12-18,36.74861111111111,3.061507936507965,,,2024-12-18,0.20469782110899754
2024-12-18,36.74861111111111,3.0628306878307168,,,2024-12-18,0.29573210928483373
2024-12-18,36.74953703703704,3.057539682539712,,,2024-12-18,0.22516724453269812
2024-12-18,36.74953703703704,3.0588624338624637,,,2024-12-18,0.11367657315247216
2024-12-18,36.74953703703704,3.0601851851852153,,,2024-12-18,0.05405852740642433
2024-12-18,36.74953703703704,3.061507936507965,,,2024-12-18,0.14387554106688039
2024-12-18,36.74953703703704,3.0628306878307168,,,2024-12-18,0.2574022223605488
2024-12-18,36.75046296296296,3.057539682539712,,,2024-12-18,0.22516595693912034
2024-12-18,36.75046296296296,3.0588624338624637,,,2024-12-18,0.11367602791756166
2024-12-18,36.75046296296296,3.0601851851852153,,,2024-12-18,0.05405849702281984
2024-12-18,36.75046296296296,3.061507936507965,,,2024-12-18,0.14387478409339177
2024-12-18,36.75046296296296,3.0628306878307168,,,2024-12-18,0.25740073137508096
2024-12-18,36.75138888888889,3.057539682539712,,,2024-12-18,0.2681416363474062
2024-12-18,36.75138888888889,3.0588624338624637,,,2024-12-18,0.18472391343301875
2024-12-18,36.75138888888889,3.0601851851852153,,,2024-12-18,0.1553162150214607
2024-12-18,36.75138888888889,3.061507936507965,,,2024-12-18,0.20469622494972564
2024-12-18,36.75138888888889,3.0628306878307168,,,2024-12-18,0.29572821605468813
2024-12-18,36.75231481481482,3.057539682539712,,,2024-12-18,0.33808427195944535
2024-12-18,36.75231481481482,3.0588624338624637,,,2024-12-18,0.27663047174165517
2024-12-18,36.75231481481482,3.0601851851852153,,,2024-12-18,0.2579239055025071
2024-12-18,36.75231481481482,3.061507936507965,,,2024-12-18,0.2903479711469829
2024-12-18,36.75231481481482,3.0628306878307168,,,2024-12-18,0.3603554187897976
2024-12-19,36.74768518518518,3.057539682539712,,,2024-12-19,0.3380885596660119
2024-12-19,36.74768518518518,3.0588624338624637,,,2024-12-19,0.276631592011625
2024-12-19,36.74768518518518,3.0601851851852153,,,2024-12-19,0.2579239373431453
2024-12-19,36.74768518518518,3.061507936507965,,,2024-12-19,0.2903498466436768
2024-12-19,36.74768518518518,3.0628306878307168,,,2024-12-19,0.3603607437968025
2024-12-19,36.74861111111111,3.057539682539712,,,2024-12-19,0.26814488002100434
2024-12-19,36.74861111111111,3.0588624338624637,,,2024-12-19,0.18472492001821167
2024-12-19,36.74861111111111,3.0601851851852153,,,2024-12-19,0.15531624674691102
2024-12-19,36.74861111111111,3.061507936507965,,,2024-12-19,0.20469782110899754
2024-12-19,36.74861111111111,3.0628306878307168,,,2024-12-19,0.29573210928483373
2024-12-19,36.74953703703704,3.057539682539712,,,2024-12-19,0.22516724453269812
2024-12-19,36.74953703703704,3.0588624338624637,,,2024-12-19,0.11367657315247216
2024-12-19,36.74953703703704,3.0601851851852153,,,2024-12-19,0.05405852740642433
2024-12-19,36.74953703703704,3.061507936507965,,,2024-12-19,0.14387554106688039
2024-12-19,36.74953703703704,3.0628306878307168,,,2024-12-19,0.2574022223605488
2024-12-19,36.75046296296296,3.057539682539712,,,2024-12-19,0.22516595693912034
2024-12-19,36.75046296296296,3.0588624338624637,,,2024-12-19,0.11367602791756166
2024-12-19,36.75046296296296,3.0601851851852153,,,2024-12-19,0.05405849702281984
2024-12-19,36.75046296296296,3.061507936507965,,,2024-12-19,0.14387478409339177
2024-12-19,36.75046296296296,3.0628306878307168,,,2024-12-19,0.25740073137508096
2024-12-19,36.75138888888889,3.057539682539712,,,2024-12-19,0.2681416363474062
2024-12-19,36.75138888888889,3.0588624338624637,,,2024-12-19,0.18472391343301875
2024-12-19,36.75138888888889,3.0601851851852153,,,2024-12-19,0.1553162150214607
2024-12-19,36.75138888888889,3.061507936507965,,,2024-12-19,0.20469622494972564
2024-12-19,36.75138888888889,3.0628306878307168,,,2024-12-19,0.29572821605468813
2024-12-19,36.75231481481482,3.057539682539712,,,2024-12-19,0.33808427195944535
2024-12-19,36.75231481481482,3.0588624338624637,,,2024-12-19,0.27663047174165517
2024-12-19,36.75231481481482,3.0601851851852153,,,2024-12-19,0.2579239055025071
2024-12-19,36.75231481481482,3.061507936507965,,,2024-12-19,0.2903479711469829
2024-12-19,36.75231481481482,3.0628306878307168,,,2024-12-19,0.3603554187897976
2024-12-20,36.74768518518518,3.057539682539712,,,2024-12-20,0.3380885596660119
2024-12-20,36.74768518518518,3.0588624338624637,,,2024-12-20,0.276631592011625
2024-12-20,36.74768518518518,3.0601851851852153,,,2024-12-20,0.2579239373431453
2024-12-20,36.74768518518518,3.061507936507965,,,2024-12-20,0.2903498466436768
2024-12-20,36.74768518518518,3.0628306878307168,,,2024-12-20,0.3603607437968025
2024-12-20,36.74861111111111,3.057539682539712,,,2024-12-20,0.26814488002100434
2024-12-20,36.74861111111111,3.0588624338624637,,,2024-12-20,0.18472492001821167
2024-12-20,36.74861111111111,3.0601851851852153,,,2024-12-20,0.15531624674691102
2024-12-20,36.74861111111111,3.061507936507965,,,2024-12-20,0.20469782110899754
2024-12-20,36.74861111111111,3.0628306878307168,,,2024-12-20,0.29573210928483373
2024-12-20,36.74953703703704,3.057539682539712,,,2024-12-20,0.22516724453269812
2024-12-20,36.74953703703704,3.0588624338624637,,,2024-12-20,0.11367657315247216
2024-12-20,36.74953703703704,3.0601851851852153,,,2024-12-20,0.05405852740642433
2024-12-20,36.74953703703704,3.061507936507965,,,2024-12-20,0.14387554106688039
2024-12-20,36.74953703703704,3.0628306878307168,,,2024-12-20,0.2574022223605488
2024-12-20,36.75046296296296,3.057539682539712,,,2024-12-20,0.22516595693912034
2024-12-20,36.75046296296296,3.0588624338624637,,,2024-12-20,0.11367602791756166
2024-12-20,36.75046296296296,3.0601851851852153,,,2024-12-20,0.05405849702281984
2024-12-20,36.75046296296296,3.061507936507965,,,2024-12-20,0.14387478409339177
2024-12-20,36.75046296296296,3.0628306878307168,,,2024-12-20,0.25740073137508096
2024-12-20,36.75138888888889,3.057539682539712,,,2024-12-20,0.2681416363474062
2024-12-20,36.75138888888889,3.0588624338624637,,,2024-12-20,0.18472391343301875
2024-12-20,36.75138888888889,3.0601851851852153,,,2024-12-20,0.1553162150214607
2024-12-20,36.75138888888889,3.061507936507965,,,2024-12-20,0.20469622494972564
2024-12-20,36.75138888888889,3.0628306878307168,,,2024-12-20,0.29572821605468813
2024-12-20,36.75231481481482,3.057539682539712,,,2024-12-20,0.33808427195944535
2024-12-20,36.75231481481482,3.0588624338624637,,,2024-12-20,0.27663047174165517
2024-12-20,36.75231481481482,3.0601851851852153,,,2024-12-20,0.2579239055025071
2024-12-20,36.75231481481482,3.061507936507965,,,2024-12-20,0.2903479711469829
2024-12-20,36.75231481481482,3.0628306878307168,,,2024-12-20,0.3603554187897976
2024-12-21,36.74768518518518,3.057539682539712,,,2024-12-21,0.3380885596660119
2024-12-21,36.74768518518518,3.0588624338624637,,,2024-12-21,0.276631592011625
2024-12-21,36.74768518518518,3.0601851851852153,,,2024-12-21,0.2579239373431453
2024-12-21,36.74768518518518,3.061507936507965,,,2024-12-21,0.2903498466436768
2024-12-21,36.74768518518518,3.0628306878307168,,,2024-12-21,0.3603607437968025
2024-12-21,36.74861111111111,3.057539682539712,,,2024-12-21,0.26814488002100434
2024-12-21,36.74861111111111,3.0588624338624637,,,2024-12-21,0.18472492001821167
2024-12-21,36.74861111111111,3.0601851851852153,,,2024-12-21,0.15531624674691102
2024-12-21,36.74861111111111,3.061507936507965,,,2024-12-21,0.20469782110899754
2024-12-21,36.74861111111111,3.0628306878307168,,,2024-12-21,0.29573210928483373
2024-12-21,36.74953703703704,3.057539682539712,,,2024-12-21,0.22516724453269812
2024-12-21,36.74953703703704,3.0588624338624637,,,2024-12-21,0.11367657315247216
2024-12-21,36.74953703703704,3.0601851851852153,,,2024-12-21,0.05405852740642433
2024-12-21,36.74953703703704,3.061507936507965,,,2024-12-21,0.14387554106688039
2024-12-21,36.74953703703704,3.0628306878307168,,,2024-12-21,0.2574022223605488
2024-12-21,36.75046296296296,3.057539682539712,,,2024-12-21,0.22516595693912034
2024-12-21,36.75046296296296,3.0588624338624637,,,2024-12-21,0.11367602791756166
2024-12-21,36.75046296296296,3.0601851851852153,,,2024-12-21,0.05405849702281984
2024-12-21,36.75046296296296,3.061507936507965,,,2024-12-21,0.14387478409339177
2024-12-21,36.75046296296296,3.0628306878307168,,,2024-12-21,0.25740073137508096
2024-12-21,36.75138888888889,3.057539682539712,,,2024-12-21,0.2681416363474062
2024-12-21,36.75138888888889,3.0588624338624637,,,2024-12-21,0.18472391343301875
2024-12-21,36.75138888888889,3.0601851851852153,,,2024-12-21,0.1553162150214607
2024-12-21,36.75138888888889,3.061507936507965,,,2024-12-21,0.20469622494972564
2024-12-21,36.75138888888889,3.0628306878307168,,,2024-12-21,0.29572821605468813
2024-12-21,36.75231481481482,3.057539682539712,,,2024-12-21,0.33808427195944535
2024-12-21,36.75231481481482,3.0588624338624637,,,2024-12-21,0.27663047174165517
2024-12-21,36.75231481481482,3.0601851851852153,,,2024-12-21,0.2579239055025071
2024-12-21,36.75231481481482,3.061507936507965,,,2024-12-21,0.2903479711469829
2024-12-21,36.75231481481482,3.0628306878307168,,,2024-12-21,0.3603554187897976
2024-12-22,36.74768518518518,3.057539682539712,,,2024-12-22,0.3380885596660119
2024-12-22,36.74768518518518,3.0588624338624637,,,2024-12-22,0.276631592011625
2024-12-22,36.74768518518518,3.0601851851852153,,,2024-12-22,0.2579239373431453
2024-12-22,36.74768518518518,3.061507936507965,,,2024-12-22,0.2903498466436768
2024-12-22,36.74768518518518,3.0628306878307168,,,2024-12-22,0.3603607437968025
2024-12-22,36.74861111111111,3.057539682539712,,,2024-12-22,0.26814488002100434
2024-12-22,36.74861111111111,3.0588624338624637,,,2024-12-22,0.18472492001821167
2024-12-22,36.74861111111111,3.0601851851852153,,,2024-12-22,0.15531624674691102
2024-12-22,36.74861111111111,3.061507936507965,,,2024-12-22,0.20469782110899754
2024-12-22,36.74861111111111,3.0628306878307168,,,2024-12-22,0.29573210928483373
2024-12-22,36.74953703703704,3.057539682539712,,,2024-12-22,0.22516724453269812
2024-12-22,36.74953703703704,3.0588624338624637,,,2024-12-22,0.11367657315247216
2024-12-22,36.74953703703704,3.0601851851852153,,,2024-12-22,0.05405852740642433
2024-12-22,36.74953703703704,3.061507936507965,,,2024-12-22,0.14387554106688039
2024-12-22,36.74953703703704,3.0628306878307168,,,2024-12-22,0.2574022223605488
2024-12-22,36.75046296296296,3.057539682539712,,,2024-12-22,0.22516595693912034
2024-12-22,36.75046296296296,3.0588624338624637,,,2024-12-22,0.11367602791756166
2024-12-22,36.75046296296296,3.0601851851852153,,,2024-12-22,0.05405849702281984
2024-12-22,36.75046296296296,3.061507936507965,,,2024-12-22,0.14387478409339177
2024-12-22,36.75046296296296,3.0628306878307168,,,2024-12-22,0.25740073137508096
2024-12-22,36.75138888888889,3.057539682539712,,,2024-12-22,0.2681416363474062
2024-12-22,36.75138888888889,3.0588624338624637,,,2024-12-22,0.18472391343301875
2024-12-22,36.75138888888889,3.0601851851852153,,,2024-12-22,0.1553162150214607
2024-12-22,36.75138888888889,3.061507936507965,,,2024-12-22,0.20469622494972564
2024-12-22,36.75138888888889,3.0628306878307168,,,2024-12-22,0.29572821605468813
2024-12-22,36.75231481481482,3.057539682539712,,,2024-12-22,0.33808427195944535
2024-12-22,36.75231481481482,3.0588624338624637,,,2024-12-22,0.27663047174165517
2024-12-22,36.75231481481482,3.0601851851852153,,,2024-12-22,0.2579239055025071
2024-12-22,36.75231481481482,3.061507936507965,,,2024-12-22,0.2903479711469829
2024-12-22,36.75231481481482,3.0628306878307168,,,2024-12-22,0.3603554187897976
2024-12-23,36.74768518518518,3.057539682539712,,,2024-12-23,0.3380885596660119
2024-12-23,36.74768518518518,3.0588624338624637,,,2024-12-23,0.276631592011625
2024-12-23,36.74768518518518,3.0601851851852153,,,2024-12-23,0.2579239373431453
2024-12-23,36.74768518518518,3.061507936507965,,,2024-12-23,0.2903498466436768
2024-12-23,36.74768518518518,3.0628306878307168,,,2024-12-23,0.3603607437968025
2024-12-23,36.74861111111111,3.057539682539712,,,2024-12-23,0.26814488002100434
2024-12-23,36.74861111111111,3.0588624338624637,,,2024-12-23,0.18472492001821167
2024-12-23,36.74861111111111,3.0601851851852153,,,2024-12-23,0.15531624674691102
2024-12-23,36.74861111111111,3.061507936507965,,,2024-12-23,0.20469782110899754
2024-12-23,36.74861111111111,3.0628306878307168,,,2024-12-23,0.29573210928483373
2024-12-23,36.74953703703704,3.057539682539712,,,2024-12-23,0.22516724453269812
2024-12-23,36.74953703703704,3.0588624338624637,,,2024-12-23,0.11367657315247216
2024-12-23,36.74953703703704,3.0601851851852153,,,2024-12-23,0.05405852740642433
2024-12-23,36.74953703703704,3.061507936507965,,,2024-12-23,0.14387554106688039
2024-12-23,36.74953703703704,3.0628306878307168,,,2024-12-23,0.2574022223605488
2024-12-23,36.75046296296296,3.057539682539712,,,2024-12-23,0.22516595693912034
2024-12-23,36.75046296296296,3.0588624338624637,,,2024-12-23,0.11367602791756166
2024-12-23,36.75046296296296,3.0601851851852153,,,2024-12-23,0.05405849702281984
2024-12-23,36.75046296296296,3.061507936507965,,,2024-12-23,0.14387478409339177
2024-12-23,36.75046296296296,3.0628306878307168,,,2024-12-23,0.25740073137508096
2024-12-23,36.75138888888889,3.057539682539712,,,2024-12-23,0.2681416363474062
2024-12-23,36.75138888888889,3.0588624338624637,,,2024-12-23,0.18472391343301875
2024-12-23,36.75138888888889,3.0601851851852153,,,2024-12-23,0.1553162150214607
2024-12-23,36.75138888888889,3.061507936507965,,,2024-12-23,0.20469622494972564
2024-12-23,36.75138888888889,3.0628306878307168,,,2024-12-23,0.29572821605468813
2024-12-23,36.75231481481482,3.057539682539712,,,2024-12-23,0.33808427195944535
2024-12-23,36.75231481481482,3.0588624338624637,,,2024-12-23,0.27663047174165517
2024-12-23,36.75231481481482,3.0601851851852153,,,2024-12-23,0.2579239055025071
2024-12-23,36.75231481481482,3.061507936507965,,,2024-12-23,0.2903479711469829
2024-12-23,36.75231481481482,3.0628306878307168,,,2024-12-23,0.3603554187897976
2024-12-24,36.74768518518518,3.057539682539712,,,2024-12-24,0.3380885596660119
2024-12-24,36.74768518518518,3.0588624338624637,,,2024-12-24,0.276631592011625
2024-12-24,36.74768518518518,3.0601851851852153,,,2024-12-24,0.2579239373431453
2024-12-24,36.74768518518518,3.061507936507965,,,2024-12-24,0.2903498466436768
2024-12-24,36.74768518518518,3.0628306878307168,,,2024-12-24,0.3603607437968025
2024-12-24,36.74861111111111,3.057539682539712,,,2024-12-24,0.26814488002100434
2024-12-24,36.74861111111111,3.0588624338624637,,,2024-12-24,0.18472492001821167
2024-12-24,36.74861111111111,3.0601851851852153,,,2024-12-24,0.15531624674691102
2024-12-24,36.74861111111111,3.061507936507965,,,2024-12-24,0.20469782110899754
2024-12-24,36.74861111111111,3.0628306878307168,,,2024-12-24,0.29573210928483373
2024-12-24,36.74953703703704,3.057539682539712,,,2024-12-24,0.22516724453269812
2024-12-24,36.74953703703704,3.0588624338624637,,,2024-12-24,0.11367657315247216
2024-12-24,36.74953703703704,3.0601851851852153,,,2024-12-24,0.05405852740642433
2024-12-24,36.74953703703704,3.061507936507965,,,2024-12-24,0.14387554106688039
2024-12-24,36.74953703703704,3.0628306878307168,,,2024-12-24,0.2574022223605488
2024-12-24,36.75046296296296,3.057539682539712,,,2024-12-24,0.22516595693912034
2024-12-24,36.75046296296296,3.0588624338624637,,,2024-12-24,0.11367602791756166
2024-12-24,36.75046296296296,3.0601851851852153,,,2024-12-24,0.05405849702281984
2024-12-24,36.75046296296296,3.061507936507965,,,2024-12-24,0.14387478409339177
2024-12-24,36.75046296296296,3.0628306878307168,,,2024-12-24,0.25740073137508096
2024-12-24,36.75138888888889,3.057539682539712,,,2024-12-24,0.2681416363474062
2024-12-24,36.75138888888889,3.0588624338624637,,,2024-12-24,0.18472391343301875
2024-12-24,36.75138888888889,3.0601851851852153,,,2024-12-24,0.1553162150214607
2024-12-24,36.75138888888889,3.061507936507965,,,2024-12-24,0.20469622494972564
2024-12-24,36.75138888888889,3.0628306878307168,,,2024-12-24,0.29572821605468813
2024-12-24,36.75231481481482,3.057539682539712,,,2024-12-24,0.33808427195944535
2024-12-24,36.75231481481482,3.0588624338624637,,,2024-12-24,0.27663047174165517
2024-12-24,36.75231481481482,3.0601851851852153,,,2024-12-24,0.2579239055025071
2024-12-24,36.75231481481482,3.061507936507965,,,2024-12-24,0.2903479711469829
2024-12-24,36.75231481481482,3.0628306878307168,,,2024-12-24,0.3603554187897976
2024-12-25,36.74768518518518,3.057539682539712,,,2024-12-25,0.3380885596660119
2024-12-25,36.74768518518518,3.0588624338624637,,,2024-12-25,0.276631592011625
2024-12-25,36.74768518518518,3.0601851851852153,,,2024-12-25,0.2579239373431453
2024-12-25,36.74768518518518,3.061507936507965,,,2024-12-25,0.2903498466436768
2024-12-25,36.74768518518518,3.0628306878307168,,,2024-12-25,0.3603607437968025
2024-12-25,36.74861111111111,3.057539682539712,,,2024-12-25,0.26814488002100434
2024-12-25,36.74861111111111,3.0588624338624637,,,2024-12-25,0.18472492001821167
2024-12-25,36.74861111111111,3.0601851851852153,,,2024-12-25,0.15531624674691102
2024-12-25,36.74861111111111,3.061507936507965,,,2024-12-25,0.20469782110899754
2024-12-25,36.74861111111111,3.0628306878307168,,,2024-12-25,0.29573210928483373
2024-12-25,36.74953703703704,3.057539682539712,,,2024-12-25,0.22516724453269812
2024-12-25,36.74953703703704,3.0588624338624637,,,2024-12-25,0.11367657315247216
2024-12-25,36.74953703703704,3.0601851851852153,,,2024-12-25,0.05405852740642433
2024-12-25,36.74953703703704,3.061507936507965,,,2024-12-25,0.14387554106688039
2024-12-25,36.74953703703704,3.0628306878307168,,,2024-12-25,0.2574022223605488
2024-12-25,36.75046296296296,3.057539682539712,,,2024-12-25,0.22516595693912034
2024-12-25,36.75046296296296,3.0588624338624637,,,2024-12-25,0.11367602791756166
2024-12-25,36.75046296296296,3.0601851851852153,,,2024-12-25,0.05405849702281984
2024-12-25,36.75046296296296,3.061507936507965,,,2024-12-25,0.14387478409339177
2024-12-25,36.75046296296296,3.0628306878307168,,,2024-12-25,0.25740073137508096
2024-12-25,36.75138888888889,3.057539682539712,,,2024-12-25,0.2681416363474062
2024-12-25,36.75138888888889,3.0588624338624637,,,2024-12-25,0.18472391343301875
2024-12-25,36.75138888888889,3.0601851851852153,,,2024-12-25,0.1553162150214607
2024-12-25,36.75138888888889,3.061507936507965,,,2024-12-25,0.20469622494972564
2024-12-25,36.75138888888889,3.0628306878307168,,,2024-12-25,0.29572821605468813
2024-12-25,36.75231481481482,3.057539682539712,,,2024-12-25,0.33808427195944535
2024-12-25,36.75231481481482,3.0588624338624637,,,2024-12-25,0.27663047174165517
2024-12-25,36.75231481481482,3.0601851851852153,,,2024-12-25,0.2579239055025071
2024-12-25,36.75231481481482,3.061507936507965,,,2024-12-25,0.2903479711469829
2024-12-25,36.75231481481482,3.0628306878307168,,,2024-12-25,0.3603554187897976
2024-12-26,36.74768518518518,3.057539682539712,,,2024-12-26,0.3380885596660119
2024-12-26,36.74768518518518,3.0588624338624637,,,2024-12-26,0.276631592011625
2024-12-26,36.74768518518518,3.0601851851852153,,,2024-12-26,0.2579239373431453
2024-12-26,36.74768518518518,3.061507936507965,,,2024-12-26,0.2903498466436768
2024-12-26,36.74768518518518,3.0628306878307168,,,2024-12-26,0.3603607437968025
2024-12-26,36.74861111111111,3.057539682539712,,,2024-12-26,0.26814488002100434
2024-12-26,36.74861111111111,3.0588624338624637,,,2024-12-26,0.18472492001821167
2024-12-26,36.74861111111111,3.0601851851852153,,,2024-12-26,0.15531624674691102
2024-12-26,36.74861111111111,3.061507936507965,,,2024-12-26,0.20469782110899754
2024-12-26,36.74861111111111,3.0628306878307168,,,2024-12-26,0.29573210928483373
2024-12-26,36.74953703703704,3.057539682539712,,,2024-12-26,0.22516724453269812
2024-12-26,36.74953703703704,3.0588624338624637,,,2024-12-26,0.11367657315247216
2024-12-26,36.74953703703704,3.0601851851852153,,,2024-12-26,0.05405852740642433
2024-12-26,36.74953703703704,3.061507936507965,,,2024-12-26,0.14387554106688039
2024-12-26,36.74953703703704,3.0628306878307168,,,2024-12-26,0.2574022223605488
2024-12-26,36.75046296296296,3.057539682539712,,,2024-12-26,0.22516595693912034
2024-12-26,36.75046296296296,3.0588624338624637,,,2024-12-26,0.11367602791756166
2024-12-26,36.75046296296296,3.0601851851852153,,,2024-12-26,0.05405849702281984
2024-12-26,36.75046296296296,3.061507936507965,,,2024-12-26,0.14387478409339177
2024-12-26,36.75046296296296,3.0628306878307168,,,2024-12-26,0.25740073137508096
2024-12-26,36.75138888888889,3.057539682539712,,,2024-12-26,0.2681416363474062
2024-12-26,36.75138888888889,3.0588624338624637,,,2024-12-26,0.18472391343301875
2024-12-26,36.75138888888889,3.0601851851852153,,,2024-12-26,0.1553162150214607
2024-12-26,36.75138888888889,3.061507936507965,,,2024-12-26,0.20469622494972564
2024-12-26,36.75138888888889,3.0628306878307168,,,2024-12-26,0.29572821605468813
2024-12-26,36.75231481481482,3.057539682539712,,,2024-12-26,0.33808427195944535
2024-12-26,36.75231481481482,3.0588624338624637,,,2024-12-26,0.27663047174165517
2024-12-26,36.75231481481482,3.0601851851852153,,,2024-12-26,0.2579239055025071
2024-12-26,36.75231481481482,3.061507936507965,,,2024-12-26,0.2903479711469829
2024-12-26,36.75231481481482,3.0628306878307168,,,2024-12-26,0.3603554187897976
2024-12-27,36.74768518518518,3.057539682539712,,,2024-12-27,0.3380885596660119
2024-12-27,36.74768518518518,3.0588624338624637,,,2024-12-27,0.276631592011625
2024-12-27,36.74768518518518,3.0601851851852153,,,2024-12-27,0.2579239373431453
2024-12-27,36.74768518518518,3.061507936507965,,,2024-12-27,0.2903498466436768
2024-12-27,36.74768518518518,3.0628306878307168,,,2024-12-27,0.3603607437968025
2024-12-27,36.74861111111111,3.057539682539712,,,2024-12-27,0.26814488002100434
2024-12-27,36.74861111111111,3.0588624338624637,,,2024-12-27,0.18472492001821167
2024-12-27,36.74861111111111,3.0601851851852153,,,2024-12-27,0.15531624674691102
2024-12-27,36.74861111111111,3.061507936507965,,,2024-12-27,0.20469782110899754
2024-12-27,36.74861111111111,3.0628306878307168,,,2024-12-27,0.29573210928483373
2024-12-27,36.74953703703704,3.057539682539712,,,2024-12-27,0.22516724453269812
2024-12-27,36.74953703703704,3.0588624338624637,,,2024-12-27,0.11367657315247216
2024-12-27,36.74953703703704,3.0601851851852153,,,2024-12-27,0.05405852740642433
2024-12-27,36.74953703703704,3.061507936507965,,,2024-12-27,0.14387554106688039
2024-12-27,36.74953703703704,3.0628306878307168,,,2024-12-27,0.2574022223605488
2024-12-27,36.75046296296296,3.057539682539712,,,2024-12-27,0.22516595693912034
2024-12-27,36.75046296296296,3.0588624338624637,,,2024-12-27,0.11367602791756166
2024-12-27,36.75046296296296,3.0601851851852153,,,2024-12-27,0.05405849702281984
2024-12-27,36.75046296296296,3.061507936507965,,,2024-12-27,0.14387478409339177
2024-12-27,36.75046296296296,3.0628306878307168,,,2024-12-27,0.25740073137508096
2024-12-27,36.75138888888889,3.057539682539712,,,2024-12-27,0.2681416363474062
2024-12-27,36.75138888888889,3.0588624338624637,,,2024-12-27,0.18472391343301875
2024-12-27,36.75138888888889,3.0601851851852153,,,2024-12-27,0.1553162150214607
2024-12-27,36.75138888888889,3.061507936507965,,,2024-12-27,0.20469622494972564
2024-12-27,36.75138888888889,3.0628306878307168,,,2024-12-27,0.29572821605468813
2024-12-27,36.75231481481482,3.057539682539712,,,2024-12-27,0.33808427195944535
2024-12-27,36.75231481481482,3.0588624338624637,,,2024-12-27,0.27663047174165517
2024-12-27,36.75231481481482,3.0601851851852153,,,2024-12-27,0.2579239055025071
2024-12-27,36.75231481481482,3.061507936507965,,,2024-12-27,0.2903479711469829
2024-12-27,36.75231481481482,3.0628306878307168,,,2024-12-27,0.3603554187897976
2024-12-28,36.74768518518518,3.057539682539712,,,2024-12-28,0.3380885596660119
2024-12-28,36.74768518518518,3.0588624338624637,,,2024-12-28,0.276631592011625
2024-12-28,36.74768518518518,3.0601851851852153,,,2024-12-28,0.2579239373431453
2024-12-28,36.74768518518518,3.061507936507965,,,2024-12-28,0.2903498466436768
2024-12-28,36.74768518518518,3.0628306878307168,,,2024-12-28,0.3603607437968025
2024-12-28,36.74861111111111,3.057539682539712,,,2024-12-28,0.26814488002100434
2024-12-28,36.74861111111111,3.0588624338624637,,,2024-12-28,0.18472492001821167
2024-12-28,36.74861111111111,3.0601851851852153,,,2024-12-28,0.15531624674691102
2024-12-28,36.74861111111111,3.061507936507965,,,2024-12-28,0.20469782110899754
2024-12-28,36.74861111111111,3.0628306878307168,,,2024-12-28,0.29573210928483373
2024-12-28,36.74953703703704,3.057539682539712,,,2024-12-28,0.22516724453269812
2024-12-28,36.74953703703704,3.0588624338624637,,,2024-12-28,0.11367657315247216
2024-12-28,36.74953703703704,3.0601851851852153,,,2024-12-28,0.05405852740642433
2024-12-28,36.74953703703704,3.061507936507965,,,2024-12-28,0.14387554106688039
2024-12-28,36.74953703703704,3.0628306878307168,,,2024-12-28,0.2574022223605488
2024-12-28,36.75046296296296,3.057539682539712,,,2024-12-28,0.22516595693912034
2024-12-28,36.75046296296296,3.0588624338624637,,,2024-12-28,0.11367602791756166
2024-12-28,36.75046296296296,3.0601851851852153,,,2024-12-28,0.05405849702281984
2024-12-28,36.75046296296296,3.061507936507965,,,2024-12-28,0.14387478409339177
2024-12-28,36.75046296296296,3.0628306878307168,,,2024-12-28,0.25740073137508096
2024-12-28,36.75138888888889,3.057539682539712,,,2024-12-28,0.2681416363474062
2024-12-28,36.75138888888889,3.0588624338624637,,,2024-12-28,0.18472391343301875
2024-12-28,36.75138888888889,3.0601851851852153,,,2024-12-28,0.1553162150214607
2024-12-28,36.75138888888889,3.061507936507965,,,2024-12-28,0.20469622494972564
2024-12-28,36.75138888888889,3.0628306878307168,,,2024-12-28,0.29572821605468813
2024-12-28,36.75231481481482,3.057539682539712,,,2024-12-28,0.33808427195944535
2024-12-28,36.75231481481482,3.0588624338624637,,,2024-12-28,0.27663047174165517
2024-12-28,36.75231481481482,3.0601851851852153,,,2024-12-28,0.2579239055025071
2024-12-28,36.75231481481482,3.061507936507965,,,2024-12-28,0.2903479711469829
2024-12-28,36.75231481481482,3.0628306878307168,,,2024-12-28,0.3603554187897976
2024-12-29,36.74768518518518,3.057539682539712,,,2024-12-29,0.3380885596660119
2024-12-29,36.74768518518518,3.0588624338624637,,,2024-12-29,0.276631592011625
2024-12-29,36.74768518518518,3.0601851851852153,,,2024-12-29,0.2579239373431453
2024-12-29,36.74768518518518,3.061507936507965,,,2024-12-29,0.2903498466436768
2024-12-29,36.74768518518518,3.0628306878307168,,,2024-12-29,0.3603607437968025
2024-12-29,36.74861111111111,3.057539682539712,,,2024-12-29,0.26814488002100434
2024-12-29,36.74861111111111,3.0588624338624637,,,2024-12-29,0.18472492001821167
2024-12-29,36.74861111111111,3.0601851851852153,,,2024-12-29,0.15531624674691102
2024-12-29,36.74861111111111,3.061507936507965,,,2024-12-29,0.20469782110899754
2024-12-29,36.74861111111111,3.0628306878307168,,,2024-12-29,0.29573210928483373
2024-12-29,36.74953703703704,3.057539682539712,,,2024-12-29,0.22516724453269812
2024-12-29,36.74953703703704,3.0588624338624637,,,2024-12-29,0.11367657315247216
2024-12-29,36.74953703703704,3.0601851851852153,,,2024-12-29,0.05405852740642433
2024-12-29,36.74953703703704,3.061507936507965,,,2024-12-29,0.14387554106688039
2024-12-29,36.74953703703704,3.0628306878307168,,,2024-12-29,0.2574022223605488
2024-12-29,36.75046296296296,3.057539682539712,,,2024-12-29,0.22516595693912034
2024-12-29,36.75046296296296,3.0588624338624637,,,2024-12-29,0.11367602791756166
2024-12-29,36.75046296296296,3.0601851851852153,,,2024-12-29,0.05405849702281984
2024-12-29,36.75046296296296,3.061507936507965,,,2024-12-29,0.14387478409339177
2024-12-29,36.75046296296296,3.0628306878307168,,,2024-12-29,0.25740073137508096
2024-12-29,36.75138888888889,3.057539682539712,,,2024-12-29,0.2681416363474062
2024-12-29,36.75138888888889,3.0588624338624637,,,2024-12-29,0.18472391343301875
2024-12-29,36.75138888888889,3.0601851851852153,,,2024-12-29,0.1553162150214607
2024-12-29,36.75138888888889,3.061507936507965,,,2024-12-29,0.20469622494972564
2024-12-29,36.75138888888889,3.0628306878307168,,,2024-12-29,0.29572821605468813
2024-12-29,36.75231481481482,3.057539682539712,,,2024-12-29,0.33808427195944535
2024-12-29,36.75231481481482,3.0588624338624637,,,2024-12-29,0.27663047174165517
2024-12-29,36.75231481481482,3.0601851851852153,,,2024-12-29,0.2579239055025071
2024-12-29,36.75231481481482,3.061507936507965,,,2024-12-29,0.2903479711469829
2024-12-29,36.75231481481482,3.0628306878307168,,,2024-12-29,0.3603554187897976
2024-12-30,36.74768518518518,3.057539682539712,,,2024-12-30,0.3380885596660119
2024-12-30,36.74768518518518,3.0588624338624637,,,2024-12-30,0.276631592011625
2024-12-30,36.74768518518518,3.0601851851852153,,,2024-12-30,0.2579239373431453
2024-12-30,36.74768518518518,3.061507936507965,,,2024-12-30,0.2903498466436768
2024-12-30,36.74768518518518,3.0628306878307168,,,2024-12-30,0.3603607437968025
2024-12-30,36.74861111111111,3.057539682539712,,,2024-12-30,0.26814488002100434
2024-12-30,36.74861111111111,3.0588624338624637,,,2024-12-30,0.18472492001821167
2024-12-30,36.74861111111111,3.0601851851852153,,,2024-12-30,0.15531624674691102
2024-12-30,36.74861111111111,3.061507936507965,,,2024-12-30,0.20469782110899754
2024-12-30,36.74861111111111,3.0628306878307168,,,2024-12-30,0.29573210928483373
2024-12-30,36.74953703703704,3.057539682539712,,,2024-12-30,0.22516724453269812
2024-12-30,36.74953703703704,3.0588624338624637,,,2024-12-30,0.11367657315247216
2024-12-30,36.74953703703704,3.0601851851852153,,,2024-12-30,0.05405852740642433
2024-12-30,36.74953703703704,3.061507936507965,,,2024-12-30,0.14387554106688039
2024-12-30,36.74953703703704,3.0628306878307168,,,2024-12-30,0.2574022223605488
2024-12-30,36.75046296296296,3.057539682539712,,,2024-12-30,0.22516595693912034
2024-12-30,36.75046296296296,3.0588624338624637,,,2024-12-30,0.11367602791756166
2024-12-30,36.75046296296296,3.0601851851852153,,,2024-12-30,0.05405849702281984
2024-12-30,36.75046296296296,3.061507936507965,,,2024-12-30,0.14387478409339177
2024-12-30,36.75046296296296,3.0628306878307168,,,2024-12-30,0.25740073137508096
2024-12-30,36.75138888888889,3.057539682539712,,,2024-12-30,0.2681416363474062
2024-12-30,36.75138888888889,3.0588624338624637,,,2024-12-30,0.18472391343301875
2024-12-30,36.75138888888889,3.0601851851852153,,,2024-12-30,0.1553162150214607
2024-12-30,36.75138888888889,3.061507936507965,,,2024-12-30,0.20469622494972564
2024-12-30,36.75138888888889,3.0628306878307168,,,2024-12-30,0.29572821605468813
2024-12-30,36.75231481481482,3.057539682539712,,,2024-12-30,0.33808427195944535
2024-12-30,36.75231481481482,3.0588624338624637,,,2024-12-30,0.27663047174165517
2024-12-30,36.75231481481482,3.0601851851852153,,,2024-12-30,0.2579239055025071
2024-12-30,36.75231481481482,3.061507936507965,,,2024-12-30,0.2903479711469829
2024-12-30,36.75231481481482,3.0628306878307168,,,2024-12-30,0.3603554187897976
2024-12-31,36.74768518518518,3.057539682539712,,,2024-12-31,0.3380885596660119
2024-12-31,36.74768518518518,3.0588624338624637,,,2024-12-31,0.276631592011625
2024-12-31,36.74768518518518,3.0601851851852153,,,2024-12-31,0.2579239373431453
2024-12-31,36.74768518518518,3.061507936507965,,,2024-12-31,0.2903498466436768
2024-12-31,36.74768518518518,3.0628306878307168,,,2024-12-31,0.3603607437968025
2024-12-31,36.74861111111111,3.057539682539712,,,2024-12-31,0.26814488002100434
2024-12-31,36.74861111111111,3.0588624338624637,,,2024-12-31,0.18472492001821167
2024-12-31,36.74861111111111,3.0601851851852153,,,2024-12-31,0.15531624674691102
2024-12-31,36.74861111111111,3.061507936507965,,,2024-12-31,0.20469782110899754
2024-12-31,36.74861111111111,3.0628306878307168,,,2024-12-31,0.29573210928483373
2024-12-31,36.74953703703704,3.057539682539712,,,2024-12-31,0.22516724453269812
2024-12-31,36.74953703703704,3.0588624338624637,,,2024-12-31,0.11367657315247216
2024-12-31,36.74953703703704,3.0601851851852153,,,2024-12-31,0.05405852740642433
2024-12-31,36.74953703703704,3.061507936507965,,,2024-12-31,0.14387554106688039
2024-12-31,36.74953703703704,3.0628306878307168,,,2024-12-31,0.2574022223605488
2024-12-31,36.75046296296296,3.057539682539712,,,2024-12-31,0.22516595693912034
2024-12-31,36.75046296296296,3.0588624338624637,,,2024-12-31,0.11367602791756166
2024-12-31,36.75046296296296,3.0601851851852153,,,2024-12-31,0.05405849702281984
2024-12-31,36.75046296296296,3.061507936507965,,,2024-12-31,0.14387478409339177
2024-12-31,36.75046296296296,3.0628306878307168,,,2024-12-31,0.25740073137508096
2024-12-31,36.75138888888889,3.057539682539712,,,2024-12-31,0.2681416363474062
2024-12-31,36.75138888888889,3.0588624338624637,,,2024-12-31,0.18472391343301875
2024-12-31,36.75138888888889,3.0601851851852153,,,2024-12-31,0.1553162150214607
2024-12-31,36.75138888888889,3.061507936507965,,,2024-12-31,0.20469622494972564
2024-12-31,36.75138888888889,3.0628306878307168,,,2024-12-31,0.29572821605468813
2024-12-31,36.75231481481482,3.057539682539712,,,2024-12-31,0.33808427195944535
2024-12-31,36.75231481481482,3.0588624338624637,,,2024-12-31,0.27663047174165517
2024-12-31,36.75231481481482,3.0601851851852153,,,2024-12-31,0.2579239055025071
2024-12-31,36.75231481481482,3.061507936507965,,,2024-12-31,0.2903479711469829
2024-12-31,36.75231481481482,3.0628306878307168,,,2024-12-31,0.3603554187897976
2025-01-01,36.74768518518518,3.057539682539712,,,2025-01-01,0.3380885596660119
2025-01-01,36.74768518518518,3.0588624338624637,,,2025-01-01,0.276631592011625
2025-01-01,36.74768518518518,3.0601851851852153,,,2025-01-01,0.2579239373431453
2025-01-01,36.74768518518518,3.061507936507965,,,2025-01-01,0.2903498466436768
2025-01-01,36.74768518518518,3.0628306878307168,,,2025-01-01,0.3603607437968025
2025-01-01,36.74861111111111,3.057539682539712,,,2025-01-01,0.26814488002100434
2025-01-01,36.74861111111111,3.0588624338624637,,,2025-01-01,0.18472492001821167
2025-01-01,36.74861111111111,3.0601851851852153,,,2025-01-01,0.15531624674691102
2025-01-01,36.74861111111111,3.061507936507965,,,2025-01-01,0.20469782110899754
2025-01-01,36.74861111111111,3.0628306878307168,,,2025-01-01,0.29573210928483373
2025-01-01,36.74953703703704,3.057539682539712,,,2025-01-01,0.22516724453269812
2025-01-01,36.74953703703704,3.0588624338624637,,,2025-01-01,0.11367657315247216
2025-01-01,36.74953703703704,3.0601851851852153,,,2025-01-01,0.05405852740642433
2025-01-01,36.74953703703704,3.061507936507965,,,2025-01-01,0.14387554106688039
2025-01-01,36.74953703703704,3.0628306878307168,,,2025-01-01,0.2574022223605488
2025-01-01,36.75046296296296,3.057539682539712,,,2025-01-01,0.22516595693912034
2025-01-01,36.75046296296296,3.0588624338624637,,,2025-01-01,0.11367602791756166
2025-01-01,36.75046296296296,3.0601851851852153,,,2025-01-01,0.05405849702281984
2025-01-01,36.75046296296296,3.061507936507965,,,2025-01-01,0.14387478409339177
2025-01-01,36.75046296296296,3.0628306878307168,,,2025-01-01,0.25740073137508096
2025-01-01,36.75138888888889,3.057539682539712,,,2025-01-01,0.2681416363474062
2025-01-01,36.75138888888889,3.0588624338624637,,,2025-01-01,0.18472391343301875
2025-01-01,36.75138888888889,3.0601851851852153,,,2025-01-01,0.1553162150214607
2025-01-01,36.75138888888889,3.061507936507965,,,2025-01-01,0.20469622494972564
2025-01-01,36.75138888888889,3.0628306878307168,,,2025-01-01,0.29572821605468813
2025-01-01,36.75231481481482,3.057539682539712,,,2025-01-01,0.33808427195944535
2025-01-01,36.75231481481482,3.0588624338624637,,,2025-01-01,0.27663047174165517
2025-01-01,36.75231481481482,3.0601851851852153,,,2025-01-01,0.2579239055025071
2025-01-01,36.75231481481482,3.061507936507965,,,2025-01-01,0.2903479711469829
2025-01-01,36.75231481481482,3.0628306878307168,,,2025-01-01,0.3603554187897976
2025-01-02,36.74768518518518,3.057539682539712,,,2025-01-02,0.3380885596660119
2025-01-02,36.74768518518518,3.0588624338624637,,,2025-01-02,0.276631592011625
2025-01-02,36.74768518518518,3.0601851851852153,,,2025-01-02,0.2579239373431453
2025-01-02,36.74768518518518,3.061507936507965,,,2025-01-02,0.2903498466436768
2025-01-02,36.74768518518518,3.0628306878307168,,,2025-01-02,0.3603607437968025
2025-01-02,36.74861111111111,3.057539682539712,,,2025-01-02,0.26814488002100434
2025-01-02,36.74861111111111,3.0588624338624637,,,2025-01-02,0.18472492001821167
2025-01-02,36.74861111111111,3.0601851851852153,,,2025-01-02,0.15531624674691102
2025-01-02,36.74861111111111,3.061507936507965,,,2025-01-02,0.20469782110899754
2025-01-02,36.74861111111111,3.0628306878307168,,,2025-01-02,0.29573210928483373
2025-01-02,36.74953703703704,3.057539682539712,,,2025-01-02,0.22516724453269812
2025-01-02,36.74953703703704,3.0588624338624637,,,2025-01-02,0.11367657315247216
2025-01-02,36.74953703703704,3.0601851851852153,,,2025-01-02,0.05405852740642433
2025-01-02,36.74953703703704,3.061507936507965,,,2025-01-02,0.14387554106688039
2025-01-02,36.74953703703704,3.0628306878307168,,,2025-01-02,0.2574022223605488
2025-01-02,36.75046296296296,3.057539682539712,,,2025-01-02,0.22516595693912034
2025-01-02,36.75046296296296,3.0588624338624637,,,2025-01-02,0.11367602791756166
2025-01-02,36.75046296296296,3.0601851851852153,,,2025-01-02,0.05405849702281984
2025-01-02,36.75046296296296,3.061507936507965,,,2025-01-02,0.14387478409339177
2025-01-02,36.75046296296296,3.0628306878307168,,,2025-01-02,0.25740073137508096
2025-01-02,36.75138888888889,3.057539682539712,,,2025-01-02,0.2681416363474062
2025-01-02,36.75138888888889,3.0588624338624637,,,2025-01-02,0.18472391343301875
2025-01-02,36.75138888888889,3.0601851851852153,,,2025-01-02,0.1553162150214607
2025-01-02,36.75138888888889,3.061507936507965,,,2025-01-02,0.20469622494972564
2025-01-02,36.75138888888889,3.0628306878307168,,,2025-01-02,0.29572821605468813
2025-01-02,36.75231481481482,3.057539682539712,,,2025-01-02,0.33808427195944535
2025-01-02,36.75231481481482,3.0588624338624637,,,2025-01-02,0.27663047174165517
2025-01-02,36.75231481481482,3.0601851851852153,,,2025-01-02,0.2579239055025071
2025-01-02,36.75231481481482,3.061507936507965,,,2025-01-02,0.2903479711469829
2025-01-02,36.75231481481482,3.0628306878307168,,,2025-01-02,0.3603554187897976
2025-01-03,36.74768518518518,3.057539682539712,,,2025-01-03,0.3380885596660119
2025-01-03,36.74768518518518,3.0588624338624637,,,2025-01-03,0.276631592011625
2025-01-03,36.74768518518518,3.0601851851852153,,,2025-01-03,0.2579239373431453
2025-01-03,36.74768518518518,3.061507936507965,,,2025-01-03,0.2903498466436768
2025-01-03,36.74768518518518,3.0628306878307168,,,2025-01-03,0.3603607437968025
2025-01-03,36.74861111111111,3.057539682539712,,,2025-01-03,0.26814488002100434
2025-01-03,36.74861111111111,3.0588624338624637,,,2025-01-03,0.18472492001821167
2025-01-03,36.74861111111111,3.0601851851852153,,,2025-01-03,0.15531624674691102
2025-01-03,36.74861111111111,3.061507936507965,,,2025-01-03,0.20469782110899754
2025-01-03,36.74861111111111,3.0628306878307168,,,2025-01-03,0.29573210928483373
2025-01-03,36.74953703703704,3.057539682539712,,,2025-01-03,0.22516724453269812
2025-01-03,36.74953703703704,3.0588624338624637,,,2025-01-03,0.11367657315247216
2025-01-03,36.74953703703704,3.0601851851852153,,,2025-01-03,0.05405852740642433
2025-01-03,36.74953703703704,3.061507936507965,,,2025-01-03,0.14387554106688039
2025-01-03,36.74953703703704,3.0628306878307168,,,2025-01-03,0.2574022223605488
2025-01-03,36.75046296296296,3.057539682539712,,,2025-01-03,0.22516595693912034
2025-01-03,36.75046296296296,3.0588624338624637,,,2025-01-03,0.11367602791756166
2025-01-03,36.75046296296296,3.0601851851852153,,,2025-01-03,0.05405849702281984
2025-01-03,36.75046296296296,3.061507936507965,,,2025-01-03,0.14387478409339177
2025-01-03,36.75046296296296,3.0628306878307168,,,2025-01-03,0.25740073137508096
2025-01-03,36.75138888888889,3.057539682539712,,,2025-01-03,0.2681416363474062
2025-01-03,36.75138888888889,3.0588624338624637,,,2025-01-03,0.18472391343301875
2025-01-03,36.75138888888889,3.0601851851852153,,,2025-01-03,0.1553162150214607
2025-01-03,36.75138888888889,3.061507936507965,,,2025-01-03,0.20469622494972564
2025-01-03,36.75138888888889,3.0628306878307168,,,2025-01-03,0.29572821605468813
2025-01-03,36.75231481481482,3.057539682539712,,,2025-01-03,0.33808427195944535
2025-01-03,36.75231481481482,3.0588624338624637,,,2025-01-03,0.27663047174165517
2025-01-03,36.75231481481482,3.0601851851852153,,,2025-01-03,0.2579239055025071
2025-01-03,36.75231481481482,3.061507936507965,,,2025-01-03,0.2903479711469829
2025-01-03,36.75231481481482,3.0628306878307168,,,2025-01-03,0.3603554187897976
2025-01-04,36.74768518518518,3.057539682539712,,,2025-01-04,0.3380885596660119
2025-01-04,36.74768518518518,3.0588624338624637,,,2025-01-04,0.276631592011625
2025-01-04,36.74768518518518,3.0601851851852153,,,2025-01-04,0.2579239373431453
2025-01-04,36.74768518518518,3.061507936507965,,,2025-01-04,0.2903498466436768
2025-01-04,36.74768518518518,3.0628306878307168,,,2025-01-04,0.3603607437968025
2025-01-04,36.74861111111111,3.057539682539712,,,2025-01-04,0.26814488002100434
2025-01-04,36.74861111111111,3.0588624338624637,,,2025-01-04,0.18472492001821167
2025-01-04,36.74861111111111,3.0601851851852153,,,2025-01-04,0.15531624674691102
2025-01-04,36.74861111111111,3.061507936507965,,,2025-01-04,0.20469782110899754
2025-01-04,36.74861111111111,3.0628306878307168,,,2025-01-04,0.29573210928483373
2025-01-04,36.74953703703704,3.057539682539712,,,2025-01-04,0.22516724453269812
2025-01-04,36.74953703703704,3.0588624338624637,,,2025-01-04,0.11367657315247216
2025-01-04,36.74953703703704,3.0601851851852153,,,2025-01-04,0.05405852740642433
2025-01-04,36.74953703703704,3.061507936507965,,,2025-01-04,0.14387554106688039
2025-01-04,36.74953703703704,3.0628306878307168,,,2025-01-04,0.2574022223605488
2025-01-04,36.75046296296296,3.057539682539712,,,2025-01-04,0.22516595693912034
2025-01-04,36.75046296296296,3.0588624338624637,,,2025-01-04,0.11367602791756166
2025-01-04,36.75046296296296,3.0601851851852153,,,2025-01-04,0.05405849702281984
2025-01-04,36.75046296296296,3.061507936507965,,,2025-01-04,0.14387478409339177
2025-01-04,36.75046296296296,3.0628306878307168,,,2025-01-04,0.25740073137508096
2025-01-04,36.75138888888889,3.057539682539712,,,2025-01-04,0.2681416363474062
2025-01-04,36.75138888888889,3.0588624338624637,,,2025-01-04,0.18472391343301875
2025-01-04,36.75138888888889,3.0601851851852153,,,2025-01-04,0.1553162150214607
2025-01-04,36.75138888888889,3.061507936507965,,,2025-01-04,0.20469622494972564
2025-01-04,36.75138888888889,3.0628306878307168,,,2025-01-04,0.29572821605468813
2025-01-04,36.75231481481482,3.057539682539712,,,2025-01-04,0.33808427195944535
2025-01-04,36.75231481481482,3.0588624338624637,,,2025-01-04,0.27663047174165517
2025-01-04,36.75231481481482,3.0601851851852153,,,2025-01-04,0.2579239055025071
2025-01-04,36.75231481481482,3.061507936507965,,,2025-01-04,0.2903479711469829
2025-01-04,36.75231481481482,3.0628306878307168,,,2025-01-04,0.3603554187897976
2025-01-05,36.74768518518518,3.057539682539712,,,2025-01-05,0.3380885596660119
2025-01-05,36.74768518518518,3.0588624338624637,,,2025-01-05,0.276631592011625
2025-01-05,36.74768518518518,3.0601851851852153,,,2025-01-05,0.2579239373431453
2025-01-05,36.74768518518518,3.061507936507965,,,2025-01-05,0.2903498466436768
2025-01-05,36.74768518518518,3.0628306878307168,,,2025-01-05,0.3603607437968025
2025-01-05,36.74861111111111,3.057539682539712,,,2025-01-05,0.26814488002100434
2025-01-05,36.74861111111111,3.0588624338624637,,,2025-01-05,0.18472492001821167
2025-01-05,36.74861111111111,3.0601851851852153,,,2025-01-05,0.15531624674691102
2025-01-05,36.74861111111111,3.061507936507965,,,2025-01-05,0.20469782110899754
2025-01-05,36.74861111111111,3.0628306878307168,,,2025-01-05,0.29573210928483373
2025-01-05,36.74953703703704,3.057539682539712,,,2025-01-05,0.22516724453269812
2025-01-05,36.74953703703704,3.0588624338624637,,,2025-01-05,0.11367657315247216
2025-01-05,36.74953703703704,3.0601851851852153,,,2025-01-05,0.05405852740642433
2025-01-05,36.74953703703704,3.061507936507965,,,2025-01-05,0.14387554106688039
2025-01-05,36.74953703703704,3.0628306878307168,,,2025-01-05,0.2574022223605488
2025-01-05,36.75046296296296,3.057539682539712,,,2025-01-05,0.22516595693912034
2025-01-05,36.75046296296296,3.0588624338624637,,,2025-01-05,0.11367602791756166
2025-01-05,36.75046296296296,3.0601851851852153,,,2025-01-05,0.05405849702281984
2025-01-05,36.75046296296296,3.061507936507965,,,2025-01-05,0.14387478409339177
2025-01-05,36.75046296296296,3.0628306878307168,,,2025-01-05,0.25740073137508096
2025-01-05,36.75138888888889,3.057539682539712,,,2025-01-05,0.2681416363474062
2025-01-05,36.75138888888889,3.0588624338624637,,,2025-01-05,0.18472391343301875
2025-01-05,36.75138888888889,3.0601851851852153,,,2025-01-05,0.1553162150214607
2025-01-05,36.75138888888889,3.061507936507965,,,2025-01-05,0.20469622494972564
2025-01-05,36.75138888888889,3.0628306878307168,,,2025-01-05,0.29572821605468813
2025-01-05,36.75231481481482,3.057539682539712,,,2025-01-05,0.33808427195944535
2025-01-05,36.75231481481482,3.0588624338624637,,,2025-01-05,0.27663047174165517
2025-01-05,36.75231481481482,3.0601851851852153,,,2025-01-05,0.2579239055025071
2025-01-05,36.75231481481482,3.061507936507965,,,2025-01-05,0.2903479711469829
2025-01-05,36.75231481481482,3.0628306878307168,,,2025-01-05,0.3603554187897976
2025-01-06,36.74768518518518,3.057539682539712,,,2025-01-06,0.3380885596660119
2025-01-06,36.74768518518518,3.0588624338624637,,,2025-01-06,0.276631592011625
2025-01-06,36.74768518518518,3.0601851851852153,,,2025-01-06,0.2579239373431453
2025-01-06,36.74768518518518,3.061507936507965,,,2025-01-06,0.2903498466436768
2025-01-06,36.74768518518518,3.0628306878307168,,,2025-01-06,0.3603607437968025
2025-01-06,36.74861111111111,3.057539682539712,,,2025-01-06,0.26814488002100434
2025-01-06,36.74861111111111,3.0588624338624637,,,2025-01-06,0.18472492001821167
2025-01-06,36.74861111111111,3.0601851851852153,,,2025-01-06,0.15531624674691102
2025-01-06,36.74861111111111,3.061507936507965,,,2025-01-06,0.20469782110899754
2025-01-06,36.74861111111111,3.0628306878307168,,,2025-01-06,0.29573210928483373
2025-01-06,36.74953703703704,3.057539682539712,,,2025-01-06,0.22516724453269812
2025-01-06,36.74953703703704,3.0588624338624637,,,2025-01-06,0.11367657315247216
2025-01-06,36.74953703703704,3.0601851851852153,,,2025-01-06,0.05405852740642433
2025-01-06,36.74953703703704,3.061507936507965,,,2025-01-06,0.14387554106688039
2025-01-06,36.74953703703704,3.0628306878307168,,,2025-01-06,0.2574022223605488
2025-01-06,36.75046296296296,3.057539682539712,,,2025-01-06,0.22516595693912034
2025-01-06,36.75046296296296,3.0588624338624637,,,2025-01-06,0.11367602791756166
2025-01-06,36.75046296296296,3.0601851851852153,,,2025-01-06,0.05405849702281984
2025-01-06,36.75046296296296,3.061507936507965,,,2025-01-06,0.14387478409339177
2025-01-06,36.75046296296296,3.0628306878307168,,,2025-01-06,0.25740073137508096
2025-01-06,36.75138888888889,3.057539682539712,,,2025-01-06,0.2681416363474062
2025-01-06,36.75138888888889,3.0588624338624637,,,2025-01-06,0.18472391343301875
2025-01-06,36.75138888888889,3.0601851851852153,,,2025-01-06,0.1553162150214607
2025-01-06,36.75138888888889,3.061507936507965,,,2025-01-06,0.20469622494972564
2025-01-06,36.75138888888889,3.0628306878307168,,,2025-01-06,0.29572821605468813
2025-01-06,36.75231481481482,3.057539682539712,,,2025-01-06,0.33808427195944535
2025-01-06,36.75231481481482,3.0588624338624637,,,2025-01-06,0.27663047174165517
2025-01-06,36.75231481481482,3.0601851851852153,,,2025-01-06,0.2579239055025071
2025-01-06,36.75231481481482,3.061507936507965,,,2025-01-06,0.2903479711469829
2025-01-06,36.75231481481482,3.0628306878307168,,,2025-01-06,0.3603554187897976
2025-01-07,36.74768518518518,3.057539682539712,,,2025-01-07,0.3380885596660119
2025-01-07,36.74768518518518,3.0588624338624637,,,2025-01-07,0.276631592011625
2025-01-07,36.74768518518518,3.0601851851852153,,,2025-01-07,0.2579239373431453
2025-01-07,36.74768518518518,3.061507936507965,,,2025-01-07,0.2903498466436768
2025-01-07,36.74768518518518,3.0628306878307168,,,2025-01-07,0.3603607437968025
2025-01-07,36.74861111111111,3.057539682539712,,,2025-01-07,0.26814488002100434
2025-01-07,36.74861111111111,3.0588624338624637,,,2025-01-07,0.18472492001821167
2025-01-07,36.74861111111111,3.0601851851852153,,,2025-01-07,0.15531624674691102
2025-01-07,36.74861111111111,3.061507936507965,,,2025-01-07,0.20469782110899754
2025-01-07,36.74861111111111,3.0628306878307168,,,2025-01-07,0.29573210928483373
2025-01-07,36.74953703703704,3.057539682539712,,,2025-01-07,0.22516724453269812
2025-01-07,36.74953703703704,3.0588624338624637,,,2025-01-07,0.11367657315247216
2025-01-07,36.74953703703704,3.0601851851852153,,,2025-01-07,0.05405852740642433
2025-01-07,36.74953703703704,3.061507936507965,,,2025-01-07,0.14387554106688039
2025-01-07,36.74953703703704,3.0628306878307168,,,2025-01-07,0.2574022223605488
2025-01-07,36.75046296296296,3.057539682539712,,,2025-01-07,0.22516595693912034
2025-01-07,36.75046296296296,3.0588624338624637,,,2025-01-07,0.11367602791756166
2025-01-07,36.75046296296296,3.0601851851852153,,,2025-01-07,0.05405849702281984
2025-01-07,36.75046296296296,3.061507936507965,,,2025-01-07,0.14387478409339177
2025-01-07,36.75046296296296,3.0628306878307168,,,2025-01-07,0.25740073137508096
2025-01-07,36.75138888888889,3.057539682539712,,,2025-01-07,0.2681416363474062
2025-01-07,36.75138888888889,3.0588624338624637,,,2025-01-07,0.18472391343301875
2025-01-07,36.75138888888889,3.0601851851852153,,,2025-01-07,0.1553162150214607
2025-01-07,36.75138888888889,3.061507936507965,,,2025-01-07,0.20469622494972564
2025-01-07,36.75138888888889,3.0628306878307168,,,2025-01-07,0.29572821605468813
2025-01-07,36.75231481481482,3.057539682539712,,,2025-01-07,0.33808427195944535
2025-01-07,36.75231481481482,3.0588624338624637,,,2025-01-07,0.27663047174165517
2025-01-07,36.75231481481482,3.0601851851852153,,,2025-01-07,0.2579239055025071
2025-01-07,36.75231481481482,3.061507936507965,,,2025-01-07,0.2903479711469829
2025-01-07,36.75231481481482,3.0628306878307168,,,2025-01-07,0.3603554187897976
2025-01-08,36.74768518518518,3.057539682539712,,,2025-01-08,0.3380885596660119
2025-01-08,36.74768518518518,3.0588624338624637,,,2025-01-08,0.276631592011625
2025-01-08,36.74768518518518,3.0601851851852153,,,2025-01-08,0.2579239373431453
2025-01-08,36.74768518518518,3.061507936507965,,,2025-01-08,0.2903498466436768
2025-01-08,36.74768518518518,3.0628306878307168,,,2025-01-08,0.3603607437968025
2025-01-08,36.74861111111111,3.057539682539712,,,2025-01-08,0.26814488002100434
2025-01-08,36.74861111111111,3.0588624338624637,,,2025-01-08,0.18472492001821167
2025-01-08,36.74861111111111,3.0601851851852153,,,2025-01-08,0.15531624674691102
2025-01-08,36.74861111111111,3.061507936507965,,,2025-01-08,0.20469782110899754
2025-01-08,36.74861111111111,3.0628306878307168,,,2025-01-08,0.29573210928483373
2025-01-08,36.74953703703704,3.057539682539712,,,2025-01-08,0.22516724453269812
2025-01-08,36.74953703703704,3.0588624338624637,,,2025-01-08,0.11367657315247216
2025-01-08,36.74953703703704,3.0601851851852153,,,2025-01-08,0.05405852740642433
2025-01-08,36.74953703703704,3.061507936507965,,,2025-01-08,0.14387554106688039
2025-01-08,36.74953703703704,3.0628306878307168,,,2025-01-08,0.2574022223605488
2025-01-08,36.75046296296296,3.057539682539712,,,2025-01-08,0.22516595693912034
2025-01-08,36.75046296296296,3.0588624338624637,,,2025-01-08,0.11367602791756166
2025-01-08,36.75046296296296,3.0601851851852153,,,2025-01-08,0.05405849702281984
2025-01-08,36.75046296296296,3.061507936507965,,,2025-01-08,0.14387478409339177
2025-01-08,36.75046296296296,3.0628306878307168,,,2025-01-08,0.25740073137508096
2025-01-08,36.75138888888889,3.057539682539712,,,2025-01-08,0.2681416363474062
2025-01-08,36.75138888888889,3.0588624338624637,,,2025-01-08,0.18472391343301875
2025-01-08,36.75138888888889,3.0601851851852153,,,2025-01-08,0.1553162150214607
2025-01-08,36.75138888888889,3.061507936507965,,,2025-01-08,0.20469622494972564
2025-01-08,36.75138888888889,3.0628306878307168,,,2025-01-08,0.29572821605468813
2025-01-08,36.75231481481482,3.057539682539712,,,2025-01-08,0.33808427195944535
2025-01-08,36.75231481481482,3.0588624338624637,,,2025-01-08,0.27663047174165517
2025-01-08,36.75231481481482,3.0601851851852153,,,2025-01-08,0.2579239055025071
2025-01-08,36.75231481481482,3.061507936507965,,,2025-01-08,0.2903479711469829
2025-01-08,36.75231481481482,3.0628306878307168,,,2025-01-08,0.3603554187897976
2025-01-09,36.74768518518518,3.057539682539712,,,2025-01-09,0.3380885596660119
2025-01-09,36.74768518518518,3.0588624338624637,,,2025-01-09,0.276631592011625
2025-01-09,36.74768518518518,3.0601851851852153,,,2025-01-09,0.2579239373431453
2025-01-09,36.74768518518518,3.061507936507965,,,2025-01-09,0.2903498466436768
2025-01-09,36.74768518518518,3.0628306878307168,,,2025-01-09,0.3603607437968025
2025-01-09,36.74861111111111,3.057539682539712,,,2025-01-09,0.26814488002100434
2025-01-09,36.74861111111111,3.0588624338624637,,,2025-01-09,0.18472492001821167
2025-01-09,36.74861111111111,3.0601851851852153,,,2025-01-09,0.15531624674691102
2025-01-09,36.74861111111111,3.061507936507965,,,2025-01-09,0.20469782110899754
2025-01-09,36.74861111111111,3.0628306878307168,,,2025-01-09,0.29573210928483373
2025-01-09,36.74953703703704,3.057539682539712,,,2025-01-09,0.22516724453269812
2025-01-09,36.74953703703704,3.0588624338624637,,,2025-01-09,0.11367657315247216
2025-01-09,36.74953703703704,3.0601851851852153,,,2025-01-09,0.05405852740642433
2025-01-09,36.74953703703704,3.061507936507965,,,2025-01-09,0.14387554106688039
2025-01-09,36.74953703703704,3.0628306878307168,,,2025-01-09,0.2574022223605488
2025-01-09,36.75046296296296,3.057539682539712,,,2025-01-09,0.22516595693912034
2025-01-09,36.75046296296296,3.0588624338624637,,,2025-01-09,0.11367602791756166
2025-01-09,36.75046296296296,3.0601851851852153,,,2025-01-09,0.05405849702281984
2025-01-09,36.75046296296296,3.061507936507965,,,2025-01-09,0.14387478409339177
2025-01-09,36.75046296296296,3.0628306878307168,,,2025-01-09,0.25740073137508096
2025-01-09,36.75138888888889,3.057539682539712,,,2025-01-09,0.2681416363474062
2025-01-09,36.75138888888889,3.0588624338624637,,,2025-01-09,0.18472391343301875
2025-01-09,36.75138888888889,3.0601851851852153,,,2025-01-09,0.1553162150214607
2025-01-09,36.75138888888889,3.061507936507965,,,2025-01-09,0.20469622494972564
2025-01-09,36.75138888888889,3.0628306878307168,,,2025-01-09,0.29572821605468813
2025-01-09,36.75231481481482,3.057539682539712,,,2025-01-09,0.33808427195944535
2025-01-09,36.75231481481482,3.0588624338624637,,,2025-01-09,0.27663047174165517
2025-01-09,36.75231481481482,3.0601851851852153,,,2025-01-09,0.2579239055025071
2025-01-09,36.75231481481482,3.061507936507965,,,2025-01-09,0.2903479711469829
2025-01-09,36.75231481481482,3.0628306878307168,,,2025-01-09,0.3603554187897976
2025-01-10,36.74768518518518,3.057539682539712,,,2025-01-10,0.3380885596660119
2025-01-10,36.74768518518518,3.0588624338624637,,,2025-01-10,0.276631592011625
2025-01-10,36.74768518518518,3.0601851851852153,,,2025-01-10,0.2579239373431453
2025-01-10,36.74768518518518,3.061507936507965,,,2025-01-10,0.2903498466436768
2025-01-10,36.74768518518518,3.0628306878307168,,,2025-01-10,0.3603607437968025
2025-01-10,36.74861111111111,3.057539682539712,,,2025-01-10,0.26814488002100434
2025-01-10,36.74861111111111,3.0588624338624637,,,2025-01-10,0.18472492001821167
2025-01-10,36.74861111111111,3.0601851851852153,,,2025-01-10,0.15531624674691102
2025-01-10,36.74861111111111,3.061507936507965,,,2025-01-10,0.20469782110899754
2025-01-10,36.74861111111111,3.0628306878307168,,,2025-01-10,0.29573210928483373
2025-01-10,36.74953703703704,3.057539682539712,,,2025-01-10,0.22516724453269812
2025-01-10,36.74953703703704,3.0588624338624637,,,2025-01-10,0.11367657315247216
2025-01-10,36.74953703703704,3.0601851851852153,,,2025-01-10,0.05405852740642433
2025-01-10,36.74953703703704,3.061507936507965,,,2025-01-10,0.14387554106688039
2025-01-10,36.74953703703704,3.0628306878307168,,,2025-01-10,0.2574022223605488
2025-01-10,36.75046296296296,3.057539682539712,,,2025-01-10,0.22516595693912034
2025-01-10,36.75046296296296,3.0588624338624637,,,2025-01-10,0.11367602791756166
2025-01-10,36.75046296296296,3.0601851851852153,,,2025-01-10,0.05405849702281984
2025-01-10,36.75046296296296,3.061507936507965,,,2025-01-10,0.14387478409339177
2025-01-10,36.75046296296296,3.0628306878307168,,,2025-01-10,0.25740073137508096
2025-01-10,36.75138888888889,3.057539682539712,,,2025-01-10,0.2681416363474062
2025-01-10,36.75138888888889,3.0588624338624637,,,2025-01-10,0.18472391343301875
2025-01-10,36.75138888888889,3.0601851851852153,,,2025-01-10,0.1553162150214607
2025-01-10,36.75138888888889,3.061507936507965,,,2025-01-10,0.20469622494972564
2025-01-10,36.75138888888889,3.0628306878307168,,,2025-01-10,0.29572821605468813
2025-01-10,36.75231481481482,3.057539682539712,,,2025-01-10,0.33808427195944535
2025-01-10,36.75231481481482,3.0588624338624637,,,2025-01-10,0.27663047174165517
2025-01-10,36.75231481481482,3.0601851851852153,,,2025-01-10,0.2579239055025071
2025-01-10,36.75231481481482,3.061507936507965,,,2025-01-10,0.2903479711469829
2025-01-10,36.75231481481482,3.0628306878307168,,,2025-01-10,0.3603554187897976
2025-01-11,36.74768518518518,3.057539682539712,,,2025-01-11,0.3380885596660119
2025-01-11,36.74768518518518,3.0588624338624637,,,2025-01-11,0.276631592011625
2025-01-11,36.74768518518518,3.0601851851852153,,,2025-01-11,0.2579239373431453
2025-01-11,36.74768518518518,3.061507936507965,,,2025-01-11,0.2903498466436768
2025-01-11,36.74768518518518,3.0628306878307168,,,2025-01-11,0.3603607437968025
2025-01-11,36.74861111111111,3.057539682539712,,,2025-01-11,0.26814488002100434
2025-01-11,36.74861111111111,3.0588624338624637,,,2025-01-11,0.18472492001821167
2025-01-11,36.74861111111111,3.0601851851852153,,,2025-01-11,0.15531624674691102
2025-01-11,36.74861111111111,3.061507936507965,,,2025-01-11,0.20469782110899754
2025-01-11,36.74861111111111,3.0628306878307168,,,2025-01-11,0.29573210928483373
2025-01-11,36.74953703703704,3.057539682539712,,,2025-01-11,0.22516724453269812
2025-01-11,36.74953703703704,3.0588624338624637,,,2025-01-11,0.11367657315247216
2025-01-11,36.74953703703704,3.0601851851852153,,,2025-01-11,0.05405852740642433
2025-01-11,36.74953703703704,3.061507936507965,,,2025-01-11,0.14387554106688039
2025-01-11,36.74953703703704,3.0628306878307168,,,2025-01-11,0.2574022223605488
2025-01-11,36.75046296296296,3.057539682539712,,,2025-01-11,0.22516595693912034
2025-01-11,36.75046296296296,3.0588624338624637,,,2025-01-11,0.11367602791756166
2025-01-11,36.75046296296296,3.0601851851852153,,,2025-01-11,0.05405849702281984
2025-01-11,36.75046296296296,3.061507936507965,,,2025-01-11,0.14387478409339177
2025-01-11,36.75046296296296,3.0628306878307168,,,2025-01-11,0.25740073137508096
2025-01-11,36.75138888888889,3.057539682539712,,,2025-01-11,0.2681416363474062
2025-01-11,36.75138888888889,3.0588624338624637,,,2025-01-11,0.18472391343301875
2025-01-11,36.75138888888889,3.0601851851852153,,,2025-01-11,0.1553162150214607
2025-01-11,36.75138888888889,3.061507936507965,,,2025-01-11,0.20469622494972564
2025-01-11,36.75138888888889,3.0628306878307168,,,2025-01-11,0.29572821605468813
2025-01-11,36.75231481481482,3.057539682539712,,,2025-01-11,0.33808427195944535
2025-01-11,36.75231481481482,3.0588624338624637,,,2025-01-11,0.27663047174165517
2025-01-11,36.75231481481482,3.0601851851852153,,,2025-01-11,0.2579239055025071
2025-01-11,36.75231481481482,3.061507936507965,,,2025-01-11,0.2903479711469829
2025-01-11,36.75231481481482,3.0628306878307168,,,2025-01-11,0.3603554187897976
2025-01-12,36.74768518518518,3.057539682539712,,,2025-01-12,0.3380885596660119
2025-01-12,36.74768518518518,3.0588624338624637,,,2025-01-12,0.276631592011625
2025-01-12,36.74768518518518,3.0601851851852153,,,2025-01-12,0.2579239373431453
2025-01-12,36.74768518518518,3.061507936507965,,,2025-01-12,0.2903498466436768
2025-01-12,36.74768518518518,3.0628306878307168,,,2025-01-12,0.3603607437968025
2025-01-12,36.74861111111111,3.057539682539712,,,2025-01-12,0.26814488002100434
2025-01-12,36.74861111111111,3.0588624338624637,,,2025-01-12,0.18472492001821167
2025-01-12,36.74861111111111,3.0601851851852153,,,2025-01-12,0.15531624674691102
2025-01-12,36.74861111111111,3.061507936507965,,,2025-01-12,0.20469782110899754
2025-01-12,36.74861111111111,3.0628306878307168,,,2025-01-12,0.29573210928483373
2025-01-12,36.74953703703704,3.057539682539712,,,2025-01-12,0.22516724453269812
2025-01-12,36.74953703703704,3.0588624338624637,,,2025-01-12,0.11367657315247216
2025-01-12,36.74953703703704,3.0601851851852153,,,2025-01-12,0.05405852740642433
2025-01-12,36.74953703703704,3.061507936507965,,,2025-01-12,0.14387554106688039
2025-01-12,36.74953703703704,3.0628306878307168,,,2025-01-12,0.2574022223605488
2025-01-12,36.75046296296296,3.057539682539712,,,2025-01-12,0.22516595693912034
2025-01-12,36.75046296296296,3.0588624338624637,,,2025-01-12,0.11367602791756166
2025-01-12,36.75046296296296,3.0601851851852153,,,2025-01-12,0.05405849702281984
2025-01-12,36.75046296296296,3.061507936507965,,,2025-01-12,0.14387478409339177
2025-01-12,36.75046296296296,3.0628306878307168,,,2025-01-12,0.25740073137508096
2025-01-12,36.75138888888889,3.057539682539712,,,2025-01-12,0.2681416363474062
2025-01-12,36.75138888888889,3.0588624338624637,,,2025-01-12,0.18472391343301875
2025-01-12,36.75138888888889,3.0601851851852153,,,2025-01-12,0.1553162150214607
2025-01-12,36.75138888888889,3.061507936507965,,,2025-01-12,0.20469622494972564
2025-01-12,36.75138888888889,3.0628306878307168,,,2025-01-12,0.29572821605468813
2025-01-12,36.75231481481482,3.057539682539712,,,2025-01-12,0.33808427195944535
2025-01-12,36.75231481481482,3.0588624338624637,,,2025-01-12,0.27663047174165517
2025-01-12,36.75231481481482,3.0601851851852153,,,2025-01-12,0.2579239055025071
2025-01-12,36.75231481481482,3.061507936507965,,,2025-01-12,0.2903479711469829
2025-01-12,36.75231481481482,3.0628306878307168,,,2025-01-12,0.3603554187897976
2025-01-13,36.74768518518518,3.057539682539712,,,2025-01-13,0.3380885596660119
2025-01-13,36.74768518518518,3.0588624338624637,,,2025-01-13,0.276631592011625
2025-01-13,36.74768518518518,3.0601851851852153,,,2025-01-13,0.2579239373431453
2025-01-13,36.74768518518518,3.061507936507965,,,2025-01-13,0.2903498466436768
2025-01-13,36.74768518518518,3.0628306878307168,,,2025-01-13,0.3603607437968025
2025-01-13,36.74861111111111,3.057539682539712,,,2025-01-13,0.26814488002100434
2025-01-13,36.74861111111111,3.0588624338624637,,,2025-01-13,0.18472492001821167
2025-01-13,36.74861111111111,3.0601851851852153,,,2025-01-13,0.15531624674691102
2025-01-13,36.74861111111111,3.061507936507965,,,2025-01-13,0.20469782110899754
2025-01-13,36.74861111111111,3.0628306878307168,,,2025-01-13,0.29573210928483373
2025-01-13,36.74953703703704,3.057539682539712,,,2025-01-13,0.22516724453269812
2025-01-13,36.74953703703704,3.0588624338624637,,,2025-01-13,0.11367657315247216
2025-01-13,36.74953703703704,3.0601851851852153,,,2025-01-13,0.05405852740642433
2025-01-13,36.74953703703704,3.061507936507965,,,2025-01-13,0.14387554106688039
2025-01-13,36.74953703703704,3.0628306878307168,,,2025-01-13,0.2574022223605488
2025-01-13,36.75046296296296,3.057539682539712,,,2025-01-13,0.22516595693912034
2025-01-13,36.75046296296296,3.0588624338624637,,,2025-01-13,0.11367602791756166
2025-01-13,36.75046296296296,3.0601851851852153,,,2025-01-13,0.05405849702281984
2025-01-13,36.75046296296296,3.061507936507965,,,2025-01-13,0.14387478409339177
2025-01-13,36.75046296296296,3.0628306878307168,,,2025-01-13,0.25740073137508096
2025-01-13,36.75138888888889,3.057539682539712,,,2025-01-13,0.2681416363474062
2025-01-13,36.75138888888889,3.0588624338624637,,,2025-01-13,0.18472391343301875
2025-01-13,36.75138888888889,3.0601851851852153,,,2025-01-13,0.1553162150214607
2025-01-13,36.75138888888889,3.061507936507965,,,2025-01-13,0.20469622494972564
2025-01-13,36.75138888888889,3.0628306878307168,,,2025-01-13,0.29572821605468813
2025-01-13,36.75231481481482,3.057539682539712,,,2025-01-13,0.33808427195944535
2025-01-13,36.75231481481482,3.0588624338624637,,,2025-01-13,0.27663047174165517
2025-01-13,36.75231481481482,3.0601851851852153,,,2025-01-13,0.2579239055025071
2025-01-13,36.75231481481482,3.061507936507965,,,2025-01-13,0.2903479711469829
2025-01-13,36.75231481481482,3.0628306878307168,,,2025-01-13,0.3603554187897976
2025-01-14,36.74768518518518,3.057539682539712,,,2025-01-14,0.3380885596660119
2025-01-14,36.74768518518518,3.0588624338624637,,,2025-01-14,0.276631592011625
2025-01-14,36.74768518518518,3.0601851851852153,,,2025-01-14,0.2579239373431453
2025-01-14,36.74768518518518,3.061507936507965,,,2025-01-14,0.2903498466436768
2025-01-14,36.74768518518518,3.0628306878307168,,,2025-01-14,0.3603607437968025
2025-01-14,36.74861111111111,3.057539682539712,,,2025-01-14,0.26814488002100434
2025-01-14,36.74861111111111,3.0588624338624637,,,2025-01-14,0.18472492001821167
2025-01-14,36.74861111111111,3.0601851851852153,,,2025-01-14,0.15531624674691102
2025-01-14,36.74861111111111,3.061507936507965,,,2025-01-14,0.20469782110899754
2025-01-14,36.74861111111111,3.0628306878307168,,,2025-01-14,0.29573210928483373
2025-01-14,36.74953703703704,3.057539682539712,,,2025-01-14,0.22516724453269812
2025-01-14,36.74953703703704,3.0588624338624637,,,2025-01-14,0.11367657315247216
2025-01-14,36.74953703703704,3.0601851851852153,,,2025-01-14,0.05405852740642433
2025-01-14,36.74953703703704,3.061507936507965,,,2025-01-14,0.14387554106688039
2025-01-14,36.74953703703704,3.0628306878307168,,,2025-01-14,0.2574022223605488
2025-01-14,36.75046296296296,3.057539682539712,,,2025-01-14,0.22516595693912034
2025-01-14,36.75046296296296,3.0588624338624637,,,2025-01-14,0.11367602791756166
2025-01-14,36.75046296296296,3.0601851851852153,,,2025-01-14,0.05405849702281984
2025-01-14,36.75046296296296,3.061507936507965,,,2025-01-14,0.14387478409339177
2025-01-14,36.75046296296296,3.0628306878307168,,,2025-01-14,0.25740073137508096
2025-01-14,36.75138888888889,3.057539682539712,,,2025-01-14,0.2681416363474062
2025-01-14,36.75138888888889,3.0588624338624637,,,2025-01-14,0.18472391343301875
2025-01-14,36.75138888888889,3.0601851851852153,,,2025-01-14,0.1553162150214607
2025-01-14,36.75138888888889,3.061507936507965,,,2025-01-14,0.20469622494972564
2025-01-14,36.75138888888889,3.0628306878307168,,,2025-01-14,0.29572821605468813
2025-01-14,36.75231481481482,3.057539682539712,,,2025-01-14,0.33808427195944535
2025-01-14,36.75231481481482,3.0588624338624637,,,2025-01-14,0.27663047174165517
2025-01-14,36.75231481481482,3.0601851851852153,,,2025-01-14,0.2579239055025071
2025-01-14,36.75231481481482,3.061507936507965,,,2025-01-14,0.2903479711469829
2025-01-14,36.75231481481482,3.0628306878307168,,,2025-01-14,0.3603554187897976
2025-01-15,36.74768518518518,3.057539682539712,,,2025-01-15,0.3380885596660119
2025-01-15,36.74768518518518,3.0588624338624637,,,2025-01-15,0.276631592011625
2025-01-15,36.74768518518518,3.0601851851852153,,,2025-01-15,0.2579239373431453
2025-01-15,36.74768518518518,3.061507936507965,,,2025-01-15,0.2903498466436768
2025-01-15,36.74768518518518,3.0628306878307168,,,2025-01-15,0.3603607437968025
2025-01-15,36.74861111111111,3.057539682539712,,,2025-01-15,0.26814488002100434
2025-01-15,36.74861111111111,3.0588624338624637,,,2025-01-15,0.18472492001821167
2025-01-15,36.74861111111111,3.0601851851852153,,,2025-01-15,0.15531624674691102
2025-01-15,36.74861111111111,3.061507936507965,,,2025-01-15,0.20469782110899754
2025-01-15,36.74861111111111,3.0628306878307168,,,2025-01-15,0.29573210928483373
2025-01-15,36.74953703703704,3.057539682539712,,,2025-01-15,0.22516724453269812
2025-01-15,36.74953703703704,3.0588624338624637,,,2025-01-15,0.11367657315247216
2025-01-15,36.74953703703704,3.0601851851852153,,,2025-01-15,0.05405852740642433
2025-01-15,36.74953703703704,3.061507936507965,,,2025-01-15,0.14387554106688039
2025-01-15,36.74953703703704,3.0628306878307168,,,2025-01-15,0.2574022223605488
2025-01-15,36.75046296296296,3.057539682539712,,,2025-01-15,0.22516595693912034
2025-01-15,36.75046296296296,3.0588624338624637,,,2025-01-15,0.11367602791756166
2025-01-15,36.75046296296296,3.0601851851852153,,,2025-01-15,0.05405849702281984
2025-01-15,36.75046296296296,3.061507936507965,,,2025-01-15,0.14387478409339177
2025-01-15,36.75046296296296,3.0628306878307168,,,2025-01-15,0.25740073137508096
2025-01-15,36.75138888888889,3.057539682539712,,,2025-01-15,0.2681416363474062
2025-01-15,36.75138888888889,3.0588624338624637,,,2025-01-15,0.18472391343301875
2025-01-15,36.75138888888889,3.0601851851852153,,,2025-01-15,0.1553162150214607
2025-01-15,36.75138888888889,3.061507936507965,,,2025-01-15,0.20469622494972564
2025-01-15,36.75138888888889,3.0628306878307168,,,2025-01-15,0.29572821605468813
2025-01-15,36.75231481481482,3.057539682539712,,,2025-01-15,0.33808427195944535
2025-01-15,36.75231481481482,3.0588624338624637,,,2025-01-15,0.27663047174165517
2025-01-15,36.75231481481482,3.0601851851852153,,,2025-01-15,0.2579239055025071
2025-01-15,36.75231481481482,3.061507936507965,,,2025-01-15,0.2903479711469829
2025-01-15,36.75231481481482,3.0628306878307168,,,2025-01-15,0.3603554187897976
2025-01-16,36.74768518518518,3.057539682539712,,,2025-01-16,0.3380885596660119
2025-01-16,36.74768518518518,3.0588624338624637,,,2025-01-16,0.276631592011625
2025-01-16,36.74768518518518,3.0601851851852153,,,2025-01-16,0.2579239373431453
2025-01-16,36.74768518518518,3.061507936507965,,,2025-01-16,0.2903498466436768
2025-01-16,36.74768518518518,3.0628306878307168,,,2025-01-16,0.3603607437968025
2025-01-16,36.74861111111111,3.057539682539712,,,2025-01-16,0.26814488002100434
2025-01-16,36.74861111111111,3.0588624338624637,,,2025-01-16,0.18472492001821167
2025-01-16,36.74861111111111,3.0601851851852153,,,2025-01-16,0.15531624674691102
2025-01-16,36.74861111111111,3.061507936507965,,,2025-01-16,0.20469782110899754
2025-01-16,36.74861111111111,3.0628306878307168,,,2025-01-16,0.29573210928483373
2025-01-16,36.74953703703704,3.057539682539712,,,2025-01-16,0.22516724453269812
2025-01-16,36.74953703703704,3.0588624338624637,,,2025-01-16,0.11367657315247216
2025-01-16,36.74953703703704,3.0601851851852153,,,2025-01-16,0.05405852740642433
2025-01-16,36.74953703703704,3.061507936507965,,,2025-01-16,0.14387554106688039
2025-01-16,36.74953703703704,3.0628306878307168,,,2025-01-16,0.2574022223605488
2025-01-16,36.75046296296296,3.057539682539712,,,2025-01-16,0.22516595693912034
2025-01-16,36.75046296296296,3.0588624338624637,,,2025-01-16,0.11367602791756166
2025-01-16,36.75046296296296,3.0601851851852153,,,2025-01-16,0.05405849702281984
2025-01-16,36.75046296296296,3.061507936507965,,,2025-01-16,0.14387478409339177
2025-01-16,36.75046296296296,3.0628306878307168,,,2025-01-16,0.25740073137508096
2025-01-16,36.75138888888889,3.057539682539712,,,2025-01-16,0.2681416363474062
2025-01-16,36.75138888888889,3.0588624338624637,,,2025-01-16,0.18472391343301875
2025-01-16,36.75138888888889,3.0601851851852153,,,2025-01-16,0.1553162150214607
2025-01-16,36.75138888888889,3.061507936507965,,,2025-01-16,0.20469622494972564
2025-01-16,36.75138888888889,3.0628306878307168,,,2025-01-16,0.29572821605468813
2025-01-16,36.75231481481482,3.057539682539712,,,2025-01-16,0.33808427195944535
2025-01-16,36.75231481481482,3.0588624338624637,,,2025-01-16,0.27663047174165517
2025-01-16,36.75231481481482,3.0601851851852153,,,2025-01-16,0.2579239055025071
2025-01-16,36.75231481481482,3.061507936507965,,,2025-01-16,0.2903479711469829
2025-01-16,36.75231481481482,3.0628306878307168,,,2025-01-16,0.3603554187897976
2025-01-17,36.74768518518518,3.057539682539712,,,2025-01-17,0.3380885596660119
2025-01-17,36.74768518518518,3.0588624338624637,,,2025-01-17,0.276631592011625
2025-01-17,36.74768518518518,3.0601851851852153,,,2025-01-17,0.2579239373431453
2025-01-17,36.74768518518518,3.061507936507965,,,2025-01-17,0.2903498466436768
2025-01-17,36.74768518518518,3.0628306878307168,,,2025-01-17,0.3603607437968025
2025-01-17,36.74861111111111,3.057539682539712,,,2025-01-17,0.26814488002100434
2025-01-17,36.74861111111111,3.0588624338624637,,,2025-01-17,0.18472492001821167
2025-01-17,36.74861111111111,3.0601851851852153,,,2025-01-17,0.15531624674691102
2025-01-17,36.74861111111111,3.061507936507965,,,2025-01-17,0.20469782110899754
2025-01-17,36.74861111111111,3.0628306878307168,,,2025-01-17,0.29573210928483373
2025-01-17,36.74953703703704,3.057539682539712,,,2025-01-17,0.22516724453269812
2025-01-17,36.74953703703704,3.0588624338624637,,,2025-01-17,0.11367657315247216
2025-01-17,36.74953703703704,3.0601851851852153,,,2025-01-17,0.05405852740642433
2025-01-17,36.74953703703704,3.061507936507965,,,2025-01-17,0.14387554106688039
2025-01-17,36.74953703703704,3.0628306878307168,,,2025-01-17,0.2574022223605488
2025-01-17,36.75046296296296,3.057539682539712,,,2025-01-17,0.22516595693912034
2025-01-17,36.75046296296296,3.0588624338624637,,,2025-01-17,0.11367602791756166
2025-01-17,36.75046296296296,3.0601851851852153,,,2025-01-17,0.05405849702281984
2025-01-17,36.75046296296296,3.061507936507965,,,2025-01-17,0.14387478409339177
2025-01-17,36.75046296296296,3.0628306878307168,,,2025-01-17,0.25740073137508096
2025-01-17,36.75138888888889,3.057539682539712,,,2025-01-17,0.2681416363474062
2025-01-17,36.75138888888889,3.0588624338624637,,,2025-01-17,0.18472391343301875
2025-01-17,36.75138888888889,3.0601851851852153,,,2025-01-17,0.1553162150214607
2025-01-17,36.75138888888889,3.061507936507965,,,2025-01-17,0.20469622494972564
2025-01-17,36.75138888888889,3.0628306878307168,,,2025-01-17,0.29572821605468813
2025-01-17,36.75231481481482,3.057539682539712,,,2025-01-17,0.33808427195944535
2025-01-17,36.75231481481482,3.0588624338624637,,,2025-01-17,0.27663047174165517
2025-01-17,36.75231481481482,3.0601851851852153,,,2025-01-17,0.2579239055025071
2025-01-17,36.75231481481482,3.061507936507965,,,2025-01-17,0.2903479711469829
2025-01-17,36.75231481481482,3.0628306878307168,,,2025-01-17,0.3603554187897976
2025-01-18,36.74768518518518,3.057539682539712,,,2025-01-18,0.3380885596660119
2025-01-18,36.74768518518518,3.0588624338624637,,,2025-01-18,0.276631592011625
2025-01-18,36.74768518518518,3.0601851851852153,,,2025-01-18,0.2579239373431453
2025-01-18,36.74768518518518,3.061507936507965,,,2025-01-18,0.2903498466436768
2025-01-18,36.74768518518518,3.0628306878307168,,,2025-01-18,0.3603607437968025
2025-01-18,36.74861111111111,3.057539682539712,,,2025-01-18,0.26814488002100434
2025-01-18,36.74861111111111,3.0588624338624637,,,2025-01-18,0.18472492001821167
2025-01-18,36.74861111111111,3.0601851851852153,,,2025-01-18,0.15531624674691102
2025-01-18,36.74861111111111,3.061507936507965,,,2025-01-18,0.20469782110899754
2025-01-18,36.74861111111111,3.0628306878307168,,,2025-01-18,0.29573210928483373
2025-01-18,36.74953703703704,3.057539682539712,,,2025-01-18,0.22516724453269812
2025-01-18,36.74953703703704,3.0588624338624637,,,2025-01-18,0.11367657315247216
2025-01-18,36.74953703703704,3.0601851851852153,,,2025-01-18,0.05405852740642433
2025-01-18,36.74953703703704,3.061507936507965,,,2025-01-18,0.14387554106688039
2025-01-18,36.74953703703704,3.0628306878307168,,,2025-01-18,0.2574022223605488
2025-01-18,36.75046296296296,3.057539682539712,,,2025-01-18,0.22516595693912034
2025-01-18,36.75046296296296,3.0588624338624637,,,2025-01-18,0.11367602791756166
2025-01-18,36.75046296296296,3.0601851851852153,,,2025-01-18,0.05405849702281984
2025-01-18,36.75046296296296,3.061507936507965,,,2025-01-18,0.14387478409339177
2025-01-18,36.75046296296296,3.0628306878307168,,,2025-01-18,0.25740073137508096
2025-01-18,36.75138888888889,3.057539682539712,,,2025-01-18,0.2681416363474062
2025-01-18,36.75138888888889,3.0588624338624637,,,2025-01-18,0.18472391343301875
2025-01-18,36.75138888888889,3.0601851851852153,,,2025-01-18,0.1553162150214607
2025-01-18,36.75138888888889,3.061507936507965,,,2025-01-18,0.20469622494972564
2025-01-18,36.75138888888889,3.0628306878307168,,,2025-01-18,0.29572821605468813
2025-01-18,36.75231481481482,3.057539682539712,,,2025-01-18,0.33808427195944535
2025-01-18,36.75231481481482,3.0588624338624637,,,2025-01-18,0.27663047174165517
2025-01-18,36.75231481481482,3.0601851851852153,,,2025-01-18,0.2579239055025071
2025-01-18,36.75231481481482,3.061507936507965,,,2025-01-18,0.2903479711469829
2025-01-18,36.75231481481482,3.0628306878307168,,,2025-01-18,0.3603554187897976
2025-01-19,36.74768518518518,3.057539682539712,,,2025-01-19,0.3380885596660119
2025-01-19,36.74768518518518,3.0588624338624637,,,2025-01-19,0.276631592011625
2025-01-19,36.74768518518518,3.0601851851852153,,,2025-01-19,0.2579239373431453
2025-01-19,36.74768518518518,3.061507936507965,,,2025-01-19,0.2903498466436768
2025-01-19,36.74768518518518,3.0628306878307168,,,2025-01-19,0.3603607437968025
2025-01-19,36.74861111111111,3.057539682539712,,,2025-01-19,0.26814488002100434
2025-01-19,36.74861111111111,3.0588624338624637,,,2025-01-19,0.18472492001821167
2025-01-19,36.74861111111111,3.0601851851852153,,,2025-01-19,0.15531624674691102
2025-01-19,36.74861111111111,3.061507936507965,,,2025-01-19,0.20469782110899754
2025-01-19,36.74861111111111,3.0628306878307168,,,2025-01-19,0.29573210928483373
2025-01-19,36.74953703703704,3.057539682539712,,,2025-01-19,0.22516724453269812
2025-01-19,36.74953703703704,3.0588624338624637,,,2025-01-19,0.11367657315247216
2025-01-19,36.74953703703704,3.0601851851852153,,,2025-01-19,0.05405852740642433
2025-01-19,36.74953703703704,3.061507936507965,,,2025-01-19,0.14387554106688039
2025-01-19,36.74953703703704,3.0628306878307168,,,2025-01-19,0.2574022223605488
2025-01-19,36.75046296296296,3.057539682539712,,,2025-01-19,0.22516595693912034
2025-01-19,36.75046296296296,3.0588624338624637,,,2025-01-19,0.11367602791756166
2025-01-19,36.75046296296296,3.0601851851852153,,,2025-01-19,0.05405849702281984
2025-01-19,36.75046296296296,3.061507936507965,,,2025-01-19,0.14387478409339177
2025-01-19,36.75046296296296,3.0628306878307168,,,2025-01-19,0.25740073137508096
2025-01-19,36.75138888888889,3.057539682539712,,,2025-01-19,0.2681416363474062
2025-01-19,36.75138888888889,3.0588624338624637,,,2025-01-19,0.18472391343301875
2025-01-19,36.75138888888889,3.0601851851852153,,,2025-01-19,0.1553162150214607
2025-01-19,36.75138888888889,3.061507936507965,,,2025-01-19,0.20469622494972564
2025-01-19,36.75138888888889,3.0628306878307168,,,2025-01-19,0.29572821605468813
2025-01-19,36.75231481481482,3.057539682539712,,,2025-01-19,0.33808427195944535
2025-01-19,36.75231481481482,3.0588624338624637,,,2025-01-19,0.27663047174165517
2025-01-19,36.75231481481482,3.0601851851852153,,,2025-01-19,0.2579239055025071
2025-01-19,36.75231481481482,3.061507936507965,,,2025-01-19,0.2903479711469829
2025-01-19,36.75231481481482,3.0628306878307168,,,2025-01-19,0.3603554187897976
2025-01-20,36.74768518518518,3.057539682539712,,,2025-01-20,0.3380885596660119
2025-01-20,36.74768518518518,3.0588624338624637,,,2025-01-20,0.276631592011625
2025-01-20,36.74768518518518,3.0601851851852153,,,2025-01-20,0.2579239373431453
2025-01-20,36.74768518518518,3.061507936507965,,,2025-01-20,0.2903498466436768
2025-01-20,36.74768518518518,3.0628306878307168,,,2025-01-20,0.3603607437968025
2025-01-20,36.74861111111111,3.057539682539712,,,2025-01-20,0.26814488002100434
2025-01-20,36.74861111111111,3.0588624338624637,,,2025-01-20,0.18472492001821167
2025-01-20,36.74861111111111,3.0601851851852153,,,2025-01-20,0.15531624674691102
2025-01-20,36.74861111111111,3.061507936507965,,,2025-01-20,0.20469782110899754
2025-01-20,36.74861111111111,3.0628306878307168,,,2025-01-20,0.29573210928483373
2025-01-20,36.74953703703704,3.057539682539712,,,2025-01-20,0.22516724453269812
2025-01-20,36.74953703703704,3.0588624338624637,,,2025-01-20,0.11367657315247216
2025-01-20,36.74953703703704,3.0601851851852153,,,2025-01-20,0.05405852740642433
2025-01-20,36.74953703703704,3.061507936507965,,,2025-01-20,0.14387554106688039
2025-01-20,36.74953703703704,3.0628306878307168,,,2025-01-20,0.2574022223605488
2025-01-20,36.75046296296296,3.057539682539712,,,2025-01-20,0.22516595693912034
2025-01-20,36.75046296296296,3.0588624338624637,,,2025-01-20,0.11367602791756166
2025-01-20,36.75046296296296,3.0601851851852153,,,2025-01-20,0.05405849702281984
2025-01-20,36.75046296296296,3.061507936507965,,,2025-01-20,0.14387478409339177
2025-01-20,36.75046296296296,3.0628306878307168,,,2025-01-20,0.25740073137508096
2025-01-20,36.75138888888889,3.057539682539712,,,2025-01-20,0.2681416363474062
2025-01-20,36.75138888888889,3.0588624338624637,,,2025-01-20,0.18472391343301875
2025-01-20,36.75138888888889,3.0601851851852153,,,2025-01-20,0.1553162150214607
2025-01-20,36.75138888888889,3.061507936507965,,,2025-01-20,0.20469622494972564
2025-01-20,36.75138888888889,3.0628306878307168,,,2025-01-20,0.29572821605468813
2025-01-20,36.75231481481482,3.057539682539712,,,2025-01-20,0.33808427195944535
2025-01-20,36.75231481481482,3.0588624338624637,,,2025-01-20,0.27663047174165517
2025-01-20,36.75231481481482,3.0601851851852153,,,2025-01-20,0.2579239055025071
2025-01-20,36.75231481481482,3.061507936507965,,,2025-01-20,0.2903479711469829
2025-01-20,36.75231481481482,3.0628306878307168,,,2025-01-20,0.3603554187897976
2025-01-21,36.74768518518518,3.057539682539712,,,2025-01-21,0.3380885596660119
2025-01-21,36.74768518518518,3.0588624338624637,,,2025-01-21,0.276631592011625
2025-01-21,36.74768518518518,3.0601851851852153,,,2025-01-21,0.2579239373431453
2025-01-21,36.74768518518518,3.061507936507965,,,2025-01-21,0.2903498466436768
2025-01-21,36.74768518518518,3.0628306878307168,,,2025-01-21,0.3603607437968025
2025-01-21,36.74861111111111,3.057539682539712,,,2025-01-21,0.26814488002100434
2025-01-21,36.74861111111111,3.0588624338624637,,,2025-01-21,0.18472492001821167
2025-01-21,36.74861111111111,3.0601851851852153,,,2025-01-21,0.15531624674691102
2025-01-21,36.74861111111111,3.061507936507965,,,2025-01-21,0.20469782110899754
2025-01-21,36.74861111111111,3.0628306878307168,,,2025-01-21,0.29573210928483373
2025-01-21,36.74953703703704,3.057539682539712,,,2025-01-21,0.22516724453269812
2025-01-21,36.74953703703704,3.0588624338624637,,,2025-01-21,0.11367657315247216
2025-01-21,36.74953703703704,3.0601851851852153,,,2025-01-21,0.05405852740642433
2025-01-21,36.74953703703704,3.061507936507965,,,2025-01-21,0.14387554106688039
2025-01-21,36.74953703703704,3.0628306878307168,,,2025-01-21,0.2574022223605488
2025-01-21,36.75046296296296,3.057539682539712,,,2025-01-21,0.22516595693912034
2025-01-21,36.75046296296296,3.0588624338624637,,,2025-01-21,0.11367602791756166
2025-01-21,36.75046296296296,3.0601851851852153,,,2025-01-21,0.05405849702281984
2025-01-21,36.75046296296296,3.061507936507965,,,2025-01-21,0.14387478409339177
2025-01-21,36.75046296296296,3.0628306878307168,,,2025-01-21,0.25740073137508096
2025-01-21,36.75138888888889,3.057539682539712,,,2025-01-21,0.2681416363474062
2025-01-21,36.75138888888889,3.0588624338624637,,,2025-01-21,0.18472391343301875
2025-01-21,36.75138888888889,3.0601851851852153,,,2025-01-21,0.1553162150214607
2025-01-21,36.75138888888889,3.061507936507965,,,2025-01-21,0.20469622494972564
2025-01-21,36.75138888888889,3.0628306878307168,,,2025-01-21,0.29572821605468813
2025-01-21,36.75231481481482,3.057539682539712,,,2025-01-21,0.33808427195944535
2025-01-21,36.75231481481482,3.0588624338624637,,,2025-01-21,0.27663047174165517
2025-01-21,36.75231481481482,3.0601851851852153,,,2025-01-21,0.2579239055025071
2025-01-21,36.75231481481482,3.061507936507965,,,2025-01-21,0.2903479711469829
2025-01-21,36.75231481481482,3.0628306878307168,,,2025-01-21,0.3603554187897976
2025-01-22,36.74768518518518,3.057539682539712,,,2025-01-22,0.3380885596660119
2025-01-22,36.74768518518518,3.0588624338624637,,,2025-01-22,0.276631592011625
2025-01-22,36.74768518518518,3.0601851851852153,,,2025-01-22,0.2579239373431453
2025-01-22,36.74768518518518,3.061507936507965,,,2025-01-22,0.2903498466436768
2025-01-22,36.74768518518518,3.0628306878307168,,,2025-01-22,0.3603607437968025
2025-01-22,36.74861111111111,3.057539682539712,,,2025-01-22,0.26814488002100434
2025-01-22,36.74861111111111,3.0588624338624637,,,2025-01-22,0.18472492001821167
2025-01-22,36.74861111111111,3.0601851851852153,,,2025-01-22,0.15531624674691102
2025-01-22,36.74861111111111,3.061507936507965,,,2025-01-22,0.20469782110899754
2025-01-22,36.74861111111111,3.0628306878307168,,,2025-01-22,0.29573210928483373
2025-01-22,36.74953703703704,3.057539682539712,,,2025-01-22,0.22516724453269812
2025-01-22,36.74953703703704,3.0588624338624637,,,2025-01-22,0.11367657315247216
2025-01-22,36.74953703703704,3.0601851851852153,,,2025-01-22,0.05405852740642433
2025-01-22,36.74953703703704,3.061507936507965,,,2025-01-22,0.14387554106688039
2025-01-22,36.74953703703704,3.0628306878307168,,,2025-01-22,0.2574022223605488
2025-01-22,36.75046296296296,3.057539682539712,,,2025-01-22,0.22516595693912034
2025-01-22,36.75046296296296,3.0588624338624637,,,2025-01-22,0.11367602791756166
2025-01-22,36.75046296296296,3.0601851851852153,,,2025-01-22,0.05405849702281984
2025-01-22,36.75046296296296,3.061507936507965,,,2025-01-22,0.14387478409339177
2025-01-22,36.75046296296296,3.0628306878307168,,,2025-01-22,0.25740073137508096
2025-01-22,36.75138888888889,3.057539682539712,,,2025-01-22,0.2681416363474062
2025-01-22,36.75138888888889,3.0588624338624637,,,2025-01-22,0.18472391343301875
2025-01-22,36.75138888888889,3.0601851851852153,,,2025-01-22,0.1553162150214607
2025-01-22,36.75138888888889,3.061507936507965,,,2025-01-22,0.20469622494972564
2025-01-22,36.75138888888889,3.0628306878307168,,,2025-01-22,0.29572821605468813
2025-01-22,36.75231481481482,3.057539682539712,,,2025-01-22,0.33808427195944535
2025-01-22,36.75231481481482,3.0588624338624637,,,2025-01-22,0.27663047174165517
2025-01-22,36.75231481481482,3.0601851851852153,,,2025-01-22,0.2579239055025071
2025-01-22,36.75231481481482,3.061507936507965,,,2025-01-22,0.2903479711469829
2025-01-22,36.75231481481482,3.0628306878307168,,,2025-01-22,0.3603554187897976
2025-01-23,36.74768518518518,3.057539682539712,,,2025-01-23,0.3380885596660119
2025-01-23,36.74768518518518,3.0588624338624637,,,2025-01-23,0.276631592011625
2025-01-23,36.74768518518518,3.0601851851852153,,,2025-01-23,0.2579239373431453
2025-01-23,36.74768518518518,3.061507936507965,,,2025-01-23,0.2903498466436768
2025-01-23,36.74768518518518,3.0628306878307168,,,2025-01-23,0.3603607437968025
2025-01-23,36.74861111111111,3.057539682539712,,,2025-01-23,0.26814488002100434
2025-01-23,36.74861111111111,3.0588624338624637,,,2025-01-23,0.18472492001821167
2025-01-23,36.74861111111111,3.0601851851852153,,,2025-01-23,0.15531624674691102
2025-01-23,36.74861111111111,3.061507936507965,,,2025-01-23,0.20469782110899754
2025-01-23,36.74861111111111,3.0628306878307168,,,2025-01-23,0.29573210928483373
2025-01-23,36.74953703703704,3.057539682539712,,,2025-01-23,0.22516724453269812
2025-01-23,36.74953703703704,3.0588624338624637,,,2025-01-23,0.11367657315247216
2025-01-23,36.74953703703704,3.0601851851852153,,,2025-01-23,0.05405852740642433
2025-01-23,36.74953703703704,3.061507936507965,,,2025-01-23,0.14387554106688039
2025-01-23,36.74953703703704,3.0628306878307168,,,2025-01-23,0.2574022223605488
2025-01-23,36.75046296296296,3.057539682539712,,,2025-01-23,0.22516595693912034
2025-01-23,36.75046296296296,3.0588624338624637,,,2025-01-23,0.11367602791756166
2025-01-23,36.75046296296296,3.0601851851852153,,,2025-01-23,0.05405849702281984
2025-01-23,36.75046296296296,3.061507936507965,,,2025-01-23,0.14387478409339177
2025-01-23,36.75046296296296,3.0628306878307168,,,2025-01-23,0.25740073137508096
2025-01-23,36.75138888888889,3.057539682539712,,,2025-01-23,0.2681416363474062
2025-01-23,36.75138888888889,3.0588624338624637,,,2025-01-23,0.18472391343301875
2025-01-23,36.75138888888889,3.0601851851852153,,,2025-01-23,0.1553162150214607
2025-01-23,36.75138888888889,3.061507936507965,,,2025-01-23,0.20469622494972564
2025-01-23,36.75138888888889,3.0628306878307168,,,2025-01-23,0.29572821605468813
2025-01-23,36.75231481481482,3.057539682539712,,,2025-01-23,0.33808427195944535
2025-01-23,36.75231481481482,3.0588624338624637,,,2025-01-23,0.27663047174165517
2025-01-23,36.75231481481482,3.0601851851852153,,,2025-01-23,0.2579239055025071
2025-01-23,36.75231481481482,3.061507936507965,,,2025-01-23,0.2903479711469829
2025-01-23,36.75231481481482,3.0628306878307168,,,2025-01-23,0.3603554187897976
2025-01-24,36.74768518518518,3.057539682539712,,,2025-01-24,0.3380885596660119
2025-01-24,36.74768518518518,3.0588624338624637,,,2025-01-24,0.276631592011625
2025-01-24,36.74768518518518,3.0601851851852153,,,2025-01-24,0.2579239373431453
2025-01-24,36.74768518518518,3.061507936507965,,,2025-01-24,0.2903498466436768
2025-01-24,36.74768518518518,3.0628306878307168,,,2025-01-24,0.3603607437968025
2025-01-24,36.74861111111111,3.057539682539712,,,2025-01-24,0.26814488002100434
2025-01-24,36.74861111111111,3.0588624338624637,,,2025-01-24,0.18472492001821167
2025-01-24,36.74861111111111,3.0601851851852153,,,2025-01-24,0.15531624674691102
2025-01-24,36.74861111111111,3.061507936507965,,,2025-01-24,0.20469782110899754
2025-01-24,36.74861111111111,3.0628306878307168,,,2025-01-24,0.29573210928483373
2025-01-24,36.74953703703704,3.057539682539712,,,2025-01-24,0.22516724453269812
2025-01-24,36.74953703703704,3.0588624338624637,,,2025-01-24,0.11367657315247216
2025-01-24,36.74953703703704,3.0601851851852153,,,2025-01-24,0.05405852740642433
2025-01-24,36.74953703703704,3.061507936507965,,,2025-01-24,0.14387554106688039
2025-01-24,36.74953703703704,3.0628306878307168,,,2025-01-24,0.2574022223605488
2025-01-24,36.75046296296296,3.057539682539712,,,2025-01-24,0.22516595693912034
2025-01-24,36.75046296296296,3.0588624338624637,,,2025-01-24,0.11367602791756166
2025-01-24,36.75046296296296,3.0601851851852153,,,2025-01-24,0.05405849702281984
2025-01-24,36.75046296296296,3.061507936507965,,,2025-01-24,0.14387478409339177
2025-01-24,36.75046296296296,3.0628306878307168,,,2025-01-24,0.25740073137508096
2025-01-24,36.75138888888889,3.057539682539712,,,2025-01-24,0.2681416363474062
2025-01-24,36.75138888888889,3.0588624338624637,,,2025-01-24,0.18472391343301875
2025-01-24,36.75138888888889,3.0601851851852153,,,2025-01-24,0.1553162150214607
2025-01-24,36.75138888888889,3.061507936507965,,,2025-01-24,0.20469622494972564
2025-01-24,36.75138888888889,3.0628306878307168,,,2025-01-24,0.29572821605468813
2025-01-24,36.75231481481482,3.057539682539712,,,2025-01-24,0.33808427195944535
2025-01-24,36.75231481481482,3.0588624338624637,,,2025-01-24,0.27663047174165517
2025-01-24,36.75231481481482,3.0601851851852153,,,2025-01-24,0.2579239055025071
2025-01-24,36.75231481481482,3.061507936507965,,,2025-01-24,0.2903479711469829
2025-01-24,36.75231481481482,3.0628306878307168,,,2025-01-24,0.3603554187897976
2025-01-25,36.74768518518518,3.057539682539712,,,2025-01-25,0.3380885596660119
2025-01-25,36.74768518518518,3.0588624338624637,,,2025-01-25,0.276631592011625
2025-01-25,36.74768518518518,3.0601851851852153,,,2025-01-25,0.2579239373431453
2025-01-25,36.74768518518518,3.061507936507965,,,2025-01-25,0.2903498466436768
2025-01-25,36.74768518518518,3.0628306878307168,,,2025-01-25,0.3603607437968025
2025-01-25,36.74861111111111,3.057539682539712,,,2025-01-25,0.26814488002100434
2025-01-25,36.74861111111111,3.0588624338624637,,,2025-01-25,0.18472492001821167
2025-01-25,36.74861111111111,3.0601851851852153,,,2025-01-25,0.15531624674691102
2025-01-25,36.74861111111111,3.061507936507965,,,2025-01-25,0.20469782110899754
2025-01-25,36.74861111111111,3.0628306878307168,,,2025-01-25,0.29573210928483373
2025-01-25,36.74953703703704,3.057539682539712,,,2025-01-25,0.22516724453269812
2025-01-25,36.74953703703704,3.0588624338624637,,,2025-01-25,0.11367657315247216
2025-01-25,36.74953703703704,3.0601851851852153,,,2025-01-25,0.05405852740642433
2025-01-25,36.74953703703704,3.061507936507965,,,2025-01-25,0.14387554106688039
2025-01-25,36.74953703703704,3.0628306878307168,,,2025-01-25,0.2574022223605488
2025-01-25,36.75046296296296,3.057539682539712,,,2025-01-25,0.22516595693912034
2025-01-25,36.75046296296296,3.0588624338624637,,,2025-01-25,0.11367602791756166
2025-01-25,36.75046296296296,3.0601851851852153,,,2025-01-25,0.05405849702281984
2025-01-25,36.75046296296296,3.061507936507965,,,2025-01-25,0.14387478409339177
2025-01-25,36.75046296296296,3.0628306878307168,,,2025-01-25,0.25740073137508096
2025-01-25,36.75138888888889,3.057539682539712,,,2025-01-25,0.2681416363474062
2025-01-25,36.75138888888889,3.0588624338624637,,,2025-01-25,0.18472391343301875
2025-01-25,36.75138888888889,3.0601851851852153,,,2025-01-25,0.1553162150214607
2025-01-25,36.75138888888889,3.061507936507965,,,2025-01-25,0.20469622494972564
2025-01-25,36.75138888888889,3.0628306878307168,,,2025-01-25,0.29572821605468813
2025-01-25,36.75231481481482,3.057539682539712,,,2025-01-25,0.33808427195944535
2025-01-25,36.75231481481482,3.0588624338624637,,,2025-01-25,0.27663047174165517
2025-01-25,36.75231481481482,3.0601851851852153,,,2025-01-25,0.2579239055025071
2025-01-25,36.75231481481482,3.061507936507965,,,2025-01-25,0.2903479711469829
2025-01-25,36.75231481481482,3.0628306878307168,,,2025-01-25,0.3603554187897976
2025-01-26,36.74768518518518,3.057539682539712,,,2025-01-26,0.3380885596660119
2025-01-26,36.74768518518518,3.0588624338624637,,,2025-01-26,0.276631592011625
2025-01-26,36.74768518518518,3.0601851851852153,,,2025-01-26,0.2579239373431453
2025-01-26,36.74768518518518,3.061507936507965,,,2025-01-26,0.2903498466436768
2025-01-26,36.74768518518518,3.0628306878307168,,,2025-01-26,0.3603607437968025
2025-01-26,36.74861111111111,3.057539682539712,,,2025-01-26,0.26814488002100434
2025-01-26,36.74861111111111,3.0588624338624637,,,2025-01-26,0.18472492001821167
2025-01-26,36.74861111111111,3.0601851851852153,,,2025-01-26,0.15531624674691102
2025-01-26,36.74861111111111,3.061507936507965,,,2025-01-26,0.20469782110899754
2025-01-26,36.74861111111111,3.0628306878307168,,,2025-01-26,0.29573210928483373
2025-01-26,36.74953703703704,3.057539682539712,,,2025-01-26,0.22516724453269812
2025-01-26,36.74953703703704,3.0588624338624637,,,2025-01-26,0.11367657315247216
2025-01-26,36.74953703703704,3.0601851851852153,,,2025-01-26,0.05405852740642433
2025-01-26,36.74953703703704,3.061507936507965,,,2025-01-26,0.14387554106688039
2025-01-26,36.74953703703704,3.0628306878307168,,,2025-01-26,0.2574022223605488
2025-01-26,36.75046296296296,3.057539682539712,,,2025-01-26,0.22516595693912034
2025-01-26,36.75046296296296,3.0588624338624637,,,2025-01-26,0.11367602791756166
2025-01-26,36.75046296296296,3.0601851851852153,,,2025-01-26,0.05405849702281984
2025-01-26,36.75046296296296,3.061507936507965,,,2025-01-26,0.14387478409339177
2025-01-26,36.75046296296296,3.0628306878307168,,,2025-01-26,0.25740073137508096
2025-01-26,36.75138888888889,3.057539682539712,,,2025-01-26,0.2681416363474062
2025-01-26,36.75138888888889,3.0588624338624637,,,2025-01-26,0.18472391343301875
2025-01-26,36.75138888888889,3.0601851851852153,,,2025-01-26,0.1553162150214607
2025-01-26,36.75138888888889,3.061507936507965,,,2025-01-26,0.20469622494972564
2025-01-26,36.75138888888889,3.0628306878307168,,,2025-01-26,0.29572821605468813
2025-01-26,36.75231481481482,3.057539682539712,,,2025-01-26,0.33808427195944535
2025-01-26,36.75231481481482,3.0588624338624637,,,2025-01-26,0.27663047174165517
2025-01-26,36.75231481481482,3.0601851851852153,,,2025-01-26,0.2579239055025071
2025-01-26,36.75231481481482,3.061507936507965,,,2025-01-26,0.2903479711469829
2025-01-26,36.75231481481482,3.0628306878307168,,,2025-01-26,0.3603554187897976
2025-01-27,36.74768518518518,3.057539682539712,,,2025-01-27,0.3380885596660119
2025-01-27,36.74768518518518,3.0588624338624637,,,2025-01-27,0.276631592011625
2025-01-27,36.74768518518518,3.0601851851852153,,,2025-01-27,0.2579239373431453
2025-01-27,36.74768518518518,3.061507936507965,,,2025-01-27,0.2903498466436768
2025-01-27,36.74768518518518,3.0628306878307168,,,2025-01-27,0.3603607437968025
2025-01-27,36.74861111111111,3.057539682539712,,,2025-01-27,0.26814488002100434
2025-01-27,36.74861111111111,3.0588624338624637,,,2025-01-27,0.18472492001821167
2025-01-27,36.74861111111111,3.0601851851852153,,,2025-01-27,0.15531624674691102
2025-01-27,36.74861111111111,3.061507936507965,,,2025-01-27,0.20469782110899754
2025-01-27,36.74861111111111,3.0628306878307168,,,2025-01-27,0.29573210928483373
2025-01-27,36.74953703703704,3.057539682539712,,,2025-01-27,0.22516724453269812
2025-01-27,36.74953703703704,3.0588624338624637,,,2025-01-27,0.11367657315247216
2025-01-27,36.74953703703704,3.0601851851852153,,,2025-01-27,0.05405852740642433
2025-01-27,36.74953703703704,3.061507936507965,,,2025-01-27,0.14387554106688039
2025-01-27,36.74953703703704,3.0628306878307168,,,2025-01-27,0.2574022223605488
2025-01-27,36.75046296296296,3.057539682539712,,,2025-01-27,0.22516595693912034
2025-01-27,36.75046296296296,3.0588624338624637,,,2025-01-27,0.11367602791756166
2025-01-27,36.75046296296296,3.0601851851852153,,,2025-01-27,0.05405849702281984
2025-01-27,36.75046296296296,3.061507936507965,,,2025-01-27,0.14387478409339177
2025-01-27,36.75046296296296,3.0628306878307168,,,2025-01-27,0.25740073137508096
2025-01-27,36.75138888888889,3.057539682539712,,,2025-01-27,0.2681416363474062
2025-01-27,36.75138888888889,3.0588624338624637,,,2025-01-27,0.18472391343301875
2025-01-27,36.75138888888889,3.0601851851852153,,,2025-01-27,0.1553162150214607
2025-01-27,36.75138888888889,3.061507936507965,,,2025-01-27,0.20469622494972564
2025-01-27,36.75138888888889,3.0628306878307168,,,2025-01-27,0.29572821605468813
2025-01-27,36.75231481481482,3.057539682539712,,,2025-01-27,0.33808427195944535
2025-01-27,36.75231481481482,3.0588624338624637,,,2025-01-27,0.27663047174165517
2025-01-27,36.75231481481482,3.0601851851852153,,,2025-01-27,0.2579239055025071
2025-01-27,36.75231481481482,3.061507936507965,,,2025-01-27,0.2903479711469829
2025-01-27,36.75231481481482,3.0628306878307168,,,2025-01-27,0.3603554187897976
2025-01-28,36.74768518518518,3.057539682539712,,,2025-01-28,0.3380885596660119
2025-01-28,36.74768518518518,3.0588624338624637,,,2025-01-28,0.276631592011625
2025-01-28,36.74768518518518,3.0601851851852153,,,2025-01-28,0.2579239373431453
2025-01-28,36.74768518518518,3.061507936507965,,,2025-01-28,0.2903498466436768
2025-01-28,36.74768518518518,3.0628306878307168,,,2025-01-28,0.3603607437968025
2025-01-28,36.74861111111111,3.057539682539712,,,2025-01-28,0.26814488002100434
2025-01-28,36.74861111111111,3.0588624338624637,,,2025-01-28,0.18472492001821167
2025-01-28,36.74861111111111,3.0601851851852153,,,2025-01-28,0.15531624674691102
2025-01-28,36.74861111111111,3.061507936507965,,,2025-01-28,0.20469782110899754
2025-01-28,36.74861111111111,3.0628306878307168,,,2025-01-28,0.29573210928483373
2025-01-28,36.74953703703704,3.057539682539712,,,2025-01-28,0.22516724453269812
2025-01-28,36.74953703703704,3.0588624338624637,,,2025-01-28,0.11367657315247216
2025-01-28,36.74953703703704,3.0601851851852153,,,2025-01-28,0.05405852740642433
2025-01-28,36.74953703703704,3.061507936507965,,,2025-01-28,0.14387554106688039
2025-01-28,36.74953703703704,3.0628306878307168,,,2025-01-28,0.2574022223605488
2025-01-28,36.75046296296296,3.057539682539712,,,2025-01-28,0.22516595693912034
2025-01-28,36.75046296296296,3.0588624338624637,,,2025-01-28,0.11367602791756166
2025-01-28,36.75046296296296,3.0601851851852153,,,2025-01-28,0.05405849702281984
2025-01-28,36.75046296296296,3.061507936507965,,,2025-01-28,0.14387478409339177
2025-01-28,36.75046296296296,3.0628306878307168,,,2025-01-28,0.25740073137508096
2025-01-28,36.75138888888889,3.057539682539712,,,2025-01-28,0.2681416363474062
2025-01-28,36.75138888888889,3.0588624338624637,,,2025-01-28,0.18472391343301875
2025-01-28,36.75138888888889,3.0601851851852153,,,2025-01-28,0.1553162150214607
2025-01-28,36.75138888888889,3.061507936507965,,,2025-01-28,0.20469622494972564
2025-01-28,36.75138888888889,3.0628306878307168,,,2025-01-28,0.29572821605468813
2025-01-28,36.75231481481482,3.057539682539712,,,2025-01-28,0.33808427195944535
2025-01-28,36.75231481481482,3.0588624338624637,,,2025-01-28,0.27663047174165517
2025-01-28,36.75231481481482,3.0601851851852153,,,2025-01-28,0.2579239055025071
2025-01-28,36.75231481481482,3.061507936507965,,,2025-01-28,0.2903479711469829
2025-01-28,36.75231481481482,3.0628306878307168,,,2025-01-28,0.3603554187897976
2025-01-29,36.74768518518518,3.057539682539712,,,2025-01-29,0.3380885596660119
2025-01-29,36.74768518518518,3.0588624338624637,,,2025-01-29,0.276631592011625
2025-01-29,36.74768518518518,3.0601851851852153,,,2025-01-29,0.2579239373431453
2025-01-29,36.74768518518518,3.061507936507965,,,2025-01-29,0.2903498466436768
2025-01-29,36.74768518518518,3.0628306878307168,,,2025-01-29,0.3603607437968025
2025-01-29,36.74861111111111,3.057539682539712,,,2025-01-29,0.26814488002100434
2025-01-29,36.74861111111111,3.0588624338624637,,,2025-01-29,0.18472492001821167
2025-01-29,36.74861111111111,3.0601851851852153,,,2025-01-29,0.15531624674691102
2025-01-29,36.74861111111111,3.061507936507965,,,2025-01-29,0.20469782110899754
2025-01-29,36.74861111111111,3.0628306878307168,,,2025-01-29,0.29573210928483373
2025-01-29,36.74953703703704,3.057539682539712,,,2025-01-29,0.22516724453269812
2025-01-29,36.74953703703704,3.0588624338624637,,,2025-01-29,0.11367657315247216
2025-01-29,36.74953703703704,3.0601851851852153,,,2025-01-29,0.05405852740642433
2025-01-29,36.74953703703704,3.061507936507965,,,2025-01-29,0.14387554106688039
2025-01-29,36.74953703703704,3.0628306878307168,,,2025-01-29,0.2574022223605488
2025-01-29,36.75046296296296,3.057539682539712,,,2025-01-29,0.22516595693912034
2025-01-29,36.75046296296296,3.0588624338624637,,,2025-01-29,0.11367602791756166
2025-01-29,36.75046296296296,3.0601851851852153,,,2025-01-29,0.05405849702281984
2025-01-29,36.75046296296296,3.061507936507965,,,2025-01-29,0.14387478409339177
2025-01-29,36.75046296296296,3.0628306878307168,,,2025-01-29,0.25740073137508096
2025-01-29,36.75138888888889,3.057539682539712,,,2025-01-29,0.2681416363474062
2025-01-29,36.75138888888889,3.0588624338624637,,,2025-01-29,0.18472391343301875
2025-01-29,36.75138888888889,3.0601851851852153,,,2025-01-29,0.1553162150214607
2025-01-29,36.75138888888889,3.061507936507965,,,2025-01-29,0.20469622494972564
2025-01-29,36.75138888888889,3.0628306878307168,,,2025-01-29,0.29572821605468813
2025-01-29,36.75231481481482,3.057539682539712,,,2025-01-29,0.33808427195944535
2025-01-29,36.75231481481482,3.0588624338624637,,,2025-01-29,0.27663047174165517
2025-01-29,36.75231481481482,3.0601851851852153,,,2025-01-29,0.2579239055025071
2025-01-29,36.75231481481482,3.061507936507965,,,2025-01-29,0.2903479711469829
2025-01-29,36.75231481481482,3.0628306878307168,,,2025-01-29,0.3603554187897976
2025-01-30,36.74768518518518,3.057539682539712,,,2025-01-30,0.3380885596660119
2025-01-30,36.74768518518518,3.0588624338624637,,,2025-01-30,0.276631592011625
2025-01-30,36.74768518518518,3.0601851851852153,,,2025-01-30,0.2579239373431453
2025-01-30,36.74768518518518,3.061507936507965,,,2025-01-30,0.2903498466436768
2025-01-30,36.74768518518518,3.0628306878307168,,,2025-01-30,0.3603607437968025
2025-01-30,36.74861111111111,3.057539682539712,,,2025-01-30,0.26814488002100434
2025-01-30,36.74861111111111,3.0588624338624637,,,2025-01-30,0.18472492001821167
2025-01-30,36.74861111111111,3.0601851851852153,,,2025-01-30,0.15531624674691102
2025-01-30,36.74861111111111,3.061507936507965,,,2025-01-30,0.20469782110899754
2025-01-30,36.74861111111111,3.0628306878307168,,,2025-01-30,0.29573210928483373
2025-01-30,36.74953703703704,3.057539682539712,,,2025-01-30,0.22516724453269812
2025-01-30,36.74953703703704,3.0588624338624637,,,2025-01-30,0.11367657315247216
2025-01-30,36.74953703703704,3.0601851851852153,,,2025-01-30,0.05405852740642433
2025-01-30,36.74953703703704,3.061507936507965,,,2025-01-30,0.14387554106688039
2025-01-30,36.74953703703704,3.0628306878307168,,,2025-01-30,0.2574022223605488
2025-01-30,36.75046296296296,3.057539682539712,,,2025-01-30,0.22516595693912034
2025-01-30,36.75046296296296,3.0588624338624637,,,2025-01-30,0.11367602791756166
2025-01-30,36.75046296296296,3.0601851851852153,,,2025-01-30,0.05405849702281984
2025-01-30,36.75046296296296,3.061507936507965,,,2025-01-30,0.14387478409339177
2025-01-30,36.75046296296296,3.0628306878307168,,,2025-01-30,0.25740073137508096
2025-01-30,36.75138888888889,3.057539682539712,,,2025-01-30,0.2681416363474062
2025-01-30,36.75138888888889,3.0588624338624637,,,2025-01-30,0.18472391343301875
2025-01-30,36.75138888888889,3.0601851851852153,,,2025-01-30,0.1553162150214607
2025-01-30,36.75138888888889,3.061507936507965,,,2025-01-30,0.20469622494972564
2025-01-30,36.75138888888889,3.0628306878307168,,,2025-01-30,0.29572821605468813
2025-01-30,36.75231481481482,3.057539682539712,,,2025-01-30,0.33808427195944535
2025-01-30,36.75231481481482,3.0588624338624637,,,2025-01-30,0.27663047174165517
2025-01-30,36.75231481481482,3.0601851851852153,,,2025-01-30,0.2579239055025071
2025-01-30,36.75231481481482,3.061507936507965,,,2025-01-30,0.2903479711469829
2025-01-30,36.75231481481482,3.0628306878307168,,,2025-01-30,0.3603554187897976
2025-01-31,36.74768518518518,3.057539682539712,,,2025-01-31,0.3380885596660119
2025-01-31,36.74768518518518,3.0588624338624637,,,2025-01-31,0.276631592011625
2025-01-31,36.74768518518518,3.0601851851852153,,,2025-01-31,0.2579239373431453
2025-01-31,36.74768518518518,3.061507936507965,,,2025-01-31,0.2903498466436768
2025-01-31,36.74768518518518,3.0628306878307168,,,2025-01-31,0.3603607437968025
2025-01-31,36.74861111111111,3.057539682539712,,,2025-01-31,0.26814488002100434
2025-01-31,36.74861111111111,3.0588624338624637,,,2025-01-31,0.18472492001821167
2025-01-31,36.74861111111111,3.0601851851852153,,,2025-01-31,0.15531624674691102
2025-01-31,36.74861111111111,3.061507936507965,,,2025-01-31,0.20469782110899754
2025-01-31,36.74861111111111,3.0628306878307168,,,2025-01-31,0.29573210928483373
2025-01-31,36.74953703703704,3.057539682539712,,,2025-01-31,0.22516724453269812
2025-01-31,36.74953703703704,3.0588624338624637,,,2025-01-31,0.11367657315247216
2025-01-31,36.74953703703704,3.0601851851852153,,,2025-01-31,0.05405852740642433
2025-01-31,36.74953703703704,3.061507936507965,,,2025-01-31,0.14387554106688039
2025-01-31,36.74953703703704,3.0628306878307168,,,2025-01-31,0.2574022223605488
2025-01-31,36.75046296296296,3.057539682539712,,,2025-01-31,0.22516595693912034
2025-01-31,36.75046296296296,3.0588624338624637,,,2025-01-31,0.11367602791756166
2025-01-31,36.75046296296296,3.0601851851852153,,,2025-01-31,0.05405849702281984
2025-01-31,36.75046296296296,3.061507936507965,,,2025-01-31,0.14387478409339177
2025-01-31,36.75046296296296,3.0628306878307168,,,2025-01-31,0.25740073137508096
2025-01-31,36.75138888888889,3.057539682539712,,,2025-01-31,0.2681416363474062
2025-01-31,36.75138888888889,3.0588624338624637,,,2025-01-31,0.18472391343301875
2025-01-31,36.75138888888889,3.0601851851852153,,,2025-01-31,0.1553162150214607
2025-01-31,36.75138888888889,3.061507936507965,,,2025-01-31,0.20469622494972564
2025-01-31,36.75138888888889,3.0628306878307168,,,2025-01-31,0.29572821605468813
2025-01-31,36.75231481481482,3.057539682539712,,,2025-01-31,0.33808427195944535
2025-01-31,36.75231481481482,3.0588624338624637,,,2025-01-31,0.27663047174165517
2025-01-31,36.75231481481482,3.0601851851852153,,,2025-01-31,0.2579239055025071
2025-01-31,36.75231481481482,3.061507936507965,,,2025-01-31,0.2903479711469829
2025-01-31,36.75231481481482,3.0628306878307168,,,2025-01-31,0.3603554187897976
2025-02-01,36.74768518518518,3.057539682539712,,,2025-02-01,0.3380885596660119
2025-02-01,36.74768518518518,3.0588624338624637,,,2025-02-01,0.276631592011625
2025-02-01,36.74768518518518,3.0601851851852153,,,2025-02-01,0.2579239373431453
2025-02-01,36.74768518518518,3.061507936507965,,,2025-02-01,0.2903498466436768
2025-02-01,36.74768518518518,3.0628306878307168,,,2025-02-01,0.3603607437968025
2025-02-01,36.74861111111111,3.057539682539712,,,2025-02-01,0.26814488002100434
2025-02-01,36.74861111111111,3.0588624338624637,,,2025-02-01,0.18472492001821167
2025-02-01,36.74861111111111,3.0601851851852153,,,2025-02-01,0.15531624674691102
2025-02-01,36.74861111111111,3.061507936507965,,,2025-02-01,0.20469782110899754
2025-02-01,36.74861111111111,3.0628306878307168,,,2025-02-01,0.29573210928483373
2025-02-01,36.74953703703704,3.057539682539712,,,2025-02-01,0.22516724453269812
2025-02-01,36.74953703703704,3.0588624338624637,,,2025-02-01,0.11367657315247216
2025-02-01,36.74953703703704,3.0601851851852153,,,2025-02-01,0.05405852740642433
2025-02-01,36.74953703703704,3.061507936507965,,,2025-02-01,0.14387554106688039
2025-02-01,36.74953703703704,3.0628306878307168,,,2025-02-01,0.2574022223605488
2025-02-01,36.75046296296296,3.057539682539712,,,2025-02-01,0.22516595693912034
2025-02-01,36.75046296296296,3.0588624338624637,,,2025-02-01,0.11367602791756166
2025-02-01,36.75046296296296,3.0601851851852153,,,2025-02-01,0.05405849702281984
2025-02-01,36.75046296296296,3.061507936507965,,,2025-02-01,0.14387478409339177
2025-02-01,36.75046296296296,3.0628306878307168,,,2025-02-01,0.25740073137508096
2025-02-01,36.75138888888889,3.057539682539712,,,2025-02-01,0.2681416363474062
2025-02-01,36.75138888888889,3.0588624338624637,,,2025-02-01,0.18472391343301875
2025-02-01,36.75138888888889,3.0601851851852153,,,2025-02-01,0.1553162150214607
2025-02-01,36.75138888888889,3.061507936507965,,,2025-02-01,0.20469622494972564
2025-02-01,36.75138888888889,3.0628306878307168,,,2025-02-01,0.29572821605468813
2025-02-01,36.75231481481482,3.057539682539712,,,2025-02-01,0.33808427195944535
2025-02-01,36.75231481481482,3.0588624338624637,,,2025-02-01,0.27663047174165517
2025-02-01,36.75231481481482,3.0601851851852153,,,2025-02-01,0.2579239055025071
2025-02-01,36.75231481481482,3.061507936507965,,,2025-02-01,0.2903479711469829
2025-02-01,36.75231481481482,3.0628306878307168,,,2025-02-01,0.3603554187897976
2025-02-02,36.74768518518518,3.057539682539712,,,2025-02-02,0.3380885596660119
2025-02-02,36.74768518518518,3.0588624338624637,,,2025-02-02,0.276631592011625
2025-02-02,36.74768518518518,3.0601851851852153,,,2025-02-02,0.2579239373431453
2025-02-02,36.74768518518518,3.061507936507965,,,2025-02-02,0.2903498466436768
2025-02-02,36.74768518518518,3.0628306878307168,,,2025-02-02,0.3603607437968025
2025-02-02,36.74861111111111,3.057539682539712,,,2025-02-02,0.26814488002100434
2025-02-02,36.74861111111111,3.0588624338624637,,,2025-02-02,0.18472492001821167
2025-02-02,36.74861111111111,3.0601851851852153,,,2025-02-02,0.15531624674691102
2025-02-02,36.74861111111111,3.061507936507965,,,2025-02-02,0.20469782110899754
2025-02-02,36.74861111111111,3.0628306878307168,,,2025-02-02,0.29573210928483373
2025-02-02,36.74953703703704,3.057539682539712,,,2025-02-02,0.22516724453269812
2025-02-02,36.74953703703704,3.0588624338624637,,,2025-02-02,0.11367657315247216
2025-02-02,36.74953703703704,3.0601851851852153,,,2025-02-02,0.05405852740642433
2025-02-02,36.74953703703704,3.061507936507965,,,2025-02-02,0.14387554106688039
2025-02-02,36.74953703703704,3.0628306878307168,,,2025-02-02,0.2574022223605488
2025-02-02,36.75046296296296,3.057539682539712,,,2025-02-02,0.22516595693912034
2025-02-02,36.75046296296296,3.0588624338624637,,,2025-02-02,0.11367602791756166
2025-02-02,36.75046296296296,3.0601851851852153,,,2025-02-02,0.05405849702281984
2025-02-02,36.75046296296296,3.061507936507965,,,2025-02-02,0.14387478409339177
2025-02-02,36.75046296296296,3.0628306878307168,,,2025-02-02,0.25740073137508096
2025-02-02,36.75138888888889,3.057539682539712,,,2025-02-02,0.2681416363474062
2025-02-02,36.75138888888889,3.0588624338624637,,,2025-02-02,0.18472391343301875
2025-02-02,36.75138888888889,3.0601851851852153,,,2025-02-02,0.1553162150214607
2025-02-02,36.75138888888889,3.061507936507965,,,2025-02-02,0.20469622494972564
2025-02-02,36.75138888888889,3.0628306878307168,,,2025-02-02,0.29572821605468813
2025-02-02,36.75231481481482,3.057539682539712,,,2025-02-02,0.33808427195944535
2025-02-02,36.75231481481482,3.0588624338624637,,,2025-02-02,0.27663047174165517
2025-02-02,36.75231481481482,3.0601851851852153,,,2025-02-02,0.2579239055025071
2025-02-02,36.75231481481482,3.061507936507965,,,2025-02-02,0.2903479711469829
2025-02-02,36.75231481481482,3.0628306878307168,,,2025-02-02,0.3603554187897976
2025-02-03,36.74768518518518,3.057539682539712,,,2025-02-03,0.3380885596660119
2025-02-03,36.74768518518518,3.0588624338624637,,,2025-02-03,0.276631592011625
2025-02-03,36.74768518518518,3.0601851851852153,,,2025-02-03,0.2579239373431453
2025-02-03,36.74768518518518,3.061507936507965,,,2025-02-03,0.2903498466436768
2025-02-03,36.74768518518518,3.0628306878307168,,,2025-02-03,0.3603607437968025
2025-02-03,36.74861111111111,3.057539682539712,,,2025-02-03,0.26814488002100434
2025-02-03,36.74861111111111,3.0588624338624637,,,2025-02-03,0.18472492001821167
2025-02-03,36.74861111111111,3.0601851851852153,,,2025-02-03,0.15531624674691102
2025-02-03,36.74861111111111,3.061507936507965,,,2025-02-03,0.20469782110899754
2025-02-03,36.74861111111111,3.0628306878307168,,,2025-02-03,0.29573210928483373
2025-02-03,36.74953703703704,3.057539682539712,,,2025-02-03,0.22516724453269812
2025-02-03,36.74953703703704,3.0588624338624637,,,2025-02-03,0.11367657315247216
2025-02-03,36.74953703703704,3.0601851851852153,,,2025-02-03,0.05405852740642433
2025-02-03,36.74953703703704,3.061507936507965,,,2025-02-03,0.14387554106688039
2025-02-03,36.74953703703704,3.0628306878307168,,,2025-02-03,0.2574022223605488
2025-02-03,36.75046296296296,3.057539682539712,,,2025-02-03,0.22516595693912034
2025-02-03,36.75046296296296,3.0588624338624637,,,2025-02-03,0.11367602791756166
2025-02-03,36.75046296296296,3.0601851851852153,,,2025-02-03,0.05405849702281984
2025-02-03,36.75046296296296,3.061507936507965,,,2025-02-03,0.14387478409339177
2025-02-03,36.75046296296296,3.0628306878307168,,,2025-02-03,0.25740073137508096
2025-02-03,36.75138888888889,3.057539682539712,,,2025-02-03,0.2681416363474062
2025-02-03,36.75138888888889,3.0588624338624637,,,2025-02-03,0.18472391343301875
2025-02-03,36.75138888888889,3.0601851851852153,,,2025-02-03,0.1553162150214607
2025-02-03,36.75138888888889,3.061507936507965,,,2025-02-03,0.20469622494972564
2025-02-03,36.75138888888889,3.0628306878307168,,,2025-02-03,0.29572821605468813
2025-02-03,36.75231481481482,3.057539682539712,,,2025-02-03,0.33808427195944535
2025-02-03,36.75231481481482,3.0588624338624637,,,2025-02-03,0.27663047174165517
2025-02-03,36.75231481481482,3.0601851851852153,,,2025-02-03,0.2579239055025071
2025-02-03,36.75231481481482,3.061507936507965,,,2025-02-03,0.2903479711469829
2025-02-03,36.75231481481482,3.0628306878307168,,,2025-02-03,0.3603554187897976
2025-02-04,36.74768518518518,3.057539682539712,,,2025-02-04,0.3380885596660119
2025-02-04,36.74768518518518,3.0588624338624637,,,2025-02-04,0.276631592011625
2025-02-04,36.74768518518518,3.0601851851852153,,,2025-02-04,0.2579239373431453
2025-02-04,36.74768518518518,3.061507936507965,,,2025-02-04,0.2903498466436768
2025-02-04,36.74768518518518,3.0628306878307168,,,2025-02-04,0.3603607437968025
2025-02-04,36.74861111111111,3.057539682539712,,,2025-02-04,0.26814488002100434
2025-02-04,36.74861111111111,3.0588624338624637,,,2025-02-04,0.18472492001821167
2025-02-04,36.74861111111111,3.0601851851852153,,,2025-02-04,0.15531624674691102
2025-02-04,36.74861111111111,3.061507936507965,,,2025-02-04,0.20469782110899754
2025-02-04,36.74861111111111,3.0628306878307168,,,2025-02-04,0.29573210928483373
2025-02-04,36.74953703703704,3.057539682539712,,,2025-02-04,0.22516724453269812
2025-02-04,36.74953703703704,3.0588624338624637,,,2025-02-04,0.11367657315247216
2025-02-04,36.74953703703704,3.0601851851852153,,,2025-02-04,0.05405852740642433
2025-02-04,36.74953703703704,3.061507936507965,,,2025-02-04,0.14387554106688039
2025-02-04,36.74953703703704,3.0628306878307168,,,2025-02-04,0.2574022223605488
2025-02-04,36.75046296296296,3.057539682539712,,,2025-02-04,0.22516595693912034
2025-02-04,36.75046296296296,3.0588624338624637,,,2025-02-04,0.11367602791756166
2025-02-04,36.75046296296296,3.0601851851852153,,,2025-02-04,0.05405849702281984
2025-02-04,36.75046296296296,3.061507936507965,,,2025-02-04,0.14387478409339177
2025-02-04,36.75046296296296,3.0628306878307168,,,2025-02-04,0.25740073137508096
2025-02-04,36.75138888888889,3.057539682539712,,,2025-02-04,0.2681416363474062
2025-02-04,36.75138888888889,3.0588624338624637,,,2025-02-04,0.18472391343301875
2025-02-04,36.75138888888889,3.0601851851852153,,,2025-02-04,0.1553162150214607
2025-02-04,36.75138888888889,3.061507936507965,,,2025-02-04,0.20469622494972564
2025-02-04,36.75138888888889,3.0628306878307168,,,2025-02-04,0.29572821605468813
2025-02-04,36.75231481481482,3.057539682539712,,,2025-02-04,0.33808427195944535
2025-02-04,36.75231481481482,3.0588624338624637,,,2025-02-04,0.27663047174165517
2025-02-04,36.75231481481482,3.0601851851852153,,,2025-02-04,0.2579239055025071
2025-02-04,36.75231481481482,3.061507936507965,,,2025-02-04,0.2903479711469829
2025-02-04,36.75231481481482,3.0628306878307168,,,2025-02-04,0.3603554187897976
2025-02-05,36.74768518518518,3.057539682539712,,,2025-02-05,0.3380885596660119
2025-02-05,36.74768518518518,3.0588624338624637,,,2025-02-05,0.276631592011625
2025-02-05,36.74768518518518,3.0601851851852153,,,2025-02-05,0.2579239373431453
2025-02-05,36.74768518518518,3.061507936507965,,,2025-02-05,0.2903498466436768
2025-02-05,36.74768518518518,3.0628306878307168,,,2025-02-05,0.3603607437968025
2025-02-05,36.74861111111111,3.057539682539712,,,2025-02-05,0.26814488002100434
2025-02-05,36.74861111111111,3.0588624338624637,,,2025-02-05,0.18472492001821167
2025-02-05,36.74861111111111,3.0601851851852153,,,2025-02-05,0.15531624674691102
2025-02-05,36.74861111111111,3.061507936507965,,,2025-02-05,0.20469782110899754
2025-02-05,36.74861111111111,3.0628306878307168,,,2025-02-05,0.29573210928483373
2025-02-05,36.74953703703704,3.057539682539712,,,2025-02-05,0.22516724453269812
2025-02-05,36.74953703703704,3.0588624338624637,,,2025-02-05,0.11367657315247216
2025-02-05,36.74953703703704,3.0601851851852153,,,2025-02-05,0.05405852740642433
2025-02-05,36.74953703703704,3.061507936507965,,,2025-02-05,0.14387554106688039
2025-02-05,36.74953703703704,3.0628306878307168,,,2025-02-05,0.2574022223605488
2025-02-05,36.75046296296296,3.057539682539712,,,2025-02-05,0.22516595693912034
2025-02-05,36.75046296296296,3.0588624338624637,,,2025-02-05,0.11367602791756166
2025-02-05,36.75046296296296,3.0601851851852153,,,2025-02-05,0.05405849702281984
2025-02-05,36.75046296296296,3.061507936507965,,,2025-02-05,0.14387478409339177
2025-02-05,36.75046296296296,3.0628306878307168,,,2025-02-05,0.25740073137508096
2025-02-05,36.75138888888889,3.057539682539712,,,2025-02-05,0.2681416363474062
2025-02-05,36.75138888888889,3.0588624338624637,,,2025-02-05,0.18472391343301875
2025-02-05,36.75138888888889,3.0601851851852153,,,2025-02-05,0.1553162150214607
2025-02-05,36.75138888888889,3.061507936507965,,,2025-02-05,0.20469622494972564
2025-02-05,36.75138888888889,3.0628306878307168,,,2025-02-05,0.29572821605468813
2025-02-05,36.75231481481482,3.057539682539712,,,2025-02-05,0.33808427195944535
2025-02-05,36.75231481481482,3.0588624338624637,,,2025-02-05,0.27663047174165517
2025-02-05,36.75231481481482,3.0601851851852153,,,2025-02-05,0.2579239055025071
2025-02-05,36.75231481481482,3.061507936507965,,,2025-02-05,0.2903479711469829
2025-02-05,36.75231481481482,3.0628306878307168,,,2025-02-05,0.3603554187897976
2025-02-06,36.74768518518518,3.057539682539712,,,2025-02-06,0.3380885596660119
2025-02-06,36.74768518518518,3.0588624338624637,,,2025-02-06,0.276631592011625
2025-02-06,36.74768518518518,3.0601851851852153,,,2025-02-06,0.2579239373431453
2025-02-06,36.74768518518518,3.061507936507965,,,2025-02-06,0.2903498466436768
2025-02-06,36.74768518518518,3.0628306878307168,,,2025-02-06,0.3603607437968025
2025-02-06,36.74861111111111,3.057539682539712,,,2025-02-06,0.26814488002100434
2025-02-06,36.74861111111111,3.0588624338624637,,,2025-02-06,0.18472492001821167
2025-02-06,36.74861111111111,3.0601851851852153,,,2025-02-06,0.15531624674691102
2025-02-06,36.74861111111111,3.061507936507965,,,2025-02-06,0.20469782110899754
2025-02-06,36.74861111111111,3.0628306878307168,,,2025-02-06,0.29573210928483373
2025-02-06,36.74953703703704,3.057539682539712,,,2025-02-06,0.22516724453269812
2025-02-06,36.74953703703704,3.0588624338624637,,,2025-02-06,0.11367657315247216
2025-02-06,36.74953703703704,3.0601851851852153,,,2025-02-06,0.05405852740642433
2025-02-06,36.74953703703704,3.061507936507965,,,2025-02-06,0.14387554106688039
2025-02-06,36.74953703703704,3.0628306878307168,,,2025-02-06,0.2574022223605488
2025-02-06,36.75046296296296,3.057539682539712,,,2025-02-06,0.22516595693912034
2025-02-06,36.75046296296296,3.0588624338624637,,,2025-02-06,0.11367602791756166
2025-02-06,36.75046296296296,3.0601851851852153,,,2025-02-06,0.05405849702281984
2025-02-06,36.75046296296296,3.061507936507965,,,2025-02-06,0.14387478409339177
2025-02-06,36.75046296296296,3.0628306878307168,,,2025-02-06,0.25740073137508096
2025-02-06,36.75138888888889,3.057539682539712,,,2025-02-06,0.2681416363474062
2025-02-06,36.75138888888889,3.0588624338624637,,,2025-02-06,0.18472391343301875
2025-02-06,36.75138888888889,3.0601851851852153,,,2025-02-06,0.1553162150214607
2025-02-06,36.75138888888889,3.061507936507965,,,2025-02-06,0.20469622494972564
2025-02-06,36.75138888888889,3.0628306878307168,,,2025-02-06,0.29572821605468813
2025-02-06,36.75231481481482,3.057539682539712,,,2025-02-06,0.33808427195944535
2025-02-06,36.75231481481482,3.0588624338624637,,,2025-02-06,0.27663047174165517
2025-02-06,36.75231481481482,3.0601851851852153,,,2025-02-06,0.2579239055025071
2025-02-06,36.75231481481482,3.061507936507965,,,2025-02-06,0.2903479711469829
2025-02-06,36.75231481481482,3.0628306878307168,,,2025-02-06,0.3603554187897976
2025-02-07,36.74768518518518,3.057539682539712,,,2025-02-07,0.3380885596660119
2025-02-07,36.74768518518518,3.0588624338624637,,,2025-02-07,0.276631592011625
2025-02-07,36.74768518518518,3.0601851851852153,,,2025-02-07,0.2579239373431453
2025-02-07,36.74768518518518,3.061507936507965,,,2025-02-07,0.2903498466436768
2025-02-07,36.74768518518518,3.0628306878307168,,,2025-02-07,0.3603607437968025
2025-02-07,36.74861111111111,3.057539682539712,,,2025-02-07,0.26814488002100434
2025-02-07,36.74861111111111,3.0588624338624637,,,2025-02-07,0.18472492001821167
2025-02-07,36.74861111111111,3.0601851851852153,,,2025-02-07,0.15531624674691102
2025-02-07,36.74861111111111,3.061507936507965,,,2025-02-07,0.20469782110899754
2025-02-07,36.74861111111111,3.0628306878307168,,,2025-02-07,0.29573210928483373
2025-02-07,36.74953703703704,3.057539682539712,,,2025-02-07,0.22516724453269812
2025-02-07,36.74953703703704,3.0588624338624637,,,2025-02-07,0.11367657315247216
2025-02-07,36.74953703703704,3.0601851851852153,,,2025-02-07,0.05405852740642433
2025-02-07,36.74953703703704,3.061507936507965,,,2025-02-07,0.14387554106688039
2025-02-07,36.74953703703704,3.0628306878307168,,,2025-02-07,0.2574022223605488
2025-02-07,36.75046296296296,3.057539682539712,,,2025-02-07,0.22516595693912034
2025-02-07,36.75046296296296,3.0588624338624637,,,2025-02-07,0.11367602791756166
2025-02-07,36.75046296296296,3.0601851851852153,,,2025-02-07,0.05405849702281984
2025-02-07,36.75046296296296,3.061507936507965,,,2025-02-07,0.14387478409339177
2025-02-07,36.75046296296296,3.0628306878307168,,,2025-02-07,0.25740073137508096
2025-02-07,36.75138888888889,3.057539682539712,,,2025-02-07,0.2681416363474062
2025-02-07,36.75138888888889,3.0588624338624637,,,2025-02-07,0.18472391343301875
2025-02-07,36.75138888888889,3.0601851851852153,,,2025-02-07,0.1553162150214607
2025-02-07,36.75138888888889,3.061507936507965,,,2025-02-07,0.20469622494972564
2025-02-07,36.75138888888889,3.0628306878307168,,,2025-02-07,0.29572821605468813
2025-02-07,36.75231481481482,3.057539682539712,,,2025-02-07,0.33808427195944535
2025-02-07,36.75231481481482,3.0588624338624637,,,2025-02-07,0.27663047174165517
2025-02-07,36.75231481481482,3.0601851851852153,,,2025-02-07,0.2579239055025071
2025-02-07,36.75231481481482,3.061507936507965,,,2025-02-07,0.2903479711469829
2025-02-07,36.75231481481482,3.0628306878307168,,,2025-02-07,0.3603554187897976
2025-02-08,36.74768518518518,3.057539682539712,,,2025-02-08,0.3380885596660119
2025-02-08,36.74768518518518,3.0588624338624637,,,2025-02-08,0.276631592011625
2025-02-08,36.74768518518518,3.0601851851852153,,,2025-02-08,0.2579239373431453
2025-02-08,36.74768518518518,3.061507936507965,,,2025-02-08,0.2903498466436768
2025-02-08,36.74768518518518,3.0628306878307168,,,2025-02-08,0.3603607437968025
2025-02-08,36.74861111111111,3.057539682539712,,,2025-02-08,0.26814488002100434
2025-02-08,36.74861111111111,3.0588624338624637,,,2025-02-08,0.18472492001821167
2025-02-08,36.74861111111111,3.0601851851852153,,,2025-02-08,0.15531624674691102
2025-02-08,36.74861111111111,3.061507936507965,,,2025-02-08,0.20469782110899754
2025-02-08,36.74861111111111,3.0628306878307168,,,2025-02-08,0.29573210928483373
2025-02-08,36.74953703703704,3.057539682539712,,,2025-02-08,0.22516724453269812
2025-02-08,36.74953703703704,3.0588624338624637,,,2025-02-08,0.11367657315247216
2025-02-08,36.74953703703704,3.0601851851852153,,,2025-02-08,0.05405852740642433
2025-02-08,36.74953703703704,3.061507936507965,,,2025-02-08,0.14387554106688039
2025-02-08,36.74953703703704,3.0628306878307168,,,2025-02-08,0.2574022223605488
2025-02-08,36.75046296296296,3.057539682539712,,,2025-02-08,0.22516595693912034
2025-02-08,36.75046296296296,3.0588624338624637,,,2025-02-08,0.11367602791756166
2025-02-08,36.75046296296296,3.0601851851852153,,,2025-02-08,0.05405849702281984
2025-02-08,36.75046296296296,3.061507936507965,,,2025-02-08,0.14387478409339177
2025-02-08,36.75046296296296,3.0628306878307168,,,2025-02-08,0.25740073137508096
2025-02-08,36.75138888888889,3.057539682539712,,,2025-02-08,0.2681416363474062
2025-02-08,36.75138888888889,3.0588624338624637,,,2025-02-08,0.18472391343301875
2025-02-08,36.75138888888889,3.0601851851852153,,,2025-02-08,0.1553162150214607
2025-02-08,36.75138888888889,3.061507936507965,,,2025-02-08,0.20469622494972564
2025-02-08,36.75138888888889,3.0628306878307168,,,2025-02-08,0.29572821605468813
2025-02-08,36.75231481481482,3.057539682539712,,,2025-02-08,0.33808427195944535
2025-02-08,36.75231481481482,3.0588624338624637,,,2025-02-08,0.27663047174165517
2025-02-08,36.75231481481482,3.0601851851852153,,,2025-02-08,0.2579239055025071
2025-02-08,36.75231481481482,3.061507936507965,,,2025-02-08,0.2903479711469829
2025-02-08,36.75231481481482,3.0628306878307168,,,2025-02-08,0.3603554187897976
2025-02-09,36.74768518518518,3.057539682539712,,,2025-02-09,0.3380885596660119
2025-02-09,36.74768518518518,3.0588624338624637,,,2025-02-09,0.276631592011625
2025-02-09,36.74768518518518,3.0601851851852153,,,2025-02-09,0.2579239373431453
2025-02-09,36.74768518518518,3.061507936507965,,,2025-02-09,0.2903498466436768
2025-02-09,36.74768518518518,3.0628306878307168,,,2025-02-09,0.3603607437968025
2025-02-09,36.74861111111111,3.057539682539712,,,2025-02-09,0.26814488002100434
2025-02-09,36.74861111111111,3.0588624338624637,,,2025-02-09,0.18472492001821167
2025-02-09,36.74861111111111,3.0601851851852153,,,2025-02-09,0.15531624674691102
2025-02-09,36.74861111111111,3.061507936507965,,,2025-02-09,0.20469782110899754
2025-02-09,36.74861111111111,3.0628306878307168,,,2025-02-09,0.29573210928483373
2025-02-09,36.74953703703704,3.057539682539712,,,2025-02-09,0.22516724453269812
2025-02-09,36.74953703703704,3.0588624338624637,,,2025-02-09,0.11367657315247216
2025-02-09,36.74953703703704,3.0601851851852153,,,2025-02-09,0.05405852740642433
2025-02-09,36.74953703703704,3.061507936507965,,,2025-02-09,0.14387554106688039
2025-02-09,36.74953703703704,3.0628306878307168,,,2025-02-09,0.2574022223605488
2025-02-09,36.75046296296296,3.057539682539712,,,2025-02-09,0.22516595693912034
2025-02-09,36.75046296296296,3.0588624338624637,,,2025-02-09,0.11367602791756166
2025-02-09,36.75046296296296,3.0601851851852153,,,2025-02-09,0.05405849702281984
2025-02-09,36.75046296296296,3.061507936507965,,,2025-02-09,0.14387478409339177
2025-02-09,36.75046296296296,3.0628306878307168,,,2025-02-09,0.25740073137508096
2025-02-09,36.75138888888889,3.057539682539712,,,2025-02-09,0.2681416363474062
2025-02-09,36.75138888888889,3.0588624338624637,,,2025-02-09,0.18472391343301875
2025-02-09,36.75138888888889,3.0601851851852153,,,2025-02-09,0.1553162150214607
2025-02-09,36.75138888888889,3.061507936507965,,,2025-02-09,0.20469622494972564
2025-02-09,36.75138888888889,3.0628306878307168,,,2025-02-09,0.29572821605468813
2025-02-09,36.75231481481482,3.057539682539712,,,2025-02-09,0.33808427195944535
2025-02-09,36.75231481481482,3.0588624338624637,,,2025-02-09,0.27663047174165517
2025-02-09,36.75231481481482,3.0601851851852153,,,2025-02-09,0.2579239055025071
2025-02-09,36.75231481481482,3.061507936507965,,,2025-02-09,0.2903479711469829
2025-02-09,36.75231481481482,3.0628306878307168,,,2025-02-09,0.3603554187897976
2025-02-10,36.74768518518518,3.057539682539712,,,2025-02-10,0.3380885596660119
2025-02-10,36.74768518518518,3.0588624338624637,,,2025-02-10,0.276631592011625
2025-02-10,36.74768518518518,3.0601851851852153,,,2025-02-10,0.2579239373431453
2025-02-10,36.74768518518518,3.061507936507965,,,2025-02-10,0.2903498466436768
2025-02-10,36.74768518518518,3.0628306878307168,,,2025-02-10,0.3603607437968025
2025-02-10,36.74861111111111,3.057539682539712,,,2025-02-10,0.26814488002100434
2025-02-10,36.74861111111111,3.0588624338624637,,,2025-02-10,0.18472492001821167
2025-02-10,36.74861111111111,3.0601851851852153,,,2025-02-10,0.15531624674691102
2025-02-10,36.74861111111111,3.061507936507965,,,2025-02-10,0.20469782110899754
2025-02-10,36.74861111111111,3.0628306878307168,,,2025-02-10,0.29573210928483373
2025-02-10,36.74953703703704,3.057539682539712,,,2025-02-10,0.22516724453269812
2025-02-10,36.74953703703704,3.0588624338624637,,,2025-02-10,0.11367657315247216
2025-02-10,36.74953703703704,3.0601851851852153,,,2025-02-10,0.05405852740642433
2025-02-10,36.74953703703704,3.061507936507965,,,2025-02-10,0.14387554106688039
2025-02-10,36.74953703703704,3.0628306878307168,,,2025-02-10,0.2574022223605488
2025-02-10,36.75046296296296,3.057539682539712,,,2025-02-10,0.22516595693912034
2025-02-10,36.75046296296296,3.0588624338624637,,,2025-02-10,0.11367602791756166
2025-02-10,36.75046296296296,3.0601851851852153,,,2025-02-10,0.05405849702281984
2025-02-10,36.75046296296296,3.061507936507965,,,2025-02-10,0.14387478409339177
2025-02-10,36.75046296296296,3.0628306878307168,,,2025-02-10,0.25740073137508096
2025-02-10,36.75138888888889,3.057539682539712,,,2025-02-10,0.2681416363474062
2025-02-10,36.75138888888889,3.0588624338624637,,,2025-02-10,0.18472391343301875
2025-02-10,36.75138888888889,3.0601851851852153,,,2025-02-10,0.1553162150214607
2025-02-10,36.75138888888889,3.061507936507965,,,2025-02-10,0.20469622494972564
2025-02-10,36.75138888888889,3.0628306878307168,,,2025-02-10,0.29572821605468813
2025-02-10,36.75231481481482,3.057539682539712,,,2025-02-10,0.33808427195944535
2025-02-10,36.75231481481482,3.0588624338624637,,,2025-02-10,0.27663047174165517
2025-02-10,36.75231481481482,3.0601851851852153,,,2025-02-10,0.2579239055025071
2025-02-10,36.75231481481482,3.061507936507965,,,2025-02-10,0.2903479711469829
2025-02-10,36.75231481481482,3.0628306878307168,,,2025-02-10,0.3603554187897976
2025-02-11,36.74768518518518,3.057539682539712,,,2025-02-11,0.3380885596660119
2025-02-11,36.74768518518518,3.0588624338624637,,,2025-02-11,0.276631592011625
2025-02-11,36.74768518518518,3.0601851851852153,,,2025-02-11,0.2579239373431453
2025-02-11,36.74768518518518,3.061507936507965,,,2025-02-11,0.2903498466436768
2025-02-11,36.74768518518518,3.0628306878307168,,,2025-02-11,0.3603607437968025
2025-02-11,36.74861111111111,3.057539682539712,,,2025-02-11,0.26814488002100434
2025-02-11,36.74861111111111,3.0588624338624637,,,2025-02-11,0.18472492001821167
2025-02-11,36.74861111111111,3.0601851851852153,,,2025-02-11,0.15531624674691102
2025-02-11,36.74861111111111,3.061507936507965,,,2025-02-11,0.20469782110899754
2025-02-11,36.74861111111111,3.0628306878307168,,,2025-02-11,0.29573210928483373
2025-02-11,36.74953703703704,3.057539682539712,,,2025-02-11,0.22516724453269812
2025-02-11,36.74953703703704,3.0588624338624637,,,2025-02-11,0.11367657315247216
2025-02-11,36.74953703703704,3.0601851851852153,,,2025-02-11,0.05405852740642433
2025-02-11,36.74953703703704,3.061507936507965,,,2025-02-11,0.14387554106688039
2025-02-11,36.74953703703704,3.0628306878307168,,,2025-02-11,0.2574022223605488
2025-02-11,36.75046296296296,3.057539682539712,,,2025-02-11,0.22516595693912034
2025-02-11,36.75046296296296,3.0588624338624637,,,2025-02-11,0.11367602791756166
2025-02-11,36.75046296296296,3.0601851851852153,,,2025-02-11,0.05405849702281984
2025-02-11,36.75046296296296,3.061507936507965,,,2025-02-11,0.14387478409339177
2025-02-11,36.75046296296296,3.0628306878307168,,,2025-02-11,0.25740073137508096
2025-02-11,36.75138888888889,3.057539682539712,,,2025-02-11,0.2681416363474062
2025-02-11,36.75138888888889,3.0588624338624637,,,2025-02-11,0.18472391343301875
2025-02-11,36.75138888888889,3.0601851851852153,,,2025-02-11,0.1553162150214607
2025-02-11,36.75138888888889,3.061507936507965,,,2025-02-11,0.20469622494972564
2025-02-11,36.75138888888889,3.0628306878307168,,,2025-02-11,0.29572821605468813
2025-02-11,36.75231481481482,3.057539682539712,,,2025-02-11,0.33808427195944535
2025-02-11,36.75231481481482,3.0588624338624637,,,2025-02-11,0.27663047174165517
2025-02-11,36.75231481481482,3.0601851851852153,,,2025-02-11,0.2579239055025071
2025-02-11,36.75231481481482,3.061507936507965,,,2025-02-11,0.2903479711469829
2025-02-11,36.75231481481482,3.0628306878307168,,,2025-02-11,0.3603554187897976
2025-02-12,36.74768518518518,3.057539682539712,,,2025-02-12,0.3380885596660119
2025-02-12,36.74768518518518,3.0588624338624637,,,2025-02-12,0.276631592011625
2025-02-12,36.74768518518518,3.0601851851852153,,,2025-02-12,0.2579239373431453
2025-02-12,36.74768518518518,3.061507936507965,,,2025-02-12,0.2903498466436768
2025-02-12,36.74768518518518,3.0628306878307168,,,2025-02-12,0.3603607437968025
2025-02-12,36.74861111111111,3.057539682539712,,,2025-02-12,0.26814488002100434
2025-02-12,36.74861111111111,3.0588624338624637,,,2025-02-12,0.18472492001821167
2025-02-12,36.74861111111111,3.0601851851852153,,,2025-02-12,0.15531624674691102
2025-02-12,36.74861111111111,3.061507936507965,,,2025-02-12,0.20469782110899754
2025-02-12,36.74861111111111,3.0628306878307168,,,2025-02-12,0.29573210928483373
2025-02-12,36.74953703703704,3.057539682539712,,,2025-02-12,0.22516724453269812
2025-02-12,36.74953703703704,3.0588624338624637,,,2025-02-12,0.11367657315247216
2025-02-12,36.74953703703704,3.0601851851852153,,,2025-02-12,0.05405852740642433
2025-02-12,36.74953703703704,3.061507936507965,,,2025-02-12,0.14387554106688039
2025-02-12,36.74953703703704,3.0628306878307168,,,2025-02-12,0.2574022223605488
2025-02-12,36.75046296296296,3.057539682539712,,,2025-02-12,0.22516595693912034
2025-02-12,36.75046296296296,3.0588624338624637,,,2025-02-12,0.11367602791756166
2025-02-12,36.75046296296296,3.0601851851852153,,,2025-02-12,0.05405849702281984
2025-02-12,36.75046296296296,3.061507936507965,,,2025-02-12,0.14387478409339177
2025-02-12,36.75046296296296,3.0628306878307168,,,2025-02-12,0.25740073137508096
2025-02-12,36.75138888888889,3.057539682539712,,,2025-02-12,0.2681416363474062
2025-02-12,36.75138888888889,3.0588624338624637,,,2025-02-12,0.18472391343301875
2025-02-12,36.75138888888889,3.0601851851852153,,,2025-02-12,0.1553162150214607
2025-02-12,36.75138888888889,3.061507936507965,,,2025-02-12,0.20469622494972564
2025-02-12,36.75138888888889,3.0628306878307168,,,2025-02-12,0.29572821605468813
2025-02-12,36.75231481481482,3.057539682539712,,,2025-02-12,0.33808427195944535
2025-02-12,36.75231481481482,3.0588624338624637,,,2025-02-12,0.27663047174165517
2025-02-12,36.75231481481482,3.0601851851852153,,,2025-02-12,0.2579239055025071
2025-02-12,36.75231481481482,3.061507936507965,,,2025-02-12,0.2903479711469829
2025-02-12,36.75231481481482,3.0628306878307168,,,2025-02-12,0.3603554187897976
2025-02-13,36.74768518518518,3.057539682539712,,,2025-02-13,0.3380885596660119
2025-02-13,36.74768518518518,3.0588624338624637,,,2025-02-13,0.276631592011625
2025-02-13,36.74768518518518,3.0601851851852153,,,2025-02-13,0.2579239373431453
2025-02-13,36.74768518518518,3.061507936507965,,,2025-02-13,0.2903498466436768
2025-02-13,36.74768518518518,3.0628306878307168,,,2025-02-13,0.3603607437968025
2025-02-13,36.74861111111111,3.057539682539712,,,2025-02-13,0.26814488002100434
2025-02-13,36.74861111111111,3.0588624338624637,,,2025-02-13,0.18472492001821167
2025-02-13,36.74861111111111,3.0601851851852153,,,2025-02-13,0.15531624674691102
2025-02-13,36.74861111111111,3.061507936507965,,,2025-02-13,0.20469782110899754
2025-02-13,36.74861111111111,3.0628306878307168,,,2025-02-13,0.29573210928483373
2025-02-13,36.74953703703704,3.057539682539712,,,2025-02-13,0.22516724453269812
2025-02-13,36.74953703703704,3.0588624338624637,,,2025-02-13,0.11367657315247216
2025-02-13,36.74953703703704,3.0601851851852153,,,2025-02-13,0.05405852740642433
2025-02-13,36.74953703703704,3.061507936507965,,,2025-02-13,0.14387554106688039
2025-02-13,36.74953703703704,3.0628306878307168,,,2025-02-13,0.2574022223605488
2025-02-13,36.75046296296296,3.057539682539712,,,2025-02-13,0.22516595693912034
2025-02-13,36.75046296296296,3.0588624338624637,,,2025-02-13,0.11367602791756166
2025-02-13,36.75046296296296,3.0601851851852153,,,2025-02-13,0.05405849702281984
2025-02-13,36.75046296296296,3.061507936507965,,,2025-02-13,0.14387478409339177
2025-02-13,36.75046296296296,3.0628306878307168,,,2025-02-13,0.25740073137508096
2025-02-13,36.75138888888889,3.057539682539712,,,2025-02-13,0.2681416363474062
2025-02-13,36.75138888888889,3.0588624338624637,,,2025-02-13,0.18472391343301875
2025-02-13,36.75138888888889,3.0601851851852153,,,2025-02-13,0.1553162150214607
2025-02-13,36.75138888888889,3.061507936507965,,,2025-02-13,0.20469622494972564
2025-02-13,36.75138888888889,3.0628306878307168,,,2025-02-13,0.29572821605468813
2025-02-13,36.75231481481482,3.057539682539712,,,2025-02-13,0.33808427195944535
2025-02-13,36.75231481481482,3.0588624338624637,,,2025-02-13,0.27663047174165517
2025-02-13,36.75231481481482,3.0601851851852153,,,2025-02-13,0.2579239055025071
2025-02-13,36.75231481481482,3.061507936507965,,,2025-02-13,0.2903479711469829
2025-02-13,36.75231481481482,3.0628306878307168,,,2025-02-13,0.3603554187897976
2025-02-14,36.74768518518518,3.057539682539712,,,2025-02-14,0.3380885596660119
2025-02-14,36.74768518518518,3.0588624338624637,,,2025-02-14,0.276631592011625
2025-02-14,36.74768518518518,3.0601851851852153,,,2025-02-14,0.2579239373431453
2025-02-14,36.74768518518518,3.061507936507965,,,2025-02-14,0.2903498466436768
2025-02-14,36.74768518518518,3.0628306878307168,,,2025-02-14,0.3603607437968025
2025-02-14,36.74861111111111,3.057539682539712,,,2025-02-14,0.26814488002100434
2025-02-14,36.74861111111111,3.0588624338624637,,,2025-02-14,0.18472492001821167
2025-02-14,36.74861111111111,3.0601851851852153,,,2025-02-14,0.15531624674691102
2025-02-14,36.74861111111111,3.061507936507965,,,2025-02-14,0.20469782110899754
2025-02-14,36.74861111111111,3.0628306878307168,,,2025-02-14,0.29573210928483373
2025-02-14,36.74953703703704,3.057539682539712,,,2025-02-14,0.22516724453269812
2025-02-14,36.74953703703704,3.0588624338624637,,,2025-02-14,0.11367657315247216
2025-02-14,36.74953703703704,3.0601851851852153,,,2025-02-14,0.05405852740642433
2025-02-14,36.74953703703704,3.061507936507965,,,2025-02-14,0.14387554106688039
2025-02-14,36.74953703703704,3.0628306878307168,,,2025-02-14,0.2574022223605488
2025-02-14,36.75046296296296,3.057539682539712,,,2025-02-14,0.22516595693912034
2025-02-14,36.75046296296296,3.0588624338624637,,,2025-02-14,0.11367602791756166
2025-02-14,36.75046296296296,3.0601851851852153,,,2025-02-14,0.05405849702281984
2025-02-14,36.75046296296296,3.061507936507965,,,2025-02-14,0.14387478409339177
2025-02-14,36.75046296296296,3.0628306878307168,,,2025-02-14,0.25740073137508096
2025-02-14,36.75138888888889,3.057539682539712,,,2025-02-14,0.2681416363474062
2025-02-14,36.75138888888889,3.0588624338624637,,,2025-02-14,0.18472391343301875
2025-02-14,36.75138888888889,3.0601851851852153,,,2025-02-14,0.1553162150214607
2025-02-14,36.75138888888889,3.061507936507965,,,2025-02-14,0.20469622494972564
2025-02-14,36.75138888888889,3.0628306878307168,,,2025-02-14,0.29572821605468813
2025-02-14,36.75231481481482,3.057539682539712,,,2025-02-14,0.33808427195944535
2025-02-14,36.75231481481482,3.0588624338624637,,,2025-02-14,0.27663047174165517
2025-02-14,36.75231481481482,3.0601851851852153,,,2025-02-14,0.2579239055025071
2025-02-14,36.75231481481482,3.061507936507965,,,2025-02-14,0.2903479711469829
2025-02-14,36.75231481481482,3.0628306878307168,,,2025-02-14,0.3603554187897976
2025-02-15,36.74768518518518,3.057539682539712,,,2025-02-15,0.3380885596660119
2025-02-15,36.74768518518518,3.0588624338624637,,,2025-02-15,0.276631592011625
2025-02-15,36.74768518518518,3.0601851851852153,,,2025-02-15,0.2579239373431453
2025-02-15,36.74768518518518,3.061507936507965,,,2025-02-15,0.2903498466436768
2025-02-15,36.74768518518518,3.0628306878307168,,,2025-02-15,0.3603607437968025
2025-02-15,36.74861111111111,3.057539682539712,,,2025-02-15,0.26814488002100434
2025-02-15,36.74861111111111,3.0588624338624637,,,2025-02-15,0.18472492001821167
2025-02-15,36.74861111111111,3.0601851851852153,,,2025-02-15,0.15531624674691102
2025-02-15,36.74861111111111,3.061507936507965,,,2025-02-15,0.20469782110899754
2025-02-15,36.74861111111111,3.0628306878307168,,,2025-02-15,0.29573210928483373
2025-02-15,36.74953703703704,3.057539682539712,,,2025-02-15,0.22516724453269812
2025-02-15,36.74953703703704,3.0588624338624637,,,2025-02-15,0.11367657315247216
2025-02-15,36.74953703703704,3.0601851851852153,,,2025-02-15,0.05405852740642433
2025-02-15,36.74953703703704,3.061507936507965,,,2025-02-15,0.14387554106688039
2025-02-15,36.74953703703704,3.0628306878307168,,,2025-02-15,0.2574022223605488
2025-02-15,36.75046296296296,3.057539682539712,,,2025-02-15,0.22516595693912034
2025-02-15,36.75046296296296,3.0588624338624637,,,2025-02-15,0.11367602791756166
2025-02-15,36.75046296296296,3.0601851851852153,,,2025-02-15,0.05405849702281984
2025-02-15,36.75046296296296,3.061507936507965,,,2025-02-15,0.14387478409339177
2025-02-15,36.75046296296296,3.0628306878307168,,,2025-02-15,0.25740073137508096
2025-02-15,36.75138888888889,3.057539682539712,,,2025-02-15,0.2681416363474062
2025-02-15,36.75138888888889,3.0588624338624637,,,2025-02-15,0.18472391343301875
2025-02-15,36.75138888888889,3.0601851851852153,,,2025-02-15,0.1553162150214607
2025-02-15,36.75138888888889,3.061507936507965,,,2025-02-15,0.20469622494972564
2025-02-15,36.75138888888889,3.0628306878307168,,,2025-02-15,0.29572821605468813
2025-02-15,36.75231481481482,3.057539682539712,,,2025-02-15,0.33808427195944535
2025-02-15,36.75231481481482,3.0588624338624637,,,2025-02-15,0.27663047174165517
2025-02-15,36.75231481481482,3.0601851851852153,,,2025-02-15,0.2579239055025071
2025-02-15,36.75231481481482,3.061507936507965,,,2025-02-15,0.2903479711469829
2025-02-15,36.75231481481482,3.0628306878307168,,,2025-02-15,0.3603554187897976
2025-02-16,36.74768518518518,3.057539682539712,,,2025-02-16,0.3380885596660119
2025-02-16,36.74768518518518,3.0588624338624637,,,2025-02-16,0.276631592011625
2025-02-16,36.74768518518518,3.0601851851852153,,,2025-02-16,0.2579239373431453
2025-02-16,36.74768518518518,3.061507936507965,,,2025-02-16,0.2903498466436768
2025-02-16,36.74768518518518,3.0628306878307168,,,2025-02-16,0.3603607437968025
2025-02-16,36.74861111111111,3.057539682539712,,,2025-02-16,0.26814488002100434
2025-02-16,36.74861111111111,3.0588624338624637,,,2025-02-16,0.18472492001821167
2025-02-16,36.74861111111111,3.0601851851852153,,,2025-02-16,0.15531624674691102
2025-02-16,36.74861111111111,3.061507936507965,,,2025-02-16,0.20469782110899754
2025-02-16,36.74861111111111,3.0628306878307168,,,2025-02-16,0.29573210928483373
2025-02-16,36.74953703703704,3.057539682539712,,,2025-02-16,0.22516724453269812
2025-02-16,36.74953703703704,3.0588624338624637,,,2025-02-16,0.11367657315247216
2025-02-16,36.74953703703704,3.0601851851852153,,,2025-02-16,0.05405852740642433
2025-02-16,36.74953703703704,3.061507936507965,,,2025-02-16,0.14387554106688039
2025-02-16,36.74953703703704,3.0628306878307168,,,2025-02-16,0.2574022223605488
2025-02-16,36.75046296296296,3.057539682539712,,,2025-02-16,0.22516595693912034
2025-02-16,36.75046296296296,3.0588624338624637,,,2025-02-16,0.11367602791756166
2025-02-16,36.75046296296296,3.0601851851852153,,,2025-02-16,0.05405849702281984
2025-02-16,36.75046296296296,3.061507936507965,,,2025-02-16,0.14387478409339177
2025-02-16,36.75046296296296,3.0628306878307168,,,2025-02-16,0.25740073137508096
2025-02-16,36.75138888888889,3.057539682539712,,,2025-02-16,0.2681416363474062
2025-02-16,36.75138888888889,3.0588624338624637,,,2025-02-16,0.18472391343301875
2025-02-16,36.75138888888889,3.0601851851852153,,,2025-02-16,0.1553162150214607
2025-02-16,36.75138888888889,3.061507936507965,,,2025-02-16,0.20469622494972564
2025-02-16,36.75138888888889,3.0628306878307168,,,2025-02-16,0.29572821605468813
2025-02-16,36.75231481481482,3.057539682539712,,,2025-02-16,0.33808427195944535
2025-02-16,36.75231481481482,3.0588624338624637,,,2025-02-16,0.27663047174165517
2025-02-16,36.75231481481482,3.0601851851852153,,,2025-02-16,0.2579239055025071
2025-02-16,36.75231481481482,3.061507936507965,,,2025-02-16,0.2903479711469829
2025-02-16,36.75231481481482,3.0628306878307168,,,2025-02-16,0.3603554187897976
2025-02-17,36.74768518518518,3.057539682539712,,,2025-02-17,0.3380885596660119
2025-02-17,36.74768518518518,3.0588624338624637,,,2025-02-17,0.276631592011625
2025-02-17,36.74768518518518,3.0601851851852153,,,2025-02-17,0.2579239373431453
2025-02-17,36.74768518518518,3.061507936507965,,,2025-02-17,0.2903498466436768
2025-02-17,36.74768518518518,3.0628306878307168,,,2025-02-17,0.3603607437968025
2025-02-17,36.74861111111111,3.057539682539712,,,2025-02-17,0.26814488002100434
2025-02-17,36.74861111111111,3.0588624338624637,,,2025-02-17,0.18472492001821167
2025-02-17,36.74861111111111,3.0601851851852153,,,2025-02-17,0.15531624674691102
2025-02-17,36.74861111111111,3.061507936507965,,,2025-02-17,0.20469782110899754
2025-02-17,36.74861111111111,3.0628306878307168,,,2025-02-17,0.29573210928483373
2025-02-17,36.74953703703704,3.057539682539712,,,2025-02-17,0.22516724453269812
2025-02-17,36.74953703703704,3.0588624338624637,,,2025-02-17,0.11367657315247216
2025-02-17,36.74953703703704,3.0601851851852153,,,2025-02-17,0.05405852740642433
2025-02-17,36.74953703703704,3.061507936507965,,,2025-02-17,0.14387554106688039
2025-02-17,36.74953703703704,3.0628306878307168,,,2025-02-17,0.2574022223605488
2025-02-17,36.75046296296296,3.057539682539712,,,2025-02-17,0.22516595693912034
2025-02-17,36.75046296296296,3.0588624338624637,,,2025-02-17,0.11367602791756166
2025-02-17,36.75046296296296,3.0601851851852153,,,2025-02-17,0.05405849702281984
2025-02-17,36.75046296296296,3.061507936507965,,,2025-02-17,0.14387478409339177
2025-02-17,36.75046296296296,3.0628306878307168,,,2025-02-17,0.25740073137508096
2025-02-17,36.75138888888889,3.057539682539712,,,2025-02-17,0.2681416363474062
2025-02-17,36.75138888888889,3.0588624338624637,,,2025-02-17,0.18472391343301875
2025-02-17,36.75138888888889,3.0601851851852153,,,2025-02-17,0.1553162150214607
2025-02-17,36.75138888888889,3.061507936507965,,,2025-02-17,0.20469622494972564
2025-02-17,36.75138888888889,3.0628306878307168,,,2025-02-17,0.29572821605468813
2025-02-17,36.75231481481482,3.057539682539712,,,2025-02-17,0.33808427195944535
2025-02-17,36.75231481481482,3.0588624338624637,,,2025-02-17,0.27663047174165517
2025-02-17,36.75231481481482,3.0601851851852153,,,2025-02-17,0.2579239055025071
2025-02-17,36.75231481481482,3.061507936507965,,,2025-02-17,0.2903479711469829
2025-02-17,36.75231481481482,3.0628306878307168,,,2025-02-17,0.3603554187897976
2025-02-18,36.74768518518518,3.057539682539712,,,2025-02-18,0.3380885596660119
2025-02-18,36.74768518518518,3.0588624338624637,,,2025-02-18,0.276631592011625
2025-02-18,36.74768518518518,3.0601851851852153,,,2025-02-18,0.2579239373431453
2025-02-18,36.74768518518518,3.061507936507965,,,2025-02-18,0.2903498466436768
2025-02-18,36.74768518518518,3.0628306878307168,,,2025-02-18,0.3603607437968025
2025-02-18,36.74861111111111,3.057539682539712,,,2025-02-18,0.26814488002100434
2025-02-18,36.74861111111111,3.0588624338624637,,,2025-02-18,0.18472492001821167
2025-02-18,36.74861111111111,3.0601851851852153,,,2025-02-18,0.15531624674691102
2025-02-18,36.74861111111111,3.061507936507965,,,2025-02-18,0.20469782110899754
2025-02-18,36.74861111111111,3.0628306878307168,,,2025-02-18,0.29573210928483373
2025-02-18,36.74953703703704,3.057539682539712,,,2025-02-18,0.22516724453269812
2025-02-18,36.74953703703704,3.0588624338624637,,,2025-02-18,0.11367657315247216
2025-02-18,36.74953703703704,3.0601851851852153,,,2025-02-18,0.05405852740642433
2025-02-18,36.74953703703704,3.061507936507965,,,2025-02-18,0.14387554106688039
2025-02-18,36.74953703703704,3.0628306878307168,,,2025-02-18,0.2574022223605488
2025-02-18,36.75046296296296,3.057539682539712,,,2025-02-18,0.22516595693912034
2025-02-18,36.75046296296296,3.0588624338624637,,,2025-02-18,0.11367602791756166
2025-02-18,36.75046296296296,3.0601851851852153,,,2025-02-18,0.05405849702281984
2025-02-18,36.75046296296296,3.061507936507965,,,2025-02-18,0.14387478409339177
2025-02-18,36.75046296296296,3.0628306878307168,,,2025-02-18,0.25740073137508096
2025-02-18,36.75138888888889,3.057539682539712,,,2025-02-18,0.2681416363474062
2025-02-18,36.75138888888889,3.0588624338624637,,,2025-02-18,0.18472391343301875
2025-02-18,36.75138888888889,3.0601851851852153,,,2025-02-18,0.1553162150214607
2025-02-18,36.75138888888889,3.061507936507965,,,2025-02-18,0.20469622494972564
2025-02-18,36.75138888888889,3.0628306878307168,,,2025-02-18,0.29572821605468813
2025-02-18,36.75231481481482,3.057539682539712,,,2025-02-18,0.33808427195944535
2025-02-18,36.75231481481482,3.0588624338624637,,,2025-02-18,0.27663047174165517
2025-02-18,36.75231481481482,3.0601851851852153,,,2025-02-18,0.2579239055025071
2025-02-18,36.75231481481482,3.061507936507965,,,2025-02-18,0.2903479711469829
2025-02-18,36.75231481481482,3.0628306878307168,,,2025-02-18,0.3603554187897976
2025-02-19,36.74768518518518,3.057539682539712,,,2025-02-19,0.3380885596660119
2025-02-19,36.74768518518518,3.0588624338624637,,,2025-02-19,0.276631592011625
2025-02-19,36.74768518518518,3.0601851851852153,,,2025-02-19,0.2579239373431453
2025-02-19,36.74768518518518,3.061507936507965,,,2025-02-19,0.2903498466436768
2025-02-19,36.74768518518518,3.0628306878307168,,,2025-02-19,0.3603607437968025
2025-02-19,36.74861111111111,3.057539682539712,,,2025-02-19,0.26814488002100434
2025-02-19,36.74861111111111,3.0588624338624637,,,2025-02-19,0.18472492001821167
2025-02-19,36.74861111111111,3.0601851851852153,,,2025-02-19,0.15531624674691102
2025-02-19,36.74861111111111,3.061507936507965,,,2025-02-19,0.20469782110899754
2025-02-19,36.74861111111111,3.0628306878307168,,,2025-02-19,0.29573210928483373
2025-02-19,36.74953703703704,3.057539682539712,,,2025-02-19,0.22516724453269812
2025-02-19,36.74953703703704,3.0588624338624637,,,2025-02-19,0.11367657315247216
2025-02-19,36.74953703703704,3.0601851851852153,,,2025-02-19,0.05405852740642433
2025-02-19,36.74953703703704,3.061507936507965,,,2025-02-19,0.14387554106688039
2025-02-19,36.74953703703704,3.0628306878307168,,,2025-02-19,0.2574022223605488
2025-02-19,36.75046296296296,3.057539682539712,,,2025-02-19,0.22516595693912034
2025-02-19,36.75046296296296,3.0588624338624637,,,2025-02-19,0.11367602791756166
2025-02-19,36.75046296296296,3.0601851851852153,,,2025-02-19,0.05405849702281984
2025-02-19,36.75046296296296,3.061507936507965,,,2025-02-19,0.14387478409339177
2025-02-19,36.75046296296296,3.0628306878307168,,,2025-02-19,0.25740073137508096
2025-02-19,36.75138888888889,3.057539682539712,,,2025-02-19,0.2681416363474062
2025-02-19,36.75138888888889,3.0588624338624637,,,2025-02-19,0.18472391343301875
2025-02-19,36.75138888888889,3.0601851851852153,,,2025-02-19,0.1553162150214607
2025-02-19,36.75138888888889,3.061507936507965,,,2025-02-19,0.20469622494972564
2025-02-19,36.75138888888889,3.0628306878307168,,,2025-02-19,0.29572821605468813
2025-02-19,36.75231481481482,3.057539682539712,,,2025-02-19,0.33808427195944535
2025-02-19,36.75231481481482,3.0588624338624637,,,2025-02-19,0.27663047174165517
2025-02-19,36.75231481481482,3.0601851851852153,,,2025-02-19,0.2579239055025071
2025-02-19,36.75231481481482,3.061507936507965,,,2025-02-19,0.2903479711469829
2025-02-19,36.75231481481482,3.0628306878307168,,,2025-02-19,0.3603554187897976
2025-02-20,36.74768518518518,3.057539682539712,,,2025-02-20,0.3380885596660119
2025-02-20,36.74768518518518,3.0588624338624637,,,2025-02-20,0.276631592011625
2025-02-20,36.74768518518518,3.0601851851852153,,,2025-02-20,0.2579239373431453
2025-02-20,36.74768518518518,3.061507936507965,,,2025-02-20,0.2903498466436768
2025-02-20,36.74768518518518,3.0628306878307168,,,2025-02-20,0.3603607437968025
2025-02-20,36.74861111111111,3.057539682539712,,,2025-02-20,0.26814488002100434
2025-02-20,36.74861111111111,3.0588624338624637,,,2025-02-20,0.18472492001821167
2025-02-20,36.74861111111111,3.0601851851852153,,,2025-02-20,0.15531624674691102
2025-02-20,36.74861111111111,3.061507936507965,,,2025-02-20,0.20469782110899754
2025-02-20,36.74861111111111,3.0628306878307168,,,2025-02-20,0.29573210928483373
2025-02-20,36.74953703703704,3.057539682539712,,,2025-02-20,0.22516724453269812
2025-02-20,36.74953703703704,3.0588624338624637,,,2025-02-20,0.11367657315247216
2025-02-20,36.74953703703704,3.0601851851852153,,,2025-02-20,0.05405852740642433
2025-02-20,36.74953703703704,3.061507936507965,,,2025-02-20,0.14387554106688039
2025-02-20,36.74953703703704,3.0628306878307168,,,2025-02-20,0.2574022223605488
2025-02-20,36.75046296296296,3.057539682539712,,,2025-02-20,0.22516595693912034
2025-02-20,36.75046296296296,3.0588624338624637,,,2025-02-20,0.11367602791756166
2025-02-20,36.75046296296296,3.0601851851852153,,,2025-02-20,0.05405849702281984
2025-02-20,36.75046296296296,3.061507936507965,,,2025-02-20,0.14387478409339177
2025-02-20,36.75046296296296,3.0628306878307168,,,2025-02-20,0.25740073137508096
2025-02-20,36.75138888888889,3.057539682539712,,,2025-02-20,0.2681416363474062
2025-02-20,36.75138888888889,3.0588624338624637,,,2025-02-20,0.18472391343301875
2025-02-20,36.75138888888889,3.0601851851852153,,,2025-02-20,0.1553162150214607
2025-02-20,36.75138888888889,3.061507936507965,,,2025-02-20,0.20469622494972564
2025-02-20,36.75138888888889,3.0628306878307168,,,2025-02-20,0.29572821605468813
2025-02-20,36.75231481481482,3.057539682539712,,,2025-02-20,0.33808427195944535
2025-02-20,36.75231481481482,3.0588624338624637,,,2025-02-20,0.27663047174165517
2025-02-20,36.75231481481482,3.0601851851852153,,,2025-02-20,0.2579239055025071
2025-02-20,36.75231481481482,3.061507936507965,,,2025-02-20,0.2903479711469829
2025-02-20,36.75231481481482,3.0628306878307168,,,2025-02-20,0.3603554187897976
2025-02-21,36.74768518518518,3.057539682539712,,,2025-02-21,0.3380885596660119
2025-02-21,36.74768518518518,3.0588624338624637,,,2025-02-21,0.276631592011625
2025-02-21,36.74768518518518,3.0601851851852153,,,2025-02-21,0.2579239373431453
2025-02-21,36.74768518518518,3.061507936507965,,,2025-02-21,0.2903498466436768
2025-02-21,36.74768518518518,3.0628306878307168,,,2025-02-21,0.3603607437968025
2025-02-21,36.74861111111111,3.057539682539712,,,2025-02-21,0.26814488002100434
2025-02-21,36.74861111111111,3.0588624338624637,,,2025-02-21,0.18472492001821167
2025-02-21,36.74861111111111,3.0601851851852153,,,2025-02-21,0.15531624674691102
2025-02-21,36.74861111111111,3.061507936507965,,,2025-02-21,0.20469782110899754
2025-02-21,36.74861111111111,3.0628306878307168,,,2025-02-21,0.29573210928483373
2025-02-21,36.74953703703704,3.057539682539712,,,2025-02-21,0.22516724453269812
2025-02-21,36.74953703703704,3.0588624338624637,,,2025-02-21,0.11367657315247216
2025-02-21,36.74953703703704,3.0601851851852153,,,2025-02-21,0.05405852740642433
2025-02-21,36.74953703703704,3.061507936507965,,,2025-02-21,0.14387554106688039
2025-02-21,36.74953703703704,3.0628306878307168,,,2025-02-21,0.2574022223605488
2025-02-21,36.75046296296296,3.057539682539712,,,2025-02-21,0.22516595693912034
2025-02-21,36.75046296296296,3.0588624338624637,,,2025-02-21,0.11367602791756166
2025-02-21,36.75046296296296,3.0601851851852153,,,2025-02-21,0.05405849702281984
2025-02-21,36.75046296296296,3.061507936507965,,,2025-02-21,0.14387478409339177
2025-02-21,36.75046296296296,3.0628306878307168,,,2025-02-21,0.25740073137508096
2025-02-21,36.75138888888889,3.057539682539712,,,2025-02-21,0.2681416363474062
2025-02-21,36.75138888888889,3.0588624338624637,,,2025-02-21,0.18472391343301875
2025-02-21,36.75138888888889,3.0601851851852153,,,2025-02-21,0.1553162150214607
2025-02-21,36.75138888888889,3.061507936507965,,,2025-02-21,0.20469622494972564
2025-02-21,36.75138888888889,3.0628306878307168,,,2025-02-21,0.29572821605468813
2025-02-21,36.75231481481482,3.057539682539712,,,2025-02-21,0.33808427195944535
2025-02-21,36.75231481481482,3.0588624338624637,,,2025-02-21,0.27663047174165517
2025-02-21,36.75231481481482,3.0601851851852153,,,2025-02-21,0.2579239055025071
2025-02-21,36.75231481481482,3.061507936507965,,,2025-02-21,0.2903479711469829
2025-02-21,36.75231481481482,3.0628306878307168,,,2025-02-21,0.3603554187897976
2025-02-22,36.74768518518518,3.057539682539712,,,2025-02-22,0.3380885596660119
2025-02-22,36.74768518518518,3.0588624338624637,,,2025-02-22,0.276631592011625
2025-02-22,36.74768518518518,3.0601851851852153,,,2025-02-22,0.2579239373431453
2025-02-22,36.74768518518518,3.061507936507965,,,2025-02-22,0.2903498466436768
2025-02-22,36.74768518518518,3.0628306878307168,,,2025-02-22,0.3603607437968025
2025-02-22,36.74861111111111,3.057539682539712,,,2025-02-22,0.26814488002100434
2025-02-22,36.74861111111111,3.0588624338624637,,,2025-02-22,0.18472492001821167
2025-02-22,36.74861111111111,3.0601851851852153,,,2025-02-22,0.15531624674691102
2025-02-22,36.74861111111111,3.061507936507965,,,2025-02-22,0.20469782110899754
2025-02-22,36.74861111111111,3.0628306878307168,,,2025-02-22,0.29573210928483373
2025-02-22,36.74953703703704,3.057539682539712,,,2025-02-22,0.22516724453269812
2025-02-22,36.74953703703704,3.0588624338624637,,,2025-02-22,0.11367657315247216
2025-02-22,36.74953703703704,3.0601851851852153,,,2025-02-22,0.05405852740642433
2025-02-22,36.74953703703704,3.061507936507965,,,2025-02-22,0.14387554106688039
2025-02-22,36.74953703703704,3.0628306878307168,,,2025-02-22,0.2574022223605488
2025-02-22,36.75046296296296,3.057539682539712,,,2025-02-22,0.22516595693912034
2025-02-22,36.75046296296296,3.0588624338624637,,,2025-02-22,0.11367602791756166
2025-02-22,36.75046296296296,3.0601851851852153,,,2025-02-22,0.05405849702281984
2025-02-22,36.75046296296296,3.061507936507965,,,2025-02-22,0.14387478409339177
2025-02-22,36.75046296296296,3.0628306878307168,,,2025-02-22,0.25740073137508096
2025-02-22,36.75138888888889,3.057539682539712,,,2025-02-22,0.2681416363474062
2025-02-22,36.75138888888889,3.0588624338624637,,,2025-02-22,0.18472391343301875
2025-02-22,36.75138888888889,3.0601851851852153,,,2025-02-22,0.1553162150214607
2025-02-22,36.75138888888889,3.061507936507965,,,2025-02-22,0.20469622494972564
2025-02-22,36.75138888888889,3.0628306878307168,,,2025-02-22,0.29572821605468813
2025-02-22,36.75231481481482,3.057539682539712,,,2025-02-22,0.33808427195944535
2025-02-22,36.75231481481482,3.0588624338624637,,,2025-02-22,0.27663047174165517
2025-02-22,36.75231481481482,3.0601851851852153,,,2025-02-22,0.2579239055025071
2025-02-22,36.75231481481482,3.061507936507965,,,2025-02-22,0.2903479711469829
2025-02-22,36.75231481481482,3.0628306878307168,,,2025-02-22,0.3603554187897976
2025-02-23,36.74768518518518,3.057539682539712,,,2025-02-23,0.3380885596660119
2025-02-23,36.74768518518518,3.0588624338624637,,,2025-02-23,0.276631592011625
2025-02-23,36.74768518518518,3.0601851851852153,,,2025-02-23,0.2579239373431453
2025-02-23,36.74768518518518,3.061507936507965,,,2025-02-23,0.2903498466436768
2025-02-23,36.74768518518518,3.0628306878307168,,,2025-02-23,0.3603607437968025
2025-02-23,36.74861111111111,3.057539682539712,,,2025-02-23,0.26814488002100434
2025-02-23,36.74861111111111,3.0588624338624637,,,2025-02-23,0.18472492001821167
2025-02-23,36.74861111111111,3.0601851851852153,,,2025-02-23,0.15531624674691102
2025-02-23,36.74861111111111,3.061507936507965,,,2025-02-23,0.20469782110899754
2025-02-23,36.74861111111111,3.0628306878307168,,,2025-02-23,0.29573210928483373
2025-02-23,36.74953703703704,3.057539682539712,,,2025-02-23,0.22516724453269812
2025-02-23,36.74953703703704,3.0588624338624637,,,2025-02-23,0.11367657315247216
2025-02-23,36.74953703703704,3.0601851851852153,,,2025-02-23,0.05405852740642433
2025-02-23,36.74953703703704,3.061507936507965,,,2025-02-23,0.14387554106688039
2025-02-23,36.74953703703704,3.0628306878307168,,,2025-02-23,0.2574022223605488
2025-02-23,36.75046296296296,3.057539682539712,,,2025-02-23,0.22516595693912034
2025-02-23,36.75046296296296,3.0588624338624637,,,2025-02-23,0.11367602791756166
2025-02-23,36.75046296296296,3.0601851851852153,,,2025-02-23,0.05405849702281984
2025-02-23,36.75046296296296,3.061507936507965,,,2025-02-23,0.14387478409339177
2025-02-23,36.75046296296296,3.0628306878307168,,,2025-02-23,0.25740073137508096
2025-02-23,36.75138888888889,3.057539682539712,,,2025-02-23,0.2681416363474062
2025-02-23,36.75138888888889,3.0588624338624637,,,2025-02-23,0.18472391343301875
2025-02-23,36.75138888888889,3.0601851851852153,,,2025-02-23,0.1553162150214607
2025-02-23,36.75138888888889,3.061507936507965,,,2025-02-23,0.20469622494972564
2025-02-23,36.75138888888889,3.0628306878307168,,,2025-02-23,0.29572821605468813
2025-02-23,36.75231481481482,3.057539682539712,,,2025-02-23,0.33808427195944535
2025-02-23,36.75231481481482,3.0588624338624637,,,2025-02-23,0.27663047174165517
2025-02-23,36.75231481481482,3.0601851851852153,,,2025-02-23,0.2579239055025071
2025-02-23,36.75231481481482,3.061507936507965,,,2025-02-23,0.2903479711469829
2025-02-23,36.75231481481482,3.0628306878307168,,,2025-02-23,0.3603554187897976
2025-02-24,36.74768518518518,3.057539682539712,,,2025-02-24,0.3380885596660119
2025-02-24,36.74768518518518,3.0588624338624637,,,2025-02-24,0.276631592011625
2025-02-24,36.74768518518518,3.0601851851852153,,,2025-02-24,0.2579239373431453
2025-02-24,36.74768518518518,3.061507936507965,,,2025-02-24,0.2903498466436768
2025-02-24,36.74768518518518,3.0628306878307168,,,2025-02-24,0.3603607437968025
2025-02-24,36.74861111111111,3.057539682539712,,,2025-02-24,0.26814488002100434
2025-02-24,36.74861111111111,3.0588624338624637,,,2025-02-24,0.18472492001821167
2025-02-24,36.74861111111111,3.0601851851852153,,,2025-02-24,0.15531624674691102
2025-02-24,36.74861111111111,3.061507936507965,,,2025-02-24,0.20469782110899754
2025-02-24,36.74861111111111,3.0628306878307168,,,2025-02-24,0.29573210928483373
2025-02-24,36.74953703703704,3.057539682539712,,,2025-02-24,0.22516724453269812
2025-02-24,36.74953703703704,3.0588624338624637,,,2025-02-24,0.11367657315247216
2025-02-24,36.74953703703704,3.0601851851852153,,,2025-02-24,0.05405852740642433
2025-02-24,36.74953703703704,3.061507936507965,,,2025-02-24,0.14387554106688039
2025-02-24,36.74953703703704,3.0628306878307168,,,2025-02-24,0.2574022223605488
2025-02-24,36.75046296296296,3.057539682539712,,,2025-02-24,0.22516595693912034
2025-02-24,36.75046296296296,3.0588624338624637,,,2025-02-24,0.11367602791756166
2025-02-24,36.75046296296296,3.0601851851852153,,,2025-02-24,0.05405849702281984
2025-02-24,36.75046296296296,3.061507936507965,,,2025-02-24,0.14387478409339177
2025-02-24,36.75046296296296,3.0628306878307168,,,2025-02-24,0.25740073137508096
2025-02-24,36.75138888888889,3.057539682539712,,,2025-02-24,0.2681416363474062
2025-02-24,36.75138888888889,3.0588624338624637,,,2025-02-24,0.18472391343301875
2025-02-24,36.75138888888889,3.0601851851852153,,,2025-02-24,0.1553162150214607
2025-02-24,36.75138888888889,3.061507936507965,,,2025-02-24,0.20469622494972564
2025-02-24,36.75138888888889,3.0628306878307168,,,2025-02-24,0.29572821605468813
2025-02-24,36.75231481481482,3.057539682539712,,,2025-02-24,0.33808427195944535
2025-02-24,36.75231481481482,3.0588624338624637,,,2025-02-24,0.27663047174165517
2025-02-24,36.75231481481482,3.0601851851852153,,,2025-02-24,0.2579239055025071
2025-02-24,36.75231481481482,3.061507936507965,,,2025-02-24,0.2903479711469829
2025-02-24,36.75231481481482,3.0628306878307168,,,2025-02-24,0.3603554187897976
2025-02-25,36.74768518518518,3.057539682539712,,,2025-02-25,0.3380885596660119
2025-02-25,36.74768518518518,3.0588624338624637,,,2025-02-25,0.276631592011625
2025-02-25,36.74768518518518,3.0601851851852153,,,2025-02-25,0.2579239373431453
2025-02-25,36.74768518518518,3.061507936507965,,,2025-02-25,0.2903498466436768
2025-02-25,36.74768518518518,3.0628306878307168,,,2025-02-25,0.3603607437968025
2025-02-25,36.74861111111111,3.057539682539712,,,2025-02-25,0.26814488002100434
2025-02-25,36.74861111111111,3.0588624338624637,,,2025-02-25,0.18472492001821167
2025-02-25,36.74861111111111,3.0601851851852153,,,2025-02-25,0.15531624674691102
2025-02-25,36.74861111111111,3.061507936507965,,,2025-02-25,0.20469782110899754
2025-02-25,36.74861111111111,3.0628306878307168,,,2025-02-25,0.29573210928483373
2025-02-25,36.74953703703704,3.057539682539712,,,2025-02-25,0.22516724453269812
2025-02-25,36.74953703703704,3.0588624338624637,,,2025-02-25,0.11367657315247216
2025-02-25,36.74953703703704,3.0601851851852153,,,2025-02-25,0.05405852740642433
2025-02-25,36.74953703703704,3.061507936507965,,,2025-02-25,0.14387554106688039
2025-02-25,36.74953703703704,3.0628306878307168,,,2025-02-25,0.2574022223605488
2025-02-25,36.75046296296296,3.057539682539712,,,2025-02-25,0.22516595693912034
2025-02-25,36.75046296296296,3.0588624338624637,,,2025-02-25,0.11367602791756166
2025-02-25,36.75046296296296,3.0601851851852153,,,2025-02-25,0.05405849702281984
2025-02-25,36.75046296296296,3.061507936507965,,,2025-02-25,0.14387478409339177
2025-02-25,36.75046296296296,3.0628306878307168,,,2025-02-25,0.25740073137508096
2025-02-25,36.75138888888889,3.057539682539712,,,2025-02-25,0.2681416363474062
2025-02-25,36.75138888888889,3.0588624338624637,,,2025-02-25,0.18472391343301875
2025-02-25,36.75138888888889,3.0601851851852153,,,2025-02-25,0.1553162150214607
2025-02-25,36.75138888888889,3.061507936507965,,,2025-02-25,0.20469622494972564
2025-02-25,36.75138888888889,3.0628306878307168,,,2025-02-25,0.29572821605468813
2025-02-25,36.75231481481482,3.057539682539712,,,2025-02-25,0.33808427195944535
2025-02-25,36.75231481481482,3.0588624338624637,,,2025-02-25,0.27663047174165517
2025-02-25,36.75231481481482,3.0601851851852153,,,2025-02-25,0.2579239055025071
2025-02-25,36.75231481481482,3.061507936507965,,,2025-02-25,0.2903479711469829
2025-02-25,36.75231481481482,3.0628306878307168,,,2025-02-25,0.3603554187897976
2025-02-26,36.74768518518518,3.057539682539712,,,2025-02-26,0.3380885596660119
2025-02-26,36.74768518518518,3.0588624338624637,,,2025-02-26,0.276631592011625
2025-02-26,36.74768518518518,3.0601851851852153,,,2025-02-26,0.2579239373431453
2025-02-26,36.74768518518518,3.061507936507965,,,2025-02-26,0.2903498466436768
2025-02-26,36.74768518518518,3.0628306878307168,,,2025-02-26,0.3603607437968025
2025-02-26,36.74861111111111,3.057539682539712,,,2025-02-26,0.26814488002100434
2025-02-26,36.74861111111111,3.0588624338624637,,,2025-02-26,0.18472492001821167
2025-02-26,36.74861111111111,3.0601851851852153,,,2025-02-26,0.15531624674691102
2025-02-26,36.74861111111111,3.061507936507965,,,2025-02-26,0.20469782110899754
2025-02-26,36.74861111111111,3.0628306878307168,,,2025-02-26,0.29573210928483373
2025-02-26,36.74953703703704,3.057539682539712,,,2025-02-26,0.22516724453269812
2025-02-26,36.74953703703704,3.0588624338624637,,,2025-02-26,0.11367657315247216
2025-02-26,36.74953703703704,3.0601851851852153,,,2025-02-26,0.05405852740642433
2025-02-26,36.74953703703704,3.061507936507965,,,2025-02-26,0.14387554106688039
2025-02-26,36.74953703703704,3.0628306878307168,,,2025-02-26,0.2574022223605488
2025-02-26,36.75046296296296,3.057539682539712,,,2025-02-26,0.22516595693912034
2025-02-26,36.75046296296296,3.0588624338624637,,,2025-02-26,0.11367602791756166
2025-02-26,36.75046296296296,3.0601851851852153,,,2025-02-26,0.05405849702281984
2025-02-26,36.75046296296296,3.061507936507965,,,2025-02-26,0.14387478409339177
2025-02-26,36.75046296296296,3.0628306878307168,,,2025-02-26,0.25740073137508096
2025-02-26,36.75138888888889,3.057539682539712,,,2025-02-26,0.2681416363474062
2025-02-26,36.75138888888889,3.0588624338624637,,,2025-02-26,0.18472391343301875
2025-02-26,36.75138888888889,3.0601851851852153,,,2025-02-26,0.1553162150214607
2025-02-26,36.75138888888889,3.061507936507965,,,2025-02-26,0.20469622494972564
2025-02-26,36.75138888888889,3.0628306878307168,,,2025-02-26,0.29572821605468813
2025-02-26,36.75231481481482,3.057539682539712,,,2025-02-26,0.33808427195944535
2025-02-26,36.75231481481482,3.0588624338624637,,,2025-02-26,0.27663047174165517
2025-02-26,36.75231481481482,3.0601851851852153,,,2025-02-26,0.2579239055025071
2025-02-26,36.75231481481482,3.061507936507965,,,2025-02-26,0.2903479711469829
2025-02-26,36.75231481481482,3.0628306878307168,,,2025-02-26,0.3603554187897976
2025-02-27,36.74768518518518,3.057539682539712,,,2025-02-27,0.3380885596660119
2025-02-27,36.74768518518518,3.0588624338624637,,,2025-02-27,0.276631592011625
2025-02-27,36.74768518518518,3.0601851851852153,,,2025-02-27,0.2579239373431453
2025-02-27,36.74768518518518,3.061507936507965,,,2025-02-27,0.2903498466436768
2025-02-27,36.74768518518518,3.0628306878307168,,,2025-02-27,0.3603607437968025
2025-02-27,36.74861111111111,3.057539682539712,,,2025-02-27,0.26814488002100434
2025-02-27,36.74861111111111,3.0588624338624637,,,2025-02-27,0.18472492001821167
2025-02-27,36.74861111111111,3.0601851851852153,,,2025-02-27,0.15531624674691102
2025-02-27,36.74861111111111,3.061507936507965,,,2025-02-27,0.20469782110899754
2025-02-27,36.74861111111111,3.0628306878307168,,,2025-02-27,0.29573210928483373
2025-02-27,36.74953703703704,3.057539682539712,,,2025-02-27,0.22516724453269812
2025-02-27,36.74953703703704,3.0588624338624637,,,2025-02-27,0.11367657315247216
2025-02-27,36.74953703703704,3.0601851851852153,,,2025-02-27,0.05405852740642433
2025-02-27,36.74953703703704,3.061507936507965,,,2025-02-27,0.14387554106688039
2025-02-27,36.74953703703704,3.0628306878307168,,,2025-02-27,0.2574022223605488
2025-02-27,36.75046296296296,3.057539682539712,,,2025-02-27,0.22516595693912034
2025-02-27,36.75046296296296,3.0588624338624637,,,2025-02-27,0.11367602791756166
2025-02-27,36.75046296296296,3.0601851851852153,,,2025-02-27,0.05405849702281984
2025-02-27,36.75046296296296,3.061507936507965,,,2025-02-27,0.14387478409339177
2025-02-27,36.75046296296296,3.0628306878307168,,,2025-02-27,0.25740073137508096
2025-02-27,36.75138888888889,3.057539682539712,,,2025-02-27,0.2681416363474062
2025-02-27,36.75138888888889,3.0588624338624637,,,2025-02-27,0.18472391343301875
2025-02-27,36.75138888888889,3.0601851851852153,,,2025-02-27,0.1553162150214607
2025-02-27,36.75138888888889,3.061507936507965,,,2025-02-27,0.20469622494972564
2025-02-27,36.75138888888889,3.0628306878307168,,,2025-02-27,0.29572821605468813
2025-02-27,36.75231481481482,3.057539682539712,,,2025-02-27,0.33808427195944535
2025-02-27,36.75231481481482,3.0588624338624637,,,2025-02-27,0.27663047174165517
2025-02-27,36.75231481481482,3.0601851851852153,,,2025-02-27,0.2579239055025071
2025-02-27,36.75231481481482,3.061507936507965,,,2025-02-27,0.2903479711469829
2025-02-27,36.75231481481482,3.0628306878307168,,,2025-02-27,0.3603554187897976
2025-02-28,36.74768518518518,3.057539682539712,,,2025-02-28,0.3380885596660119
2025-02-28,36.74768518518518,3.0588624338624637,,,2025-02-28,0.276631592011625
2025-02-28,36.74768518518518,3.0601851851852153,,,2025-02-28,0.2579239373431453
2025-02-28,36.74768518518518,3.061507936507965,,,2025-02-28,0.2903498466436768
2025-02-28,36.74768518518518,3.0628306878307168,,,2025-02-28,0.3603607437968025
2025-02-28,36.74861111111111,3.057539682539712,,,2025-02-28,0.26814488002100434
2025-02-28,36.74861111111111,3.0588624338624637,,,2025-02-28,0.18472492001821167
2025-02-28,36.74861111111111,3.0601851851852153,,,2025-02-28,0.15531624674691102
2025-02-28,36.74861111111111,3.061507936507965,,,2025-02-28,0.20469782110899754
2025-02-28,36.74861111111111,3.0628306878307168,,,2025-02-28,0.29573210928483373
2025-02-28,36.74953703703704,3.057539682539712,,,2025-02-28,0.22516724453269812
2025-02-28,36.74953703703704,3.0588624338624637,,,2025-02-28,0.11367657315247216
2025-02-28,36.74953703703704,3.0601851851852153,,,2025-02-28,0.05405852740642433
2025-02-28,36.74953703703704,3.061507936507965,,,2025-02-28,0.14387554106688039
2025-02-28,36.74953703703704,3.0628306878307168,,,2025-02-28,0.2574022223605488
2025-02-28,36.75046296296296,3.057539682539712,,,2025-02-28,0.22516595693912034
2025-02-28,36.75046296296296,3.0588624338624637,,,2025-02-28,0.11367602791756166
2025-02-28,36.75046296296296,3.0601851851852153,,,2025-02-28,0.05405849702281984
2025-02-28,36.75046296296296,3.061507936507965,,,2025-02-28,0.14387478409339177
2025-02-28,36.75046296296296,3.0628306878307168,,,2025-02-28,0.25740073137508096
2025-02-28,36.75138888888889,3.057539682539712,,,2025-02-28,0.2681416363474062
2025-02-28,36.75138888888889,3.0588624338624637,,,2025-02-28,0.18472391343301875
2025-02-28,36.75138888888889,3.0601851851852153,,,2025-02-28,0.1553162150214607
2025-02-28,36.75138888888889,3.061507936507965,,,2025-02-28,0.20469622494972564
2025-02-28,36.75138888888889,3.0628306878307168,,,2025-02-28,0.29572821605468813
2025-02-28,36.75231481481482,3.057539682539712,,,2025-02-28,0.33808427195944535
2025-02-28,36.75231481481482,3.0588624338624637,,,2025-02-28,0.27663047174165517
2025-02-28,36.75231481481482,3.0601851851852153,,,2025-02-28,0.2579239055025071
2025-02-28,36.75231481481482,3.061507936507965,,,2025-02-28,0.2903479711469829
2025-02-28,36.75231481481482,3.0628306878307168,,,2025-02-28,0.3603554187897976
