time,latitude,longitude,zos,day,distance_km
2024-02-01,36.583336,2.8333435,,2024-02-01,27.42486183499686
2024-02-01,36.583336,2.9166718,,2024-02-01,22.513610945271516
2024-02-01,36.583336,3.0,,2024-02-01,19.289317853545782
2024-02-01,36.583336,3.0833435,,2024-02-01,18.648702135525184
2024-02-01,36.583336,3.1666718,,2024-02-01,20.831708919035847
2024-02-01,36.583336,3.25,,2024-02-01,25.112182506309033
2024-02-01,36.66667,2.8333435,,2024-02-01,22.228234819302035
2024-02-01,36.66667,2.9166718,,2024-02-01,15.782881420103022
2024-02-01,36.66667,3.0,,2024-02-01,10.698609465725811
2024-02-01,36.66667,3.0833435,,2024-02-01,9.496464669132697
2024-02-01,36.66667,3.1666718,,2024-02-01,13.276882967911245
2024-02-01,36.66667,3.25,,2024-02-01,19.306074472517334
2024-02-01,36.75,2.8333435,-0.30484232,2024-02-01,20.194040166169533
2024-02-01,36.75,2.9166718,,2024-02-01,12.76987826840439
2024-02-01,36.75,3.0,,2024-02-01,5.345713953294998
2024-02-01,36.75,3.0833435,-0.30466884,2024-02-01,2.079801567910821
2024-02-01,36.75,3.1666718,-0.3049058,2024-02-01,9.50394748445699
2024-02-01,36.75,3.25,,2024-02-01,16.92811061876691
2024-02-01,36.833336,2.8333435,-0.31138223,2024-02-01,22.20863381656194
2024-02-01,36.833336,2.9166718,-0.3091842,2024-02-01,15.772124592603511
2024-02-01,36.833336,3.0,-0.30881467,2024-02-01,10.696398658202174
2024-02-01,36.833336,3.0833435,-0.3107327,2024-02-01,9.496747682395155
2024-02-01,36.833336,3.1666718,-0.3136974,2024-02-01,13.270048906298761
2024-02-01,36.833336,3.25,-0.31596234,2024-02-01,19.290330362086166
2024-02-01,36.91667,2.8333435,-0.3222472,2024-02-01,27.393082527538727
2024-02-01,36.91667,2.9166718,-0.31910697,2024-02-01,22.49852861582144
2024-02-01,36.91667,3.0,-0.31716925,2024-02-01,19.286865452625985
2024-02-01,36.91667,3.0833435,-0.31867385,2024-02-01,18.648990373299995
2024-02-01,36.91667,3.1666718,-0.3226687,2024-02-01,20.82299777897512
2024-02-01,36.91667,3.25,-0.32681942,2024-02-01,25.08797191414032
2024-02-02,36.583336,2.8333435,,2024-02-02,27.42486183499686
2024-02-02,36.583336,2.9166718,,2024-02-02,22.513610945271516
2024-02-02,36.583336,3.0,,2024-02-02,19.289317853545782
2024-02-02,36.583336,3.0833435,,2024-02-02,18.648702135525184
2024-02-02,36.583336,3.1666718,,2024-02-02,20.831708919035847
2024-02-02,36.583336,3.25,,2024-02-02,25.112182506309033
2024-02-02,36.66667,2.8333435,,2024-02-02,22.228234819302035
2024-02-02,36.66667,2.9166718,,2024-02-02,15.782881420103022
2024-02-02,36.66667,3.0,,2024-02-02,10.698609465725811
2024-02-02,36.66667,3.0833435,,2024-02-02,9.496464669132697
2024-02-02,36.66667,3.1666718,,2024-02-02,13.276882967911245
2024-02-02,36.66667,3.25,,2024-02-02,19.306074472517334
2024-02-02,36.75,2.8333435,-0.30711585,2024-02-02,20.194040166169533
2024-02-02,36.75,2.9166718,,2024-02-02,12.76987826840439
2024-02-02,36.75,3.0,,2024-02-02,5.345713953294998
2024-02-02,36.75,3.0833435,-0.30410248,2024-02-02,2.079801567910821
2024-02-02,36.75,3.1666718,-0.304104,2024-02-02,9.50394748445699
2024-02-02,36.75,3.25,,2024-02-02,16.92811061876691
2024-02-02,36.833336,2.8333435,-0.30768082,2024-02-02,22.20863381656194
2024-02-02,36.833336,2.9166718,-0.30587247,2024-02-02,15.772124592603511
2024-02-02,36.833336,3.0,-0.30707082,2024-02-02,10.696398658202174
2024-02-02,36.833336,3.0833435,-0.30926457,2024-02-02,9.496747682395155
2024-02-02,36.833336,3.1666718,-0.31126478,2024-02-02,13.270048906298761
2024-02-02,36.833336,3.25,-0.31261024,2024-02-02,19.290330362086166
2024-02-02,36.91667,2.8333435,-0.31069455,2024-02-02,27.393082527538727
2024-02-02,36.91667,2.9166718,-0.30816862,2024-02-02,22.49852861582144
2024-02-02,36.91667,3.0,-0.31091407,2024-02-02,19.286865452625985
2024-02-02,36.91667,3.0833435,-0.31448764,2024-02-02,18.648990373299995
2024-02-02,36.91667,3.1666718,-0.31734276,2024-02-02,20.82299777897512
2024-02-02,36.91667,3.25,-0.32075408,2024-02-02,25.08797191414032
2024-02-03,36.583336,2.8333435,,2024-02-03,27.42486183499686
2024-02-03,36.583336,2.9166718,,2024-02-03,22.513610945271516
2024-02-03,36.583336,3.0,,2024-02-03,19.289317853545782
2024-02-03,36.583336,3.0833435,,2024-02-03,18.648702135525184
2024-02-03,36.583336,3.1666718,,2024-02-03,20.831708919035847
2024-02-03,36.583336,3.25,,2024-02-03,25.112182506309033
2024-02-03,36.66667,2.8333435,,2024-02-03,22.228234819302035
2024-02-03,36.66667,2.9166718,,2024-02-03,15.782881420103022
2024-02-03,36.66667,3.0,,2024-02-03,10.698609465725811
2024-02-03,36.66667,3.0833435,,2024-02-03,9.496464669132697
2024-02-03,36.66667,3.1666718,,2024-02-03,13.276882967911245
2024-02-03,36.66667,3.25,,2024-02-03,19.306074472517334
2024-02-03,36.75,2.8333435,-0.3307317,2024-02-03,20.194040166169533
2024-02-03,36.75,2.9166718,,2024-02-03,12.76987826840439
2024-02-03,36.75,3.0,,2024-02-03,5.345713953294998
2024-02-03,36.75,3.0833435,-0.32793704,2024-02-03,2.079801567910821
2024-02-03,36.75,3.1666718,-0.3282781,2024-02-03,9.50394748445699
2024-02-03,36.75,3.25,,2024-02-03,16.92811061876691
2024-02-03,36.833336,2.8333435,-0.32698044,2024-02-03,22.20863381656194
2024-02-03,36.833336,2.9166718,-0.32826048,2024-02-03,15.772124592603511
2024-02-03,36.833336,3.0,-0.32933417,2024-02-03,10.696398658202174
2024-02-03,36.833336,3.0833435,-0.32994664,2024-02-03,9.496747682395155
2024-02-03,36.833336,3.1666718,-0.33073398,2024-02-03,13.270048906298761
2024-02-03,36.833336,3.25,-0.33075094,2024-02-03,19.290330362086166
2024-02-03,36.91667,2.8333435,-0.32228753,2024-02-03,27.393082527538727
2024-02-03,36.91667,2.9166718,-0.3259552,2024-02-03,22.49852861582144
2024-02-03,36.91667,3.0,-0.3279764,2024-02-03,19.286865452625985
2024-02-03,36.91667,3.0833435,-0.32920972,2024-02-03,18.648990373299995
2024-02-03,36.91667,3.1666718,-0.3308583,2024-02-03,20.82299777897512
2024-02-03,36.91667,3.25,-0.33179182,2024-02-03,25.08797191414032
2024-02-04,36.583336,2.8333435,,2024-02-04,27.42486183499686
2024-02-04,36.583336,2.9166718,,2024-02-04,22.513610945271516
2024-02-04,36.583336,3.0,,2024-02-04,19.289317853545782
2024-02-04,36.583336,3.0833435,,2024-02-04,18.648702135525184
2024-02-04,36.583336,3.1666718,,2024-02-04,20.831708919035847
2024-02-04,36.583336,3.25,,2024-02-04,25.112182506309033
2024-02-04,36.66667,2.8333435,,2024-02-04,22.228234819302035
2024-02-04,36.66667,2.9166718,,2024-02-04,15.782881420103022
2024-02-04,36.66667,3.0,,2024-02-04,10.698609465725811
2024-02-04,36.66667,3.0833435,,2024-02-04,9.496464669132697
2024-02-04,36.66667,3.1666718,,2024-02-04,13.276882967911245
2024-02-04,36.66667,3.25,,2024-02-04,19.306074472517334
2024-02-04,36.75,2.8333435,-0.35980263,2024-02-04,20.194040166169533
2024-02-04,36.75,2.9166718,,2024-02-04,12.76987826840439
2024-02-04,36.75,3.0,,2024-02-04,5.345713953294998
2024-02-04,36.75,3.0833435,-0.3604221,2024-02-04,2.079801567910821
2024-02-04,36.75,3.1666718,-0.36055738,2024-02-04,9.50394748445699
2024-02-04,36.75,3.25,,2024-02-04,16.92811061876691
2024-02-04,36.833336,2.8333435,-0.35741934,2024-02-04,22.20863381656194
2024-02-04,36.833336,2.9166718,-0.35942268,2024-02-04,15.772124592603511
2024-02-04,36.833336,3.0,-0.3599709,2024-02-04,10.696398658202174
2024-02-04,36.833336,3.0833435,-0.3597458,2024-02-04,9.496747682395155
2024-02-04,36.833336,3.1666718,-0.3590593,2024-02-04,13.270048906298761
2024-02-04,36.833336,3.25,-0.35836846,2024-02-04,19.290330362086166
2024-02-04,36.91667,2.8333435,-0.35228106,2024-02-04,27.393082527538727
2024-02-04,36.91667,2.9166718,-0.35178998,2024-02-04,22.49852861582144
2024-02-04,36.91667,3.0,-0.35222203,2024-02-04,19.286865452625985
2024-02-04,36.91667,3.0833435,-0.35253125,2024-02-04,18.648990373299995
2024-02-04,36.91667,3.1666718,-0.35094228,2024-02-04,20.82299777897512
2024-02-04,36.91667,3.25,-0.34878546,2024-02-04,25.08797191414032
2024-02-05,36.583336,2.8333435,,2024-02-05,27.42486183499686
2024-02-05,36.583336,2.9166718,,2024-02-05,22.513610945271516
2024-02-05,36.583336,3.0,,2024-02-05,19.289317853545782
2024-02-05,36.583336,3.0833435,,2024-02-05,18.648702135525184
2024-02-05,36.583336,3.1666718,,2024-02-05,20.831708919035847
2024-02-05,36.583336,3.25,,2024-02-05,25.112182506309033
2024-02-05,36.66667,2.8333435,,2024-02-05,22.228234819302035
2024-02-05,36.66667,2.9166718,,2024-02-05,15.782881420103022
2024-02-05,36.66667,3.0,,2024-02-05,10.698609465725811
2024-02-05,36.66667,3.0833435,,2024-02-05,9.496464669132697
2024-02-05,36.66667,3.1666718,,2024-02-05,13.276882967911245
2024-02-05,36.66667,3.25,,2024-02-05,19.306074472517334
2024-02-05,36.75,2.8333435,-0.3458873,2024-02-05,20.194040166169533
2024-02-05,36.75,2.9166718,,2024-02-05,12.76987826840439
2024-02-05,36.75,3.0,,2024-02-05,5.345713953294998
2024-02-05,36.75,3.0833435,-0.35153195,2024-02-05,2.079801567910821
2024-02-05,36.75,3.1666718,-0.35195953,2024-02-05,9.50394748445699
2024-02-05,36.75,3.25,,2024-02-05,16.92811061876691
2024-02-05,36.833336,2.8333435,-0.34952855,2024-02-05,22.20863381656194
2024-02-05,36.833336,2.9166718,-0.35009888,2024-02-05,15.772124592603511
2024-02-05,36.833336,3.0,-0.35095537,2024-02-05,10.696398658202174
2024-02-05,36.833336,3.0833435,-0.35126418,2024-02-05,9.496747682395155
2024-02-05,36.833336,3.1666718,-0.35119647,2024-02-05,13.270048906298761
2024-02-05,36.833336,3.25,-0.35136575,2024-02-05,19.290330362086166
2024-02-05,36.91667,2.8333435,-0.3483443,2024-02-05,27.393082527538727
2024-02-05,36.91667,2.9166718,-0.3471333,2024-02-05,22.49852861582144
2024-02-05,36.91667,3.0,-0.3453523,2024-02-05,19.286865452625985
2024-02-05,36.91667,3.0833435,-0.3428324,2024-02-05,18.648990373299995
2024-02-05,36.91667,3.1666718,-0.3409319,2024-02-05,20.82299777897512
2024-02-05,36.91667,3.25,-0.34005353,2024-02-05,25.08797191414032
2024-02-06,36.583336,2.8333435,,2024-02-06,27.42486183499686
2024-02-06,36.583336,2.9166718,,2024-02-06,22.513610945271516
2024-02-06,36.583336,3.0,,2024-02-06,19.289317853545782
2024-02-06,36.583336,3.0833435,,2024-02-06,18.648702135525184
2024-02-06,36.583336,3.1666718,,2024-02-06,20.831708919035847
2024-02-06,36.583336,3.25,,2024-02-06,25.112182506309033
2024-02-06,36.66667,2.8333435,,2024-02-06,22.228234819302035
2024-02-06,36.66667,2.9166718,,2024-02-06,15.782881420103022
2024-02-06,36.66667,3.0,,2024-02-06,10.698609465725811
2024-02-06,36.66667,3.0833435,,2024-02-06,9.496464669132697
2024-02-06,36.66667,3.1666718,,2024-02-06,13.276882967911245
2024-02-06,36.66667,3.25,,2024-02-06,19.306074472517334
2024-02-06,36.75,2.8333435,-0.31684887,2024-02-06,20.194040166169533
2024-02-06,36.75,2.9166718,,2024-02-06,12.76987826840439
2024-02-06,36.75,3.0,,2024-02-06,5.345713953294998
2024-02-06,36.75,3.0833435,-0.32062057,2024-02-06,2.079801567910821
2024-02-06,36.75,3.1666718,-0.3201521,2024-02-06,9.50394748445699
2024-02-06,36.75,3.25,,2024-02-06,16.92811061876691
2024-02-06,36.833336,2.8333435,-0.32408193,2024-02-06,22.20863381656194
2024-02-06,36.833336,2.9166718,-0.32296643,2024-02-06,15.772124592603511
2024-02-06,36.833336,3.0,-0.32375288,2024-02-06,10.696398658202174
2024-02-06,36.833336,3.0833435,-0.32503194,2024-02-06,9.496747682395155
2024-02-06,36.833336,3.1666718,-0.3255588,2024-02-06,13.270048906298761
2024-02-06,36.833336,3.25,-0.32625696,2024-02-06,19.290330362086166
2024-02-06,36.91667,2.8333435,-0.32890856,2024-02-06,27.393082527538727
2024-02-06,36.91667,2.9166718,-0.32622382,2024-02-06,22.49852861582144
2024-02-06,36.91667,3.0,-0.3241887,2024-02-06,19.286865452625985
2024-02-06,36.91667,3.0833435,-0.32254937,2024-02-06,18.648990373299995
2024-02-06,36.91667,3.1666718,-0.32128075,2024-02-06,20.82299777897512
2024-02-06,36.91667,3.25,-0.32135516,2024-02-06,25.08797191414032
2024-02-07,36.583336,2.8333435,,2024-02-07,27.42486183499686
2024-02-07,36.583336,2.9166718,,2024-02-07,22.513610945271516
2024-02-07,36.583336,3.0,,2024-02-07,19.289317853545782
2024-02-07,36.583336,3.0833435,,2024-02-07,18.648702135525184
2024-02-07,36.583336,3.1666718,,2024-02-07,20.831708919035847
2024-02-07,36.583336,3.25,,2024-02-07,25.112182506309033
2024-02-07,36.66667,2.8333435,,2024-02-07,22.228234819302035
2024-02-07,36.66667,2.9166718,,2024-02-07,15.782881420103022
2024-02-07,36.66667,3.0,,2024-02-07,10.698609465725811
2024-02-07,36.66667,3.0833435,,2024-02-07,9.496464669132697
2024-02-07,36.66667,3.1666718,,2024-02-07,13.276882967911245
2024-02-07,36.66667,3.25,,2024-02-07,19.306074472517334
2024-02-07,36.75,2.8333435,-0.29361048,2024-02-07,20.194040166169533
2024-02-07,36.75,2.9166718,,2024-02-07,12.76987826840439
2024-02-07,36.75,3.0,,2024-02-07,5.345713953294998
2024-02-07,36.75,3.0833435,-0.29619566,2024-02-07,2.079801567910821
2024-02-07,36.75,3.1666718,-0.29433647,2024-02-07,9.50394748445699
2024-02-07,36.75,3.25,,2024-02-07,16.92811061876691
2024-02-07,36.833336,2.8333435,-0.30468357,2024-02-07,22.20863381656194
2024-02-07,36.833336,2.9166718,-0.30159202,2024-02-07,15.772124592603511
2024-02-07,36.833336,3.0,-0.30240932,2024-02-07,10.696398658202174
2024-02-07,36.833336,3.0833435,-0.3043878,2024-02-07,9.496747682395155
2024-02-07,36.833336,3.1666718,-0.30491304,2024-02-07,13.270048906298761
2024-02-07,36.833336,3.25,-0.30543733,2024-02-07,19.290330362086166
2024-02-07,36.91667,2.8333435,-0.31457084,2024-02-07,27.393082527538727
2024-02-07,36.91667,2.9166718,-0.31184116,2024-02-07,22.49852861582144
2024-02-07,36.91667,3.0,-0.31070796,2024-02-07,19.286865452625985
2024-02-07,36.91667,3.0833435,-0.30930594,2024-02-07,18.648990373299995
2024-02-07,36.91667,3.1666718,-0.3081077,2024-02-07,20.82299777897512
2024-02-07,36.91667,3.25,-0.30870622,2024-02-07,25.08797191414032
2024-02-08,36.583336,2.8333435,,2024-02-08,27.42486183499686
2024-02-08,36.583336,2.9166718,,2024-02-08,22.513610945271516
2024-02-08,36.583336,3.0,,2024-02-08,19.289317853545782
2024-02-08,36.583336,3.0833435,,2024-02-08,18.648702135525184
2024-02-08,36.583336,3.1666718,,2024-02-08,20.831708919035847
2024-02-08,36.583336,3.25,,2024-02-08,25.112182506309033
2024-02-08,36.66667,2.8333435,,2024-02-08,22.228234819302035
2024-02-08,36.66667,2.9166718,,2024-02-08,15.782881420103022
2024-02-08,36.66667,3.0,,2024-02-08,10.698609465725811
2024-02-08,36.66667,3.0833435,,2024-02-08,9.496464669132697
2024-02-08,36.66667,3.1666718,,2024-02-08,13.276882967911245
2024-02-08,36.66667,3.25,,2024-02-08,19.306074472517334
2024-02-08,36.75,2.8333435,-0.28362754,2024-02-08,20.194040166169533
2024-02-08,36.75,2.9166718,,2024-02-08,12.76987826840439
2024-02-08,36.75,3.0,,2024-02-08,5.345713953294998
2024-02-08,36.75,3.0833435,-0.283657,2024-02-08,2.079801567910821
2024-02-08,36.75,3.1666718,-0.28235137,2024-02-08,9.50394748445699
2024-02-08,36.75,3.25,,2024-02-08,16.92811061876691
2024-02-08,36.833336,2.8333435,-0.29600608,2024-02-08,22.20863381656194
2024-02-08,36.833336,2.9166718,-0.2915268,2024-02-08,15.772124592603511
2024-02-08,36.833336,3.0,-0.29060745,2024-02-08,10.696398658202174
2024-02-08,36.833336,3.0833435,-0.29208207,2024-02-08,9.496747682395155
2024-02-08,36.833336,3.1666718,-0.2933004,2024-02-08,13.270048906298761
2024-02-08,36.833336,3.25,-0.2937587,2024-02-08,19.290330362086166
2024-02-08,36.91667,2.8333435,-0.3082117,2024-02-08,27.393082527538727
2024-02-08,36.91667,2.9166718,-0.30546087,2024-02-08,22.49852861582144
2024-02-08,36.91667,3.0,-0.30466267,2024-02-08,19.286865452625985
2024-02-08,36.91667,3.0833435,-0.30314738,2024-02-08,18.648990373299995
2024-02-08,36.91667,3.1666718,-0.3019572,2024-02-08,20.82299777897512
2024-02-08,36.91667,3.25,-0.3017971,2024-02-08,25.08797191414032
2024-02-09,36.583336,2.8333435,,2024-02-09,27.42486183499686
2024-02-09,36.583336,2.9166718,,2024-02-09,22.513610945271516
2024-02-09,36.583336,3.0,,2024-02-09,19.289317853545782
2024-02-09,36.583336,3.0833435,,2024-02-09,18.648702135525184
2024-02-09,36.583336,3.1666718,,2024-02-09,20.831708919035847
2024-02-09,36.583336,3.25,,2024-02-09,25.112182506309033
2024-02-09,36.66667,2.8333435,,2024-02-09,22.228234819302035
2024-02-09,36.66667,2.9166718,,2024-02-09,15.782881420103022
2024-02-09,36.66667,3.0,,2024-02-09,10.698609465725811
2024-02-09,36.66667,3.0833435,,2024-02-09,9.496464669132697
2024-02-09,36.66667,3.1666718,,2024-02-09,13.276882967911245
2024-02-09,36.66667,3.25,,2024-02-09,19.306074472517334
2024-02-09,36.75,2.8333435,-0.22739185,2024-02-09,20.194040166169533
2024-02-09,36.75,2.9166718,,2024-02-09,12.76987826840439
2024-02-09,36.75,3.0,,2024-02-09,5.345713953294998
2024-02-09,36.75,3.0833435,-0.22911741,2024-02-09,2.079801567910821
2024-02-09,36.75,3.1666718,-0.22795889,2024-02-09,9.50394748445699
2024-02-09,36.75,3.25,,2024-02-09,16.92811061876691
2024-02-09,36.833336,2.8333435,-0.24137743,2024-02-09,22.20863381656194
2024-02-09,36.833336,2.9166718,-0.23703805,2024-02-09,15.772124592603511
2024-02-09,36.833336,3.0,-0.23635878,2024-02-09,10.696398658202174
2024-02-09,36.833336,3.0833435,-0.23790744,2024-02-09,9.496747682395155
2024-02-09,36.833336,3.1666718,-0.23909684,2024-02-09,13.270048906298761
2024-02-09,36.833336,3.25,-0.23996814,2024-02-09,19.290330362086166
2024-02-09,36.91667,2.8333435,-0.25674704,2024-02-09,27.393082527538727
2024-02-09,36.91667,2.9166718,-0.25367892,2024-02-09,22.49852861582144
2024-02-09,36.91667,3.0,-0.25494078,2024-02-09,19.286865452625985
2024-02-09,36.91667,3.0833435,-0.25587526,2024-02-09,18.648990373299995
2024-02-09,36.91667,3.1666718,-0.2551016,2024-02-09,20.82299777897512
2024-02-09,36.91667,3.25,-0.25438648,2024-02-09,25.08797191414032
2024-02-10,36.583336,2.8333435,,2024-02-10,27.42486183499686
2024-02-10,36.583336,2.9166718,,2024-02-10,22.513610945271516
2024-02-10,36.583336,3.0,,2024-02-10,19.289317853545782
2024-02-10,36.583336,3.0833435,,2024-02-10,18.648702135525184
2024-02-10,36.583336,3.1666718,,2024-02-10,20.831708919035847
2024-02-10,36.583336,3.25,,2024-02-10,25.112182506309033
2024-02-10,36.66667,2.8333435,,2024-02-10,22.228234819302035
2024-02-10,36.66667,2.9166718,,2024-02-10,15.782881420103022
2024-02-10,36.66667,3.0,,2024-02-10,10.698609465725811
2024-02-10,36.66667,3.0833435,,2024-02-10,9.496464669132697
2024-02-10,36.66667,3.1666718,,2024-02-10,13.276882967911245
2024-02-10,36.66667,3.25,,2024-02-10,19.306074472517334
2024-02-10,36.75,2.8333435,-0.17927937,2024-02-10,20.194040166169533
2024-02-10,36.75,2.9166718,,2024-02-10,12.76987826840439
2024-02-10,36.75,3.0,,2024-02-10,5.345713953294998
2024-02-10,36.75,3.0833435,-0.18622375,2024-02-10,2.079801567910821
2024-02-10,36.75,3.1666718,-0.18048987,2024-02-10,9.50394748445699
2024-02-10,36.75,3.25,,2024-02-10,16.92811061876691
2024-02-10,36.833336,2.8333435,-0.20501569,2024-02-10,22.20863381656194
2024-02-10,36.833336,2.9166718,-0.19818135,2024-02-10,15.772124592603511
2024-02-10,36.833336,3.0,-0.19592533,2024-02-10,10.696398658202174
2024-02-10,36.833336,3.0833435,-0.1980226,2024-02-10,9.496747682395155
2024-02-10,36.833336,3.1666718,-0.20114754,2024-02-10,13.270048906298761
2024-02-10,36.833336,3.25,-0.20267466,2024-02-10,19.290330362086166
2024-02-10,36.91667,2.8333435,-0.2276819,2024-02-10,27.393082527538727
2024-02-10,36.91667,2.9166718,-0.22302784,2024-02-10,22.49852861582144
2024-02-10,36.91667,3.0,-0.22272561,2024-02-10,19.286865452625985
2024-02-10,36.91667,3.0833435,-0.22495154,2024-02-10,18.648990373299995
2024-02-10,36.91667,3.1666718,-0.22791623,2024-02-10,20.82299777897512
2024-02-10,36.91667,3.25,-0.2294055,2024-02-10,25.08797191414032
2024-02-11,36.583336,2.8333435,,2024-02-11,27.42486183499686
2024-02-11,36.583336,2.9166718,,2024-02-11,22.513610945271516
2024-02-11,36.583336,3.0,,2024-02-11,19.289317853545782
2024-02-11,36.583336,3.0833435,,2024-02-11,18.648702135525184
2024-02-11,36.583336,3.1666718,,2024-02-11,20.831708919035847
2024-02-11,36.583336,3.25,,2024-02-11,25.112182506309033
2024-02-11,36.66667,2.8333435,,2024-02-11,22.228234819302035
2024-02-11,36.66667,2.9166718,,2024-02-11,15.782881420103022
2024-02-11,36.66667,3.0,,2024-02-11,10.698609465725811
2024-02-11,36.66667,3.0833435,,2024-02-11,9.496464669132697
2024-02-11,36.66667,3.1666718,,2024-02-11,13.276882967911245
2024-02-11,36.66667,3.25,,2024-02-11,19.306074472517334
2024-02-11,36.75,2.8333435,-0.1641577,2024-02-11,20.194040166169533
2024-02-11,36.75,2.9166718,,2024-02-11,12.76987826840439
2024-02-11,36.75,3.0,,2024-02-11,5.345713953294998
2024-02-11,36.75,3.0833435,-0.16581917,2024-02-11,2.079801567910821
2024-02-11,36.75,3.1666718,-0.16015838,2024-02-11,9.50394748445699
2024-02-11,36.75,3.25,,2024-02-11,16.92811061876691
2024-02-11,36.833336,2.8333435,-0.2018211,2024-02-11,22.20863381656194
2024-02-11,36.833336,2.9166718,-0.1900134,2024-02-11,15.772124592603511
2024-02-11,36.833336,3.0,-0.18472421,2024-02-11,10.696398658202174
2024-02-11,36.833336,3.0833435,-0.18406065,2024-02-11,9.496747682395155
2024-02-11,36.833336,3.1666718,-0.18816768,2024-02-11,13.270048906298761
2024-02-11,36.833336,3.25,-0.19079179,2024-02-11,19.290330362086166
2024-02-11,36.91667,2.8333435,-0.23792203,2024-02-11,27.393082527538727
2024-02-11,36.91667,2.9166718,-0.22990245,2024-02-11,22.49852861582144
2024-02-11,36.91667,3.0,-0.22707425,2024-02-11,19.286865452625985
2024-02-11,36.91667,3.0833435,-0.22668533,2024-02-11,18.648990373299995
2024-02-11,36.91667,3.1666718,-0.22990282,2024-02-11,20.82299777897512
2024-02-11,36.91667,3.25,-0.23428439,2024-02-11,25.08797191414032
2024-02-12,36.583336,2.8333435,,2024-02-12,27.42486183499686
2024-02-12,36.583336,2.9166718,,2024-02-12,22.513610945271516
2024-02-12,36.583336,3.0,,2024-02-12,19.289317853545782
2024-02-12,36.583336,3.0833435,,2024-02-12,18.648702135525184
2024-02-12,36.583336,3.1666718,,2024-02-12,20.831708919035847
2024-02-12,36.583336,3.25,,2024-02-12,25.112182506309033
2024-02-12,36.66667,2.8333435,,2024-02-12,22.228234819302035
2024-02-12,36.66667,2.9166718,,2024-02-12,15.782881420103022
2024-02-12,36.66667,3.0,,2024-02-12,10.698609465725811
2024-02-12,36.66667,3.0833435,,2024-02-12,9.496464669132697
2024-02-12,36.66667,3.1666718,,2024-02-12,13.276882967911245
2024-02-12,36.66667,3.25,,2024-02-12,19.306074472517334
2024-02-12,36.75,2.8333435,-0.15926783,2024-02-12,20.194040166169533
2024-02-12,36.75,2.9166718,,2024-02-12,12.76987826840439
2024-02-12,36.75,3.0,,2024-02-12,5.345713953294998
2024-02-12,36.75,3.0833435,-0.16329284,2024-02-12,2.079801567910821
2024-02-12,36.75,3.1666718,-0.15778981,2024-02-12,9.50394748445699
2024-02-12,36.75,3.25,,2024-02-12,16.92811061876691
2024-02-12,36.833336,2.8333435,-0.19579917,2024-02-12,22.20863381656194
2024-02-12,36.833336,2.9166718,-0.18431148,2024-02-12,15.772124592603511
2024-02-12,36.833336,3.0,-0.17826101,2024-02-12,10.696398658202174
2024-02-12,36.833336,3.0833435,-0.17657861,2024-02-12,9.496747682395155
2024-02-12,36.833336,3.1666718,-0.1777626,2024-02-12,13.270048906298761
2024-02-12,36.833336,3.25,-0.1785078,2024-02-12,19.290330362086166
2024-02-12,36.91667,2.8333435,-0.23727736,2024-02-12,27.393082527538727
2024-02-12,36.91667,2.9166718,-0.2275391,2024-02-12,22.49852861582144
2024-02-12,36.91667,3.0,-0.22010873,2024-02-12,19.286865452625985
2024-02-12,36.91667,3.0833435,-0.21524744,2024-02-12,18.648990373299995
2024-02-12,36.91667,3.1666718,-0.2145002,2024-02-12,20.82299777897512
2024-02-12,36.91667,3.25,-0.21640368,2024-02-12,25.08797191414032
2024-02-13,36.583336,2.8333435,,2024-02-13,27.42486183499686
2024-02-13,36.583336,2.9166718,,2024-02-13,22.513610945271516
2024-02-13,36.583336,3.0,,2024-02-13,19.289317853545782
2024-02-13,36.583336,3.0833435,,2024-02-13,18.648702135525184
2024-02-13,36.583336,3.1666718,,2024-02-13,20.831708919035847
2024-02-13,36.583336,3.25,,2024-02-13,25.112182506309033
2024-02-13,36.66667,2.8333435,,2024-02-13,22.228234819302035
2024-02-13,36.66667,2.9166718,,2024-02-13,15.782881420103022
2024-02-13,36.66667,3.0,,2024-02-13,10.698609465725811
2024-02-13,36.66667,3.0833435,,2024-02-13,9.496464669132697
2024-02-13,36.66667,3.1666718,,2024-02-13,13.276882967911245
2024-02-13,36.66667,3.25,,2024-02-13,19.306074472517334
2024-02-13,36.75,2.8333435,-0.16911806,2024-02-13,20.194040166169533
2024-02-13,36.75,2.9166718,,2024-02-13,12.76987826840439
2024-02-13,36.75,3.0,,2024-02-13,5.345713953294998
2024-02-13,36.75,3.0833435,-0.16557756,2024-02-13,2.079801567910821
2024-02-13,36.75,3.1666718,-0.16298828,2024-02-13,9.50394748445699
2024-02-13,36.75,3.25,,2024-02-13,16.92811061876691
2024-02-13,36.833336,2.8333435,-0.1980271,2024-02-13,22.20863381656194
2024-02-13,36.833336,2.9166718,-0.18870772,2024-02-13,15.772124592603511
2024-02-13,36.833336,3.0,-0.18400094,2024-02-13,10.696398658202174
2024-02-13,36.833336,3.0833435,-0.18279111,2024-02-13,9.496747682395155
2024-02-13,36.833336,3.1666718,-0.18494594,2024-02-13,13.270048906298761
2024-02-13,36.833336,3.25,-0.1859248,2024-02-13,19.290330362086166
2024-02-13,36.91667,2.8333435,-0.24102627,2024-02-13,27.393082527538727
2024-02-13,36.91667,2.9166718,-0.23410405,2024-02-13,22.49852861582144
2024-02-13,36.91667,3.0,-0.2301437,2024-02-13,19.286865452625985
2024-02-13,36.91667,3.0833435,-0.2273727,2024-02-13,18.648990373299995
2024-02-13,36.91667,3.1666718,-0.22596988,2024-02-13,20.82299777897512
2024-02-13,36.91667,3.25,-0.22530414,2024-02-13,25.08797191414032
2024-02-14,36.583336,2.8333435,,2024-02-14,27.42486183499686
2024-02-14,36.583336,2.9166718,,2024-02-14,22.513610945271516
2024-02-14,36.583336,3.0,,2024-02-14,19.289317853545782
2024-02-14,36.583336,3.0833435,,2024-02-14,18.648702135525184
2024-02-14,36.583336,3.1666718,,2024-02-14,20.831708919035847
2024-02-14,36.583336,3.25,,2024-02-14,25.112182506309033
2024-02-14,36.66667,2.8333435,,2024-02-14,22.228234819302035
2024-02-14,36.66667,2.9166718,,2024-02-14,15.782881420103022
2024-02-14,36.66667,3.0,,2024-02-14,10.698609465725811
2024-02-14,36.66667,3.0833435,,2024-02-14,9.496464669132697
2024-02-14,36.66667,3.1666718,,2024-02-14,13.276882967911245
2024-02-14,36.66667,3.25,,2024-02-14,19.306074472517334
2024-02-14,36.75,2.8333435,-0.2056354,2024-02-14,20.194040166169533
2024-02-14,36.75,2.9166718,,2024-02-14,12.76987826840439
2024-02-14,36.75,3.0,,2024-02-14,5.345713953294998
2024-02-14,36.75,3.0833435,-0.19654956,2024-02-14,2.079801567910821
2024-02-14,36.75,3.1666718,-0.19603305,2024-02-14,9.50394748445699
2024-02-14,36.75,3.25,,2024-02-14,16.92811061876691
2024-02-14,36.833336,2.8333435,-0.22715294,2024-02-14,22.20863381656194
2024-02-14,36.833336,2.9166718,-0.21621111,2024-02-14,15.772124592603511
2024-02-14,36.833336,3.0,-0.20891263,2024-02-14,10.696398658202174
2024-02-14,36.833336,3.0833435,-0.205432,2024-02-14,9.496747682395155
2024-02-14,36.833336,3.1666718,-0.20493859,2024-02-14,13.270048906298761
2024-02-14,36.833336,3.25,-0.20431274,2024-02-14,19.290330362086166
2024-02-14,36.91667,2.8333435,-0.2635237,2024-02-14,27.393082527538727
2024-02-14,36.91667,2.9166718,-0.25152767,2024-02-14,22.49852861582144
2024-02-14,36.91667,3.0,-0.24277495,2024-02-14,19.286865452625985
2024-02-14,36.91667,3.0833435,-0.23839103,2024-02-14,18.648990373299995
2024-02-14,36.91667,3.1666718,-0.23792577,2024-02-14,20.82299777897512
2024-02-14,36.91667,3.25,-0.23966576,2024-02-14,25.08797191414032
2024-02-15,36.583336,2.8333435,,2024-02-15,27.42486183499686
2024-02-15,36.583336,2.9166718,,2024-02-15,22.513610945271516
2024-02-15,36.583336,3.0,,2024-02-15,19.289317853545782
2024-02-15,36.583336,3.0833435,,2024-02-15,18.648702135525184
2024-02-15,36.583336,3.1666718,,2024-02-15,20.831708919035847
2024-02-15,36.583336,3.25,,2024-02-15,25.112182506309033
2024-02-15,36.66667,2.8333435,,2024-02-15,22.228234819302035
2024-02-15,36.66667,2.9166718,,2024-02-15,15.782881420103022
2024-02-15,36.66667,3.0,,2024-02-15,10.698609465725811
2024-02-15,36.66667,3.0833435,,2024-02-15,9.496464669132697
2024-02-15,36.66667,3.1666718,,2024-02-15,13.276882967911245
2024-02-15,36.66667,3.25,,2024-02-15,19.306074472517334
2024-02-15,36.75,2.8333435,-0.22361231,2024-02-15,20.194040166169533
2024-02-15,36.75,2.9166718,,2024-02-15,12.76987826840439
2024-02-15,36.75,3.0,,2024-02-15,5.345713953294998
2024-02-15,36.75,3.0833435,-0.22046748,2024-02-15,2.079801567910821
2024-02-15,36.75,3.1666718,-0.21971855,2024-02-15,9.50394748445699
2024-02-15,36.75,3.25,,2024-02-15,16.92811061876691
2024-02-15,36.833336,2.8333435,-0.24365532,2024-02-15,22.20863381656194
2024-02-15,36.833336,2.9166718,-0.23481366,2024-02-15,15.772124592603511
2024-02-15,36.833336,3.0,-0.22832538,2024-02-15,10.696398658202174
2024-02-15,36.833336,3.0833435,-0.22458264,2024-02-15,9.496747682395155
2024-02-15,36.833336,3.1666718,-0.22230531,2024-02-15,13.270048906298761
2024-02-15,36.833336,3.25,-0.22121267,2024-02-15,19.290330362086166
2024-02-15,36.91667,2.8333435,-0.27529007,2024-02-15,27.393082527538727
2024-02-15,36.91667,2.9166718,-0.26446423,2024-02-15,22.49852861582144
2024-02-15,36.91667,3.0,-0.25498295,2024-02-15,19.286865452625985
2024-02-15,36.91667,3.0833435,-0.24717589,2024-02-15,18.648990373299995
2024-02-15,36.91667,3.1666718,-0.2420787,2024-02-15,20.82299777897512
2024-02-15,36.91667,3.25,-0.24024418,2024-02-15,25.08797191414032
2024-02-16,36.583336,2.8333435,,2024-02-16,27.42486183499686
2024-02-16,36.583336,2.9166718,,2024-02-16,22.513610945271516
2024-02-16,36.583336,3.0,,2024-02-16,19.289317853545782
2024-02-16,36.583336,3.0833435,,2024-02-16,18.648702135525184
2024-02-16,36.583336,3.1666718,,2024-02-16,20.831708919035847
2024-02-16,36.583336,3.25,,2024-02-16,25.112182506309033
2024-02-16,36.66667,2.8333435,,2024-02-16,22.228234819302035
2024-02-16,36.66667,2.9166718,,2024-02-16,15.782881420103022
2024-02-16,36.66667,3.0,,2024-02-16,10.698609465725811
2024-02-16,36.66667,3.0833435,,2024-02-16,9.496464669132697
2024-02-16,36.66667,3.1666718,,2024-02-16,13.276882967911245
2024-02-16,36.66667,3.25,,2024-02-16,19.306074472517334
2024-02-16,36.75,2.8333435,-0.2157375,2024-02-16,20.194040166169533
2024-02-16,36.75,2.9166718,,2024-02-16,12.76987826840439
2024-02-16,36.75,3.0,,2024-02-16,5.345713953294998
2024-02-16,36.75,3.0833435,-0.21362197,2024-02-16,2.079801567910821
2024-02-16,36.75,3.1666718,-0.21088435,2024-02-16,9.50394748445699
2024-02-16,36.75,3.25,,2024-02-16,16.92811061876691
2024-02-16,36.833336,2.8333435,-0.2394093,2024-02-16,22.20863381656194
2024-02-16,36.833336,2.9166718,-0.23021503,2024-02-16,15.772124592603511
2024-02-16,36.833336,3.0,-0.22372301,2024-02-16,10.696398658202174
2024-02-16,36.833336,3.0833435,-0.22008482,2024-02-16,9.496747682395155
2024-02-16,36.833336,3.1666718,-0.21735793,2024-02-16,13.270048906298761
2024-02-16,36.833336,3.25,-0.21520135,2024-02-16,19.290330362086166
2024-02-16,36.91667,2.8333435,-0.27091753,2024-02-16,27.393082527538727
2024-02-16,36.91667,2.9166718,-0.260128,2024-02-16,22.49852861582144
2024-02-16,36.91667,3.0,-0.25089422,2024-02-16,19.286865452625985
2024-02-16,36.91667,3.0833435,-0.2432274,2024-02-16,18.648990373299995
2024-02-16,36.91667,3.1666718,-0.23705514,2024-02-16,20.82299777897512
2024-02-16,36.91667,3.25,-0.23275721,2024-02-16,25.08797191414032
2024-02-17,36.583336,2.8333435,,2024-02-17,27.42486183499686
2024-02-17,36.583336,2.9166718,,2024-02-17,22.513610945271516
2024-02-17,36.583336,3.0,,2024-02-17,19.289317853545782
2024-02-17,36.583336,3.0833435,,2024-02-17,18.648702135525184
2024-02-17,36.583336,3.1666718,,2024-02-17,20.831708919035847
2024-02-17,36.583336,3.25,,2024-02-17,25.112182506309033
2024-02-17,36.66667,2.8333435,,2024-02-17,22.228234819302035
2024-02-17,36.66667,2.9166718,,2024-02-17,15.782881420103022
2024-02-17,36.66667,3.0,,2024-02-17,10.698609465725811
2024-02-17,36.66667,3.0833435,,2024-02-17,9.496464669132697
2024-02-17,36.66667,3.1666718,,2024-02-17,13.276882967911245
2024-02-17,36.66667,3.25,,2024-02-17,19.306074472517334
2024-02-17,36.75,2.8333435,-0.241683,2024-02-17,20.194040166169533
2024-02-17,36.75,2.9166718,,2024-02-17,12.76987826840439
2024-02-17,36.75,3.0,,2024-02-17,5.345713953294998
2024-02-17,36.75,3.0833435,-0.23377353,2024-02-17,2.079801567910821
2024-02-17,36.75,3.1666718,-0.23177303,2024-02-17,9.50394748445699
2024-02-17,36.75,3.25,,2024-02-17,16.92811061876691
2024-02-17,36.833336,2.8333435,-0.26085111,2024-02-17,22.20863381656194
2024-02-17,36.833336,2.9166718,-0.2518953,2024-02-17,15.772124592603511
2024-02-17,36.833336,3.0,-0.245686,2024-02-17,10.696398658202174
2024-02-17,36.833336,3.0833435,-0.24138246,2024-02-17,9.496747682395155
2024-02-17,36.833336,3.1666718,-0.23808998,2024-02-17,13.270048906298761
2024-02-17,36.833336,3.25,-0.23518474,2024-02-17,19.290330362086166
2024-02-17,36.91667,2.8333435,-0.29101685,2024-02-17,27.393082527538727
2024-02-17,36.91667,2.9166718,-0.27997777,2024-02-17,22.49852861582144
2024-02-17,36.91667,3.0,-0.27000436,2024-02-17,19.286865452625985
2024-02-17,36.91667,3.0833435,-0.26207003,2024-02-17,18.648990373299995
2024-02-17,36.91667,3.1666718,-0.2564443,2024-02-17,20.82299777897512
2024-02-17,36.91667,3.25,-0.25269097,2024-02-17,25.08797191414032
2024-02-18,36.583336,2.8333435,,2024-02-18,27.42486183499686
2024-02-18,36.583336,2.9166718,,2024-02-18,22.513610945271516
2024-02-18,36.583336,3.0,,2024-02-18,19.289317853545782
2024-02-18,36.583336,3.0833435,,2024-02-18,18.648702135525184
2024-02-18,36.583336,3.1666718,,2024-02-18,20.831708919035847
2024-02-18,36.583336,3.25,,2024-02-18,25.112182506309033
2024-02-18,36.66667,2.8333435,,2024-02-18,22.228234819302035
2024-02-18,36.66667,2.9166718,,2024-02-18,15.782881420103022
2024-02-18,36.66667,3.0,,2024-02-18,10.698609465725811
2024-02-18,36.66667,3.0833435,,2024-02-18,9.496464669132697
2024-02-18,36.66667,3.1666718,,2024-02-18,13.276882967911245
2024-02-18,36.66667,3.25,,2024-02-18,19.306074472517334
2024-02-18,36.75,2.8333435,-0.2996472,2024-02-18,20.194040166169533
2024-02-18,36.75,2.9166718,,2024-02-18,12.76987826840439
2024-02-18,36.75,3.0,,2024-02-18,5.345713953294998
2024-02-18,36.75,3.0833435,-0.29272655,2024-02-18,2.079801567910821
2024-02-18,36.75,3.1666718,-0.29233816,2024-02-18,9.50394748445699
2024-02-18,36.75,3.25,,2024-02-18,16.92811061876691
2024-02-18,36.833336,2.8333435,-0.3077014,2024-02-18,22.20863381656194
2024-02-18,36.833336,2.9166718,-0.30259937,2024-02-18,15.772124592603511
2024-02-18,36.833336,3.0,-0.298107,2024-02-18,10.696398658202174
2024-02-18,36.833336,3.0833435,-0.29334745,2024-02-18,9.496747682395155
2024-02-18,36.833336,3.1666718,-0.28979892,2024-02-18,13.270048906298761
2024-02-18,36.833336,3.25,-0.2876979,2024-02-18,19.290330362086166
2024-02-18,36.91667,2.8333435,-0.328697,2024-02-18,27.393082527538727
2024-02-18,36.91667,2.9166718,-0.31989357,2024-02-18,22.49852861582144
2024-02-18,36.91667,3.0,-0.3105305,2024-02-18,19.286865452625985
2024-02-18,36.91667,3.0833435,-0.302303,2024-02-18,18.648990373299995
2024-02-18,36.91667,3.1666718,-0.29665765,2024-02-18,20.82299777897512
2024-02-18,36.91667,3.25,-0.29357502,2024-02-18,25.08797191414032
2024-02-19,36.583336,2.8333435,,2024-02-19,27.42486183499686
2024-02-19,36.583336,2.9166718,,2024-02-19,22.513610945271516
2024-02-19,36.583336,3.0,,2024-02-19,19.289317853545782
2024-02-19,36.583336,3.0833435,,2024-02-19,18.648702135525184
2024-02-19,36.583336,3.1666718,,2024-02-19,20.831708919035847
2024-02-19,36.583336,3.25,,2024-02-19,25.112182506309033
2024-02-19,36.66667,2.8333435,,2024-02-19,22.228234819302035
2024-02-19,36.66667,2.9166718,,2024-02-19,15.782881420103022
2024-02-19,36.66667,3.0,,2024-02-19,10.698609465725811
2024-02-19,36.66667,3.0833435,,2024-02-19,9.496464669132697
2024-02-19,36.66667,3.1666718,,2024-02-19,13.276882967911245
2024-02-19,36.66667,3.25,,2024-02-19,19.306074472517334
2024-02-19,36.75,2.8333435,-0.34148437,2024-02-19,20.194040166169533
2024-02-19,36.75,2.9166718,,2024-02-19,12.76987826840439
2024-02-19,36.75,3.0,,2024-02-19,5.345713953294998
2024-02-19,36.75,3.0833435,-0.3368026,2024-02-19,2.079801567910821
2024-02-19,36.75,3.1666718,-0.3368048,2024-02-19,9.50394748445699
2024-02-19,36.75,3.25,,2024-02-19,16.92811061876691
2024-02-19,36.833336,2.8333435,-0.34609565,2024-02-19,22.20863381656194
2024-02-19,36.833336,2.9166718,-0.34161633,2024-02-19,15.772124592603511
2024-02-19,36.833336,3.0,-0.33799547,2024-02-19,10.696398658202174
2024-02-19,36.833336,3.0833435,-0.333548,2024-02-19,9.496747682395155
2024-02-19,36.833336,3.1666718,-0.3304454,2024-02-19,13.270048906298761
2024-02-19,36.833336,3.25,-0.32858384,2024-02-19,19.290330362086166
2024-02-19,36.91667,2.8333435,-0.35970023,2024-02-19,27.393082527538727
2024-02-19,36.91667,2.9166718,-0.35130173,2024-02-19,22.49852861582144
2024-02-19,36.91667,3.0,-0.34292647,2024-02-19,19.286865452625985
2024-02-19,36.91667,3.0833435,-0.3349392,2024-02-19,18.648990373299995
2024-02-19,36.91667,3.1666718,-0.32968634,2024-02-19,20.82299777897512
2024-02-19,36.91667,3.25,-0.32735878,2024-02-19,25.08797191414032
2024-02-20,36.583336,2.8333435,,2024-02-20,27.42486183499686
2024-02-20,36.583336,2.9166718,,2024-02-20,22.513610945271516
2024-02-20,36.583336,3.0,,2024-02-20,19.289317853545782
2024-02-20,36.583336,3.0833435,,2024-02-20,18.648702135525184
2024-02-20,36.583336,3.1666718,,2024-02-20,20.831708919035847
2024-02-20,36.583336,3.25,,2024-02-20,25.112182506309033
2024-02-20,36.66667,2.8333435,,2024-02-20,22.228234819302035
2024-02-20,36.66667,2.9166718,,2024-02-20,15.782881420103022
2024-02-20,36.66667,3.0,,2024-02-20,10.698609465725811
2024-02-20,36.66667,3.0833435,,2024-02-20,9.496464669132697
2024-02-20,36.66667,3.1666718,,2024-02-20,13.276882967911245
2024-02-20,36.66667,3.25,,2024-02-20,19.306074472517334
2024-02-20,36.75,2.8333435,-0.35329685,2024-02-20,20.194040166169533
2024-02-20,36.75,2.9166718,,2024-02-20,12.76987826840439
2024-02-20,36.75,3.0,,2024-02-20,5.345713953294998
2024-02-20,36.75,3.0833435,-0.34883642,2024-02-20,2.079801567910821
2024-02-20,36.75,3.1666718,-0.34910047,2024-02-20,9.50394748445699
2024-02-20,36.75,3.25,,2024-02-20,16.92811061876691
2024-02-20,36.833336,2.8333435,-0.35645837,2024-02-20,22.20863381656194
2024-02-20,36.833336,2.9166718,-0.35104856,2024-02-20,15.772124592603511
2024-02-20,36.833336,3.0,-0.34704784,2024-02-20,10.696398658202174
2024-02-20,36.833336,3.0833435,-0.34325182,2024-02-20,9.496747682395155
2024-02-20,36.833336,3.1666718,-0.3414413,2024-02-20,13.270048906298761
2024-02-20,36.833336,3.25,-0.3395226,2024-02-20,19.290330362086166
2024-02-20,36.91667,2.8333435,-0.36425027,2024-02-20,27.393082527538727
2024-02-20,36.91667,2.9166718,-0.35379633,2024-02-20,22.49852861582144
2024-02-20,36.91667,3.0,-0.34519225,2024-02-20,19.286865452625985
2024-02-20,36.91667,3.0833435,-0.33823368,2024-02-20,18.648990373299995
2024-02-20,36.91667,3.1666718,-0.33457273,2024-02-20,20.82299777897512
2024-02-20,36.91667,3.25,-0.33326122,2024-02-20,25.08797191414032
2024-02-21,36.583336,2.8333435,,2024-02-21,27.42486183499686
2024-02-21,36.583336,2.9166718,,2024-02-21,22.513610945271516
2024-02-21,36.583336,3.0,,2024-02-21,19.289317853545782
2024-02-21,36.583336,3.0833435,,2024-02-21,18.648702135525184
2024-02-21,36.583336,3.1666718,,2024-02-21,20.831708919035847
2024-02-21,36.583336,3.25,,2024-02-21,25.112182506309033
2024-02-21,36.66667,2.8333435,,2024-02-21,22.228234819302035
2024-02-21,36.66667,2.9166718,,2024-02-21,15.782881420103022
2024-02-21,36.66667,3.0,,2024-02-21,10.698609465725811
2024-02-21,36.66667,3.0833435,,2024-02-21,9.496464669132697
2024-02-21,36.66667,3.1666718,,2024-02-21,13.276882967911245
2024-02-21,36.66667,3.25,,2024-02-21,19.306074472517334
2024-02-21,36.75,2.8333435,-0.35443714,2024-02-21,20.194040166169533
2024-02-21,36.75,2.9166718,,2024-02-21,12.76987826840439
2024-02-21,36.75,3.0,,2024-02-21,5.345713953294998
2024-02-21,36.75,3.0833435,-0.34853724,2024-02-21,2.079801567910821
2024-02-21,36.75,3.1666718,-0.34935224,2024-02-21,9.50394748445699
2024-02-21,36.75,3.25,,2024-02-21,16.92811061876691
2024-02-21,36.833336,2.8333435,-0.35192168,2024-02-21,22.20863381656194
2024-02-21,36.833336,2.9166718,-0.3475635,2024-02-21,15.772124592603511
2024-02-21,36.833336,3.0,-0.34351894,2024-02-21,10.696398658202174
2024-02-21,36.833336,3.0833435,-0.3407077,2024-02-21,9.496747682395155
2024-02-21,36.833336,3.1666718,-0.33932522,2024-02-21,13.270048906298761
2024-02-21,36.833336,3.25,-0.33713758,2024-02-21,19.290330362086166
2024-02-21,36.91667,2.8333435,-0.35074088,2024-02-21,27.393082527538727
2024-02-21,36.91667,2.9166718,-0.33976254,2024-02-21,22.49852861582144
2024-02-21,36.91667,3.0,-0.33177647,2024-02-21,19.286865452625985
2024-02-21,36.91667,3.0833435,-0.32780752,2024-02-21,18.648990373299995
2024-02-21,36.91667,3.1666718,-0.3263148,2024-02-21,20.82299777897512
2024-02-21,36.91667,3.25,-0.32514474,2024-02-21,25.08797191414032
2024-02-22,36.583336,2.8333435,,2024-02-22,27.42486183499686
2024-02-22,36.583336,2.9166718,,2024-02-22,22.513610945271516
2024-02-22,36.583336,3.0,,2024-02-22,19.289317853545782
2024-02-22,36.583336,3.0833435,,2024-02-22,18.648702135525184
2024-02-22,36.583336,3.1666718,,2024-02-22,20.831708919035847
2024-02-22,36.583336,3.25,,2024-02-22,25.112182506309033
2024-02-22,36.66667,2.8333435,,2024-02-22,22.228234819302035
2024-02-22,36.66667,2.9166718,,2024-02-22,15.782881420103022
2024-02-22,36.66667,3.0,,2024-02-22,10.698609465725811
2024-02-22,36.66667,3.0833435,,2024-02-22,9.496464669132697
2024-02-22,36.66667,3.1666718,,2024-02-22,13.276882967911245
2024-02-22,36.66667,3.25,,2024-02-22,19.306074472517334
2024-02-22,36.75,2.8333435,-0.36312717,2024-02-22,20.194040166169533
2024-02-22,36.75,2.9166718,,2024-02-22,12.76987826840439
2024-02-22,36.75,3.0,,2024-02-22,5.345713953294998
2024-02-22,36.75,3.0833435,-0.35881215,2024-02-22,2.079801567910821
2024-02-22,36.75,3.1666718,-0.35932657,2024-02-22,9.50394748445699
2024-02-22,36.75,3.25,,2024-02-22,16.92811061876691
2024-02-22,36.833336,2.8333435,-0.3564394,2024-02-22,22.20863381656194
2024-02-22,36.833336,2.9166718,-0.35399154,2024-02-22,15.772124592603511
2024-02-22,36.833336,3.0,-0.35142943,2024-02-22,10.696398658202174
2024-02-22,36.833336,3.0833435,-0.34961393,2024-02-22,9.496747682395155
2024-02-22,36.833336,3.1666718,-0.34736213,2024-02-22,13.270048906298761
2024-02-22,36.833336,3.25,-0.34485054,2024-02-22,19.290330362086166
2024-02-22,36.91667,2.8333435,-0.34483787,2024-02-22,27.393082527538727
2024-02-22,36.91667,2.9166718,-0.33679023,2024-02-22,22.49852861582144
2024-02-22,36.91667,3.0,-0.3333729,2024-02-22,19.286865452625985
2024-02-22,36.91667,3.0833435,-0.33234954,2024-02-22,18.648990373299995
2024-02-22,36.91667,3.1666718,-0.33058044,2024-02-22,20.82299777897512
2024-02-22,36.91667,3.25,-0.32978055,2024-02-22,25.08797191414032
2024-02-23,36.583336,2.8333435,,2024-02-23,27.42486183499686
2024-02-23,36.583336,2.9166718,,2024-02-23,22.513610945271516
2024-02-23,36.583336,3.0,,2024-02-23,19.289317853545782
2024-02-23,36.583336,3.0833435,,2024-02-23,18.648702135525184
2024-02-23,36.583336,3.1666718,,2024-02-23,20.831708919035847
2024-02-23,36.583336,3.25,,2024-02-23,25.112182506309033
2024-02-23,36.66667,2.8333435,,2024-02-23,22.228234819302035
2024-02-23,36.66667,2.9166718,,2024-02-23,15.782881420103022
2024-02-23,36.66667,3.0,,2024-02-23,10.698609465725811
2024-02-23,36.66667,3.0833435,,2024-02-23,9.496464669132697
2024-02-23,36.66667,3.1666718,,2024-02-23,13.276882967911245
2024-02-23,36.66667,3.25,,2024-02-23,19.306074472517334
2024-02-23,36.75,2.8333435,-0.33630404,2024-02-23,20.194040166169533
2024-02-23,36.75,2.9166718,,2024-02-23,12.76987826840439
2024-02-23,36.75,3.0,,2024-02-23,5.345713953294998
2024-02-23,36.75,3.0833435,-0.34238318,2024-02-23,2.079801567910821
2024-02-23,36.75,3.1666718,-0.3409787,2024-02-23,9.50394748445699
2024-02-23,36.75,3.25,,2024-02-23,16.92811061876691
2024-02-23,36.833336,2.8333435,-0.33778235,2024-02-23,22.20863381656194
2024-02-23,36.833336,2.9166718,-0.33609295,2024-02-23,15.772124592603511
2024-02-23,36.833336,3.0,-0.33544067,2024-02-23,10.696398658202174
2024-02-23,36.833336,3.0833435,-0.3355783,2024-02-23,9.496747682395155
2024-02-23,36.833336,3.1666718,-0.334676,2024-02-23,13.270048906298761
2024-02-23,36.833336,3.25,-0.33450267,2024-02-23,19.290330362086166
2024-02-23,36.91667,2.8333435,-0.32905844,2024-02-23,27.393082527538727
2024-02-23,36.91667,2.9166718,-0.32546443,2024-02-23,22.49852861582144
2024-02-23,36.91667,3.0,-0.32522303,2024-02-23,19.286865452625985
2024-02-23,36.91667,3.0833435,-0.32475105,2024-02-23,18.648990373299995
2024-02-23,36.91667,3.1666718,-0.3243655,2024-02-23,20.82299777897512
2024-02-23,36.91667,3.25,-0.32668847,2024-02-23,25.08797191414032
2024-02-24,36.583336,2.8333435,,2024-02-24,27.42486183499686
2024-02-24,36.583336,2.9166718,,2024-02-24,22.513610945271516
2024-02-24,36.583336,3.0,,2024-02-24,19.289317853545782
2024-02-24,36.583336,3.0833435,,2024-02-24,18.648702135525184
2024-02-24,36.583336,3.1666718,,2024-02-24,20.831708919035847
2024-02-24,36.583336,3.25,,2024-02-24,25.112182506309033
2024-02-24,36.66667,2.8333435,,2024-02-24,22.228234819302035
2024-02-24,36.66667,2.9166718,,2024-02-24,15.782881420103022
2024-02-24,36.66667,3.0,,2024-02-24,10.698609465725811
2024-02-24,36.66667,3.0833435,,2024-02-24,9.496464669132697
2024-02-24,36.66667,3.1666718,,2024-02-24,13.276882967911245
2024-02-24,36.66667,3.25,,2024-02-24,19.306074472517334
2024-02-24,36.75,2.8333435,-0.3116599,2024-02-24,20.194040166169533
2024-02-24,36.75,2.9166718,,2024-02-24,12.76987826840439
2024-02-24,36.75,3.0,,2024-02-24,5.345713953294998
2024-02-24,36.75,3.0833435,-0.31526616,2024-02-24,2.079801567910821
2024-02-24,36.75,3.1666718,-0.3126909,2024-02-24,9.50394748445699
2024-02-24,36.75,3.25,,2024-02-24,16.92811061876691
2024-02-24,36.833336,2.8333435,-0.3212006,2024-02-24,22.20863381656194
2024-02-24,36.833336,2.9166718,-0.31825846,2024-02-24,15.772124592603511
2024-02-24,36.833336,3.0,-0.31743997,2024-02-24,10.696398658202174
2024-02-24,36.833336,3.0833435,-0.3178548,2024-02-24,9.496747682395155
2024-02-24,36.833336,3.1666718,-0.3172847,2024-02-24,13.270048906298761
2024-02-24,36.833336,3.25,-0.3178945,2024-02-24,19.290330362086166
2024-02-24,36.91667,2.8333435,-0.3248313,2024-02-24,27.393082527538727
2024-02-24,36.91667,2.9166718,-0.32273257,2024-02-24,22.49852861582144
2024-02-24,36.91667,3.0,-0.32348517,2024-02-24,19.286865452625985
2024-02-24,36.91667,3.0833435,-0.32274452,2024-02-24,18.648990373299995
2024-02-24,36.91667,3.1666718,-0.32175073,2024-02-24,20.82299777897512
2024-02-24,36.91667,3.25,-0.32319364,2024-02-24,25.08797191414032
2024-02-25,36.583336,2.8333435,,2024-02-25,27.42486183499686
2024-02-25,36.583336,2.9166718,,2024-02-25,22.513610945271516
2024-02-25,36.583336,3.0,,2024-02-25,19.289317853545782
2024-02-25,36.583336,3.0833435,,2024-02-25,18.648702135525184
2024-02-25,36.583336,3.1666718,,2024-02-25,20.831708919035847
2024-02-25,36.583336,3.25,,2024-02-25,25.112182506309033
2024-02-25,36.66667,2.8333435,,2024-02-25,22.228234819302035
2024-02-25,36.66667,2.9166718,,2024-02-25,15.782881420103022
2024-02-25,36.66667,3.0,,2024-02-25,10.698609465725811
2024-02-25,36.66667,3.0833435,,2024-02-25,9.496464669132697
2024-02-25,36.66667,3.1666718,,2024-02-25,13.276882967911245
2024-02-25,36.66667,3.25,,2024-02-25,19.306074472517334
2024-02-25,36.75,2.8333435,-0.32181734,2024-02-25,20.194040166169533
2024-02-25,36.75,2.9166718,,2024-02-25,12.76987826840439
2024-02-25,36.75,3.0,,2024-02-25,5.345713953294998
2024-02-25,36.75,3.0833435,-0.3255924,2024-02-25,2.079801567910821
2024-02-25,36.75,3.1666718,-0.32260355,2024-02-25,9.50394748445699
2024-02-25,36.75,3.25,,2024-02-25,16.92811061876691
2024-02-25,36.833336,2.8333435,-0.33730885,2024-02-25,22.20863381656194
2024-02-25,36.833336,2.9166718,-0.3336827,2024-02-25,15.772124592603511
2024-02-25,36.833336,3.0,-0.33292446,2024-02-25,10.696398658202174
2024-02-25,36.833336,3.0833435,-0.33370078,2024-02-25,9.496747682395155
2024-02-25,36.833336,3.1666718,-0.33355188,2024-02-25,13.270048906298761
2024-02-25,36.833336,3.25,-0.33422112,2024-02-25,19.290330362086166
2024-02-25,36.91667,2.8333435,-0.35147768,2024-02-25,27.393082527538727
2024-02-25,36.91667,2.9166718,-0.34809473,2024-02-25,22.49852861582144
2024-02-25,36.91667,3.0,-0.34996125,2024-02-25,19.286865452625985
2024-02-25,36.91667,3.0833435,-0.3506766,2024-02-25,18.648990373299995
2024-02-25,36.91667,3.1666718,-0.3493046,2024-02-25,20.82299777897512
2024-02-25,36.91667,3.25,-0.3484116,2024-02-25,25.08797191414032
2024-02-26,36.583336,2.8333435,,2024-02-26,27.42486183499686
2024-02-26,36.583336,2.9166718,,2024-02-26,22.513610945271516
2024-02-26,36.583336,3.0,,2024-02-26,19.289317853545782
2024-02-26,36.583336,3.0833435,,2024-02-26,18.648702135525184
2024-02-26,36.583336,3.1666718,,2024-02-26,20.831708919035847
2024-02-26,36.583336,3.25,,2024-02-26,25.112182506309033
2024-02-26,36.66667,2.8333435,,2024-02-26,22.228234819302035
2024-02-26,36.66667,2.9166718,,2024-02-26,15.782881420103022
2024-02-26,36.66667,3.0,,2024-02-26,10.698609465725811
2024-02-26,36.66667,3.0833435,,2024-02-26,9.496464669132697
2024-02-26,36.66667,3.1666718,,2024-02-26,13.276882967911245
2024-02-26,36.66667,3.25,,2024-02-26,19.306074472517334
2024-02-26,36.75,2.8333435,-0.24807644,2024-02-26,20.194040166169533
2024-02-26,36.75,2.9166718,,2024-02-26,12.76987826840439
2024-02-26,36.75,3.0,,2024-02-26,5.345713953294998
2024-02-26,36.75,3.0833435,-0.25769538,2024-02-26,2.079801567910821
2024-02-26,36.75,3.1666718,-0.2538542,2024-02-26,9.50394748445699
2024-02-26,36.75,3.25,,2024-02-26,16.92811061876691
2024-02-26,36.833336,2.8333435,-0.27673426,2024-02-26,22.20863381656194
2024-02-26,36.833336,2.9166718,-0.27006555,2024-02-26,15.772124592603511
2024-02-26,36.833336,3.0,-0.26779807,2024-02-26,10.696398658202174
2024-02-26,36.833336,3.0833435,-0.26947793,2024-02-26,9.496747682395155
2024-02-26,36.833336,3.1666718,-0.27241904,2024-02-26,13.270048906298761
2024-02-26,36.833336,3.25,-0.2743956,2024-02-26,19.290330362086166
2024-02-26,36.91667,2.8333435,-0.30828226,2024-02-26,27.393082527538727
2024-02-26,36.91667,2.9166718,-0.2996223,2024-02-26,22.49852861582144
2024-02-26,36.91667,3.0,-0.29715106,2024-02-26,19.286865452625985
2024-02-26,36.91667,3.0833435,-0.2990851,2024-02-26,18.648990373299995
2024-02-26,36.91667,3.1666718,-0.30206934,2024-02-26,20.82299777897512
2024-02-26,36.91667,3.25,-0.3040934,2024-02-26,25.08797191414032
2024-02-27,36.583336,2.8333435,,2024-02-27,27.42486183499686
2024-02-27,36.583336,2.9166718,,2024-02-27,22.513610945271516
2024-02-27,36.583336,3.0,,2024-02-27,19.289317853545782
2024-02-27,36.583336,3.0833435,,2024-02-27,18.648702135525184
2024-02-27,36.583336,3.1666718,,2024-02-27,20.831708919035847
2024-02-27,36.583336,3.25,,2024-02-27,25.112182506309033
2024-02-27,36.66667,2.8333435,,2024-02-27,22.228234819302035
2024-02-27,36.66667,2.9166718,,2024-02-27,15.782881420103022
2024-02-27,36.66667,3.0,,2024-02-27,10.698609465725811
2024-02-27,36.66667,3.0833435,,2024-02-27,9.496464669132697
2024-02-27,36.66667,3.1666718,,2024-02-27,13.276882967911245
2024-02-27,36.66667,3.25,,2024-02-27,19.306074472517334
2024-02-27,36.75,2.8333435,-0.22480422,2024-02-27,20.194040166169533
2024-02-27,36.75,2.9166718,,2024-02-27,12.76987826840439
2024-02-27,36.75,3.0,,2024-02-27,5.345713953294998
2024-02-27,36.75,3.0833435,-0.22269234,2024-02-27,2.079801567910821
2024-02-27,36.75,3.1666718,-0.21798697,2024-02-27,9.50394748445699
2024-02-27,36.75,3.25,,2024-02-27,16.92811061876691
2024-02-27,36.833336,2.8333435,-0.2604639,2024-02-27,22.20863381656194
2024-02-27,36.833336,2.9166718,-0.24608606,2024-02-27,15.772124592603511
2024-02-27,36.833336,3.0,-0.23969577,2024-02-27,10.696398658202174
2024-02-27,36.833336,3.0833435,-0.23794134,2024-02-27,9.496747682395155
2024-02-27,36.833336,3.1666718,-0.24105963,2024-02-27,13.270048906298761
2024-02-27,36.833336,3.25,-0.24366546,2024-02-27,19.290330362086166
2024-02-27,36.91667,2.8333435,-0.30622825,2024-02-27,27.393082527538727
2024-02-27,36.91667,2.9166718,-0.2926545,2024-02-27,22.49852861582144
2024-02-27,36.91667,3.0,-0.28531995,2024-02-27,19.286865452625985
2024-02-27,36.91667,3.0833435,-0.2823823,2024-02-27,18.648990373299995
2024-02-27,36.91667,3.1666718,-0.28317484,2024-02-27,20.82299777897512
2024-02-27,36.91667,3.25,-0.2873523,2024-02-27,25.08797191414032
2024-02-28,36.583336,2.8333435,,2024-02-28,27.42486183499686
2024-02-28,36.583336,2.9166718,,2024-02-28,22.513610945271516
2024-02-28,36.583336,3.0,,2024-02-28,19.289317853545782
2024-02-28,36.583336,3.0833435,,2024-02-28,18.648702135525184
2024-02-28,36.583336,3.1666718,,2024-02-28,20.831708919035847
2024-02-28,36.583336,3.25,,2024-02-28,25.112182506309033
2024-02-28,36.66667,2.8333435,,2024-02-28,22.228234819302035
2024-02-28,36.66667,2.9166718,,2024-02-28,15.782881420103022
2024-02-28,36.66667,3.0,,2024-02-28,10.698609465725811
2024-02-28,36.66667,3.0833435,,2024-02-28,9.496464669132697
2024-02-28,36.66667,3.1666718,,2024-02-28,13.276882967911245
2024-02-28,36.66667,3.25,,2024-02-28,19.306074472517334
2024-02-28,36.75,2.8333435,-0.28261325,2024-02-28,20.194040166169533
2024-02-28,36.75,2.9166718,,2024-02-28,12.76987826840439
2024-02-28,36.75,3.0,,2024-02-28,5.345713953294998
2024-02-28,36.75,3.0833435,-0.27407303,2024-02-28,2.079801567910821
2024-02-28,36.75,3.1666718,-0.2709358,2024-02-28,9.50394748445699
2024-02-28,36.75,3.25,,2024-02-28,16.92811061876691
2024-02-28,36.833336,2.8333435,-0.3079982,2024-02-28,22.20863381656194
2024-02-28,36.833336,2.9166718,-0.29232225,2024-02-28,15.772124592603511
2024-02-28,36.833336,3.0,-0.2841006,2024-02-28,10.696398658202174
2024-02-28,36.833336,3.0833435,-0.28059426,2024-02-28,9.496747682395155
2024-02-28,36.833336,3.1666718,-0.27977502,2024-02-28,13.270048906298761
2024-02-28,36.833336,3.25,-0.27881533,2024-02-28,19.290330362086166
2024-02-28,36.91667,2.8333435,-0.3483604,2024-02-28,27.393082527538727
2024-02-28,36.91667,2.9166718,-0.328734,2024-02-28,22.49852861582144
2024-02-28,36.91667,3.0,-0.31541532,2024-02-28,19.286865452625985
2024-02-28,36.91667,3.0833435,-0.30899665,2024-02-28,18.648990373299995
2024-02-28,36.91667,3.1666718,-0.30811968,2024-02-28,20.82299777897512
2024-02-28,36.91667,3.25,-0.311126,2024-02-28,25.08797191414032
2024-02-29,36.583336,2.8333435,,2024-02-29,27.42486183499686
2024-02-29,36.583336,2.9166718,,2024-02-29,22.513610945271516
2024-02-29,36.583336,3.0,,2024-02-29,19.289317853545782
2024-02-29,36.583336,3.0833435,,2024-02-29,18.648702135525184
2024-02-29,36.583336,3.1666718,,2024-02-29,20.831708919035847
2024-02-29,36.583336,3.25,,2024-02-29,25.112182506309033
2024-02-29,36.66667,2.8333435,,2024-02-29,22.228234819302035
2024-02-29,36.66667,2.9166718,,2024-02-29,15.782881420103022
2024-02-29,36.66667,3.0,,2024-02-29,10.698609465725811
2024-02-29,36.66667,3.0833435,,2024-02-29,9.496464669132697
2024-02-29,36.66667,3.1666718,,2024-02-29,13.276882967911245
2024-02-29,36.66667,3.25,,2024-02-29,19.306074472517334
2024-02-29,36.75,2.8333435,-0.30472004,2024-02-29,20.194040166169533
2024-02-29,36.75,2.9166718,,2024-02-29,12.76987826840439
2024-02-29,36.75,3.0,,2024-02-29,5.345713953294998
2024-02-29,36.75,3.0833435,-0.30089587,2024-02-29,2.079801567910821
2024-02-29,36.75,3.1666718,-0.29791185,2024-02-29,9.50394748445699
2024-02-29,36.75,3.25,,2024-02-29,16.92811061876691
2024-02-29,36.833336,2.8333435,-0.33129805,2024-02-29,22.20863381656194
2024-02-29,36.833336,2.9166718,-0.3159725,2024-02-29,15.772124592603511
2024-02-29,36.833336,3.0,-0.30586484,2024-02-29,10.696398658202174
2024-02-29,36.833336,3.0833435,-0.30175084,2024-02-29,9.496747682395155
2024-02-29,36.833336,3.1666718,-0.30050656,2024-02-29,13.270048906298761
2024-02-29,36.833336,3.25,-0.29814178,2024-02-29,19.290330362086166
2024-02-29,36.91667,2.8333435,-0.36716238,2024-02-29,27.393082527538727
2024-02-29,36.91667,2.9166718,-0.34622076,2024-02-29,22.49852861582144
2024-02-29,36.91667,3.0,-0.32711327,2024-02-29,19.286865452625985
2024-02-29,36.91667,3.0833435,-0.31483084,2024-02-29,18.648990373299995
2024-02-29,36.91667,3.1666718,-0.31055444,2024-02-29,20.82299777897512
2024-02-29,36.91667,3.25,-0.312223,2024-02-29,25.08797191414032
2024-03-01,36.583336,2.8333435,,2024-03-01,27.42486183499686
2024-03-01,36.583336,2.9166718,,2024-03-01,22.513610945271516
2024-03-01,36.583336,3.0,,2024-03-01,19.289317853545782
2024-03-01,36.583336,3.0833435,,2024-03-01,18.648702135525184
2024-03-01,36.583336,3.1666718,,2024-03-01,20.831708919035847
2024-03-01,36.583336,3.25,,2024-03-01,25.112182506309033
2024-03-01,36.66667,2.8333435,,2024-03-01,22.228234819302035
2024-03-01,36.66667,2.9166718,,2024-03-01,15.782881420103022
2024-03-01,36.66667,3.0,,2024-03-01,10.698609465725811
2024-03-01,36.66667,3.0833435,,2024-03-01,9.496464669132697
2024-03-01,36.66667,3.1666718,,2024-03-01,13.276882967911245
2024-03-01,36.66667,3.25,,2024-03-01,19.306074472517334
2024-03-01,36.75,2.8333435,-0.33968744,2024-03-01,20.194040166169533
2024-03-01,36.75,2.9166718,,2024-03-01,12.76987826840439
2024-03-01,36.75,3.0,,2024-03-01,5.345713953294998
2024-03-01,36.75,3.0833435,-0.33119392,2024-03-01,2.079801567910821
2024-03-01,36.75,3.1666718,-0.32681447,2024-03-01,9.50394748445699
2024-03-01,36.75,3.25,,2024-03-01,16.92811061876691
2024-03-01,36.833336,2.8333435,-0.36853966,2024-03-01,22.20863381656194
2024-03-01,36.833336,2.9166718,-0.3564047,2024-03-01,15.772124592603511
2024-03-01,36.833336,3.0,-0.3448776,2024-03-01,10.696398658202174
2024-03-01,36.833336,3.0833435,-0.33694002,2024-03-01,9.496747682395155
2024-03-01,36.833336,3.1666718,-0.3335914,2024-03-01,13.270048906298761
2024-03-01,36.833336,3.25,-0.3297714,2024-03-01,19.290330362086166
2024-03-01,36.91667,2.8333435,-0.40485948,2024-03-01,27.393082527538727
2024-03-01,36.91667,2.9166718,-0.39152366,2024-03-01,22.49852861582144
2024-03-01,36.91667,3.0,-0.37256595,2024-03-01,19.286865452625985
2024-03-01,36.91667,3.0833435,-0.35368156,2024-03-01,18.648990373299995
2024-03-01,36.91667,3.1666718,-0.34152037,2024-03-01,20.82299777897512
2024-03-01,36.91667,3.25,-0.33714703,2024-03-01,25.08797191414032
2024-03-02,36.583336,2.8333435,,2024-03-02,27.42486183499686
2024-03-02,36.583336,2.9166718,,2024-03-02,22.513610945271516
2024-03-02,36.583336,3.0,,2024-03-02,19.289317853545782
2024-03-02,36.583336,3.0833435,,2024-03-02,18.648702135525184
2024-03-02,36.583336,3.1666718,,2024-03-02,20.831708919035847
2024-03-02,36.583336,3.25,,2024-03-02,25.112182506309033
2024-03-02,36.66667,2.8333435,,2024-03-02,22.228234819302035
2024-03-02,36.66667,2.9166718,,2024-03-02,15.782881420103022
2024-03-02,36.66667,3.0,,2024-03-02,10.698609465725811
2024-03-02,36.66667,3.0833435,,2024-03-02,9.496464669132697
2024-03-02,36.66667,3.1666718,,2024-03-02,13.276882967911245
2024-03-02,36.66667,3.25,,2024-03-02,19.306074472517334
2024-03-02,36.75,2.8333435,-0.37956938,2024-03-02,20.194040166169533
2024-03-02,36.75,2.9166718,,2024-03-02,12.76987826840439
2024-03-02,36.75,3.0,,2024-03-02,5.345713953294998
2024-03-02,36.75,3.0833435,-0.37209105,2024-03-02,2.079801567910821
2024-03-02,36.75,3.1666718,-0.37060124,2024-03-02,9.50394748445699
2024-03-02,36.75,3.25,,2024-03-02,16.92811061876691
2024-03-02,36.833336,2.8333435,-0.3971822,2024-03-02,22.20863381656194
2024-03-02,36.833336,2.9166718,-0.39057103,2024-03-02,15.772124592603511
2024-03-02,36.833336,3.0,-0.38301578,2024-03-02,10.696398658202174
2024-03-02,36.833336,3.0833435,-0.37576798,2024-03-02,9.496747682395155
2024-03-02,36.833336,3.1666718,-0.3710504,2024-03-02,13.270048906298761
2024-03-02,36.833336,3.25,-0.36680233,2024-03-02,19.290330362086166
2024-03-02,36.91667,2.8333435,-0.42566153,2024-03-02,27.393082527538727
2024-03-02,36.91667,2.9166718,-0.41696823,2024-03-02,22.49852861582144
2024-03-02,36.91667,3.0,-0.40531367,2024-03-02,19.286865452625985
2024-03-02,36.91667,3.0833435,-0.3894103,2024-03-02,18.648990373299995
2024-03-02,36.91667,3.1666718,-0.37549624,2024-03-02,20.82299777897512
2024-03-02,36.91667,3.25,-0.36614725,2024-03-02,25.08797191414032
2024-03-03,36.583336,2.8333435,,2024-03-03,27.42486183499686
2024-03-03,36.583336,2.9166718,,2024-03-03,22.513610945271516
2024-03-03,36.583336,3.0,,2024-03-03,19.289317853545782
2024-03-03,36.583336,3.0833435,,2024-03-03,18.648702135525184
2024-03-03,36.583336,3.1666718,,2024-03-03,20.831708919035847
2024-03-03,36.583336,3.25,,2024-03-03,25.112182506309033
2024-03-03,36.66667,2.8333435,,2024-03-03,22.228234819302035
2024-03-03,36.66667,2.9166718,,2024-03-03,15.782881420103022
2024-03-03,36.66667,3.0,,2024-03-03,10.698609465725811
2024-03-03,36.66667,3.0833435,,2024-03-03,9.496464669132697
2024-03-03,36.66667,3.1666718,,2024-03-03,13.276882967911245
2024-03-03,36.66667,3.25,,2024-03-03,19.306074472517334
2024-03-03,36.75,2.8333435,-0.3462473,2024-03-03,20.194040166169533
2024-03-03,36.75,2.9166718,,2024-03-03,12.76987826840439
2024-03-03,36.75,3.0,,2024-03-03,5.345713953294998
2024-03-03,36.75,3.0833435,-0.34570608,2024-03-03,2.079801567910821
2024-03-03,36.75,3.1666718,-0.34085515,2024-03-03,9.50394748445699
2024-03-03,36.75,3.25,,2024-03-03,16.92811061876691
2024-03-03,36.833336,2.8333435,-0.36725238,2024-03-03,22.20863381656194
2024-03-03,36.833336,2.9166718,-0.3625611,2024-03-03,15.772124592603511
2024-03-03,36.833336,3.0,-0.35708418,2024-03-03,10.696398658202174
2024-03-03,36.833336,3.0833435,-0.35065857,2024-03-03,9.496747682395155
2024-03-03,36.833336,3.1666718,-0.34528208,2024-03-03,13.270048906298761
2024-03-03,36.833336,3.25,-0.34156215,2024-03-03,19.290330362086166
2024-03-03,36.91667,2.8333435,-0.3965594,2024-03-03,27.393082527538727
2024-03-03,36.91667,2.9166718,-0.3883476,2024-03-03,22.49852861582144
2024-03-03,36.91667,3.0,-0.3777003,2024-03-03,19.286865452625985
2024-03-03,36.91667,3.0833435,-0.36446124,2024-03-03,18.648990373299995
2024-03-03,36.91667,3.1666718,-0.35131514,2024-03-03,20.82299777897512
2024-03-03,36.91667,3.25,-0.34112284,2024-03-03,25.08797191414032
2024-03-04,36.583336,2.8333435,,2024-03-04,27.42486183499686
2024-03-04,36.583336,2.9166718,,2024-03-04,22.513610945271516
2024-03-04,36.583336,3.0,,2024-03-04,19.289317853545782
2024-03-04,36.583336,3.0833435,,2024-03-04,18.648702135525184
2024-03-04,36.583336,3.1666718,,2024-03-04,20.831708919035847
2024-03-04,36.583336,3.25,,2024-03-04,25.112182506309033
2024-03-04,36.66667,2.8333435,,2024-03-04,22.228234819302035
2024-03-04,36.66667,2.9166718,,2024-03-04,15.782881420103022
2024-03-04,36.66667,3.0,,2024-03-04,10.698609465725811
2024-03-04,36.66667,3.0833435,,2024-03-04,9.496464669132697
2024-03-04,36.66667,3.1666718,,2024-03-04,13.276882967911245
2024-03-04,36.66667,3.25,,2024-03-04,19.306074472517334
2024-03-04,36.75,2.8333435,-0.3556353,2024-03-04,20.194040166169533
2024-03-04,36.75,2.9166718,,2024-03-04,12.76987826840439
2024-03-04,36.75,3.0,,2024-03-04,5.345713953294998
2024-03-04,36.75,3.0833435,-0.3530771,2024-03-04,2.079801567910821
2024-03-04,36.75,3.1666718,-0.34762788,2024-03-04,9.50394748445699
2024-03-04,36.75,3.25,,2024-03-04,16.92811061876691
2024-03-04,36.833336,2.8333435,-0.37638202,2024-03-04,22.20863381656194
2024-03-04,36.833336,2.9166718,-0.37228668,2024-03-04,15.772124592603511
2024-03-04,36.833336,3.0,-0.36827993,2024-03-04,10.696398658202174
2024-03-04,36.833336,3.0833435,-0.3633893,2024-03-04,9.496747682395155
2024-03-04,36.833336,3.1666718,-0.35689995,2024-03-04,13.270048906298761
2024-03-04,36.833336,3.25,-0.35112986,2024-03-04,19.290330362086166
2024-03-04,36.91667,2.8333435,-0.41264972,2024-03-04,27.393082527538727
2024-03-04,36.91667,2.9166718,-0.4055495,2024-03-04,22.49852861582144
2024-03-04,36.91667,3.0,-0.3950076,2024-03-04,19.286865452625985
2024-03-04,36.91667,3.0833435,-0.383494,2024-03-04,18.648990373299995
2024-03-04,36.91667,3.1666718,-0.3712983,2024-03-04,20.82299777897512
2024-03-04,36.91667,3.25,-0.3606738,2024-03-04,25.08797191414032
2024-03-05,36.583336,2.8333435,,2024-03-05,27.42486183499686
2024-03-05,36.583336,2.9166718,,2024-03-05,22.513610945271516
2024-03-05,36.583336,3.0,,2024-03-05,19.289317853545782
2024-03-05,36.583336,3.0833435,,2024-03-05,18.648702135525184
2024-03-05,36.583336,3.1666718,,2024-03-05,20.831708919035847
2024-03-05,36.583336,3.25,,2024-03-05,25.112182506309033
2024-03-05,36.66667,2.8333435,,2024-03-05,22.228234819302035
2024-03-05,36.66667,2.9166718,,2024-03-05,15.782881420103022
2024-03-05,36.66667,3.0,,2024-03-05,10.698609465725811
2024-03-05,36.66667,3.0833435,,2024-03-05,9.496464669132697
2024-03-05,36.66667,3.1666718,,2024-03-05,13.276882967911245
2024-03-05,36.66667,3.25,,2024-03-05,19.306074472517334
2024-03-05,36.75,2.8333435,-0.3572619,2024-03-05,20.194040166169533
2024-03-05,36.75,2.9166718,,2024-03-05,12.76987826840439
2024-03-05,36.75,3.0,,2024-03-05,5.345713953294998
2024-03-05,36.75,3.0833435,-0.35060006,2024-03-05,2.079801567910821
2024-03-05,36.75,3.1666718,-0.34842995,2024-03-05,9.50394748445699
2024-03-05,36.75,3.25,,2024-03-05,16.92811061876691
2024-03-05,36.833336,2.8333435,-0.36591408,2024-03-05,22.20863381656194
2024-03-05,36.833336,2.9166718,-0.3634151,2024-03-05,15.772124592603511
2024-03-05,36.833336,3.0,-0.35942528,2024-03-05,10.696398658202174
2024-03-05,36.833336,3.0833435,-0.3563611,2024-03-05,9.496747682395155
2024-03-05,36.833336,3.1666718,-0.35113698,2024-03-05,13.270048906298761
2024-03-05,36.833336,3.25,-0.3443592,2024-03-05,19.290330362086166
2024-03-05,36.91667,2.8333435,-0.39399716,2024-03-05,27.393082527538727
2024-03-05,36.91667,2.9166718,-0.39146644,2024-03-05,22.49852861582144
2024-03-05,36.91667,3.0,-0.3808768,2024-03-05,19.286865452625985
2024-03-05,36.91667,3.0833435,-0.36972508,2024-03-05,18.648990373299995
2024-03-05,36.91667,3.1666718,-0.35922974,2024-03-05,20.82299777897512
2024-03-05,36.91667,3.25,-0.34873825,2024-03-05,25.08797191414032
2024-03-06,36.583336,2.8333435,,2024-03-06,27.42486183499686
2024-03-06,36.583336,2.9166718,,2024-03-06,22.513610945271516
2024-03-06,36.583336,3.0,,2024-03-06,19.289317853545782
2024-03-06,36.583336,3.0833435,,2024-03-06,18.648702135525184
2024-03-06,36.583336,3.1666718,,2024-03-06,20.831708919035847
2024-03-06,36.583336,3.25,,2024-03-06,25.112182506309033
2024-03-06,36.66667,2.8333435,,2024-03-06,22.228234819302035
2024-03-06,36.66667,2.9166718,,2024-03-06,15.782881420103022
2024-03-06,36.66667,3.0,,2024-03-06,10.698609465725811
2024-03-06,36.66667,3.0833435,,2024-03-06,9.496464669132697
2024-03-06,36.66667,3.1666718,,2024-03-06,13.276882967911245
2024-03-06,36.66667,3.25,,2024-03-06,19.306074472517334
2024-03-06,36.75,2.8333435,-0.37727574,2024-03-06,20.194040166169533
2024-03-06,36.75,2.9166718,,2024-03-06,12.76987826840439
2024-03-06,36.75,3.0,,2024-03-06,5.345713953294998
2024-03-06,36.75,3.0833435,-0.3676081,2024-03-06,2.079801567910821
2024-03-06,36.75,3.1666718,-0.3673861,2024-03-06,9.50394748445699
2024-03-06,36.75,3.25,,2024-03-06,16.92811061876691
2024-03-06,36.833336,2.8333435,-0.37670064,2024-03-06,22.20863381656194
2024-03-06,36.833336,2.9166718,-0.37633544,2024-03-06,15.772124592603511
2024-03-06,36.833336,3.0,-0.37240782,2024-03-06,10.696398658202174
2024-03-06,36.833336,3.0833435,-0.36915046,2024-03-06,9.496747682395155
2024-03-06,36.833336,3.1666718,-0.36487684,2024-03-06,13.270048906298761
2024-03-06,36.833336,3.25,-0.3591668,2024-03-06,19.290330362086166
2024-03-06,36.91667,2.8333435,-0.38971257,2024-03-06,27.393082527538727
2024-03-06,36.91667,2.9166718,-0.39191568,2024-03-06,22.49852861582144
2024-03-06,36.91667,3.0,-0.3843441,2024-03-06,19.286865452625985
2024-03-06,36.91667,3.0833435,-0.37361094,2024-03-06,18.648990373299995
2024-03-06,36.91667,3.1666718,-0.36185142,2024-03-06,20.82299777897512
2024-03-06,36.91667,3.25,-0.3508832,2024-03-06,25.08797191414032
2024-03-07,36.583336,2.8333435,,2024-03-07,27.42486183499686
2024-03-07,36.583336,2.9166718,,2024-03-07,22.513610945271516
2024-03-07,36.583336,3.0,,2024-03-07,19.289317853545782
2024-03-07,36.583336,3.0833435,,2024-03-07,18.648702135525184
2024-03-07,36.583336,3.1666718,,2024-03-07,20.831708919035847
2024-03-07,36.583336,3.25,,2024-03-07,25.112182506309033
2024-03-07,36.66667,2.8333435,,2024-03-07,22.228234819302035
2024-03-07,36.66667,2.9166718,,2024-03-07,15.782881420103022
2024-03-07,36.66667,3.0,,2024-03-07,10.698609465725811
2024-03-07,36.66667,3.0833435,,2024-03-07,9.496464669132697
2024-03-07,36.66667,3.1666718,,2024-03-07,13.276882967911245
2024-03-07,36.66667,3.25,,2024-03-07,19.306074472517334
2024-03-07,36.75,2.8333435,-0.3861983,2024-03-07,20.194040166169533
2024-03-07,36.75,2.9166718,,2024-03-07,12.76987826840439
2024-03-07,36.75,3.0,,2024-03-07,5.345713953294998
2024-03-07,36.75,3.0833435,-0.37493598,2024-03-07,2.079801567910821
2024-03-07,36.75,3.1666718,-0.37506485,2024-03-07,9.50394748445699
2024-03-07,36.75,3.25,,2024-03-07,16.92811061876691
2024-03-07,36.833336,2.8333435,-0.3799288,2024-03-07,22.20863381656194
2024-03-07,36.833336,2.9166718,-0.38009164,2024-03-07,15.772124592603511
2024-03-07,36.833336,3.0,-0.37632874,2024-03-07,10.696398658202174
2024-03-07,36.833336,3.0833435,-0.37319633,2024-03-07,9.496747682395155
2024-03-07,36.833336,3.1666718,-0.3707217,2024-03-07,13.270048906298761
2024-03-07,36.833336,3.25,-0.36632812,2024-03-07,19.290330362086166
2024-03-07,36.91667,2.8333435,-0.37904325,2024-03-07,27.393082527538727
2024-03-07,36.91667,2.9166718,-0.3821356,2024-03-07,22.49852861582144
2024-03-07,36.91667,3.0,-0.37634796,2024-03-07,19.286865452625985
2024-03-07,36.91667,3.0833435,-0.36650807,2024-03-07,18.648990373299995
2024-03-07,36.91667,3.1666718,-0.35650548,2024-03-07,20.82299777897512
2024-03-07,36.91667,3.25,-0.34800014,2024-03-07,25.08797191414032
2024-03-08,36.583336,2.8333435,,2024-03-08,27.42486183499686
2024-03-08,36.583336,2.9166718,,2024-03-08,22.513610945271516
2024-03-08,36.583336,3.0,,2024-03-08,19.289317853545782
2024-03-08,36.583336,3.0833435,,2024-03-08,18.648702135525184
2024-03-08,36.583336,3.1666718,,2024-03-08,20.831708919035847
2024-03-08,36.583336,3.25,,2024-03-08,25.112182506309033
2024-03-08,36.66667,2.8333435,,2024-03-08,22.228234819302035
2024-03-08,36.66667,2.9166718,,2024-03-08,15.782881420103022
2024-03-08,36.66667,3.0,,2024-03-08,10.698609465725811
2024-03-08,36.66667,3.0833435,,2024-03-08,9.496464669132697
2024-03-08,36.66667,3.1666718,,2024-03-08,13.276882967911245
2024-03-08,36.66667,3.25,,2024-03-08,19.306074472517334
2024-03-08,36.75,2.8333435,-0.3690028,2024-03-08,20.194040166169533
2024-03-08,36.75,2.9166718,,2024-03-08,12.76987826840439
2024-03-08,36.75,3.0,,2024-03-08,5.345713953294998
2024-03-08,36.75,3.0833435,-0.35973343,2024-03-08,2.079801567910821
2024-03-08,36.75,3.1666718,-0.35781318,2024-03-08,9.50394748445699
2024-03-08,36.75,3.25,,2024-03-08,16.92811061876691
2024-03-08,36.833336,2.8333435,-0.36314008,2024-03-08,22.20863381656194
2024-03-08,36.833336,2.9166718,-0.3621711,2024-03-08,15.772124592603511
2024-03-08,36.833336,3.0,-0.35892278,2024-03-08,10.696398658202174
2024-03-08,36.833336,3.0833435,-0.35700765,2024-03-08,9.496747682395155
2024-03-08,36.833336,3.1666718,-0.35386768,2024-03-08,13.270048906298761
2024-03-08,36.833336,3.25,-0.34863958,2024-03-08,19.290330362086166
2024-03-08,36.91667,2.8333435,-0.35555083,2024-03-08,27.393082527538727
2024-03-08,36.91667,2.9166718,-0.3580634,2024-03-08,22.49852861582144
2024-03-08,36.91667,3.0,-0.35223907,2024-03-08,19.286865452625985
2024-03-08,36.91667,3.0833435,-0.3446084,2024-03-08,18.648990373299995
2024-03-08,36.91667,3.1666718,-0.33795998,2024-03-08,20.82299777897512
2024-03-08,36.91667,3.25,-0.3329207,2024-03-08,25.08797191414032
2024-03-09,36.583336,2.8333435,,2024-03-09,27.42486183499686
2024-03-09,36.583336,2.9166718,,2024-03-09,22.513610945271516
2024-03-09,36.583336,3.0,,2024-03-09,19.289317853545782
2024-03-09,36.583336,3.0833435,,2024-03-09,18.648702135525184
2024-03-09,36.583336,3.1666718,,2024-03-09,20.831708919035847
2024-03-09,36.583336,3.25,,2024-03-09,25.112182506309033
2024-03-09,36.66667,2.8333435,,2024-03-09,22.228234819302035
2024-03-09,36.66667,2.9166718,,2024-03-09,15.782881420103022
2024-03-09,36.66667,3.0,,2024-03-09,10.698609465725811
2024-03-09,36.66667,3.0833435,,2024-03-09,9.496464669132697
2024-03-09,36.66667,3.1666718,,2024-03-09,13.276882967911245
2024-03-09,36.66667,3.25,,2024-03-09,19.306074472517334
2024-03-09,36.75,2.8333435,-0.34186643,2024-03-09,20.194040166169533
2024-03-09,36.75,2.9166718,,2024-03-09,12.76987826840439
2024-03-09,36.75,3.0,,2024-03-09,5.345713953294998
2024-03-09,36.75,3.0833435,-0.34067243,2024-03-09,2.079801567910821
2024-03-09,36.75,3.1666718,-0.34080672,2024-03-09,9.50394748445699
2024-03-09,36.75,3.25,,2024-03-09,16.92811061876691
2024-03-09,36.833336,2.8333435,-0.33746484,2024-03-09,22.20863381656194
2024-03-09,36.833336,2.9166718,-0.336066,2024-03-09,15.772124592603511
2024-03-09,36.833336,3.0,-0.3349124,2024-03-09,10.696398658202174
2024-03-09,36.833336,3.0833435,-0.33558965,2024-03-09,9.496747682395155
2024-03-09,36.833336,3.1666718,-0.33490857,2024-03-09,13.270048906298761
2024-03-09,36.833336,3.25,-0.33439285,2024-03-09,19.290330362086166
2024-03-09,36.91667,2.8333435,-0.32673022,2024-03-09,27.393082527538727
2024-03-09,36.91667,2.9166718,-0.3266654,2024-03-09,22.49852861582144
2024-03-09,36.91667,3.0,-0.3224273,2024-03-09,19.286865452625985
2024-03-09,36.91667,3.0833435,-0.32006288,2024-03-09,18.648990373299995
2024-03-09,36.91667,3.1666718,-0.31944245,2024-03-09,20.82299777897512
2024-03-09,36.91667,3.25,-0.3233603,2024-03-09,25.08797191414032
2024-03-10,36.583336,2.8333435,,2024-03-10,27.42486183499686
2024-03-10,36.583336,2.9166718,,2024-03-10,22.513610945271516
2024-03-10,36.583336,3.0,,2024-03-10,19.289317853545782
2024-03-10,36.583336,3.0833435,,2024-03-10,18.648702135525184
2024-03-10,36.583336,3.1666718,,2024-03-10,20.831708919035847
2024-03-10,36.583336,3.25,,2024-03-10,25.112182506309033
2024-03-10,36.66667,2.8333435,,2024-03-10,22.228234819302035
2024-03-10,36.66667,2.9166718,,2024-03-10,15.782881420103022
2024-03-10,36.66667,3.0,,2024-03-10,10.698609465725811
2024-03-10,36.66667,3.0833435,,2024-03-10,9.496464669132697
2024-03-10,36.66667,3.1666718,,2024-03-10,13.276882967911245
2024-03-10,36.66667,3.25,,2024-03-10,19.306074472517334
2024-03-10,36.75,2.8333435,-0.31210476,2024-03-10,20.194040166169533
2024-03-10,36.75,2.9166718,,2024-03-10,12.76987826840439
2024-03-10,36.75,3.0,,2024-03-10,5.345713953294998
2024-03-10,36.75,3.0833435,-0.31103495,2024-03-10,2.079801567910821
2024-03-10,36.75,3.1666718,-0.3084364,2024-03-10,9.50394748445699
2024-03-10,36.75,3.25,,2024-03-10,16.92811061876691
2024-03-10,36.833336,2.8333435,-0.313376,2024-03-10,22.20863381656194
2024-03-10,36.833336,2.9166718,-0.31027004,2024-03-10,15.772124592603511
2024-03-10,36.833336,3.0,-0.30943474,2024-03-10,10.696398658202174
2024-03-10,36.833336,3.0833435,-0.31104046,2024-03-10,9.496747682395155
2024-03-10,36.833336,3.1666718,-0.3126802,2024-03-10,13.270048906298761
2024-03-10,36.833336,3.25,-0.3160168,2024-03-10,19.290330362086166
2024-03-10,36.91667,2.8333435,-0.3083939,2024-03-10,27.393082527538727
2024-03-10,36.91667,2.9166718,-0.30523232,2024-03-10,22.49852861582144
2024-03-10,36.91667,3.0,-0.30284512,2024-03-10,19.286865452625985
2024-03-10,36.91667,3.0833435,-0.30542576,2024-03-10,18.648990373299995
2024-03-10,36.91667,3.1666718,-0.3124086,2024-03-10,20.82299777897512
2024-03-10,36.91667,3.25,-0.3210384,2024-03-10,25.08797191414032
2024-03-11,36.583336,2.8333435,,2024-03-11,27.42486183499686
2024-03-11,36.583336,2.9166718,,2024-03-11,22.513610945271516
2024-03-11,36.583336,3.0,,2024-03-11,19.289317853545782
2024-03-11,36.583336,3.0833435,,2024-03-11,18.648702135525184
2024-03-11,36.583336,3.1666718,,2024-03-11,20.831708919035847
2024-03-11,36.583336,3.25,,2024-03-11,25.112182506309033
2024-03-11,36.66667,2.8333435,,2024-03-11,22.228234819302035
2024-03-11,36.66667,2.9166718,,2024-03-11,15.782881420103022
2024-03-11,36.66667,3.0,,2024-03-11,10.698609465725811
2024-03-11,36.66667,3.0833435,,2024-03-11,9.496464669132697
2024-03-11,36.66667,3.1666718,,2024-03-11,13.276882967911245
2024-03-11,36.66667,3.25,,2024-03-11,19.306074472517334
2024-03-11,36.75,2.8333435,-0.30004114,2024-03-11,20.194040166169533
2024-03-11,36.75,2.9166718,,2024-03-11,12.76987826840439
2024-03-11,36.75,3.0,,2024-03-11,5.345713953294998
2024-03-11,36.75,3.0833435,-0.3024287,2024-03-11,2.079801567910821
2024-03-11,36.75,3.1666718,-0.29968408,2024-03-11,9.50394748445699
2024-03-11,36.75,3.25,,2024-03-11,16.92811061876691
2024-03-11,36.833336,2.8333435,-0.30824313,2024-03-11,22.20863381656194
2024-03-11,36.833336,2.9166718,-0.30380216,2024-03-11,15.772124592603511
2024-03-11,36.833336,3.0,-0.30259836,2024-03-11,10.696398658202174
2024-03-11,36.833336,3.0833435,-0.3061171,2024-03-11,9.496747682395155
2024-03-11,36.833336,3.1666718,-0.31036523,2024-03-11,13.270048906298761
2024-03-11,36.833336,3.25,-0.3140941,2024-03-11,19.290330362086166
2024-03-11,36.91667,2.8333435,-0.3089655,2024-03-11,27.393082527538727
2024-03-11,36.91667,2.9166718,-0.30423108,2024-03-11,22.49852861582144
2024-03-11,36.91667,3.0,-0.30316505,2024-03-11,19.286865452625985
2024-03-11,36.91667,3.0833435,-0.3092837,2024-03-11,18.648990373299995
2024-03-11,36.91667,3.1666718,-0.32008043,2024-03-11,20.82299777897512
2024-03-11,36.91667,3.25,-0.3275508,2024-03-11,25.08797191414032
2024-03-12,36.583336,2.8333435,,2024-03-12,27.42486183499686
2024-03-12,36.583336,2.9166718,,2024-03-12,22.513610945271516
2024-03-12,36.583336,3.0,,2024-03-12,19.289317853545782
2024-03-12,36.583336,3.0833435,,2024-03-12,18.648702135525184
2024-03-12,36.583336,3.1666718,,2024-03-12,20.831708919035847
2024-03-12,36.583336,3.25,,2024-03-12,25.112182506309033
2024-03-12,36.66667,2.8333435,,2024-03-12,22.228234819302035
2024-03-12,36.66667,2.9166718,,2024-03-12,15.782881420103022
2024-03-12,36.66667,3.0,,2024-03-12,10.698609465725811
2024-03-12,36.66667,3.0833435,,2024-03-12,9.496464669132697
2024-03-12,36.66667,3.1666718,,2024-03-12,13.276882967911245
2024-03-12,36.66667,3.25,,2024-03-12,19.306074472517334
2024-03-12,36.75,2.8333435,-0.3125132,2024-03-12,20.194040166169533
2024-03-12,36.75,2.9166718,,2024-03-12,12.76987826840439
2024-03-12,36.75,3.0,,2024-03-12,5.345713953294998
2024-03-12,36.75,3.0833435,-0.31284127,2024-03-12,2.079801567910821
2024-03-12,36.75,3.1666718,-0.31222934,2024-03-12,9.50394748445699
2024-03-12,36.75,3.25,,2024-03-12,16.92811061876691
2024-03-12,36.833336,2.8333435,-0.31960908,2024-03-12,22.20863381656194
2024-03-12,36.833336,2.9166718,-0.31512007,2024-03-12,15.772124592603511
2024-03-12,36.833336,3.0,-0.31330195,2024-03-12,10.696398658202174
2024-03-12,36.833336,3.0833435,-0.3168016,2024-03-12,9.496747682395155
2024-03-12,36.833336,3.1666718,-0.3215501,2024-03-12,13.270048906298761
2024-03-12,36.833336,3.25,-0.3247031,2024-03-12,19.290330362086166
2024-03-12,36.91667,2.8333435,-0.32014853,2024-03-12,27.393082527538727
2024-03-12,36.91667,2.9166718,-0.31542897,2024-03-12,22.49852861582144
2024-03-12,36.91667,3.0,-0.31524456,2024-03-12,19.286865452625985
2024-03-12,36.91667,3.0833435,-0.32280686,2024-03-12,18.648990373299995
2024-03-12,36.91667,3.1666718,-0.33409992,2024-03-12,20.82299777897512
2024-03-12,36.91667,3.25,-0.34043655,2024-03-12,25.08797191414032
2024-03-13,36.583336,2.8333435,,2024-03-13,27.42486183499686
2024-03-13,36.583336,2.9166718,,2024-03-13,22.513610945271516
2024-03-13,36.583336,3.0,,2024-03-13,19.289317853545782
2024-03-13,36.583336,3.0833435,,2024-03-13,18.648702135525184
2024-03-13,36.583336,3.1666718,,2024-03-13,20.831708919035847
2024-03-13,36.583336,3.25,,2024-03-13,25.112182506309033
2024-03-13,36.66667,2.8333435,,2024-03-13,22.228234819302035
2024-03-13,36.66667,2.9166718,,2024-03-13,15.782881420103022
2024-03-13,36.66667,3.0,,2024-03-13,10.698609465725811
2024-03-13,36.66667,3.0833435,,2024-03-13,9.496464669132697
2024-03-13,36.66667,3.1666718,,2024-03-13,13.276882967911245
2024-03-13,36.66667,3.25,,2024-03-13,19.306074472517334
2024-03-13,36.75,2.8333435,-0.326361,2024-03-13,20.194040166169533
2024-03-13,36.75,2.9166718,,2024-03-13,12.76987826840439
2024-03-13,36.75,3.0,,2024-03-13,5.345713953294998
2024-03-13,36.75,3.0833435,-0.32464704,2024-03-13,2.079801567910821
2024-03-13,36.75,3.1666718,-0.3252245,2024-03-13,9.50394748445699
2024-03-13,36.75,3.25,,2024-03-13,16.92811061876691
2024-03-13,36.833336,2.8333435,-0.32821953,2024-03-13,22.20863381656194
2024-03-13,36.833336,2.9166718,-0.32536563,2024-03-13,15.772124592603511
2024-03-13,36.833336,3.0,-0.32488745,2024-03-13,10.696398658202174
2024-03-13,36.833336,3.0833435,-0.32923883,2024-03-13,9.496747682395155
2024-03-13,36.833336,3.1666718,-0.33370534,2024-03-13,13.270048906298761
2024-03-13,36.833336,3.25,-0.33523825,2024-03-13,19.290330362086166
2024-03-13,36.91667,2.8333435,-0.32349166,2024-03-13,27.393082527538727
2024-03-13,36.91667,2.9166718,-0.32103187,2024-03-13,22.49852861582144
2024-03-13,36.91667,3.0,-0.3250799,2024-03-13,19.286865452625985
2024-03-13,36.91667,3.0833435,-0.33548743,2024-03-13,18.648990373299995
2024-03-13,36.91667,3.1666718,-0.34453824,2024-03-13,20.82299777897512
2024-03-13,36.91667,3.25,-0.3472074,2024-03-13,25.08797191414032
2024-03-14,36.583336,2.8333435,,2024-03-14,27.42486183499686
2024-03-14,36.583336,2.9166718,,2024-03-14,22.513610945271516
2024-03-14,36.583336,3.0,,2024-03-14,19.289317853545782
2024-03-14,36.583336,3.0833435,,2024-03-14,18.648702135525184
2024-03-14,36.583336,3.1666718,,2024-03-14,20.831708919035847
2024-03-14,36.583336,3.25,,2024-03-14,25.112182506309033
2024-03-14,36.66667,2.8333435,,2024-03-14,22.228234819302035
2024-03-14,36.66667,2.9166718,,2024-03-14,15.782881420103022
2024-03-14,36.66667,3.0,,2024-03-14,10.698609465725811
2024-03-14,36.66667,3.0833435,,2024-03-14,9.496464669132697
2024-03-14,36.66667,3.1666718,,2024-03-14,13.276882967911245
2024-03-14,36.66667,3.25,,2024-03-14,19.306074472517334
2024-03-14,36.75,2.8333435,-0.33726794,2024-03-14,20.194040166169533
2024-03-14,36.75,2.9166718,,2024-03-14,12.76987826840439
2024-03-14,36.75,3.0,,2024-03-14,5.345713953294998
2024-03-14,36.75,3.0833435,-0.33490688,2024-03-14,2.079801567910821
2024-03-14,36.75,3.1666718,-0.33407286,2024-03-14,9.50394748445699
2024-03-14,36.75,3.25,,2024-03-14,16.92811061876691
2024-03-14,36.833336,2.8333435,-0.33264172,2024-03-14,22.20863381656194
2024-03-14,36.833336,2.9166718,-0.3327549,2024-03-14,15.772124592603511
2024-03-14,36.833336,3.0,-0.3361817,2024-03-14,10.696398658202174
2024-03-14,36.833336,3.0833435,-0.34043282,2024-03-14,9.496747682395155
2024-03-14,36.833336,3.1666718,-0.34228536,2024-03-14,13.270048906298761
2024-03-14,36.833336,3.25,-0.3413941,2024-03-14,19.290330362086166
2024-03-14,36.91667,2.8333435,-0.32148442,2024-03-14,27.393082527538727
2024-03-14,36.91667,2.9166718,-0.32715502,2024-03-14,22.49852861582144
2024-03-14,36.91667,3.0,-0.33791485,2024-03-14,19.286865452625985
2024-03-14,36.91667,3.0833435,-0.3462513,2024-03-14,18.648990373299995
2024-03-14,36.91667,3.1666718,-0.34847286,2024-03-14,20.82299777897512
2024-03-14,36.91667,3.25,-0.3469888,2024-03-14,25.08797191414032
2024-03-15,36.583336,2.8333435,,2024-03-15,27.42486183499686
2024-03-15,36.583336,2.9166718,,2024-03-15,22.513610945271516
2024-03-15,36.583336,3.0,,2024-03-15,19.289317853545782
2024-03-15,36.583336,3.0833435,,2024-03-15,18.648702135525184
2024-03-15,36.583336,3.1666718,,2024-03-15,20.831708919035847
2024-03-15,36.583336,3.25,,2024-03-15,25.112182506309033
2024-03-15,36.66667,2.8333435,,2024-03-15,22.228234819302035
2024-03-15,36.66667,2.9166718,,2024-03-15,15.782881420103022
2024-03-15,36.66667,3.0,,2024-03-15,10.698609465725811
2024-03-15,36.66667,3.0833435,,2024-03-15,9.496464669132697
2024-03-15,36.66667,3.1666718,,2024-03-15,13.276882967911245
2024-03-15,36.66667,3.25,,2024-03-15,19.306074472517334
2024-03-15,36.75,2.8333435,-0.35196343,2024-03-15,20.194040166169533
2024-03-15,36.75,2.9166718,,2024-03-15,12.76987826840439
2024-03-15,36.75,3.0,,2024-03-15,5.345713953294998
2024-03-15,36.75,3.0833435,-0.35039103,2024-03-15,2.079801567910821
2024-03-15,36.75,3.1666718,-0.34937462,2024-03-15,9.50394748445699
2024-03-15,36.75,3.25,,2024-03-15,16.92811061876691
2024-03-15,36.833336,2.8333435,-0.3462452,2024-03-15,22.20863381656194
2024-03-15,36.833336,2.9166718,-0.35069558,2024-03-15,15.772124592603511
2024-03-15,36.833336,3.0,-0.35403067,2024-03-15,10.696398658202174
2024-03-15,36.833336,3.0833435,-0.3546679,2024-03-15,9.496747682395155
2024-03-15,36.833336,3.1666718,-0.35335457,2024-03-15,13.270048906298761
2024-03-15,36.833336,3.25,-0.35044128,2024-03-15,19.290330362086166
2024-03-15,36.91667,2.8333435,-0.33426285,2024-03-15,27.393082527538727
2024-03-15,36.91667,2.9166718,-0.34558865,2024-03-15,22.49852861582144
2024-03-15,36.91667,3.0,-0.35370222,2024-03-15,19.286865452625985
2024-03-15,36.91667,3.0833435,-0.35453743,2024-03-15,18.648990373299995
2024-03-15,36.91667,3.1666718,-0.35133538,2024-03-15,20.82299777897512
2024-03-15,36.91667,3.25,-0.34775713,2024-03-15,25.08797191414032
2024-03-16,36.583336,2.8333435,,2024-03-16,27.42486183499686
2024-03-16,36.583336,2.9166718,,2024-03-16,22.513610945271516
2024-03-16,36.583336,3.0,,2024-03-16,19.289317853545782
2024-03-16,36.583336,3.0833435,,2024-03-16,18.648702135525184
2024-03-16,36.583336,3.1666718,,2024-03-16,20.831708919035847
2024-03-16,36.583336,3.25,,2024-03-16,25.112182506309033
2024-03-16,36.66667,2.8333435,,2024-03-16,22.228234819302035
2024-03-16,36.66667,2.9166718,,2024-03-16,15.782881420103022
2024-03-16,36.66667,3.0,,2024-03-16,10.698609465725811
2024-03-16,36.66667,3.0833435,,2024-03-16,9.496464669132697
2024-03-16,36.66667,3.1666718,,2024-03-16,13.276882967911245
2024-03-16,36.66667,3.25,,2024-03-16,19.306074472517334
2024-03-16,36.75,2.8333435,-0.36677107,2024-03-16,20.194040166169533
2024-03-16,36.75,2.9166718,,2024-03-16,12.76987826840439
2024-03-16,36.75,3.0,,2024-03-16,5.345713953294998
2024-03-16,36.75,3.0833435,-0.3666372,2024-03-16,2.079801567910821
2024-03-16,36.75,3.1666718,-0.3654952,2024-03-16,9.50394748445699
2024-03-16,36.75,3.25,,2024-03-16,16.92811061876691
2024-03-16,36.833336,2.8333435,-0.3684313,2024-03-16,22.20863381656194
2024-03-16,36.833336,2.9166718,-0.37160143,2024-03-16,15.772124592603511
2024-03-16,36.833336,3.0,-0.3714591,2024-03-16,10.696398658202174
2024-03-16,36.833336,3.0833435,-0.36992094,2024-03-16,9.496747682395155
2024-03-16,36.833336,3.1666718,-0.36765736,2024-03-16,13.270048906298761
2024-03-16,36.833336,3.25,-0.36545548,2024-03-16,19.290330362086166
2024-03-16,36.91667,2.8333435,-0.35672864,2024-03-16,27.393082527538727
2024-03-16,36.91667,2.9166718,-0.3663993,2024-03-16,22.49852861582144
2024-03-16,36.91667,3.0,-0.36800948,2024-03-16,19.286865452625985
2024-03-16,36.91667,3.0833435,-0.36468056,2024-03-16,18.648990373299995
2024-03-16,36.91667,3.1666718,-0.36174405,2024-03-16,20.82299777897512
2024-03-16,36.91667,3.25,-0.35985044,2024-03-16,25.08797191414032
2024-03-17,36.583336,2.8333435,,2024-03-17,27.42486183499686
2024-03-17,36.583336,2.9166718,,2024-03-17,22.513610945271516
2024-03-17,36.583336,3.0,,2024-03-17,19.289317853545782
2024-03-17,36.583336,3.0833435,,2024-03-17,18.648702135525184
2024-03-17,36.583336,3.1666718,,2024-03-17,20.831708919035847
2024-03-17,36.583336,3.25,,2024-03-17,25.112182506309033
2024-03-17,36.66667,2.8333435,,2024-03-17,22.228234819302035
2024-03-17,36.66667,2.9166718,,2024-03-17,15.782881420103022
2024-03-17,36.66667,3.0,,2024-03-17,10.698609465725811
2024-03-17,36.66667,3.0833435,,2024-03-17,9.496464669132697
2024-03-17,36.66667,3.1666718,,2024-03-17,13.276882967911245
2024-03-17,36.66667,3.25,,2024-03-17,19.306074472517334
2024-03-17,36.75,2.8333435,-0.37768024,2024-03-17,20.194040166169533
2024-03-17,36.75,2.9166718,,2024-03-17,12.76987826840439
2024-03-17,36.75,3.0,,2024-03-17,5.345713953294998
2024-03-17,36.75,3.0833435,-0.37893373,2024-03-17,2.079801567910821
2024-03-17,36.75,3.1666718,-0.37848935,2024-03-17,9.50394748445699
2024-03-17,36.75,3.25,,2024-03-17,16.92811061876691
2024-03-17,36.833336,2.8333435,-0.38198355,2024-03-17,22.20863381656194
2024-03-17,36.833336,2.9166718,-0.38157558,2024-03-17,15.772124592603511
2024-03-17,36.833336,3.0,-0.38023642,2024-03-17,10.696398658202174
2024-03-17,36.833336,3.0833435,-0.3782415,2024-03-17,9.496747682395155
2024-03-17,36.833336,3.1666718,-0.37643915,2024-03-17,13.270048906298761
2024-03-17,36.833336,3.25,-0.37524775,2024-03-17,19.290330362086166
2024-03-17,36.91667,2.8333435,-0.37344247,2024-03-17,27.393082527538727
2024-03-17,36.91667,2.9166718,-0.37366688,2024-03-17,22.49852861582144
2024-03-17,36.91667,3.0,-0.37064758,2024-03-17,19.286865452625985
2024-03-17,36.91667,3.0833435,-0.3700437,2024-03-17,18.648990373299995
2024-03-17,36.91667,3.1666718,-0.3701424,2024-03-17,20.82299777897512
2024-03-17,36.91667,3.25,-0.37119067,2024-03-17,25.08797191414032
2024-03-18,36.583336,2.8333435,,2024-03-18,27.42486183499686
2024-03-18,36.583336,2.9166718,,2024-03-18,22.513610945271516
2024-03-18,36.583336,3.0,,2024-03-18,19.289317853545782
2024-03-18,36.583336,3.0833435,,2024-03-18,18.648702135525184
2024-03-18,36.583336,3.1666718,,2024-03-18,20.831708919035847
2024-03-18,36.583336,3.25,,2024-03-18,25.112182506309033
2024-03-18,36.66667,2.8333435,,2024-03-18,22.228234819302035
2024-03-18,36.66667,2.9166718,,2024-03-18,15.782881420103022
2024-03-18,36.66667,3.0,,2024-03-18,10.698609465725811
2024-03-18,36.66667,3.0833435,,2024-03-18,9.496464669132697
2024-03-18,36.66667,3.1666718,,2024-03-18,13.276882967911245
2024-03-18,36.66667,3.25,,2024-03-18,19.306074472517334
2024-03-18,36.75,2.8333435,-0.36609867,2024-03-18,20.194040166169533
2024-03-18,36.75,2.9166718,,2024-03-18,12.76987826840439
2024-03-18,36.75,3.0,,2024-03-18,5.345713953294998
2024-03-18,36.75,3.0833435,-0.37114692,2024-03-18,2.079801567910821
2024-03-18,36.75,3.1666718,-0.37069672,2024-03-18,9.50394748445699
2024-03-18,36.75,3.25,,2024-03-18,16.92811061876691
2024-03-18,36.833336,2.8333435,-0.3725908,2024-03-18,22.20863381656194
2024-03-18,36.833336,2.9166718,-0.37002537,2024-03-18,15.772124592603511
2024-03-18,36.833336,3.0,-0.3707789,2024-03-18,10.696398658202174
2024-03-18,36.833336,3.0833435,-0.37099916,2024-03-18,9.496747682395155
2024-03-18,36.833336,3.1666718,-0.37042972,2024-03-18,13.270048906298761
2024-03-18,36.833336,3.25,-0.37068164,2024-03-18,19.290330362086166
2024-03-18,36.91667,2.8333435,-0.36542526,2024-03-18,27.393082527538727
2024-03-18,36.91667,2.9166718,-0.36486968,2024-03-18,22.49852861582144
2024-03-18,36.91667,3.0,-0.3669446,2024-03-18,19.286865452625985
2024-03-18,36.91667,3.0833435,-0.36793897,2024-03-18,18.648990373299995
2024-03-18,36.91667,3.1666718,-0.36769348,2024-03-18,20.82299777897512
2024-03-18,36.91667,3.25,-0.36893517,2024-03-18,25.08797191414032
2024-03-19,36.583336,2.8333435,,2024-03-19,27.42486183499686
2024-03-19,36.583336,2.9166718,,2024-03-19,22.513610945271516
2024-03-19,36.583336,3.0,,2024-03-19,19.289317853545782
2024-03-19,36.583336,3.0833435,,2024-03-19,18.648702135525184
2024-03-19,36.583336,3.1666718,,2024-03-19,20.831708919035847
2024-03-19,36.583336,3.25,,2024-03-19,25.112182506309033
2024-03-19,36.66667,2.8333435,,2024-03-19,22.228234819302035
2024-03-19,36.66667,2.9166718,,2024-03-19,15.782881420103022
2024-03-19,36.66667,3.0,,2024-03-19,10.698609465725811
2024-03-19,36.66667,3.0833435,,2024-03-19,9.496464669132697
2024-03-19,36.66667,3.1666718,,2024-03-19,13.276882967911245
2024-03-19,36.66667,3.25,,2024-03-19,19.306074472517334
2024-03-19,36.75,2.8333435,-0.36745584,2024-03-19,20.194040166169533
2024-03-19,36.75,2.9166718,,2024-03-19,12.76987826840439
2024-03-19,36.75,3.0,,2024-03-19,5.345713953294998
2024-03-19,36.75,3.0833435,-0.3683886,2024-03-19,2.079801567910821
2024-03-19,36.75,3.1666718,-0.36802968,2024-03-19,9.50394748445699
2024-03-19,36.75,3.25,,2024-03-19,16.92811061876691
2024-03-19,36.833336,2.8333435,-0.37248456,2024-03-19,22.20863381656194
2024-03-19,36.833336,2.9166718,-0.37050444,2024-03-19,15.772124592603511
2024-03-19,36.833336,3.0,-0.37113738,2024-03-19,10.696398658202174
2024-03-19,36.833336,3.0833435,-0.37140363,2024-03-19,9.496747682395155
2024-03-19,36.833336,3.1666718,-0.37097374,2024-03-19,13.270048906298761
2024-03-19,36.833336,3.25,-0.37173823,2024-03-19,19.290330362086166
2024-03-19,36.91667,2.8333435,-0.37075034,2024-03-19,27.393082527538727
2024-03-19,36.91667,2.9166718,-0.37234908,2024-03-19,22.49852861582144
2024-03-19,36.91667,3.0,-0.37256226,2024-03-19,19.286865452625985
2024-03-19,36.91667,3.0833435,-0.3713587,2024-03-19,18.648990373299995
2024-03-19,36.91667,3.1666718,-0.37125924,2024-03-19,20.82299777897512
2024-03-19,36.91667,3.25,-0.37161222,2024-03-19,25.08797191414032
2024-03-20,36.583336,2.8333435,,2024-03-20,27.42486183499686
2024-03-20,36.583336,2.9166718,,2024-03-20,22.513610945271516
2024-03-20,36.583336,3.0,,2024-03-20,19.289317853545782
2024-03-20,36.583336,3.0833435,,2024-03-20,18.648702135525184
2024-03-20,36.583336,3.1666718,,2024-03-20,20.831708919035847
2024-03-20,36.583336,3.25,,2024-03-20,25.112182506309033
2024-03-20,36.66667,2.8333435,,2024-03-20,22.228234819302035
2024-03-20,36.66667,2.9166718,,2024-03-20,15.782881420103022
2024-03-20,36.66667,3.0,,2024-03-20,10.698609465725811
2024-03-20,36.66667,3.0833435,,2024-03-20,9.496464669132697
2024-03-20,36.66667,3.1666718,,2024-03-20,13.276882967911245
2024-03-20,36.66667,3.25,,2024-03-20,19.306074472517334
2024-03-20,36.75,2.8333435,-0.357314,2024-03-20,20.194040166169533
2024-03-20,36.75,2.9166718,,2024-03-20,12.76987826840439
2024-03-20,36.75,3.0,,2024-03-20,5.345713953294998
2024-03-20,36.75,3.0833435,-0.35681263,2024-03-20,2.079801567910821
2024-03-20,36.75,3.1666718,-0.35678214,2024-03-20,9.50394748445699
2024-03-20,36.75,3.25,,2024-03-20,16.92811061876691
2024-03-20,36.833336,2.8333435,-0.3603983,2024-03-20,22.20863381656194
2024-03-20,36.833336,2.9166718,-0.35929286,2024-03-20,15.772124592603511
2024-03-20,36.833336,3.0,-0.36016995,2024-03-20,10.696398658202174
2024-03-20,36.833336,3.0833435,-0.36021897,2024-03-20,9.496747682395155
2024-03-20,36.833336,3.1666718,-0.3593533,2024-03-20,13.270048906298761
2024-03-20,36.833336,3.25,-0.3596665,2024-03-20,19.290330362086166
2024-03-20,36.91667,2.8333435,-0.35970145,2024-03-20,27.393082527538727
2024-03-20,36.91667,2.9166718,-0.35944942,2024-03-20,22.49852861582144
2024-03-20,36.91667,3.0,-0.3601375,2024-03-20,19.286865452625985
2024-03-20,36.91667,3.0833435,-0.36001348,2024-03-20,18.648990373299995
2024-03-20,36.91667,3.1666718,-0.3591251,2024-03-20,20.82299777897512
2024-03-20,36.91667,3.25,-0.35885906,2024-03-20,25.08797191414032
2024-03-21,36.583336,2.8333435,,2024-03-21,27.42486183499686
2024-03-21,36.583336,2.9166718,,2024-03-21,22.513610945271516
2024-03-21,36.583336,3.0,,2024-03-21,19.289317853545782
2024-03-21,36.583336,3.0833435,,2024-03-21,18.648702135525184
2024-03-21,36.583336,3.1666718,,2024-03-21,20.831708919035847
2024-03-21,36.583336,3.25,,2024-03-21,25.112182506309033
2024-03-21,36.66667,2.8333435,,2024-03-21,22.228234819302035
2024-03-21,36.66667,2.9166718,,2024-03-21,15.782881420103022
2024-03-21,36.66667,3.0,,2024-03-21,10.698609465725811
2024-03-21,36.66667,3.0833435,,2024-03-21,9.496464669132697
2024-03-21,36.66667,3.1666718,,2024-03-21,13.276882967911245
2024-03-21,36.66667,3.25,,2024-03-21,19.306074472517334
2024-03-21,36.75,2.8333435,-0.37005758,2024-03-21,20.194040166169533
2024-03-21,36.75,2.9166718,,2024-03-21,12.76987826840439
2024-03-21,36.75,3.0,,2024-03-21,5.345713953294998
2024-03-21,36.75,3.0833435,-0.370266,2024-03-21,2.079801567910821
2024-03-21,36.75,3.1666718,-0.3704356,2024-03-21,9.50394748445699
2024-03-21,36.75,3.25,,2024-03-21,16.92811061876691
2024-03-21,36.833336,2.8333435,-0.37234056,2024-03-21,22.20863381656194
2024-03-21,36.833336,2.9166718,-0.37185544,2024-03-21,15.772124592603511
2024-03-21,36.833336,3.0,-0.37347248,2024-03-21,10.696398658202174
2024-03-21,36.833336,3.0833435,-0.3732149,2024-03-21,9.496747682395155
2024-03-21,36.833336,3.1666718,-0.37225792,2024-03-21,13.270048906298761
2024-03-21,36.833336,3.25,-0.37322634,2024-03-21,19.290330362086166
2024-03-21,36.91667,2.8333435,-0.37198564,2024-03-21,27.393082527538727
2024-03-21,36.91667,2.9166718,-0.37221217,2024-03-21,22.49852861582144
2024-03-21,36.91667,3.0,-0.37208015,2024-03-21,19.286865452625985
2024-03-21,36.91667,3.0833435,-0.37063238,2024-03-21,18.648990373299995
2024-03-21,36.91667,3.1666718,-0.36912397,2024-03-21,20.82299777897512
2024-03-21,36.91667,3.25,-0.36963734,2024-03-21,25.08797191414032
2024-03-22,36.583336,2.8333435,,2024-03-22,27.42486183499686
2024-03-22,36.583336,2.9166718,,2024-03-22,22.513610945271516
2024-03-22,36.583336,3.0,,2024-03-22,19.289317853545782
2024-03-22,36.583336,3.0833435,,2024-03-22,18.648702135525184
2024-03-22,36.583336,3.1666718,,2024-03-22,20.831708919035847
2024-03-22,36.583336,3.25,,2024-03-22,25.112182506309033
2024-03-22,36.66667,2.8333435,,2024-03-22,22.228234819302035
2024-03-22,36.66667,2.9166718,,2024-03-22,15.782881420103022
2024-03-22,36.66667,3.0,,2024-03-22,10.698609465725811
2024-03-22,36.66667,3.0833435,,2024-03-22,9.496464669132697
2024-03-22,36.66667,3.1666718,,2024-03-22,13.276882967911245
2024-03-22,36.66667,3.25,,2024-03-22,19.306074472517334
2024-03-22,36.75,2.8333435,-0.39123836,2024-03-22,20.194040166169533
2024-03-22,36.75,2.9166718,,2024-03-22,12.76987826840439
2024-03-22,36.75,3.0,,2024-03-22,5.345713953294998
2024-03-22,36.75,3.0833435,-0.39099497,2024-03-22,2.079801567910821
2024-03-22,36.75,3.1666718,-0.3909096,2024-03-22,9.50394748445699
2024-03-22,36.75,3.25,,2024-03-22,16.92811061876691
2024-03-22,36.833336,2.8333435,-0.39276642,2024-03-22,22.20863381656194
2024-03-22,36.833336,2.9166718,-0.39278674,2024-03-22,15.772124592603511
2024-03-22,36.833336,3.0,-0.3941253,2024-03-22,10.696398658202174
2024-03-22,36.833336,3.0833435,-0.39328173,2024-03-22,9.496747682395155
2024-03-22,36.833336,3.1666718,-0.39219496,2024-03-22,13.270048906298761
2024-03-22,36.833336,3.25,-0.39401188,2024-03-22,19.290330362086166
2024-03-22,36.91667,2.8333435,-0.39122453,2024-03-22,27.393082527538727
2024-03-22,36.91667,2.9166718,-0.38991195,2024-03-22,22.49852861582144
2024-03-22,36.91667,3.0,-0.3889486,2024-03-22,19.286865452625985
2024-03-22,36.91667,3.0833435,-0.387434,2024-03-22,18.648990373299995
2024-03-22,36.91667,3.1666718,-0.38629958,2024-03-22,20.82299777897512
2024-03-22,36.91667,3.25,-0.38689914,2024-03-22,25.08797191414032
2024-03-23,36.583336,2.8333435,,2024-03-23,27.42486183499686
2024-03-23,36.583336,2.9166718,,2024-03-23,22.513610945271516
2024-03-23,36.583336,3.0,,2024-03-23,19.289317853545782
2024-03-23,36.583336,3.0833435,,2024-03-23,18.648702135525184
2024-03-23,36.583336,3.1666718,,2024-03-23,20.831708919035847
2024-03-23,36.583336,3.25,,2024-03-23,25.112182506309033
2024-03-23,36.66667,2.8333435,,2024-03-23,22.228234819302035
2024-03-23,36.66667,2.9166718,,2024-03-23,15.782881420103022
2024-03-23,36.66667,3.0,,2024-03-23,10.698609465725811
2024-03-23,36.66667,3.0833435,,2024-03-23,9.496464669132697
2024-03-23,36.66667,3.1666718,,2024-03-23,13.276882967911245
2024-03-23,36.66667,3.25,,2024-03-23,19.306074472517334
2024-03-23,36.75,2.8333435,-0.40541464,2024-03-23,20.194040166169533
2024-03-23,36.75,2.9166718,,2024-03-23,12.76987826840439
2024-03-23,36.75,3.0,,2024-03-23,5.345713953294998
2024-03-23,36.75,3.0833435,-0.40157914,2024-03-23,2.079801567910821
2024-03-23,36.75,3.1666718,-0.40185526,2024-03-23,9.50394748445699
2024-03-23,36.75,3.25,,2024-03-23,16.92811061876691
2024-03-23,36.833336,2.8333435,-0.40275458,2024-03-23,22.20863381656194
2024-03-23,36.833336,2.9166718,-0.40305102,2024-03-23,15.772124592603511
2024-03-23,36.833336,3.0,-0.402835,2024-03-23,10.696398658202174
2024-03-23,36.833336,3.0833435,-0.4001559,2024-03-23,9.496747682395155
2024-03-23,36.833336,3.1666718,-0.3995277,2024-03-23,13.270048906298761
2024-03-23,36.833336,3.25,-0.40086985,2024-03-23,19.290330362086166
2024-03-23,36.91667,2.8333435,-0.39268765,2024-03-23,27.393082527538727
2024-03-23,36.91667,2.9166718,-0.39129025,2024-03-23,22.49852861582144
2024-03-23,36.91667,3.0,-0.38986304,2024-03-23,19.286865452625985
2024-03-23,36.91667,3.0833435,-0.3877289,2024-03-23,18.648990373299995
2024-03-23,36.91667,3.1666718,-0.3865957,2024-03-23,20.82299777897512
2024-03-23,36.91667,3.25,-0.38704994,2024-03-23,25.08797191414032
2024-03-24,36.583336,2.8333435,,2024-03-24,27.42486183499686
2024-03-24,36.583336,2.9166718,,2024-03-24,22.513610945271516
2024-03-24,36.583336,3.0,,2024-03-24,19.289317853545782
2024-03-24,36.583336,3.0833435,,2024-03-24,18.648702135525184
2024-03-24,36.583336,3.1666718,,2024-03-24,20.831708919035847
2024-03-24,36.583336,3.25,,2024-03-24,25.112182506309033
2024-03-24,36.66667,2.8333435,,2024-03-24,22.228234819302035
2024-03-24,36.66667,2.9166718,,2024-03-24,15.782881420103022
2024-03-24,36.66667,3.0,,2024-03-24,10.698609465725811
2024-03-24,36.66667,3.0833435,,2024-03-24,9.496464669132697
2024-03-24,36.66667,3.1666718,,2024-03-24,13.276882967911245
2024-03-24,36.66667,3.25,,2024-03-24,19.306074472517334
2024-03-24,36.75,2.8333435,-0.4385383,2024-03-24,20.194040166169533
2024-03-24,36.75,2.9166718,,2024-03-24,12.76987826840439
2024-03-24,36.75,3.0,,2024-03-24,5.345713953294998
2024-03-24,36.75,3.0833435,-0.43566203,2024-03-24,2.079801567910821
2024-03-24,36.75,3.1666718,-0.43643558,2024-03-24,9.50394748445699
2024-03-24,36.75,3.25,,2024-03-24,16.92811061876691
2024-03-24,36.833336,2.8333435,-0.43338,2024-03-24,22.20863381656194
2024-03-24,36.833336,2.9166718,-0.43434787,2024-03-24,15.772124592603511
2024-03-24,36.833336,3.0,-0.43315473,2024-03-24,10.696398658202174
2024-03-24,36.833336,3.0833435,-0.43111056,2024-03-24,9.496747682395155
2024-03-24,36.833336,3.1666718,-0.43173033,2024-03-24,13.270048906298761
2024-03-24,36.833336,3.25,-0.43304133,2024-03-24,19.290330362086166
2024-03-24,36.91667,2.8333435,-0.41354424,2024-03-24,27.393082527538727
2024-03-24,36.91667,2.9166718,-0.41199595,2024-03-24,22.49852861582144
2024-03-24,36.91667,3.0,-0.41041046,2024-03-24,19.286865452625985
2024-03-24,36.91667,3.0833435,-0.4095152,2024-03-24,18.648990373299995
2024-03-24,36.91667,3.1666718,-0.40916637,2024-03-24,20.82299777897512
2024-03-24,36.91667,3.25,-0.4089545,2024-03-24,25.08797191414032
2024-03-25,36.583336,2.8333435,,2024-03-25,27.42486183499686
2024-03-25,36.583336,2.9166718,,2024-03-25,22.513610945271516
2024-03-25,36.583336,3.0,,2024-03-25,19.289317853545782
2024-03-25,36.583336,3.0833435,,2024-03-25,18.648702135525184
2024-03-25,36.583336,3.1666718,,2024-03-25,20.831708919035847
2024-03-25,36.583336,3.25,,2024-03-25,25.112182506309033
2024-03-25,36.66667,2.8333435,,2024-03-25,22.228234819302035
2024-03-25,36.66667,2.9166718,,2024-03-25,15.782881420103022
2024-03-25,36.66667,3.0,,2024-03-25,10.698609465725811
2024-03-25,36.66667,3.0833435,,2024-03-25,9.496464669132697
2024-03-25,36.66667,3.1666718,,2024-03-25,13.276882967911245
2024-03-25,36.66667,3.25,,2024-03-25,19.306074472517334
2024-03-25,36.75,2.8333435,-0.42085686,2024-03-25,20.194040166169533
2024-03-25,36.75,2.9166718,,2024-03-25,12.76987826840439
2024-03-25,36.75,3.0,,2024-03-25,5.345713953294998
2024-03-25,36.75,3.0833435,-0.42607868,2024-03-25,2.079801567910821
2024-03-25,36.75,3.1666718,-0.42595878,2024-03-25,9.50394748445699
2024-03-25,36.75,3.25,,2024-03-25,16.92811061876691
2024-03-25,36.833336,2.8333435,-0.42049685,2024-03-25,22.20863381656194
2024-03-25,36.833336,2.9166718,-0.42101553,2024-03-25,15.772124592603511
2024-03-25,36.833336,3.0,-0.42174253,2024-03-25,10.696398658202174
2024-03-25,36.833336,3.0833435,-0.4212375,2024-03-25,9.496747682395155
2024-03-25,36.833336,3.1666718,-0.42096633,2024-03-25,13.270048906298761
2024-03-25,36.833336,3.25,-0.42161593,2024-03-25,19.290330362086166
2024-03-25,36.91667,2.8333435,-0.4000825,2024-03-25,27.393082527538727
2024-03-25,36.91667,2.9166718,-0.39908105,2024-03-25,22.49852861582144
2024-03-25,36.91667,3.0,-0.39772436,2024-03-25,19.286865452625985
2024-03-25,36.91667,3.0833435,-0.39609054,2024-03-25,18.648990373299995
2024-03-25,36.91667,3.1666718,-0.39447916,2024-03-25,20.82299777897512
2024-03-25,36.91667,3.25,-0.39424524,2024-03-25,25.08797191414032
2024-03-26,36.583336,2.8333435,,2024-03-26,27.42486183499686
2024-03-26,36.583336,2.9166718,,2024-03-26,22.513610945271516
2024-03-26,36.583336,3.0,,2024-03-26,19.289317853545782
2024-03-26,36.583336,3.0833435,,2024-03-26,18.648702135525184
2024-03-26,36.583336,3.1666718,,2024-03-26,20.831708919035847
2024-03-26,36.583336,3.25,,2024-03-26,25.112182506309033
2024-03-26,36.66667,2.8333435,,2024-03-26,22.228234819302035
2024-03-26,36.66667,2.9166718,,2024-03-26,15.782881420103022
2024-03-26,36.66667,3.0,,2024-03-26,10.698609465725811
2024-03-26,36.66667,3.0833435,,2024-03-26,9.496464669132697
2024-03-26,36.66667,3.1666718,,2024-03-26,13.276882967911245
2024-03-26,36.66667,3.25,,2024-03-26,19.306074472517334
2024-03-26,36.75,2.8333435,-0.3787875,2024-03-26,20.194040166169533
2024-03-26,36.75,2.9166718,,2024-03-26,12.76987826840439
2024-03-26,36.75,3.0,,2024-03-26,5.345713953294998
2024-03-26,36.75,3.0833435,-0.38682693,2024-03-26,2.079801567910821
2024-03-26,36.75,3.1666718,-0.38554367,2024-03-26,9.50394748445699
2024-03-26,36.75,3.25,,2024-03-26,16.92811061876691
2024-03-26,36.833336,2.8333435,-0.3876432,2024-03-26,22.20863381656194
2024-03-26,36.833336,2.9166718,-0.38540196,2024-03-26,15.772124592603511
2024-03-26,36.833336,3.0,-0.38479623,2024-03-26,10.696398658202174
2024-03-26,36.833336,3.0833435,-0.3867187,2024-03-26,9.496747682395155
2024-03-26,36.833336,3.1666718,-0.38847184,2024-03-26,13.270048906298761
2024-03-26,36.833336,3.25,-0.39106843,2024-03-26,19.290330362086166
2024-03-26,36.91667,2.8333435,-0.37629256,2024-03-26,27.393082527538727
2024-03-26,36.91667,2.9166718,-0.372373,2024-03-26,22.49852861582144
2024-03-26,36.91667,3.0,-0.36808455,2024-03-26,19.286865452625985
2024-03-26,36.91667,3.0833435,-0.36504972,2024-03-26,18.648990373299995
2024-03-26,36.91667,3.1666718,-0.36445105,2024-03-26,20.82299777897512
2024-03-26,36.91667,3.25,-0.36679974,2024-03-26,25.08797191414032
2024-03-27,36.583336,2.8333435,,2024-03-27,27.42486183499686
2024-03-27,36.583336,2.9166718,,2024-03-27,22.513610945271516
2024-03-27,36.583336,3.0,,2024-03-27,19.289317853545782
2024-03-27,36.583336,3.0833435,,2024-03-27,18.648702135525184
2024-03-27,36.583336,3.1666718,,2024-03-27,20.831708919035847
2024-03-27,36.583336,3.25,,2024-03-27,25.112182506309033
2024-03-27,36.66667,2.8333435,,2024-03-27,22.228234819302035
2024-03-27,36.66667,2.9166718,,2024-03-27,15.782881420103022
2024-03-27,36.66667,3.0,,2024-03-27,10.698609465725811
2024-03-27,36.66667,3.0833435,,2024-03-27,9.496464669132697
2024-03-27,36.66667,3.1666718,,2024-03-27,13.276882967911245
2024-03-27,36.66667,3.25,,2024-03-27,19.306074472517334
2024-03-27,36.75,2.8333435,-0.30632433,2024-03-27,20.194040166169533
2024-03-27,36.75,2.9166718,,2024-03-27,12.76987826840439
2024-03-27,36.75,3.0,,2024-03-27,5.345713953294998
2024-03-27,36.75,3.0833435,-0.31651926,2024-03-27,2.079801567910821
2024-03-27,36.75,3.1666718,-0.30977604,2024-03-27,9.50394748445699
2024-03-27,36.75,3.25,,2024-03-27,16.92811061876691
2024-03-27,36.833336,2.8333435,-0.32816207,2024-03-27,22.20863381656194
2024-03-27,36.833336,2.9166718,-0.32600433,2024-03-27,15.772124592603511
2024-03-27,36.833336,3.0,-0.32649803,2024-03-27,10.696398658202174
2024-03-27,36.833336,3.0833435,-0.3278671,2024-03-27,9.496747682395155
2024-03-27,36.833336,3.1666718,-0.32802752,2024-03-27,13.270048906298761
2024-03-27,36.833336,3.25,-0.33198175,2024-03-27,19.290330362086166
2024-03-27,36.91667,2.8333435,-0.33402678,2024-03-27,27.393082527538727
2024-03-27,36.91667,2.9166718,-0.33034995,2024-03-27,22.49852861582144
2024-03-27,36.91667,3.0,-0.32866028,2024-03-27,19.286865452625985
2024-03-27,36.91667,3.0833435,-0.3261185,2024-03-27,18.648990373299995
2024-03-27,36.91667,3.1666718,-0.32473162,2024-03-27,20.82299777897512
2024-03-27,36.91667,3.25,-0.32762152,2024-03-27,25.08797191414032
2024-03-28,36.583336,2.8333435,,2024-03-28,27.42486183499686
2024-03-28,36.583336,2.9166718,,2024-03-28,22.513610945271516
2024-03-28,36.583336,3.0,,2024-03-28,19.289317853545782
2024-03-28,36.583336,3.0833435,,2024-03-28,18.648702135525184
2024-03-28,36.583336,3.1666718,,2024-03-28,20.831708919035847
2024-03-28,36.583336,3.25,,2024-03-28,25.112182506309033
2024-03-28,36.66667,2.8333435,,2024-03-28,22.228234819302035
2024-03-28,36.66667,2.9166718,,2024-03-28,15.782881420103022
2024-03-28,36.66667,3.0,,2024-03-28,10.698609465725811
2024-03-28,36.66667,3.0833435,,2024-03-28,9.496464669132697
2024-03-28,36.66667,3.1666718,,2024-03-28,13.276882967911245
2024-03-28,36.66667,3.25,,2024-03-28,19.306074472517334
2024-03-28,36.75,2.8333435,-0.20844574,2024-03-28,20.194040166169533
2024-03-28,36.75,2.9166718,,2024-03-28,12.76987826840439
2024-03-28,36.75,3.0,,2024-03-28,5.345713953294998
2024-03-28,36.75,3.0833435,-0.21642826,2024-03-28,2.079801567910821
2024-03-28,36.75,3.1666718,-0.21403545,2024-03-28,9.50394748445699
2024-03-28,36.75,3.25,,2024-03-28,16.92811061876691
2024-03-28,36.833336,2.8333435,-0.23347366,2024-03-28,22.20863381656194
2024-03-28,36.833336,2.9166718,-0.22821051,2024-03-28,15.772124592603511
2024-03-28,36.833336,3.0,-0.23009408,2024-03-28,10.696398658202174
2024-03-28,36.833336,3.0833435,-0.23399858,2024-03-28,9.496747682395155
2024-03-28,36.833336,3.1666718,-0.23886052,2024-03-28,13.270048906298761
2024-03-28,36.833336,3.25,-0.24387197,2024-03-28,19.290330362086166
2024-03-28,36.91667,2.8333435,-0.25568423,2024-03-28,27.393082527538727
2024-03-28,36.91667,2.9166718,-0.25084692,2024-03-28,22.49852861582144
2024-03-28,36.91667,3.0,-0.25185317,2024-03-28,19.286865452625985
2024-03-28,36.91667,3.0833435,-0.25143847,2024-03-28,18.648990373299995
2024-03-28,36.91667,3.1666718,-0.2509953,2024-03-28,20.82299777897512
2024-03-28,36.91667,3.25,-0.25659478,2024-03-28,25.08797191414032
2024-03-29,36.583336,2.8333435,,2024-03-29,27.42486183499686
2024-03-29,36.583336,2.9166718,,2024-03-29,22.513610945271516
2024-03-29,36.583336,3.0,,2024-03-29,19.289317853545782
2024-03-29,36.583336,3.0833435,,2024-03-29,18.648702135525184
2024-03-29,36.583336,3.1666718,,2024-03-29,20.831708919035847
2024-03-29,36.583336,3.25,,2024-03-29,25.112182506309033
2024-03-29,36.66667,2.8333435,,2024-03-29,22.228234819302035
2024-03-29,36.66667,2.9166718,,2024-03-29,15.782881420103022
2024-03-29,36.66667,3.0,,2024-03-29,10.698609465725811
2024-03-29,36.66667,3.0833435,,2024-03-29,9.496464669132697
2024-03-29,36.66667,3.1666718,,2024-03-29,13.276882967911245
2024-03-29,36.66667,3.25,,2024-03-29,19.306074472517334
2024-03-29,36.75,2.8333435,-0.17209445,2024-03-29,20.194040166169533
2024-03-29,36.75,2.9166718,,2024-03-29,12.76987826840439
2024-03-29,36.75,3.0,,2024-03-29,5.345713953294998
2024-03-29,36.75,3.0833435,-0.16590106,2024-03-29,2.079801567910821
2024-03-29,36.75,3.1666718,-0.16357924,2024-03-29,9.50394748445699
2024-03-29,36.75,3.25,,2024-03-29,16.92811061876691
2024-03-29,36.833336,2.8333435,-0.18985394,2024-03-29,22.20863381656194
2024-03-29,36.833336,2.9166718,-0.17932233,2024-03-29,15.772124592603511
2024-03-29,36.833336,3.0,-0.17645343,2024-03-29,10.696398658202174
2024-03-29,36.833336,3.0833435,-0.17782544,2024-03-29,9.496747682395155
2024-03-29,36.833336,3.1666718,-0.18362589,2024-03-29,13.270048906298761
2024-03-29,36.833336,3.25,-0.1883576,2024-03-29,19.290330362086166
2024-03-29,36.91667,2.8333435,-0.21154672,2024-03-29,27.393082527538727
2024-03-29,36.91667,2.9166718,-0.20028809,2024-03-29,22.49852861582144
2024-03-29,36.91667,3.0,-0.19920099,2024-03-29,19.286865452625985
2024-03-29,36.91667,3.0833435,-0.20177853,2024-03-29,18.648990373299995
2024-03-29,36.91667,3.1666718,-0.2054895,2024-03-29,20.82299777897512
2024-03-29,36.91667,3.25,-0.21273471,2024-03-29,25.08797191414032
2024-03-30,36.583336,2.8333435,,2024-03-30,27.42486183499686
2024-03-30,36.583336,2.9166718,,2024-03-30,22.513610945271516
2024-03-30,36.583336,3.0,,2024-03-30,19.289317853545782
2024-03-30,36.583336,3.0833435,,2024-03-30,18.648702135525184
2024-03-30,36.583336,3.1666718,,2024-03-30,20.831708919035847
2024-03-30,36.583336,3.25,,2024-03-30,25.112182506309033
2024-03-30,36.66667,2.8333435,,2024-03-30,22.228234819302035
2024-03-30,36.66667,2.9166718,,2024-03-30,15.782881420103022
2024-03-30,36.66667,3.0,,2024-03-30,10.698609465725811
2024-03-30,36.66667,3.0833435,,2024-03-30,9.496464669132697
2024-03-30,36.66667,3.1666718,,2024-03-30,13.276882967911245
2024-03-30,36.66667,3.25,,2024-03-30,19.306074472517334
2024-03-30,36.75,2.8333435,-0.15402468,2024-03-30,20.194040166169533
2024-03-30,36.75,2.9166718,,2024-03-30,12.76987826840439
2024-03-30,36.75,3.0,,2024-03-30,5.345713953294998
2024-03-30,36.75,3.0833435,-0.15050066,2024-03-30,2.079801567910821
2024-03-30,36.75,3.1666718,-0.14900696,2024-03-30,9.50394748445699
2024-03-30,36.75,3.25,,2024-03-30,16.92811061876691
2024-03-30,36.833336,2.8333435,-0.16771133,2024-03-30,22.20863381656194
2024-03-30,36.833336,2.9166718,-0.15866849,2024-03-30,15.772124592603511
2024-03-30,36.833336,3.0,-0.15552257,2024-03-30,10.696398658202174
2024-03-30,36.833336,3.0833435,-0.15642884,2024-03-30,9.496747682395155
2024-03-30,36.833336,3.1666718,-0.16027161,2024-03-30,13.270048906298761
2024-03-30,36.833336,3.25,-0.16411813,2024-03-30,19.290330362086166
2024-03-30,36.91667,2.8333435,-0.18292621,2024-03-30,27.393082527538727
2024-03-30,36.91667,2.9166718,-0.17194492,2024-03-30,22.49852861582144
2024-03-30,36.91667,3.0,-0.16832653,2024-03-30,19.286865452625985
2024-03-30,36.91667,3.0833435,-0.17051019,2024-03-30,18.648990373299995
2024-03-30,36.91667,3.1666718,-0.1774463,2024-03-30,20.82299777897512
2024-03-30,36.91667,3.25,-0.18723011,2024-03-30,25.08797191414032
2024-03-31,36.583336,2.8333435,,2024-03-31,27.42486183499686
2024-03-31,36.583336,2.9166718,,2024-03-31,22.513610945271516
2024-03-31,36.583336,3.0,,2024-03-31,19.289317853545782
2024-03-31,36.583336,3.0833435,,2024-03-31,18.648702135525184
2024-03-31,36.583336,3.1666718,,2024-03-31,20.831708919035847
2024-03-31,36.583336,3.25,,2024-03-31,25.112182506309033
2024-03-31,36.66667,2.8333435,,2024-03-31,22.228234819302035
2024-03-31,36.66667,2.9166718,,2024-03-31,15.782881420103022
2024-03-31,36.66667,3.0,,2024-03-31,10.698609465725811
2024-03-31,36.66667,3.0833435,,2024-03-31,9.496464669132697
2024-03-31,36.66667,3.1666718,,2024-03-31,13.276882967911245
2024-03-31,36.66667,3.25,,2024-03-31,19.306074472517334
2024-03-31,36.75,2.8333435,-0.16443063,2024-03-31,20.194040166169533
2024-03-31,36.75,2.9166718,,2024-03-31,12.76987826840439
2024-03-31,36.75,3.0,,2024-03-31,5.345713953294998
2024-03-31,36.75,3.0833435,-0.16633092,2024-03-31,2.079801567910821
2024-03-31,36.75,3.1666718,-0.16475041,2024-03-31,9.50394748445699
2024-03-31,36.75,3.25,,2024-03-31,16.92811061876691
2024-03-31,36.833336,2.8333435,-0.17152785,2024-03-31,22.20863381656194
2024-03-31,36.833336,2.9166718,-0.17032254,2024-03-31,15.772124592603511
2024-03-31,36.833336,3.0,-0.16960792,2024-03-31,10.696398658202174
2024-03-31,36.833336,3.0833435,-0.17040654,2024-03-31,9.496747682395155
2024-03-31,36.833336,3.1666718,-0.17359409,2024-03-31,13.270048906298761
2024-03-31,36.833336,3.25,-0.17710464,2024-03-31,19.290330362086166
2024-03-31,36.91667,2.8333435,-0.18012747,2024-03-31,27.393082527538727
2024-03-31,36.91667,2.9166718,-0.1777758,2024-03-31,22.49852861582144
2024-03-31,36.91667,3.0,-0.17701426,2024-03-31,19.286865452625985
2024-03-31,36.91667,3.0833435,-0.17999156,2024-03-31,18.648990373299995
2024-03-31,36.91667,3.1666718,-0.18742183,2024-03-31,20.82299777897512
2024-03-31,36.91667,3.25,-0.19725637,2024-03-31,25.08797191414032
2024-04-01,36.583336,2.8333435,,2024-04-01,27.42486183499686
2024-04-01,36.583336,2.9166718,,2024-04-01,22.513610945271516
2024-04-01,36.583336,3.0,,2024-04-01,19.289317853545782
2024-04-01,36.583336,3.0833435,,2024-04-01,18.648702135525184
2024-04-01,36.583336,3.1666718,,2024-04-01,20.831708919035847
2024-04-01,36.583336,3.25,,2024-04-01,25.112182506309033
2024-04-01,36.66667,2.8333435,,2024-04-01,22.228234819302035
2024-04-01,36.66667,2.9166718,,2024-04-01,15.782881420103022
2024-04-01,36.66667,3.0,,2024-04-01,10.698609465725811
2024-04-01,36.66667,3.0833435,,2024-04-01,9.496464669132697
2024-04-01,36.66667,3.1666718,,2024-04-01,13.276882967911245
2024-04-01,36.66667,3.25,,2024-04-01,19.306074472517334
2024-04-01,36.75,2.8333435,-0.16937217,2024-04-01,20.194040166169533
2024-04-01,36.75,2.9166718,,2024-04-01,12.76987826840439
2024-04-01,36.75,3.0,,2024-04-01,5.345713953294998
2024-04-01,36.75,3.0833435,-0.17639138,2024-04-01,2.079801567910821
2024-04-01,36.75,3.1666718,-0.17392308,2024-04-01,9.50394748445699
2024-04-01,36.75,3.25,,2024-04-01,16.92811061876691
2024-04-01,36.833336,2.8333435,-0.1780053,2024-04-01,22.20863381656194
2024-04-01,36.833336,2.9166718,-0.17996797,2024-04-01,15.772124592603511
2024-04-01,36.833336,3.0,-0.1819073,2024-04-01,10.696398658202174
2024-04-01,36.833336,3.0833435,-0.18423249,2024-04-01,9.496747682395155
2024-04-01,36.833336,3.1666718,-0.18891504,2024-04-01,13.270048906298761
2024-04-01,36.833336,3.25,-0.19381021,2024-04-01,19.290330362086166
2024-04-01,36.91667,2.8333435,-0.18506742,2024-04-01,27.393082527538727
2024-04-01,36.91667,2.9166718,-0.1896491,2024-04-01,22.49852861582144
2024-04-01,36.91667,3.0,-0.19401383,2024-04-01,19.286865452625985
2024-04-01,36.91667,3.0833435,-0.19963366,2024-04-01,18.648990373299995
2024-04-01,36.91667,3.1666718,-0.2085196,2024-04-01,20.82299777897512
2024-04-01,36.91667,3.25,-0.21858197,2024-04-01,25.08797191414032
2024-04-02,36.583336,2.8333435,,2024-04-02,27.42486183499686
2024-04-02,36.583336,2.9166718,,2024-04-02,22.513610945271516
2024-04-02,36.583336,3.0,,2024-04-02,19.289317853545782
2024-04-02,36.583336,3.0833435,,2024-04-02,18.648702135525184
2024-04-02,36.583336,3.1666718,,2024-04-02,20.831708919035847
2024-04-02,36.583336,3.25,,2024-04-02,25.112182506309033
2024-04-02,36.66667,2.8333435,,2024-04-02,22.228234819302035
2024-04-02,36.66667,2.9166718,,2024-04-02,15.782881420103022
2024-04-02,36.66667,3.0,,2024-04-02,10.698609465725811
2024-04-02,36.66667,3.0833435,,2024-04-02,9.496464669132697
2024-04-02,36.66667,3.1666718,,2024-04-02,13.276882967911245
2024-04-02,36.66667,3.25,,2024-04-02,19.306074472517334
2024-04-02,36.75,2.8333435,-0.19584008,2024-04-02,20.194040166169533
2024-04-02,36.75,2.9166718,,2024-04-02,12.76987826840439
2024-04-02,36.75,3.0,,2024-04-02,5.345713953294998
2024-04-02,36.75,3.0833435,-0.20091657,2024-04-02,2.079801567910821
2024-04-02,36.75,3.1666718,-0.19963376,2024-04-02,9.50394748445699
2024-04-02,36.75,3.25,,2024-04-02,16.92811061876691
2024-04-02,36.833336,2.8333435,-0.20080557,2024-04-02,22.20863381656194
2024-04-02,36.833336,2.9166718,-0.20464107,2024-04-02,15.772124592603511
2024-04-02,36.833336,3.0,-0.20860758,2024-04-02,10.696398658202174
2024-04-02,36.833336,3.0833435,-0.21131964,2024-04-02,9.496747682395155
2024-04-02,36.833336,3.1666718,-0.2143684,2024-04-02,13.270048906298761
2024-04-02,36.833336,3.25,-0.21598306,2024-04-02,19.290330362086166
2024-04-02,36.91667,2.8333435,-0.20628016,2024-04-02,27.393082527538727
2024-04-02,36.91667,2.9166718,-0.2144323,2024-04-02,22.49852861582144
2024-04-02,36.91667,3.0,-0.22214003,2024-04-02,19.286865452625985
2024-04-02,36.91667,3.0833435,-0.22895208,2024-04-02,18.648990373299995
2024-04-02,36.91667,3.1666718,-0.23659311,2024-04-02,20.82299777897512
2024-04-02,36.91667,3.25,-0.24296567,2024-04-02,25.08797191414032
2024-04-03,36.583336,2.8333435,,2024-04-03,27.42486183499686
2024-04-03,36.583336,2.9166718,,2024-04-03,22.513610945271516
2024-04-03,36.583336,3.0,,2024-04-03,19.289317853545782
2024-04-03,36.583336,3.0833435,,2024-04-03,18.648702135525184
2024-04-03,36.583336,3.1666718,,2024-04-03,20.831708919035847
2024-04-03,36.583336,3.25,,2024-04-03,25.112182506309033
2024-04-03,36.66667,2.8333435,,2024-04-03,22.228234819302035
2024-04-03,36.66667,2.9166718,,2024-04-03,15.782881420103022
2024-04-03,36.66667,3.0,,2024-04-03,10.698609465725811
2024-04-03,36.66667,3.0833435,,2024-04-03,9.496464669132697
2024-04-03,36.66667,3.1666718,,2024-04-03,13.276882967911245
2024-04-03,36.66667,3.25,,2024-04-03,19.306074472517334
2024-04-03,36.75,2.8333435,-0.24156344,2024-04-03,20.194040166169533
2024-04-03,36.75,2.9166718,,2024-04-03,12.76987826840439
2024-04-03,36.75,3.0,,2024-04-03,5.345713953294998
2024-04-03,36.75,3.0833435,-0.24403322,2024-04-03,2.079801567910821
2024-04-03,36.75,3.1666718,-0.24244142,2024-04-03,9.50394748445699
2024-04-03,36.75,3.25,,2024-04-03,16.92811061876691
2024-04-03,36.833336,2.8333435,-0.24089716,2024-04-03,22.20863381656194
2024-04-03,36.833336,2.9166718,-0.24618547,2024-04-03,15.772124592603511
2024-04-03,36.833336,3.0,-0.25047323,2024-04-03,10.696398658202174
2024-04-03,36.833336,3.0833435,-0.2527184,2024-04-03,9.496747682395155
2024-04-03,36.833336,3.1666718,-0.2522825,2024-04-03,13.270048906298761
2024-04-03,36.833336,3.25,-0.24854259,2024-04-03,19.290330362086166
2024-04-03,36.91667,2.8333435,-0.24137232,2024-04-03,27.393082527538727
2024-04-03,36.91667,2.9166718,-0.25146037,2024-04-03,22.49852861582144
2024-04-03,36.91667,3.0,-0.26035228,2024-04-03,19.286865452625985
2024-04-03,36.91667,3.0833435,-0.26630995,2024-04-03,18.648990373299995
2024-04-03,36.91667,3.1666718,-0.26774818,2024-04-03,20.82299777897512
2024-04-03,36.91667,3.25,-0.26386,2024-04-03,25.08797191414032
2024-04-04,36.583336,2.8333435,,2024-04-04,27.42486183499686
2024-04-04,36.583336,2.9166718,,2024-04-04,22.513610945271516
2024-04-04,36.583336,3.0,,2024-04-04,19.289317853545782
2024-04-04,36.583336,3.0833435,,2024-04-04,18.648702135525184
2024-04-04,36.583336,3.1666718,,2024-04-04,20.831708919035847
2024-04-04,36.583336,3.25,,2024-04-04,25.112182506309033
2024-04-04,36.66667,2.8333435,,2024-04-04,22.228234819302035
2024-04-04,36.66667,2.9166718,,2024-04-04,15.782881420103022
2024-04-04,36.66667,3.0,,2024-04-04,10.698609465725811
2024-04-04,36.66667,3.0833435,,2024-04-04,9.496464669132697
2024-04-04,36.66667,3.1666718,,2024-04-04,13.276882967911245
2024-04-04,36.66667,3.25,,2024-04-04,19.306074472517334
2024-04-04,36.75,2.8333435,-0.29707822,2024-04-04,20.194040166169533
2024-04-04,36.75,2.9166718,,2024-04-04,12.76987826840439
2024-04-04,36.75,3.0,,2024-04-04,5.345713953294998
2024-04-04,36.75,3.0833435,-0.2966033,2024-04-04,2.079801567910821
2024-04-04,36.75,3.1666718,-0.29627883,2024-04-04,9.50394748445699
2024-04-04,36.75,3.25,,2024-04-04,16.92811061876691
2024-04-04,36.833336,2.8333435,-0.29779488,2024-04-04,22.20863381656194
2024-04-04,36.833336,2.9166718,-0.30000412,2024-04-04,15.772124592603511
2024-04-04,36.833336,3.0,-0.30091897,2024-04-04,10.696398658202174
2024-04-04,36.833336,3.0833435,-0.30005634,2024-04-04,9.496747682395155
2024-04-04,36.833336,3.1666718,-0.2968567,2024-04-04,13.270048906298761
2024-04-04,36.833336,3.25,-0.29179886,2024-04-04,19.290330362086166
2024-04-04,36.91667,2.8333435,-0.29442927,2024-04-04,27.393082527538727
2024-04-04,36.91667,2.9166718,-0.3030485,2024-04-04,22.49852861582144
2024-04-04,36.91667,3.0,-0.30679178,2024-04-04,19.286865452625985
2024-04-04,36.91667,3.0833435,-0.3049309,2024-04-04,18.648990373299995
2024-04-04,36.91667,3.1666718,-0.29741466,2024-04-04,20.82299777897512
2024-04-04,36.91667,3.25,-0.2879514,2024-04-04,25.08797191414032
2024-04-05,36.583336,2.8333435,,2024-04-05,27.42486183499686
2024-04-05,36.583336,2.9166718,,2024-04-05,22.513610945271516
2024-04-05,36.583336,3.0,,2024-04-05,19.289317853545782
2024-04-05,36.583336,3.0833435,,2024-04-05,18.648702135525184
2024-04-05,36.583336,3.1666718,,2024-04-05,20.831708919035847
2024-04-05,36.583336,3.25,,2024-04-05,25.112182506309033
2024-04-05,36.66667,2.8333435,,2024-04-05,22.228234819302035
2024-04-05,36.66667,2.9166718,,2024-04-05,15.782881420103022
2024-04-05,36.66667,3.0,,2024-04-05,10.698609465725811
2024-04-05,36.66667,3.0833435,,2024-04-05,9.496464669132697
2024-04-05,36.66667,3.1666718,,2024-04-05,13.276882967911245
2024-04-05,36.66667,3.25,,2024-04-05,19.306074472517334
2024-04-05,36.75,2.8333435,-0.32466805,2024-04-05,20.194040166169533
2024-04-05,36.75,2.9166718,,2024-04-05,12.76987826840439
2024-04-05,36.75,3.0,,2024-04-05,5.345713953294998
2024-04-05,36.75,3.0833435,-0.32513565,2024-04-05,2.079801567910821
2024-04-05,36.75,3.1666718,-0.32542428,2024-04-05,9.50394748445699
2024-04-05,36.75,3.25,,2024-04-05,16.92811061876691
2024-04-05,36.833336,2.8333435,-0.3283537,2024-04-05,22.20863381656194
2024-04-05,36.833336,2.9166718,-0.3267222,2024-04-05,15.772124592603511
2024-04-05,36.833336,3.0,-0.3252688,2024-04-05,10.696398658202174
2024-04-05,36.833336,3.0833435,-0.322431,2024-04-05,9.496747682395155
2024-04-05,36.833336,3.1666718,-0.32043824,2024-04-05,13.270048906298761
2024-04-05,36.833336,3.25,-0.31833,2024-04-05,19.290330362086166
2024-04-05,36.91667,2.8333435,-0.3282931,2024-04-05,27.393082527538727
2024-04-05,36.91667,2.9166718,-0.32448518,2024-04-05,22.49852861582144
2024-04-05,36.91667,3.0,-0.31823447,2024-04-05,19.286865452625985
2024-04-05,36.91667,3.0833435,-0.311218,2024-04-05,18.648990373299995
2024-04-05,36.91667,3.1666718,-0.3040734,2024-04-05,20.82299777897512
2024-04-05,36.91667,3.25,-0.29780963,2024-04-05,25.08797191414032
2024-04-06,36.583336,2.8333435,,2024-04-06,27.42486183499686
2024-04-06,36.583336,2.9166718,,2024-04-06,22.513610945271516
2024-04-06,36.583336,3.0,,2024-04-06,19.289317853545782
2024-04-06,36.583336,3.0833435,,2024-04-06,18.648702135525184
2024-04-06,36.583336,3.1666718,,2024-04-06,20.831708919035847
2024-04-06,36.583336,3.25,,2024-04-06,25.112182506309033
2024-04-06,36.66667,2.8333435,,2024-04-06,22.228234819302035
2024-04-06,36.66667,2.9166718,,2024-04-06,15.782881420103022
2024-04-06,36.66667,3.0,,2024-04-06,10.698609465725811
2024-04-06,36.66667,3.0833435,,2024-04-06,9.496464669132697
2024-04-06,36.66667,3.1666718,,2024-04-06,13.276882967911245
2024-04-06,36.66667,3.25,,2024-04-06,19.306074472517334
2024-04-06,36.75,2.8333435,-0.33841577,2024-04-06,20.194040166169533
2024-04-06,36.75,2.9166718,,2024-04-06,12.76987826840439
2024-04-06,36.75,3.0,,2024-04-06,5.345713953294998
2024-04-06,36.75,3.0833435,-0.34125176,2024-04-06,2.079801567910821
2024-04-06,36.75,3.1666718,-0.34230298,2024-04-06,9.50394748445699
2024-04-06,36.75,3.25,,2024-04-06,16.92811061876691
2024-04-06,36.833336,2.8333435,-0.33790717,2024-04-06,22.20863381656194
2024-04-06,36.833336,2.9166718,-0.3356742,2024-04-06,15.772124592603511
2024-04-06,36.833336,3.0,-0.33673668,2024-04-06,10.696398658202174
2024-04-06,36.833336,3.0833435,-0.33771297,2024-04-06,9.496747682395155
2024-04-06,36.833336,3.1666718,-0.33667088,2024-04-06,13.270048906298761
2024-04-06,36.833336,3.25,-0.3351543,2024-04-06,19.290330362086166
2024-04-06,36.91667,2.8333435,-0.3280494,2024-04-06,27.393082527538727
2024-04-06,36.91667,2.9166718,-0.32271025,2024-04-06,22.49852861582144
2024-04-06,36.91667,3.0,-0.318159,2024-04-06,19.286865452625985
2024-04-06,36.91667,3.0833435,-0.3135449,2024-04-06,18.648990373299995
2024-04-06,36.91667,3.1666718,-0.30841714,2024-04-06,20.82299777897512
2024-04-06,36.91667,3.25,-0.30430943,2024-04-06,25.08797191414032
2024-04-07,36.583336,2.8333435,,2024-04-07,27.42486183499686
2024-04-07,36.583336,2.9166718,,2024-04-07,22.513610945271516
2024-04-07,36.583336,3.0,,2024-04-07,19.289317853545782
2024-04-07,36.583336,3.0833435,,2024-04-07,18.648702135525184
2024-04-07,36.583336,3.1666718,,2024-04-07,20.831708919035847
2024-04-07,36.583336,3.25,,2024-04-07,25.112182506309033
2024-04-07,36.66667,2.8333435,,2024-04-07,22.228234819302035
2024-04-07,36.66667,2.9166718,,2024-04-07,15.782881420103022
2024-04-07,36.66667,3.0,,2024-04-07,10.698609465725811
2024-04-07,36.66667,3.0833435,,2024-04-07,9.496464669132697
2024-04-07,36.66667,3.1666718,,2024-04-07,13.276882967911245
2024-04-07,36.66667,3.25,,2024-04-07,19.306074472517334
2024-04-07,36.75,2.8333435,-0.34856322,2024-04-07,20.194040166169533
2024-04-07,36.75,2.9166718,,2024-04-07,12.76987826840439
2024-04-07,36.75,3.0,,2024-04-07,5.345713953294998
2024-04-07,36.75,3.0833435,-0.3544721,2024-04-07,2.079801567910821
2024-04-07,36.75,3.1666718,-0.35536632,2024-04-07,9.50394748445699
2024-04-07,36.75,3.25,,2024-04-07,16.92811061876691
2024-04-07,36.833336,2.8333435,-0.34717506,2024-04-07,22.20863381656194
2024-04-07,36.833336,2.9166718,-0.3482534,2024-04-07,15.772124592603511
2024-04-07,36.833336,3.0,-0.34884372,2024-04-07,10.696398658202174
2024-04-07,36.833336,3.0833435,-0.34878537,2024-04-07,9.496747682395155
2024-04-07,36.833336,3.1666718,-0.34638566,2024-04-07,13.270048906298761
2024-04-07,36.833336,3.25,-0.34564614,2024-04-07,19.290330362086166
2024-04-07,36.91667,2.8333435,-0.32946685,2024-04-07,27.393082527538727
2024-04-07,36.91667,2.9166718,-0.32751364,2024-04-07,22.49852861582144
2024-04-07,36.91667,3.0,-0.32458395,2024-04-07,19.286865452625985
2024-04-07,36.91667,3.0833435,-0.3207466,2024-04-07,18.648990373299995
2024-04-07,36.91667,3.1666718,-0.31635106,2024-04-07,20.82299777897512
2024-04-07,36.91667,3.25,-0.3142609,2024-04-07,25.08797191414032
2024-04-08,36.583336,2.8333435,,2024-04-08,27.42486183499686
2024-04-08,36.583336,2.9166718,,2024-04-08,22.513610945271516
2024-04-08,36.583336,3.0,,2024-04-08,19.289317853545782
2024-04-08,36.583336,3.0833435,,2024-04-08,18.648702135525184
2024-04-08,36.583336,3.1666718,,2024-04-08,20.831708919035847
2024-04-08,36.583336,3.25,,2024-04-08,25.112182506309033
2024-04-08,36.66667,2.8333435,,2024-04-08,22.228234819302035
2024-04-08,36.66667,2.9166718,,2024-04-08,15.782881420103022
2024-04-08,36.66667,3.0,,2024-04-08,10.698609465725811
2024-04-08,36.66667,3.0833435,,2024-04-08,9.496464669132697
2024-04-08,36.66667,3.1666718,,2024-04-08,13.276882967911245
2024-04-08,36.66667,3.25,,2024-04-08,19.306074472517334
2024-04-08,36.75,2.8333435,-0.3493067,2024-04-08,20.194040166169533
2024-04-08,36.75,2.9166718,,2024-04-08,12.76987826840439
2024-04-08,36.75,3.0,,2024-04-08,5.345713953294998
2024-04-08,36.75,3.0833435,-0.35649264,2024-04-08,2.079801567910821
2024-04-08,36.75,3.1666718,-0.35787016,2024-04-08,9.50394748445699
2024-04-08,36.75,3.25,,2024-04-08,16.92811061876691
2024-04-08,36.833336,2.8333435,-0.3520172,2024-04-08,22.20863381656194
2024-04-08,36.833336,2.9166718,-0.35088083,2024-04-08,15.772124592603511
2024-04-08,36.833336,3.0,-0.34748313,2024-04-08,10.696398658202174
2024-04-08,36.833336,3.0833435,-0.34795907,2024-04-08,9.496747682395155
2024-04-08,36.833336,3.1666718,-0.34880546,2024-04-08,13.270048906298761
2024-04-08,36.833336,3.25,-0.3501927,2024-04-08,19.290330362086166
2024-04-08,36.91667,2.8333435,-0.3321164,2024-04-08,27.393082527538727
2024-04-08,36.91667,2.9166718,-0.32937926,2024-04-08,22.49852861582144
2024-04-08,36.91667,3.0,-0.32475033,2024-04-08,19.286865452625985
2024-04-08,36.91667,3.0833435,-0.3208232,2024-04-08,18.648990373299995
2024-04-08,36.91667,3.1666718,-0.3186427,2024-04-08,20.82299777897512
2024-04-08,36.91667,3.25,-0.31834295,2024-04-08,25.08797191414032
2024-04-09,36.583336,2.8333435,,2024-04-09,27.42486183499686
2024-04-09,36.583336,2.9166718,,2024-04-09,22.513610945271516
2024-04-09,36.583336,3.0,,2024-04-09,19.289317853545782
2024-04-09,36.583336,3.0833435,,2024-04-09,18.648702135525184
2024-04-09,36.583336,3.1666718,,2024-04-09,20.831708919035847
2024-04-09,36.583336,3.25,,2024-04-09,25.112182506309033
2024-04-09,36.66667,2.8333435,,2024-04-09,22.228234819302035
2024-04-09,36.66667,2.9166718,,2024-04-09,15.782881420103022
2024-04-09,36.66667,3.0,,2024-04-09,10.698609465725811
2024-04-09,36.66667,3.0833435,,2024-04-09,9.496464669132697
2024-04-09,36.66667,3.1666718,,2024-04-09,13.276882967911245
2024-04-09,36.66667,3.25,,2024-04-09,19.306074472517334
2024-04-09,36.75,2.8333435,-0.35146102,2024-04-09,20.194040166169533
2024-04-09,36.75,2.9166718,,2024-04-09,12.76987826840439
2024-04-09,36.75,3.0,,2024-04-09,5.345713953294998
2024-04-09,36.75,3.0833435,-0.35461935,2024-04-09,2.079801567910821
2024-04-09,36.75,3.1666718,-0.3542654,2024-04-09,9.50394748445699
2024-04-09,36.75,3.25,,2024-04-09,16.92811061876691
2024-04-09,36.833336,2.8333435,-0.358139,2024-04-09,22.20863381656194
2024-04-09,36.833336,2.9166718,-0.3535044,2024-04-09,15.772124592603511
2024-04-09,36.833336,3.0,-0.3515088,2024-04-09,10.696398658202174
2024-04-09,36.833336,3.0833435,-0.35305277,2024-04-09,9.496747682395155
2024-04-09,36.833336,3.1666718,-0.35429674,2024-04-09,13.270048906298761
2024-04-09,36.833336,3.25,-0.35657042,2024-04-09,19.290330362086166
2024-04-09,36.91667,2.8333435,-0.34520534,2024-04-09,27.393082527538727
2024-04-09,36.91667,2.9166718,-0.33977824,2024-04-09,22.49852861582144
2024-04-09,36.91667,3.0,-0.33486193,2024-04-09,19.286865452625985
2024-04-09,36.91667,3.0833435,-0.33230904,2024-04-09,18.648990373299995
2024-04-09,36.91667,3.1666718,-0.33181417,2024-04-09,20.82299777897512
2024-04-09,36.91667,3.25,-0.33384383,2024-04-09,25.08797191414032
2024-04-10,36.583336,2.8333435,,2024-04-10,27.42486183499686
2024-04-10,36.583336,2.9166718,,2024-04-10,22.513610945271516
2024-04-10,36.583336,3.0,,2024-04-10,19.289317853545782
2024-04-10,36.583336,3.0833435,,2024-04-10,18.648702135525184
2024-04-10,36.583336,3.1666718,,2024-04-10,20.831708919035847
2024-04-10,36.583336,3.25,,2024-04-10,25.112182506309033
2024-04-10,36.66667,2.8333435,,2024-04-10,22.228234819302035
2024-04-10,36.66667,2.9166718,,2024-04-10,15.782881420103022
2024-04-10,36.66667,3.0,,2024-04-10,10.698609465725811
2024-04-10,36.66667,3.0833435,,2024-04-10,9.496464669132697
2024-04-10,36.66667,3.1666718,,2024-04-10,13.276882967911245
2024-04-10,36.66667,3.25,,2024-04-10,19.306074472517334
2024-04-10,36.75,2.8333435,-0.39186868,2024-04-10,20.194040166169533
2024-04-10,36.75,2.9166718,,2024-04-10,12.76987826840439
2024-04-10,36.75,3.0,,2024-04-10,5.345713953294998
2024-04-10,36.75,3.0833435,-0.39364496,2024-04-10,2.079801567910821
2024-04-10,36.75,3.1666718,-0.39329818,2024-04-10,9.50394748445699
2024-04-10,36.75,3.25,,2024-04-10,16.92811061876691
2024-04-10,36.833336,2.8333435,-0.39712748,2024-04-10,22.20863381656194
2024-04-10,36.833336,2.9166718,-0.39438298,2024-04-10,15.772124592603511
2024-04-10,36.833336,3.0,-0.39420655,2024-04-10,10.696398658202174
2024-04-10,36.833336,3.0833435,-0.396256,2024-04-10,9.496747682395155
2024-04-10,36.833336,3.1666718,-0.3979576,2024-04-10,13.270048906298761
2024-04-10,36.833336,3.25,-0.39991271,2024-04-10,19.290330362086166
2024-04-10,36.91667,2.8333435,-0.39070243,2024-04-10,27.393082527538727
2024-04-10,36.91667,2.9166718,-0.38616705,2024-04-10,22.49852861582144
2024-04-10,36.91667,3.0,-0.38353035,2024-04-10,19.286865452625985
2024-04-10,36.91667,3.0833435,-0.38324773,2024-04-10,18.648990373299995
2024-04-10,36.91667,3.1666718,-0.3849729,2024-04-10,20.82299777897512
2024-04-10,36.91667,3.25,-0.38916743,2024-04-10,25.08797191414032
2024-04-11,36.583336,2.8333435,,2024-04-11,27.42486183499686
2024-04-11,36.583336,2.9166718,,2024-04-11,22.513610945271516
2024-04-11,36.583336,3.0,,2024-04-11,19.289317853545782
2024-04-11,36.583336,3.0833435,,2024-04-11,18.648702135525184
2024-04-11,36.583336,3.1666718,,2024-04-11,20.831708919035847
2024-04-11,36.583336,3.25,,2024-04-11,25.112182506309033
2024-04-11,36.66667,2.8333435,,2024-04-11,22.228234819302035
2024-04-11,36.66667,2.9166718,,2024-04-11,15.782881420103022
2024-04-11,36.66667,3.0,,2024-04-11,10.698609465725811
2024-04-11,36.66667,3.0833435,,2024-04-11,9.496464669132697
2024-04-11,36.66667,3.1666718,,2024-04-11,13.276882967911245
2024-04-11,36.66667,3.25,,2024-04-11,19.306074472517334
2024-04-11,36.75,2.8333435,-0.39168712,2024-04-11,20.194040166169533
2024-04-11,36.75,2.9166718,,2024-04-11,12.76987826840439
2024-04-11,36.75,3.0,,2024-04-11,5.345713953294998
2024-04-11,36.75,3.0833435,-0.38762388,2024-04-11,2.079801567910821
2024-04-11,36.75,3.1666718,-0.3867896,2024-04-11,9.50394748445699
2024-04-11,36.75,3.25,,2024-04-11,16.92811061876691
2024-04-11,36.833336,2.8333435,-0.3923835,2024-04-11,22.20863381656194
2024-04-11,36.833336,2.9166718,-0.39086556,2024-04-11,15.772124592603511
2024-04-11,36.833336,3.0,-0.39048523,2024-04-11,10.696398658202174
2024-04-11,36.833336,3.0833435,-0.3907834,2024-04-11,9.496747682395155
2024-04-11,36.833336,3.1666718,-0.39171693,2024-04-11,13.270048906298761
2024-04-11,36.833336,3.25,-0.3926536,2024-04-11,19.290330362086166
2024-04-11,36.91667,2.8333435,-0.3850029,2024-04-11,27.393082527538727
2024-04-11,36.91667,2.9166718,-0.38359073,2024-04-11,22.49852861582144
2024-04-11,36.91667,3.0,-0.38248324,2024-04-11,19.286865452625985
2024-04-11,36.91667,3.0833435,-0.38238868,2024-04-11,18.648990373299995
2024-04-11,36.91667,3.1666718,-0.38328952,2024-04-11,20.82299777897512
2024-04-11,36.91667,3.25,-0.38570035,2024-04-11,25.08797191414032
2024-04-12,36.583336,2.8333435,,2024-04-12,27.42486183499686
2024-04-12,36.583336,2.9166718,,2024-04-12,22.513610945271516
2024-04-12,36.583336,3.0,,2024-04-12,19.289317853545782
2024-04-12,36.583336,3.0833435,,2024-04-12,18.648702135525184
2024-04-12,36.583336,3.1666718,,2024-04-12,20.831708919035847
2024-04-12,36.583336,3.25,,2024-04-12,25.112182506309033
2024-04-12,36.66667,2.8333435,,2024-04-12,22.228234819302035
2024-04-12,36.66667,2.9166718,,2024-04-12,15.782881420103022
2024-04-12,36.66667,3.0,,2024-04-12,10.698609465725811
2024-04-12,36.66667,3.0833435,,2024-04-12,9.496464669132697
2024-04-12,36.66667,3.1666718,,2024-04-12,13.276882967911245
2024-04-12,36.66667,3.25,,2024-04-12,19.306074472517334
2024-04-12,36.75,2.8333435,-0.41154447,2024-04-12,20.194040166169533
2024-04-12,36.75,2.9166718,,2024-04-12,12.76987826840439
2024-04-12,36.75,3.0,,2024-04-12,5.345713953294998
2024-04-12,36.75,3.0833435,-0.4128493,2024-04-12,2.079801567910821
2024-04-12,36.75,3.1666718,-0.4126581,2024-04-12,9.50394748445699
2024-04-12,36.75,3.25,,2024-04-12,16.92811061876691
2024-04-12,36.833336,2.8333435,-0.4137863,2024-04-12,22.20863381656194
2024-04-12,36.833336,2.9166718,-0.4136386,2024-04-12,15.772124592603511
2024-04-12,36.833336,3.0,-0.4131572,2024-04-12,10.696398658202174
2024-04-12,36.833336,3.0833435,-0.4132095,2024-04-12,9.496747682395155
2024-04-12,36.833336,3.1666718,-0.41355512,2024-04-12,13.270048906298761
2024-04-12,36.833336,3.25,-0.41395405,2024-04-12,19.290330362086166
2024-04-12,36.91667,2.8333435,-0.40516537,2024-04-12,27.393082527538727
2024-04-12,36.91667,2.9166718,-0.40491927,2024-04-12,22.49852861582144
2024-04-12,36.91667,3.0,-0.4041321,2024-04-12,19.286865452625985
2024-04-12,36.91667,3.0833435,-0.40364286,2024-04-12,18.648990373299995
2024-04-12,36.91667,3.1666718,-0.40311196,2024-04-12,20.82299777897512
2024-04-12,36.91667,3.25,-0.40306997,2024-04-12,25.08797191414032
2024-04-13,36.583336,2.8333435,,2024-04-13,27.42486183499686
2024-04-13,36.583336,2.9166718,,2024-04-13,22.513610945271516
2024-04-13,36.583336,3.0,,2024-04-13,19.289317853545782
2024-04-13,36.583336,3.0833435,,2024-04-13,18.648702135525184
2024-04-13,36.583336,3.1666718,,2024-04-13,20.831708919035847
2024-04-13,36.583336,3.25,,2024-04-13,25.112182506309033
2024-04-13,36.66667,2.8333435,,2024-04-13,22.228234819302035
2024-04-13,36.66667,2.9166718,,2024-04-13,15.782881420103022
2024-04-13,36.66667,3.0,,2024-04-13,10.698609465725811
2024-04-13,36.66667,3.0833435,,2024-04-13,9.496464669132697
2024-04-13,36.66667,3.1666718,,2024-04-13,13.276882967911245
2024-04-13,36.66667,3.25,,2024-04-13,19.306074472517334
2024-04-13,36.75,2.8333435,-0.4235405,2024-04-13,20.194040166169533
2024-04-13,36.75,2.9166718,,2024-04-13,12.76987826840439
2024-04-13,36.75,3.0,,2024-04-13,5.345713953294998
2024-04-13,36.75,3.0833435,-0.42577496,2024-04-13,2.079801567910821
2024-04-13,36.75,3.1666718,-0.42608848,2024-04-13,9.50394748445699
2024-04-13,36.75,3.25,,2024-04-13,16.92811061876691
2024-04-13,36.833336,2.8333435,-0.42645368,2024-04-13,22.20863381656194
2024-04-13,36.833336,2.9166718,-0.425936,2024-04-13,15.772124592603511
2024-04-13,36.833336,3.0,-0.42564616,2024-04-13,10.696398658202174
2024-04-13,36.833336,3.0833435,-0.42560968,2024-04-13,9.496747682395155
2024-04-13,36.833336,3.1666718,-0.4259409,2024-04-13,13.270048906298761
2024-04-13,36.833336,3.25,-0.42597452,2024-04-13,19.290330362086166
2024-04-13,36.91667,2.8333435,-0.42038244,2024-04-13,27.393082527538727
2024-04-13,36.91667,2.9166718,-0.41867265,2024-04-13,22.49852861582144
2024-04-13,36.91667,3.0,-0.4163345,2024-04-13,19.286865452625985
2024-04-13,36.91667,3.0833435,-0.41446698,2024-04-13,18.648990373299995
2024-04-13,36.91667,3.1666718,-0.4122156,2024-04-13,20.82299777897512
2024-04-13,36.91667,3.25,-0.41076538,2024-04-13,25.08797191414032
2024-04-14,36.583336,2.8333435,,2024-04-14,27.42486183499686
2024-04-14,36.583336,2.9166718,,2024-04-14,22.513610945271516
2024-04-14,36.583336,3.0,,2024-04-14,19.289317853545782
2024-04-14,36.583336,3.0833435,,2024-04-14,18.648702135525184
2024-04-14,36.583336,3.1666718,,2024-04-14,20.831708919035847
2024-04-14,36.583336,3.25,,2024-04-14,25.112182506309033
2024-04-14,36.66667,2.8333435,,2024-04-14,22.228234819302035
2024-04-14,36.66667,2.9166718,,2024-04-14,15.782881420103022
2024-04-14,36.66667,3.0,,2024-04-14,10.698609465725811
2024-04-14,36.66667,3.0833435,,2024-04-14,9.496464669132697
2024-04-14,36.66667,3.1666718,,2024-04-14,13.276882967911245
2024-04-14,36.66667,3.25,,2024-04-14,19.306074472517334
2024-04-14,36.75,2.8333435,-0.42639276,2024-04-14,20.194040166169533
2024-04-14,36.75,2.9166718,,2024-04-14,12.76987826840439
2024-04-14,36.75,3.0,,2024-04-14,5.345713953294998
2024-04-14,36.75,3.0833435,-0.42786613,2024-04-14,2.079801567910821
2024-04-14,36.75,3.1666718,-0.42828023,2024-04-14,9.50394748445699
2024-04-14,36.75,3.25,,2024-04-14,16.92811061876691
2024-04-14,36.833336,2.8333435,-0.4284614,2024-04-14,22.20863381656194
2024-04-14,36.833336,2.9166718,-0.42707682,2024-04-14,15.772124592603511
2024-04-14,36.833336,3.0,-0.42718622,2024-04-14,10.696398658202174
2024-04-14,36.833336,3.0833435,-0.42751125,2024-04-14,9.496747682395155
2024-04-14,36.833336,3.1666718,-0.42703795,2024-04-14,13.270048906298761
2024-04-14,36.833336,3.25,-0.42631117,2024-04-14,19.290330362086166
2024-04-14,36.91667,2.8333435,-0.42131564,2024-04-14,27.393082527538727
2024-04-14,36.91667,2.9166718,-0.4183601,2024-04-14,22.49852861582144
2024-04-14,36.91667,3.0,-0.415481,2024-04-14,19.286865452625985
2024-04-14,36.91667,3.0833435,-0.41301,2024-04-14,18.648990373299995
2024-04-14,36.91667,3.1666718,-0.41059446,2024-04-14,20.82299777897512
2024-04-14,36.91667,3.25,-0.4090603,2024-04-14,25.08797191414032
2024-04-15,36.583336,2.8333435,,2024-04-15,27.42486183499686
2024-04-15,36.583336,2.9166718,,2024-04-15,22.513610945271516
2024-04-15,36.583336,3.0,,2024-04-15,19.289317853545782
2024-04-15,36.583336,3.0833435,,2024-04-15,18.648702135525184
2024-04-15,36.583336,3.1666718,,2024-04-15,20.831708919035847
2024-04-15,36.583336,3.25,,2024-04-15,25.112182506309033
2024-04-15,36.66667,2.8333435,,2024-04-15,22.228234819302035
2024-04-15,36.66667,2.9166718,,2024-04-15,15.782881420103022
2024-04-15,36.66667,3.0,,2024-04-15,10.698609465725811
2024-04-15,36.66667,3.0833435,,2024-04-15,9.496464669132697
2024-04-15,36.66667,3.1666718,,2024-04-15,13.276882967911245
2024-04-15,36.66667,3.25,,2024-04-15,19.306074472517334
2024-04-15,36.75,2.8333435,-0.40276673,2024-04-15,20.194040166169533
2024-04-15,36.75,2.9166718,,2024-04-15,12.76987826840439
2024-04-15,36.75,3.0,,2024-04-15,5.345713953294998
2024-04-15,36.75,3.0833435,-0.406404,2024-04-15,2.079801567910821
2024-04-15,36.75,3.1666718,-0.40562692,2024-04-15,9.50394748445699
2024-04-15,36.75,3.25,,2024-04-15,16.92811061876691
2024-04-15,36.833336,2.8333435,-0.4062378,2024-04-15,22.20863381656194
2024-04-15,36.833336,2.9166718,-0.40566134,2024-04-15,15.772124592603511
2024-04-15,36.833336,3.0,-0.40709728,2024-04-15,10.696398658202174
2024-04-15,36.833336,3.0833435,-0.40808785,2024-04-15,9.496747682395155
2024-04-15,36.833336,3.1666718,-0.40743333,2024-04-15,13.270048906298761
2024-04-15,36.833336,3.25,-0.40709722,2024-04-15,19.290330362086166
2024-04-15,36.91667,2.8333435,-0.39941162,2024-04-15,27.393082527538727
2024-04-15,36.91667,2.9166718,-0.39827818,2024-04-15,22.49852861582144
2024-04-15,36.91667,3.0,-0.39702666,2024-04-15,19.286865452625985
2024-04-15,36.91667,3.0833435,-0.39499003,2024-04-15,18.648990373299995
2024-04-15,36.91667,3.1666718,-0.39257008,2024-04-15,20.82299777897512
2024-04-15,36.91667,3.25,-0.39138916,2024-04-15,25.08797191414032
2024-04-16,36.583336,2.8333435,,2024-04-16,27.42486183499686
2024-04-16,36.583336,2.9166718,,2024-04-16,22.513610945271516
2024-04-16,36.583336,3.0,,2024-04-16,19.289317853545782
2024-04-16,36.583336,3.0833435,,2024-04-16,18.648702135525184
2024-04-16,36.583336,3.1666718,,2024-04-16,20.831708919035847
2024-04-16,36.583336,3.25,,2024-04-16,25.112182506309033
2024-04-16,36.66667,2.8333435,,2024-04-16,22.228234819302035
2024-04-16,36.66667,2.9166718,,2024-04-16,15.782881420103022
2024-04-16,36.66667,3.0,,2024-04-16,10.698609465725811
2024-04-16,36.66667,3.0833435,,2024-04-16,9.496464669132697
2024-04-16,36.66667,3.1666718,,2024-04-16,13.276882967911245
2024-04-16,36.66667,3.25,,2024-04-16,19.306074472517334
2024-04-16,36.75,2.8333435,-0.38858715,2024-04-16,20.194040166169533
2024-04-16,36.75,2.9166718,,2024-04-16,12.76987826840439
2024-04-16,36.75,3.0,,2024-04-16,5.345713953294998
2024-04-16,36.75,3.0833435,-0.39464518,2024-04-16,2.079801567910821
2024-04-16,36.75,3.1666718,-0.39413527,2024-04-16,9.50394748445699
2024-04-16,36.75,3.25,,2024-04-16,16.92811061876691
2024-04-16,36.833336,2.8333435,-0.3976496,2024-04-16,22.20863381656194
2024-04-16,36.833336,2.9166718,-0.39699832,2024-04-16,15.772124592603511
2024-04-16,36.833336,3.0,-0.39825514,2024-04-16,10.696398658202174
2024-04-16,36.833336,3.0833435,-0.40001294,2024-04-16,9.496747682395155
2024-04-16,36.833336,3.1666718,-0.40053946,2024-04-16,13.270048906298761
2024-04-16,36.833336,3.25,-0.40097964,2024-04-16,19.290330362086166
2024-04-16,36.91667,2.8333435,-0.3984813,2024-04-16,27.393082527538727
2024-04-16,36.91667,2.9166718,-0.3974806,2024-04-16,22.49852861582144
2024-04-16,36.91667,3.0,-0.39614922,2024-04-16,19.286865452625985
2024-04-16,36.91667,3.0833435,-0.39404926,2024-04-16,18.648990373299995
2024-04-16,36.91667,3.1666718,-0.39171115,2024-04-16,20.82299777897512
2024-04-16,36.91667,3.25,-0.390794,2024-04-16,25.08797191414032
2024-04-17,36.583336,2.8333435,,2024-04-17,27.42486183499686
2024-04-17,36.583336,2.9166718,,2024-04-17,22.513610945271516
2024-04-17,36.583336,3.0,,2024-04-17,19.289317853545782
2024-04-17,36.583336,3.0833435,,2024-04-17,18.648702135525184
2024-04-17,36.583336,3.1666718,,2024-04-17,20.831708919035847
2024-04-17,36.583336,3.25,,2024-04-17,25.112182506309033
2024-04-17,36.66667,2.8333435,,2024-04-17,22.228234819302035
2024-04-17,36.66667,2.9166718,,2024-04-17,15.782881420103022
2024-04-17,36.66667,3.0,,2024-04-17,10.698609465725811
2024-04-17,36.66667,3.0833435,,2024-04-17,9.496464669132697
2024-04-17,36.66667,3.1666718,,2024-04-17,13.276882967911245
2024-04-17,36.66667,3.25,,2024-04-17,19.306074472517334
2024-04-17,36.75,2.8333435,-0.3928056,2024-04-17,20.194040166169533
2024-04-17,36.75,2.9166718,,2024-04-17,12.76987826840439
2024-04-17,36.75,3.0,,2024-04-17,5.345713953294998
2024-04-17,36.75,3.0833435,-0.39502144,2024-04-17,2.079801567910821
2024-04-17,36.75,3.1666718,-0.39574173,2024-04-17,9.50394748445699
2024-04-17,36.75,3.25,,2024-04-17,16.92811061876691
2024-04-17,36.833336,2.8333435,-0.40176803,2024-04-17,22.20863381656194
2024-04-17,36.833336,2.9166718,-0.39967623,2024-04-17,15.772124592603511
2024-04-17,36.833336,3.0,-0.40042925,2024-04-17,10.696398658202174
2024-04-17,36.833336,3.0833435,-0.40217382,2024-04-17,9.496747682395155
2024-04-17,36.833336,3.1666718,-0.40318453,2024-04-17,13.270048906298761
2024-04-17,36.833336,3.25,-0.4042699,2024-04-17,19.290330362086166
2024-04-17,36.91667,2.8333435,-0.4091814,2024-04-17,27.393082527538727
2024-04-17,36.91667,2.9166718,-0.40628865,2024-04-17,22.49852861582144
2024-04-17,36.91667,3.0,-0.40338174,2024-04-17,19.286865452625985
2024-04-17,36.91667,3.0833435,-0.40015024,2024-04-17,18.648990373299995
2024-04-17,36.91667,3.1666718,-0.3972522,2024-04-17,20.82299777897512
2024-04-17,36.91667,3.25,-0.39668432,2024-04-17,25.08797191414032
2024-04-18,36.583336,2.8333435,,2024-04-18,27.42486183499686
2024-04-18,36.583336,2.9166718,,2024-04-18,22.513610945271516
2024-04-18,36.583336,3.0,,2024-04-18,19.289317853545782
2024-04-18,36.583336,3.0833435,,2024-04-18,18.648702135525184
2024-04-18,36.583336,3.1666718,,2024-04-18,20.831708919035847
2024-04-18,36.583336,3.25,,2024-04-18,25.112182506309033
2024-04-18,36.66667,2.8333435,,2024-04-18,22.228234819302035
2024-04-18,36.66667,2.9166718,,2024-04-18,15.782881420103022
2024-04-18,36.66667,3.0,,2024-04-18,10.698609465725811
2024-04-18,36.66667,3.0833435,,2024-04-18,9.496464669132697
2024-04-18,36.66667,3.1666718,,2024-04-18,13.276882967911245
2024-04-18,36.66667,3.25,,2024-04-18,19.306074472517334
2024-04-18,36.75,2.8333435,-0.35986638,2024-04-18,20.194040166169533
2024-04-18,36.75,2.9166718,,2024-04-18,12.76987826840439
2024-04-18,36.75,3.0,,2024-04-18,5.345713953294998
2024-04-18,36.75,3.0833435,-0.36211574,2024-04-18,2.079801567910821
2024-04-18,36.75,3.1666718,-0.3628785,2024-04-18,9.50394748445699
2024-04-18,36.75,3.25,,2024-04-18,16.92811061876691
2024-04-18,36.833336,2.8333435,-0.3654173,2024-04-18,22.20863381656194
2024-04-18,36.833336,2.9166718,-0.36290768,2024-04-18,15.772124592603511
2024-04-18,36.833336,3.0,-0.36361173,2024-04-18,10.696398658202174
2024-04-18,36.833336,3.0833435,-0.36568767,2024-04-18,9.496747682395155
2024-04-18,36.833336,3.1666718,-0.36767334,2024-04-18,13.270048906298761
2024-04-18,36.833336,3.25,-0.3697719,2024-04-18,19.290330362086166
2024-04-18,36.91667,2.8333435,-0.36765364,2024-04-18,27.393082527538727
2024-04-18,36.91667,2.9166718,-0.3639371,2024-04-18,22.49852861582144
2024-04-18,36.91667,3.0,-0.35975385,2024-04-18,19.286865452625985
2024-04-18,36.91667,3.0833435,-0.35703892,2024-04-18,18.648990373299995
2024-04-18,36.91667,3.1666718,-0.35589963,2024-04-18,20.82299777897512
2024-04-18,36.91667,3.25,-0.35681942,2024-04-18,25.08797191414032
2024-04-19,36.583336,2.8333435,,2024-04-19,27.42486183499686
2024-04-19,36.583336,2.9166718,,2024-04-19,22.513610945271516
2024-04-19,36.583336,3.0,,2024-04-19,19.289317853545782
2024-04-19,36.583336,3.0833435,,2024-04-19,18.648702135525184
2024-04-19,36.583336,3.1666718,,2024-04-19,20.831708919035847
2024-04-19,36.583336,3.25,,2024-04-19,25.112182506309033
2024-04-19,36.66667,2.8333435,,2024-04-19,22.228234819302035
2024-04-19,36.66667,2.9166718,,2024-04-19,15.782881420103022
2024-04-19,36.66667,3.0,,2024-04-19,10.698609465725811
2024-04-19,36.66667,3.0833435,,2024-04-19,9.496464669132697
2024-04-19,36.66667,3.1666718,,2024-04-19,13.276882967911245
2024-04-19,36.66667,3.25,,2024-04-19,19.306074472517334
2024-04-19,36.75,2.8333435,-0.37382257,2024-04-19,20.194040166169533
2024-04-19,36.75,2.9166718,,2024-04-19,12.76987826840439
2024-04-19,36.75,3.0,,2024-04-19,5.345713953294998
2024-04-19,36.75,3.0833435,-0.37671566,2024-04-19,2.079801567910821
2024-04-19,36.75,3.1666718,-0.3787684,2024-04-19,9.50394748445699
2024-04-19,36.75,3.25,,2024-04-19,16.92811061876691
2024-04-19,36.833336,2.8333435,-0.37442288,2024-04-19,22.20863381656194
2024-04-19,36.833336,2.9166718,-0.37313306,2024-04-19,15.772124592603511
2024-04-19,36.833336,3.0,-0.37524503,2024-04-19,10.696398658202174
2024-04-19,36.833336,3.0833435,-0.3782859,2024-04-19,9.496747682395155
2024-04-19,36.833336,3.1666718,-0.38029522,2024-04-19,13.270048906298761
2024-04-19,36.833336,3.25,-0.38209033,2024-04-19,19.290330362086166
2024-04-19,36.91667,2.8333435,-0.37036508,2024-04-19,27.393082527538727
2024-04-19,36.91667,2.9166718,-0.3656308,2024-04-19,22.49852861582144
2024-04-19,36.91667,3.0,-0.362361,2024-04-19,19.286865452625985
2024-04-19,36.91667,3.0833435,-0.3611411,2024-04-19,18.648990373299995
2024-04-19,36.91667,3.1666718,-0.36092067,2024-04-19,20.82299777897512
2024-04-19,36.91667,3.25,-0.36240155,2024-04-19,25.08797191414032
2024-04-20,36.583336,2.8333435,,2024-04-20,27.42486183499686
2024-04-20,36.583336,2.9166718,,2024-04-20,22.513610945271516
2024-04-20,36.583336,3.0,,2024-04-20,19.289317853545782
2024-04-20,36.583336,3.0833435,,2024-04-20,18.648702135525184
2024-04-20,36.583336,3.1666718,,2024-04-20,20.831708919035847
2024-04-20,36.583336,3.25,,2024-04-20,25.112182506309033
2024-04-20,36.66667,2.8333435,,2024-04-20,22.228234819302035
2024-04-20,36.66667,2.9166718,,2024-04-20,15.782881420103022
2024-04-20,36.66667,3.0,,2024-04-20,10.698609465725811
2024-04-20,36.66667,3.0833435,,2024-04-20,9.496464669132697
2024-04-20,36.66667,3.1666718,,2024-04-20,13.276882967911245
2024-04-20,36.66667,3.25,,2024-04-20,19.306074472517334
2024-04-20,36.75,2.8333435,-0.3510961,2024-04-20,20.194040166169533
2024-04-20,36.75,2.9166718,,2024-04-20,12.76987826840439
2024-04-20,36.75,3.0,,2024-04-20,5.345713953294998
2024-04-20,36.75,3.0833435,-0.35490978,2024-04-20,2.079801567910821
2024-04-20,36.75,3.1666718,-0.35719782,2024-04-20,9.50394748445699
2024-04-20,36.75,3.25,,2024-04-20,16.92811061876691
2024-04-20,36.833336,2.8333435,-0.35015336,2024-04-20,22.20863381656194
2024-04-20,36.833336,2.9166718,-0.3521564,2024-04-20,15.772124592603511
2024-04-20,36.833336,3.0,-0.3558022,2024-04-20,10.696398658202174
2024-04-20,36.833336,3.0833435,-0.35654694,2024-04-20,9.496747682395155
2024-04-20,36.833336,3.1666718,-0.35653195,2024-04-20,13.270048906298761
2024-04-20,36.833336,3.25,-0.3576053,2024-04-20,19.290330362086166
2024-04-20,36.91667,2.8333435,-0.33642945,2024-04-20,27.393082527538727
2024-04-20,36.91667,2.9166718,-0.33310205,2024-04-20,22.49852861582144
2024-04-20,36.91667,3.0,-0.33193126,2024-04-20,19.286865452625985
2024-04-20,36.91667,3.0833435,-0.33100873,2024-04-20,18.648990373299995
2024-04-20,36.91667,3.1666718,-0.33083394,2024-04-20,20.82299777897512
2024-04-20,36.91667,3.25,-0.3328223,2024-04-20,25.08797191414032
2024-04-21,36.583336,2.8333435,,2024-04-21,27.42486183499686
2024-04-21,36.583336,2.9166718,,2024-04-21,22.513610945271516
2024-04-21,36.583336,3.0,,2024-04-21,19.289317853545782
2024-04-21,36.583336,3.0833435,,2024-04-21,18.648702135525184
2024-04-21,36.583336,3.1666718,,2024-04-21,20.831708919035847
2024-04-21,36.583336,3.25,,2024-04-21,25.112182506309033
2024-04-21,36.66667,2.8333435,,2024-04-21,22.228234819302035
2024-04-21,36.66667,2.9166718,,2024-04-21,15.782881420103022
2024-04-21,36.66667,3.0,,2024-04-21,10.698609465725811
2024-04-21,36.66667,3.0833435,,2024-04-21,9.496464669132697
2024-04-21,36.66667,3.1666718,,2024-04-21,13.276882967911245
2024-04-21,36.66667,3.25,,2024-04-21,19.306074472517334
2024-04-21,36.75,2.8333435,-0.37825003,2024-04-21,20.194040166169533
2024-04-21,36.75,2.9166718,,2024-04-21,12.76987826840439
2024-04-21,36.75,3.0,,2024-04-21,5.345713953294998
2024-04-21,36.75,3.0833435,-0.37788168,2024-04-21,2.079801567910821
2024-04-21,36.75,3.1666718,-0.38079718,2024-04-21,9.50394748445699
2024-04-21,36.75,3.25,,2024-04-21,16.92811061876691
2024-04-21,36.833336,2.8333435,-0.37666506,2024-04-21,22.20863381656194
2024-04-21,36.833336,2.9166718,-0.3786711,2024-04-21,15.772124592603511
2024-04-21,36.833336,3.0,-0.37772533,2024-04-21,10.696398658202174
2024-04-21,36.833336,3.0833435,-0.37465125,2024-04-21,9.496747682395155
2024-04-21,36.833336,3.1666718,-0.37470365,2024-04-21,13.270048906298761
2024-04-21,36.833336,3.25,-0.3754776,2024-04-21,19.290330362086166
2024-04-21,36.91667,2.8333435,-0.34768394,2024-04-21,27.393082527538727
2024-04-21,36.91667,2.9166718,-0.34592697,2024-04-21,22.49852861582144
2024-04-21,36.91667,3.0,-0.34298682,2024-04-21,19.286865452625985
2024-04-21,36.91667,3.0833435,-0.34050852,2024-04-21,18.648990373299995
2024-04-21,36.91667,3.1666718,-0.33939803,2024-04-21,20.82299777897512
2024-04-21,36.91667,3.25,-0.34051266,2024-04-21,25.08797191414032
2024-04-22,36.583336,2.8333435,,2024-04-22,27.42486183499686
2024-04-22,36.583336,2.9166718,,2024-04-22,22.513610945271516
2024-04-22,36.583336,3.0,,2024-04-22,19.289317853545782
2024-04-22,36.583336,3.0833435,,2024-04-22,18.648702135525184
2024-04-22,36.583336,3.1666718,,2024-04-22,20.831708919035847
2024-04-22,36.583336,3.25,,2024-04-22,25.112182506309033
2024-04-22,36.66667,2.8333435,,2024-04-22,22.228234819302035
2024-04-22,36.66667,2.9166718,,2024-04-22,15.782881420103022
2024-04-22,36.66667,3.0,,2024-04-22,10.698609465725811
2024-04-22,36.66667,3.0833435,,2024-04-22,9.496464669132697
2024-04-22,36.66667,3.1666718,,2024-04-22,13.276882967911245
2024-04-22,36.66667,3.25,,2024-04-22,19.306074472517334
2024-04-22,36.75,2.8333435,-0.37865347,2024-04-22,20.194040166169533
2024-04-22,36.75,2.9166718,,2024-04-22,12.76987826840439
2024-04-22,36.75,3.0,,2024-04-22,5.345713953294998
2024-04-22,36.75,3.0833435,-0.3812556,2024-04-22,2.079801567910821
2024-04-22,36.75,3.1666718,-0.3836425,2024-04-22,9.50394748445699
2024-04-22,36.75,3.25,,2024-04-22,16.92811061876691
2024-04-22,36.833336,2.8333435,-0.37837964,2024-04-22,22.20863381656194
2024-04-22,36.833336,2.9166718,-0.37622625,2024-04-22,15.772124592603511
2024-04-22,36.833336,3.0,-0.3746411,2024-04-22,10.696398658202174
2024-04-22,36.833336,3.0833435,-0.37350118,2024-04-22,9.496747682395155
2024-04-22,36.833336,3.1666718,-0.3727787,2024-04-22,13.270048906298761
2024-04-22,36.833336,3.25,-0.37349105,2024-04-22,19.290330362086166
2024-04-22,36.91667,2.8333435,-0.34408164,2024-04-22,27.393082527538727
2024-04-22,36.91667,2.9166718,-0.33863476,2024-04-22,22.49852861582144
2024-04-22,36.91667,3.0,-0.33404955,2024-04-22,19.286865452625985
2024-04-22,36.91667,3.0833435,-0.3307767,2024-04-22,18.648990373299995
2024-04-22,36.91667,3.1666718,-0.32901695,2024-04-22,20.82299777897512
2024-04-22,36.91667,3.25,-0.33010942,2024-04-22,25.08797191414032
2024-04-23,36.583336,2.8333435,,2024-04-23,27.42486183499686
2024-04-23,36.583336,2.9166718,,2024-04-23,22.513610945271516
2024-04-23,36.583336,3.0,,2024-04-23,19.289317853545782
2024-04-23,36.583336,3.0833435,,2024-04-23,18.648702135525184
2024-04-23,36.583336,3.1666718,,2024-04-23,20.831708919035847
2024-04-23,36.583336,3.25,,2024-04-23,25.112182506309033
2024-04-23,36.66667,2.8333435,,2024-04-23,22.228234819302035
2024-04-23,36.66667,2.9166718,,2024-04-23,15.782881420103022
2024-04-23,36.66667,3.0,,2024-04-23,10.698609465725811
2024-04-23,36.66667,3.0833435,,2024-04-23,9.496464669132697
2024-04-23,36.66667,3.1666718,,2024-04-23,13.276882967911245
2024-04-23,36.66667,3.25,,2024-04-23,19.306074472517334
2024-04-23,36.75,2.8333435,-0.3938227,2024-04-23,20.194040166169533
2024-04-23,36.75,2.9166718,,2024-04-23,12.76987826840439
2024-04-23,36.75,3.0,,2024-04-23,5.345713953294998
2024-04-23,36.75,3.0833435,-0.40707526,2024-04-23,2.079801567910821
2024-04-23,36.75,3.1666718,-0.41007397,2024-04-23,9.50394748445699
2024-04-23,36.75,3.25,,2024-04-23,16.92811061876691
2024-04-23,36.833336,2.8333435,-0.3919408,2024-04-23,22.20863381656194
2024-04-23,36.833336,2.9166718,-0.38945162,2024-04-23,15.772124592603511
2024-04-23,36.833336,3.0,-0.38752416,2024-04-23,10.696398658202174
2024-04-23,36.833336,3.0833435,-0.3910267,2024-04-23,9.496747682395155
2024-04-23,36.833336,3.1666718,-0.39381066,2024-04-23,13.270048906298761
2024-04-23,36.833336,3.25,-0.39613333,2024-04-23,19.290330362086166
2024-04-23,36.91667,2.8333435,-0.3520704,2024-04-23,27.393082527538727
2024-04-23,36.91667,2.9166718,-0.34336585,2024-04-23,22.49852861582144
2024-04-23,36.91667,3.0,-0.3376906,2024-04-23,19.286865452625985
2024-04-23,36.91667,3.0833435,-0.33598414,2024-04-23,18.648990373299995
2024-04-23,36.91667,3.1666718,-0.33714077,2024-04-23,20.82299777897512
2024-04-23,36.91667,3.25,-0.34119153,2024-04-23,25.08797191414032
2024-04-24,36.583336,2.8333435,,2024-04-24,27.42486183499686
2024-04-24,36.583336,2.9166718,,2024-04-24,22.513610945271516
2024-04-24,36.583336,3.0,,2024-04-24,19.289317853545782
2024-04-24,36.583336,3.0833435,,2024-04-24,18.648702135525184
2024-04-24,36.583336,3.1666718,,2024-04-24,20.831708919035847
2024-04-24,36.583336,3.25,,2024-04-24,25.112182506309033
2024-04-24,36.66667,2.8333435,,2024-04-24,22.228234819302035
2024-04-24,36.66667,2.9166718,,2024-04-24,15.782881420103022
2024-04-24,36.66667,3.0,,2024-04-24,10.698609465725811
2024-04-24,36.66667,3.0833435,,2024-04-24,9.496464669132697
2024-04-24,36.66667,3.1666718,,2024-04-24,13.276882967911245
2024-04-24,36.66667,3.25,,2024-04-24,19.306074472517334
2024-04-24,36.75,2.8333435,-0.36584306,2024-04-24,20.194040166169533
2024-04-24,36.75,2.9166718,,2024-04-24,12.76987826840439
2024-04-24,36.75,3.0,,2024-04-24,5.345713953294998
2024-04-24,36.75,3.0833435,-0.39070037,2024-04-24,2.079801567910821
2024-04-24,36.75,3.1666718,-0.39284998,2024-04-24,9.50394748445699
2024-04-24,36.75,3.25,,2024-04-24,16.92811061876691
2024-04-24,36.833336,2.8333435,-0.36330277,2024-04-24,22.20863381656194
2024-04-24,36.833336,2.9166718,-0.35962662,2024-04-24,15.772124592603511
2024-04-24,36.833336,3.0,-0.36189824,2024-04-24,10.696398658202174
2024-04-24,36.833336,3.0833435,-0.36816645,2024-04-24,9.496747682395155
2024-04-24,36.833336,3.1666718,-0.3720465,2024-04-24,13.270048906298761
2024-04-24,36.833336,3.25,-0.374853,2024-04-24,19.290330362086166
2024-04-24,36.91667,2.8333435,-0.31512633,2024-04-24,27.393082527538727
2024-04-24,36.91667,2.9166718,-0.30717728,2024-04-24,22.49852861582144
2024-04-24,36.91667,3.0,-0.30532286,2024-04-24,19.286865452625985
2024-04-24,36.91667,3.0833435,-0.30771193,2024-04-24,18.648990373299995
2024-04-24,36.91667,3.1666718,-0.3126778,2024-04-24,20.82299777897512
2024-04-24,36.91667,3.25,-0.32058167,2024-04-24,25.08797191414032
2024-04-25,36.583336,2.8333435,,2024-04-25,27.42486183499686
2024-04-25,36.583336,2.9166718,,2024-04-25,22.513610945271516
2024-04-25,36.583336,3.0,,2024-04-25,19.289317853545782
2024-04-25,36.583336,3.0833435,,2024-04-25,18.648702135525184
2024-04-25,36.583336,3.1666718,,2024-04-25,20.831708919035847
2024-04-25,36.583336,3.25,,2024-04-25,25.112182506309033
2024-04-25,36.66667,2.8333435,,2024-04-25,22.228234819302035
2024-04-25,36.66667,2.9166718,,2024-04-25,15.782881420103022
2024-04-25,36.66667,3.0,,2024-04-25,10.698609465725811
2024-04-25,36.66667,3.0833435,,2024-04-25,9.496464669132697
2024-04-25,36.66667,3.1666718,,2024-04-25,13.276882967911245
2024-04-25,36.66667,3.25,,2024-04-25,19.306074472517334
2024-04-25,36.75,2.8333435,-0.362866,2024-04-25,20.194040166169533
2024-04-25,36.75,2.9166718,,2024-04-25,12.76987826840439
2024-04-25,36.75,3.0,,2024-04-25,5.345713953294998
2024-04-25,36.75,3.0833435,-0.38925734,2024-04-25,2.079801567910821
2024-04-25,36.75,3.1666718,-0.39202595,2024-04-25,9.50394748445699
2024-04-25,36.75,3.25,,2024-04-25,16.92811061876691
2024-04-25,36.833336,2.8333435,-0.35362294,2024-04-25,22.20863381656194
2024-04-25,36.833336,2.9166718,-0.3536133,2024-04-25,15.772124592603511
2024-04-25,36.833336,3.0,-0.35739332,2024-04-25,10.696398658202174
2024-04-25,36.833336,3.0833435,-0.36469665,2024-04-25,9.496747682395155
2024-04-25,36.833336,3.1666718,-0.3697247,2024-04-25,13.270048906298761
2024-04-25,36.833336,3.25,-0.37269875,2024-04-25,19.290330362086166
2024-04-25,36.91667,2.8333435,-0.30297884,2024-04-25,27.393082527538727
2024-04-25,36.91667,2.9166718,-0.300808,2024-04-25,22.49852861582144
2024-04-25,36.91667,3.0,-0.30431414,2024-04-25,19.286865452625985
2024-04-25,36.91667,3.0833435,-0.30975083,2024-04-25,18.648990373299995
2024-04-25,36.91667,3.1666718,-0.31593463,2024-04-25,20.82299777897512
2024-04-25,36.91667,3.25,-0.32408902,2024-04-25,25.08797191414032
2024-04-26,36.583336,2.8333435,,2024-04-26,27.42486183499686
2024-04-26,36.583336,2.9166718,,2024-04-26,22.513610945271516
2024-04-26,36.583336,3.0,,2024-04-26,19.289317853545782
2024-04-26,36.583336,3.0833435,,2024-04-26,18.648702135525184
2024-04-26,36.583336,3.1666718,,2024-04-26,20.831708919035847
2024-04-26,36.583336,3.25,,2024-04-26,25.112182506309033
2024-04-26,36.66667,2.8333435,,2024-04-26,22.228234819302035
2024-04-26,36.66667,2.9166718,,2024-04-26,15.782881420103022
2024-04-26,36.66667,3.0,,2024-04-26,10.698609465725811
2024-04-26,36.66667,3.0833435,,2024-04-26,9.496464669132697
2024-04-26,36.66667,3.1666718,,2024-04-26,13.276882967911245
2024-04-26,36.66667,3.25,,2024-04-26,19.306074472517334
2024-04-26,36.75,2.8333435,-0.33236855,2024-04-26,20.194040166169533
2024-04-26,36.75,2.9166718,,2024-04-26,12.76987826840439
2024-04-26,36.75,3.0,,2024-04-26,5.345713953294998
2024-04-26,36.75,3.0833435,-0.35881642,2024-04-26,2.079801567910821
2024-04-26,36.75,3.1666718,-0.36117333,2024-04-26,9.50394748445699
2024-04-26,36.75,3.25,,2024-04-26,16.92811061876691
2024-04-26,36.833336,2.8333435,-0.32378462,2024-04-26,22.20863381656194
2024-04-26,36.833336,2.9166718,-0.32553554,2024-04-26,15.772124592603511
2024-04-26,36.833336,3.0,-0.33052024,2024-04-26,10.696398658202174
2024-04-26,36.833336,3.0833435,-0.3377298,2024-04-26,9.496747682395155
2024-04-26,36.833336,3.1666718,-0.34321755,2024-04-26,13.270048906298761
2024-04-26,36.833336,3.25,-0.34829187,2024-04-26,19.290330362086166
2024-04-26,36.91667,2.8333435,-0.2785793,2024-04-26,27.393082527538727
2024-04-26,36.91667,2.9166718,-0.27875617,2024-04-26,22.49852861582144
2024-04-26,36.91667,3.0,-0.28374138,2024-04-26,19.286865452625985
2024-04-26,36.91667,3.0833435,-0.29058948,2024-04-26,18.648990373299995
2024-04-26,36.91667,3.1666718,-0.2977541,2024-04-26,20.82299777897512
2024-04-26,36.91667,3.25,-0.3062407,2024-04-26,25.08797191414032
2024-04-27,36.583336,2.8333435,,2024-04-27,27.42486183499686
2024-04-27,36.583336,2.9166718,,2024-04-27,22.513610945271516
2024-04-27,36.583336,3.0,,2024-04-27,19.289317853545782
2024-04-27,36.583336,3.0833435,,2024-04-27,18.648702135525184
2024-04-27,36.583336,3.1666718,,2024-04-27,20.831708919035847
2024-04-27,36.583336,3.25,,2024-04-27,25.112182506309033
2024-04-27,36.66667,2.8333435,,2024-04-27,22.228234819302035
2024-04-27,36.66667,2.9166718,,2024-04-27,15.782881420103022
2024-04-27,36.66667,3.0,,2024-04-27,10.698609465725811
2024-04-27,36.66667,3.0833435,,2024-04-27,9.496464669132697
2024-04-27,36.66667,3.1666718,,2024-04-27,13.276882967911245
2024-04-27,36.66667,3.25,,2024-04-27,19.306074472517334
2024-04-27,36.75,2.8333435,-0.30027488,2024-04-27,20.194040166169533
2024-04-27,36.75,2.9166718,,2024-04-27,12.76987826840439
2024-04-27,36.75,3.0,,2024-04-27,5.345713953294998
2024-04-27,36.75,3.0833435,-0.32629806,2024-04-27,2.079801567910821
2024-04-27,36.75,3.1666718,-0.32783732,2024-04-27,9.50394748445699
2024-04-27,36.75,3.25,,2024-04-27,16.92811061876691
2024-04-27,36.833336,2.8333435,-0.29779783,2024-04-27,22.20863381656194
2024-04-27,36.833336,2.9166718,-0.3000475,2024-04-27,15.772124592603511
2024-04-27,36.833336,3.0,-0.3059532,2024-04-27,10.696398658202174
2024-04-27,36.833336,3.0833435,-0.3128943,2024-04-27,9.496747682395155
2024-04-27,36.833336,3.1666718,-0.31783935,2024-04-27,13.270048906298761
2024-04-27,36.833336,3.25,-0.3244704,2024-04-27,19.290330362086166
2024-04-27,36.91667,2.8333435,-0.26731062,2024-04-27,27.393082527538727
2024-04-27,36.91667,2.9166718,-0.26781937,2024-04-27,22.49852861582144
2024-04-27,36.91667,3.0,-0.2721244,2024-04-27,19.286865452625985
2024-04-27,36.91667,3.0833435,-0.27919734,2024-04-27,18.648990373299995
2024-04-27,36.91667,3.1666718,-0.2866459,2024-04-27,20.82299777897512
2024-04-27,36.91667,3.25,-0.29519647,2024-04-27,25.08797191414032
2024-04-28,36.583336,2.8333435,,2024-04-28,27.42486183499686
2024-04-28,36.583336,2.9166718,,2024-04-28,22.513610945271516
2024-04-28,36.583336,3.0,,2024-04-28,19.289317853545782
2024-04-28,36.583336,3.0833435,,2024-04-28,18.648702135525184
2024-04-28,36.583336,3.1666718,,2024-04-28,20.831708919035847
2024-04-28,36.583336,3.25,,2024-04-28,25.112182506309033
2024-04-28,36.66667,2.8333435,,2024-04-28,22.228234819302035
2024-04-28,36.66667,2.9166718,,2024-04-28,15.782881420103022
2024-04-28,36.66667,3.0,,2024-04-28,10.698609465725811
2024-04-28,36.66667,3.0833435,,2024-04-28,9.496464669132697
2024-04-28,36.66667,3.1666718,,2024-04-28,13.276882967911245
2024-04-28,36.66667,3.25,,2024-04-28,19.306074472517334
2024-04-28,36.75,2.8333435,-0.27768874,2024-04-28,20.194040166169533
2024-04-28,36.75,2.9166718,,2024-04-28,12.76987826840439
2024-04-28,36.75,3.0,,2024-04-28,5.345713953294998
2024-04-28,36.75,3.0833435,-0.29276964,2024-04-28,2.079801567910821
2024-04-28,36.75,3.1666718,-0.2937737,2024-04-28,9.50394748445699
2024-04-28,36.75,3.25,,2024-04-28,16.92811061876691
2024-04-28,36.833336,2.8333435,-0.2818991,2024-04-28,22.20863381656194
2024-04-28,36.833336,2.9166718,-0.28085008,2024-04-28,15.772124592603511
2024-04-28,36.833336,3.0,-0.2845162,2024-04-28,10.696398658202174
2024-04-28,36.833336,3.0833435,-0.29056385,2024-04-28,9.496747682395155
2024-04-28,36.833336,3.1666718,-0.29420453,2024-04-28,13.270048906298761
2024-04-28,36.833336,3.25,-0.2977584,2024-04-28,19.290330362086166
2024-04-28,36.91667,2.8333435,-0.26407024,2024-04-28,27.393082527538727
2024-04-28,36.91667,2.9166718,-0.2656386,2024-04-28,22.49852861582144
2024-04-28,36.91667,3.0,-0.26937726,2024-04-28,19.286865452625985
2024-04-28,36.91667,3.0833435,-0.2738409,2024-04-28,18.648990373299995
2024-04-28,36.91667,3.1666718,-0.27908605,2024-04-28,20.82299777897512
2024-04-28,36.91667,3.25,-0.28571466,2024-04-28,25.08797191414032
2024-04-29,36.583336,2.8333435,,2024-04-29,27.42486183499686
2024-04-29,36.583336,2.9166718,,2024-04-29,22.513610945271516
2024-04-29,36.583336,3.0,,2024-04-29,19.289317853545782
2024-04-29,36.583336,3.0833435,,2024-04-29,18.648702135525184
2024-04-29,36.583336,3.1666718,,2024-04-29,20.831708919035847
2024-04-29,36.583336,3.25,,2024-04-29,25.112182506309033
2024-04-29,36.66667,2.8333435,,2024-04-29,22.228234819302035
2024-04-29,36.66667,2.9166718,,2024-04-29,15.782881420103022
2024-04-29,36.66667,3.0,,2024-04-29,10.698609465725811
2024-04-29,36.66667,3.0833435,,2024-04-29,9.496464669132697
2024-04-29,36.66667,3.1666718,,2024-04-29,13.276882967911245
2024-04-29,36.66667,3.25,,2024-04-29,19.306074472517334
2024-04-29,36.75,2.8333435,-0.2658868,2024-04-29,20.194040166169533
2024-04-29,36.75,2.9166718,,2024-04-29,12.76987826840439
2024-04-29,36.75,3.0,,2024-04-29,5.345713953294998
2024-04-29,36.75,3.0833435,-0.27617076,2024-04-29,2.079801567910821
2024-04-29,36.75,3.1666718,-0.27429444,2024-04-29,9.50394748445699
2024-04-29,36.75,3.25,,2024-04-29,16.92811061876691
2024-04-29,36.833336,2.8333435,-0.27712432,2024-04-29,22.20863381656194
2024-04-29,36.833336,2.9166718,-0.27568215,2024-04-29,15.772124592603511
2024-04-29,36.833336,3.0,-0.2778033,2024-04-29,10.696398658202174
2024-04-29,36.833336,3.0833435,-0.28180748,2024-04-29,9.496747682395155
2024-04-29,36.833336,3.1666718,-0.28455815,2024-04-29,13.270048906298761
2024-04-29,36.833336,3.25,-0.28554004,2024-04-29,19.290330362086166
2024-04-29,36.91667,2.8333435,-0.27103662,2024-04-29,27.393082527538727
2024-04-29,36.91667,2.9166718,-0.27272335,2024-04-29,22.49852861582144
2024-04-29,36.91667,3.0,-0.27606818,2024-04-29,19.286865452625985
2024-04-29,36.91667,3.0833435,-0.27957922,2024-04-29,18.648990373299995
2024-04-29,36.91667,3.1666718,-0.2828118,2024-04-29,20.82299777897512
2024-04-29,36.91667,3.25,-0.28688747,2024-04-29,25.08797191414032
2024-04-30,36.583336,2.8333435,,2024-04-30,27.42486183499686
2024-04-30,36.583336,2.9166718,,2024-04-30,22.513610945271516
2024-04-30,36.583336,3.0,,2024-04-30,19.289317853545782
2024-04-30,36.583336,3.0833435,,2024-04-30,18.648702135525184
2024-04-30,36.583336,3.1666718,,2024-04-30,20.831708919035847
2024-04-30,36.583336,3.25,,2024-04-30,25.112182506309033
2024-04-30,36.66667,2.8333435,,2024-04-30,22.228234819302035
2024-04-30,36.66667,2.9166718,,2024-04-30,15.782881420103022
2024-04-30,36.66667,3.0,,2024-04-30,10.698609465725811
2024-04-30,36.66667,3.0833435,,2024-04-30,9.496464669132697
2024-04-30,36.66667,3.1666718,,2024-04-30,13.276882967911245
2024-04-30,36.66667,3.25,,2024-04-30,19.306074472517334
2024-04-30,36.75,2.8333435,-0.26234215,2024-04-30,20.194040166169533
2024-04-30,36.75,2.9166718,,2024-04-30,12.76987826840439
2024-04-30,36.75,3.0,,2024-04-30,5.345713953294998
2024-04-30,36.75,3.0833435,-0.26912454,2024-04-30,2.079801567910821
2024-04-30,36.75,3.1666718,-0.26644892,2024-04-30,9.50394748445699
2024-04-30,36.75,3.25,,2024-04-30,16.92811061876691
2024-04-30,36.833336,2.8333435,-0.27429587,2024-04-30,22.20863381656194
2024-04-30,36.833336,2.9166718,-0.2735849,2024-04-30,15.772124592603511
2024-04-30,36.833336,3.0,-0.27505192,2024-04-30,10.696398658202174
2024-04-30,36.833336,3.0833435,-0.27702904,2024-04-30,9.496747682395155
2024-04-30,36.833336,3.1666718,-0.27822188,2024-04-30,13.270048906298761
2024-04-30,36.833336,3.25,-0.27898404,2024-04-30,19.290330362086166
2024-04-30,36.91667,2.8333435,-0.27596867,2024-04-30,27.393082527538727
2024-04-30,36.91667,2.9166718,-0.27736232,2024-04-30,22.49852861582144
2024-04-30,36.91667,3.0,-0.28005347,2024-04-30,19.286865452625985
2024-04-30,36.91667,3.0833435,-0.2823331,2024-04-30,18.648990373299995
2024-04-30,36.91667,3.1666718,-0.2844467,2024-04-30,20.82299777897512
2024-04-30,36.91667,3.25,-0.28678554,2024-04-30,25.08797191414032
2024-05-01,36.583336,2.8333435,,2024-05-01,27.42486183499686
2024-05-01,36.583336,2.9166718,,2024-05-01,22.513610945271516
2024-05-01,36.583336,3.0,,2024-05-01,19.289317853545782
2024-05-01,36.583336,3.0833435,,2024-05-01,18.648702135525184
2024-05-01,36.583336,3.1666718,,2024-05-01,20.831708919035847
2024-05-01,36.583336,3.25,,2024-05-01,25.112182506309033
2024-05-01,36.66667,2.8333435,,2024-05-01,22.228234819302035
2024-05-01,36.66667,2.9166718,,2024-05-01,15.782881420103022
2024-05-01,36.66667,3.0,,2024-05-01,10.698609465725811
2024-05-01,36.66667,3.0833435,,2024-05-01,9.496464669132697
2024-05-01,36.66667,3.1666718,,2024-05-01,13.276882967911245
2024-05-01,36.66667,3.25,,2024-05-01,19.306074472517334
2024-05-01,36.75,2.8333435,-0.26502097,2024-05-01,20.194040166169533
2024-05-01,36.75,2.9166718,,2024-05-01,12.76987826840439
2024-05-01,36.75,3.0,,2024-05-01,5.345713953294998
2024-05-01,36.75,3.0833435,-0.27228308,2024-05-01,2.079801567910821
2024-05-01,36.75,3.1666718,-0.26925853,2024-05-01,9.50394748445699
2024-05-01,36.75,3.25,,2024-05-01,16.92811061876691
2024-05-01,36.833336,2.8333435,-0.28007382,2024-05-01,22.20863381656194
2024-05-01,36.833336,2.9166718,-0.2783942,2024-05-01,15.772124592603511
2024-05-01,36.833336,3.0,-0.28009593,2024-05-01,10.696398658202174
2024-05-01,36.833336,3.0833435,-0.28233373,2024-05-01,9.496747682395155
2024-05-01,36.833336,3.1666718,-0.284101,2024-05-01,13.270048906298761
2024-05-01,36.833336,3.25,-0.28459823,2024-05-01,19.290330362086166
2024-05-01,36.91667,2.8333435,-0.28975138,2024-05-01,27.393082527538727
2024-05-01,36.91667,2.9166718,-0.29094025,2024-05-01,22.49852861582144
2024-05-01,36.91667,3.0,-0.2934281,2024-05-01,19.286865452625985
2024-05-01,36.91667,3.0833435,-0.2953546,2024-05-01,18.648990373299995
2024-05-01,36.91667,3.1666718,-0.29717997,2024-05-01,20.82299777897512
2024-05-01,36.91667,3.25,-0.29933524,2024-05-01,25.08797191414032
2024-05-02,36.583336,2.8333435,,2024-05-02,27.42486183499686
2024-05-02,36.583336,2.9166718,,2024-05-02,22.513610945271516
2024-05-02,36.583336,3.0,,2024-05-02,19.289317853545782
2024-05-02,36.583336,3.0833435,,2024-05-02,18.648702135525184
2024-05-02,36.583336,3.1666718,,2024-05-02,20.831708919035847
2024-05-02,36.583336,3.25,,2024-05-02,25.112182506309033
2024-05-02,36.66667,2.8333435,,2024-05-02,22.228234819302035
2024-05-02,36.66667,2.9166718,,2024-05-02,15.782881420103022
2024-05-02,36.66667,3.0,,2024-05-02,10.698609465725811
2024-05-02,36.66667,3.0833435,,2024-05-02,9.496464669132697
2024-05-02,36.66667,3.1666718,,2024-05-02,13.276882967911245
2024-05-02,36.66667,3.25,,2024-05-02,19.306074472517334
2024-05-02,36.75,2.8333435,-0.23847482,2024-05-02,20.194040166169533
2024-05-02,36.75,2.9166718,,2024-05-02,12.76987826840439
2024-05-02,36.75,3.0,,2024-05-02,5.345713953294998
2024-05-02,36.75,3.0833435,-0.2417993,2024-05-02,2.079801567910821
2024-05-02,36.75,3.1666718,-0.23918822,2024-05-02,9.50394748445699
2024-05-02,36.75,3.25,,2024-05-02,16.92811061876691
2024-05-02,36.833336,2.8333435,-0.25639197,2024-05-02,22.20863381656194
2024-05-02,36.833336,2.9166718,-0.25340322,2024-05-02,15.772124592603511
2024-05-02,36.833336,3.0,-0.25387293,2024-05-02,10.696398658202174
2024-05-02,36.833336,3.0833435,-0.25558484,2024-05-02,9.496747682395155
2024-05-02,36.833336,3.1666718,-0.25863886,2024-05-02,13.270048906298761
2024-05-02,36.833336,3.25,-0.2605264,2024-05-02,19.290330362086166
2024-05-02,36.91667,2.8333435,-0.2757169,2024-05-02,27.393082527538727
2024-05-02,36.91667,2.9166718,-0.27649808,2024-05-02,22.49852861582144
2024-05-02,36.91667,3.0,-0.27888253,2024-05-02,19.286865452625985
2024-05-02,36.91667,3.0833435,-0.28029105,2024-05-02,18.648990373299995
2024-05-02,36.91667,3.1666718,-0.28260142,2024-05-02,20.82299777897512
2024-05-02,36.91667,3.25,-0.28616413,2024-05-02,25.08797191414032
2024-05-03,36.583336,2.8333435,,2024-05-03,27.42486183499686
2024-05-03,36.583336,2.9166718,,2024-05-03,22.513610945271516
2024-05-03,36.583336,3.0,,2024-05-03,19.289317853545782
2024-05-03,36.583336,3.0833435,,2024-05-03,18.648702135525184
2024-05-03,36.583336,3.1666718,,2024-05-03,20.831708919035847
2024-05-03,36.583336,3.25,,2024-05-03,25.112182506309033
2024-05-03,36.66667,2.8333435,,2024-05-03,22.228234819302035
2024-05-03,36.66667,2.9166718,,2024-05-03,15.782881420103022
2024-05-03,36.66667,3.0,,2024-05-03,10.698609465725811
2024-05-03,36.66667,3.0833435,,2024-05-03,9.496464669132697
2024-05-03,36.66667,3.1666718,,2024-05-03,13.276882967911245
2024-05-03,36.66667,3.25,,2024-05-03,19.306074472517334
2024-05-03,36.75,2.8333435,-0.2690952,2024-05-03,20.194040166169533
2024-05-03,36.75,2.9166718,,2024-05-03,12.76987826840439
2024-05-03,36.75,3.0,,2024-05-03,5.345713953294998
2024-05-03,36.75,3.0833435,-0.26738605,2024-05-03,2.079801567910821
2024-05-03,36.75,3.1666718,-0.2665778,2024-05-03,9.50394748445699
2024-05-03,36.75,3.25,,2024-05-03,16.92811061876691
2024-05-03,36.833336,2.8333435,-0.2755355,2024-05-03,22.20863381656194
2024-05-03,36.833336,2.9166718,-0.2738629,2024-05-03,15.772124592603511
2024-05-03,36.833336,3.0,-0.27544892,2024-05-03,10.696398658202174
2024-05-03,36.833336,3.0833435,-0.27669004,2024-05-03,9.496747682395155
2024-05-03,36.833336,3.1666718,-0.2779318,2024-05-03,13.270048906298761
2024-05-03,36.833336,3.25,-0.27856398,2024-05-03,19.290330362086166
2024-05-03,36.91667,2.8333435,-0.28830037,2024-05-03,27.393082527538727
2024-05-03,36.91667,2.9166718,-0.29074144,2024-05-03,22.49852861582144
2024-05-03,36.91667,3.0,-0.29494724,2024-05-03,19.286865452625985
2024-05-03,36.91667,3.0833435,-0.296772,2024-05-03,18.648990373299995
2024-05-03,36.91667,3.1666718,-0.2986596,2024-05-03,20.82299777897512
2024-05-03,36.91667,3.25,-0.30166683,2024-05-03,25.08797191414032
2024-05-04,36.583336,2.8333435,,2024-05-04,27.42486183499686
2024-05-04,36.583336,2.9166718,,2024-05-04,22.513610945271516
2024-05-04,36.583336,3.0,,2024-05-04,19.289317853545782
2024-05-04,36.583336,3.0833435,,2024-05-04,18.648702135525184
2024-05-04,36.583336,3.1666718,,2024-05-04,20.831708919035847
2024-05-04,36.583336,3.25,,2024-05-04,25.112182506309033
2024-05-04,36.66667,2.8333435,,2024-05-04,22.228234819302035
2024-05-04,36.66667,2.9166718,,2024-05-04,15.782881420103022
2024-05-04,36.66667,3.0,,2024-05-04,10.698609465725811
2024-05-04,36.66667,3.0833435,,2024-05-04,9.496464669132697
2024-05-04,36.66667,3.1666718,,2024-05-04,13.276882967911245
2024-05-04,36.66667,3.25,,2024-05-04,19.306074472517334
2024-05-04,36.75,2.8333435,-0.29513535,2024-05-04,20.194040166169533
2024-05-04,36.75,2.9166718,,2024-05-04,12.76987826840439
2024-05-04,36.75,3.0,,2024-05-04,5.345713953294998
2024-05-04,36.75,3.0833435,-0.29452944,2024-05-04,2.079801567910821
2024-05-04,36.75,3.1666718,-0.2943255,2024-05-04,9.50394748445699
2024-05-04,36.75,3.25,,2024-05-04,16.92811061876691
2024-05-04,36.833336,2.8333435,-0.2944154,2024-05-04,22.20863381656194
2024-05-04,36.833336,2.9166718,-0.29590407,2024-05-04,15.772124592603511
2024-05-04,36.833336,3.0,-0.29877058,2024-05-04,10.696398658202174
2024-05-04,36.833336,3.0833435,-0.3002498,2024-05-04,9.496747682395155
2024-05-04,36.833336,3.1666718,-0.3010514,2024-05-04,13.270048906298761
2024-05-04,36.833336,3.25,-0.30078283,2024-05-04,19.290330362086166
2024-05-04,36.91667,2.8333435,-0.29907954,2024-05-04,27.393082527538727
2024-05-04,36.91667,2.9166718,-0.30475935,2024-05-04,22.49852861582144
2024-05-04,36.91667,3.0,-0.3101717,2024-05-04,19.286865452625985
2024-05-04,36.91667,3.0833435,-0.31199595,2024-05-04,18.648990373299995
2024-05-04,36.91667,3.1666718,-0.31329888,2024-05-04,20.82299777897512
2024-05-04,36.91667,3.25,-0.3146371,2024-05-04,25.08797191414032
2024-05-05,36.583336,2.8333435,,2024-05-05,27.42486183499686
2024-05-05,36.583336,2.9166718,,2024-05-05,22.513610945271516
2024-05-05,36.583336,3.0,,2024-05-05,19.289317853545782
2024-05-05,36.583336,3.0833435,,2024-05-05,18.648702135525184
2024-05-05,36.583336,3.1666718,,2024-05-05,20.831708919035847
2024-05-05,36.583336,3.25,,2024-05-05,25.112182506309033
2024-05-05,36.66667,2.8333435,,2024-05-05,22.228234819302035
2024-05-05,36.66667,2.9166718,,2024-05-05,15.782881420103022
2024-05-05,36.66667,3.0,,2024-05-05,10.698609465725811
2024-05-05,36.66667,3.0833435,,2024-05-05,9.496464669132697
2024-05-05,36.66667,3.1666718,,2024-05-05,13.276882967911245
2024-05-05,36.66667,3.25,,2024-05-05,19.306074472517334
2024-05-05,36.75,2.8333435,-0.3098981,2024-05-05,20.194040166169533
2024-05-05,36.75,2.9166718,,2024-05-05,12.76987826840439
2024-05-05,36.75,3.0,,2024-05-05,5.345713953294998
2024-05-05,36.75,3.0833435,-0.30994627,2024-05-05,2.079801567910821
2024-05-05,36.75,3.1666718,-0.30928034,2024-05-05,9.50394748445699
2024-05-05,36.75,3.25,,2024-05-05,16.92811061876691
2024-05-05,36.833336,2.8333435,-0.3084751,2024-05-05,22.20863381656194
2024-05-05,36.833336,2.9166718,-0.3114051,2024-05-05,15.772124592603511
2024-05-05,36.833336,3.0,-0.3138984,2024-05-05,10.696398658202174
2024-05-05,36.833336,3.0833435,-0.31446567,2024-05-05,9.496747682395155
2024-05-05,36.833336,3.1666718,-0.3142929,2024-05-05,13.270048906298761
2024-05-05,36.833336,3.25,-0.3127885,2024-05-05,19.290330362086166
2024-05-05,36.91667,2.8333435,-0.31208608,2024-05-05,27.393082527538727
2024-05-05,36.91667,2.9166718,-0.3177494,2024-05-05,22.49852861582144
2024-05-05,36.91667,3.0,-0.32084024,2024-05-05,19.286865452625985
2024-05-05,36.91667,3.0833435,-0.32146183,2024-05-05,18.648990373299995
2024-05-05,36.91667,3.1666718,-0.32219929,2024-05-05,20.82299777897512
2024-05-05,36.91667,3.25,-0.32181504,2024-05-05,25.08797191414032
2024-05-06,36.583336,2.8333435,,2024-05-06,27.42486183499686
2024-05-06,36.583336,2.9166718,,2024-05-06,22.513610945271516
2024-05-06,36.583336,3.0,,2024-05-06,19.289317853545782
2024-05-06,36.583336,3.0833435,,2024-05-06,18.648702135525184
2024-05-06,36.583336,3.1666718,,2024-05-06,20.831708919035847
2024-05-06,36.583336,3.25,,2024-05-06,25.112182506309033
2024-05-06,36.66667,2.8333435,,2024-05-06,22.228234819302035
2024-05-06,36.66667,2.9166718,,2024-05-06,15.782881420103022
2024-05-06,36.66667,3.0,,2024-05-06,10.698609465725811
2024-05-06,36.66667,3.0833435,,2024-05-06,9.496464669132697
2024-05-06,36.66667,3.1666718,,2024-05-06,13.276882967911245
2024-05-06,36.66667,3.25,,2024-05-06,19.306074472517334
2024-05-06,36.75,2.8333435,-0.32406604,2024-05-06,20.194040166169533
2024-05-06,36.75,2.9166718,,2024-05-06,12.76987826840439
2024-05-06,36.75,3.0,,2024-05-06,5.345713953294998
2024-05-06,36.75,3.0833435,-0.3256431,2024-05-06,2.079801567910821
2024-05-06,36.75,3.1666718,-0.32487315,2024-05-06,9.50394748445699
2024-05-06,36.75,3.25,,2024-05-06,16.92811061876691
2024-05-06,36.833336,2.8333435,-0.3252593,2024-05-06,22.20863381656194
2024-05-06,36.833336,2.9166718,-0.32777888,2024-05-06,15.772124592603511
2024-05-06,36.833336,3.0,-0.32895494,2024-05-06,10.696398658202174
2024-05-06,36.833336,3.0833435,-0.32881427,2024-05-06,9.496747682395155
2024-05-06,36.833336,3.1666718,-0.32763013,2024-05-06,13.270048906298761
2024-05-06,36.833336,3.25,-0.3253805,2024-05-06,19.290330362086166
2024-05-06,36.91667,2.8333435,-0.32685608,2024-05-06,27.393082527538727
2024-05-06,36.91667,2.9166718,-0.33028573,2024-05-06,22.49852861582144
2024-05-06,36.91667,3.0,-0.33122313,2024-05-06,19.286865452625985
2024-05-06,36.91667,3.0833435,-0.33101264,2024-05-06,18.648990373299995
2024-05-06,36.91667,3.1666718,-0.33020514,2024-05-06,20.82299777897512
2024-05-06,36.91667,3.25,-0.32823288,2024-05-06,25.08797191414032
2024-05-07,36.583336,2.8333435,,2024-05-07,27.42486183499686
2024-05-07,36.583336,2.9166718,,2024-05-07,22.513610945271516
2024-05-07,36.583336,3.0,,2024-05-07,19.289317853545782
2024-05-07,36.583336,3.0833435,,2024-05-07,18.648702135525184
2024-05-07,36.583336,3.1666718,,2024-05-07,20.831708919035847
2024-05-07,36.583336,3.25,,2024-05-07,25.112182506309033
2024-05-07,36.66667,2.8333435,,2024-05-07,22.228234819302035
2024-05-07,36.66667,2.9166718,,2024-05-07,15.782881420103022
2024-05-07,36.66667,3.0,,2024-05-07,10.698609465725811
2024-05-07,36.66667,3.0833435,,2024-05-07,9.496464669132697
2024-05-07,36.66667,3.1666718,,2024-05-07,13.276882967911245
2024-05-07,36.66667,3.25,,2024-05-07,19.306074472517334
2024-05-07,36.75,2.8333435,-0.34540325,2024-05-07,20.194040166169533
2024-05-07,36.75,2.9166718,,2024-05-07,12.76987826840439
2024-05-07,36.75,3.0,,2024-05-07,5.345713953294998
2024-05-07,36.75,3.0833435,-0.34757638,2024-05-07,2.079801567910821
2024-05-07,36.75,3.1666718,-0.34713346,2024-05-07,9.50394748445699
2024-05-07,36.75,3.25,,2024-05-07,16.92811061876691
2024-05-07,36.833336,2.8333435,-0.3501242,2024-05-07,22.20863381656194
2024-05-07,36.833336,2.9166718,-0.35068533,2024-05-07,15.772124592603511
2024-05-07,36.833336,3.0,-0.35094038,2024-05-07,10.696398658202174
2024-05-07,36.833336,3.0833435,-0.35026982,2024-05-07,9.496747682395155
2024-05-07,36.833336,3.1666718,-0.34869596,2024-05-07,13.270048906298761
2024-05-07,36.833336,3.25,-0.34711415,2024-05-07,19.290330362086166
2024-05-07,36.91667,2.8333435,-0.34990424,2024-05-07,27.393082527538727
2024-05-07,36.91667,2.9166718,-0.3504157,2024-05-07,22.49852861582144
2024-05-07,36.91667,3.0,-0.3500547,2024-05-07,19.286865452625985
2024-05-07,36.91667,3.0833435,-0.34977263,2024-05-07,18.648990373299995
2024-05-07,36.91667,3.1666718,-0.34851617,2024-05-07,20.82299777897512
2024-05-07,36.91667,3.25,-0.34702462,2024-05-07,25.08797191414032
2024-05-08,36.583336,2.8333435,,2024-05-08,27.42486183499686
2024-05-08,36.583336,2.9166718,,2024-05-08,22.513610945271516
2024-05-08,36.583336,3.0,,2024-05-08,19.289317853545782
2024-05-08,36.583336,3.0833435,,2024-05-08,18.648702135525184
2024-05-08,36.583336,3.1666718,,2024-05-08,20.831708919035847
2024-05-08,36.583336,3.25,,2024-05-08,25.112182506309033
2024-05-08,36.66667,2.8333435,,2024-05-08,22.228234819302035
2024-05-08,36.66667,2.9166718,,2024-05-08,15.782881420103022
2024-05-08,36.66667,3.0,,2024-05-08,10.698609465725811
2024-05-08,36.66667,3.0833435,,2024-05-08,9.496464669132697
2024-05-08,36.66667,3.1666718,,2024-05-08,13.276882967911245
2024-05-08,36.66667,3.25,,2024-05-08,19.306074472517334
2024-05-08,36.75,2.8333435,-0.3650242,2024-05-08,20.194040166169533
2024-05-08,36.75,2.9166718,,2024-05-08,12.76987826840439
2024-05-08,36.75,3.0,,2024-05-08,5.345713953294998
2024-05-08,36.75,3.0833435,-0.3673351,2024-05-08,2.079801567910821
2024-05-08,36.75,3.1666718,-0.36692202,2024-05-08,9.50394748445699
2024-05-08,36.75,3.25,,2024-05-08,16.92811061876691
2024-05-08,36.833336,2.8333435,-0.3691505,2024-05-08,22.20863381656194
2024-05-08,36.833336,2.9166718,-0.36988446,2024-05-08,15.772124592603511
2024-05-08,36.833336,3.0,-0.37024325,2024-05-08,10.696398658202174
2024-05-08,36.833336,3.0833435,-0.36925948,2024-05-08,9.496747682395155
2024-05-08,36.833336,3.1666718,-0.367712,2024-05-08,13.270048906298761
2024-05-08,36.833336,3.25,-0.36619633,2024-05-08,19.290330362086166
2024-05-08,36.91667,2.8333435,-0.36402056,2024-05-08,27.393082527538727
2024-05-08,36.91667,2.9166718,-0.36531472,2024-05-08,22.49852861582144
2024-05-08,36.91667,3.0,-0.36634398,2024-05-08,19.286865452625985
2024-05-08,36.91667,3.0833435,-0.366058,2024-05-08,18.648990373299995
2024-05-08,36.91667,3.1666718,-0.36451527,2024-05-08,20.82299777897512
2024-05-08,36.91667,3.25,-0.36336342,2024-05-08,25.08797191414032
2024-05-09,36.583336,2.8333435,,2024-05-09,27.42486183499686
2024-05-09,36.583336,2.9166718,,2024-05-09,22.513610945271516
2024-05-09,36.583336,3.0,,2024-05-09,19.289317853545782
2024-05-09,36.583336,3.0833435,,2024-05-09,18.648702135525184
2024-05-09,36.583336,3.1666718,,2024-05-09,20.831708919035847
2024-05-09,36.583336,3.25,,2024-05-09,25.112182506309033
2024-05-09,36.66667,2.8333435,,2024-05-09,22.228234819302035
2024-05-09,36.66667,2.9166718,,2024-05-09,15.782881420103022
2024-05-09,36.66667,3.0,,2024-05-09,10.698609465725811
2024-05-09,36.66667,3.0833435,,2024-05-09,9.496464669132697
2024-05-09,36.66667,3.1666718,,2024-05-09,13.276882967911245
2024-05-09,36.66667,3.25,,2024-05-09,19.306074472517334
2024-05-09,36.75,2.8333435,-0.3842668,2024-05-09,20.194040166169533
2024-05-09,36.75,2.9166718,,2024-05-09,12.76987826840439
2024-05-09,36.75,3.0,,2024-05-09,5.345713953294998
2024-05-09,36.75,3.0833435,-0.38420472,2024-05-09,2.079801567910821
2024-05-09,36.75,3.1666718,-0.38415632,2024-05-09,9.50394748445699
2024-05-09,36.75,3.25,,2024-05-09,16.92811061876691
2024-05-09,36.833336,2.8333435,-0.38630435,2024-05-09,22.20863381656194
2024-05-09,36.833336,2.9166718,-0.38686803,2024-05-09,15.772124592603511
2024-05-09,36.833336,3.0,-0.38646433,2024-05-09,10.696398658202174
2024-05-09,36.833336,3.0833435,-0.38524297,2024-05-09,9.496747682395155
2024-05-09,36.833336,3.1666718,-0.38362145,2024-05-09,13.270048906298761
2024-05-09,36.833336,3.25,-0.38257834,2024-05-09,19.290330362086166
2024-05-09,36.91667,2.8333435,-0.37534755,2024-05-09,27.393082527538727
2024-05-09,36.91667,2.9166718,-0.37808076,2024-05-09,22.49852861582144
2024-05-09,36.91667,3.0,-0.37917954,2024-05-09,19.286865452625985
2024-05-09,36.91667,3.0833435,-0.37872425,2024-05-09,18.648990373299995
2024-05-09,36.91667,3.1666718,-0.37782976,2024-05-09,20.82299777897512
2024-05-09,36.91667,3.25,-0.377667,2024-05-09,25.08797191414032
2024-05-10,36.583336,2.8333435,,2024-05-10,27.42486183499686
2024-05-10,36.583336,2.9166718,,2024-05-10,22.513610945271516
2024-05-10,36.583336,3.0,,2024-05-10,19.289317853545782
2024-05-10,36.583336,3.0833435,,2024-05-10,18.648702135525184
2024-05-10,36.583336,3.1666718,,2024-05-10,20.831708919035847
2024-05-10,36.583336,3.25,,2024-05-10,25.112182506309033
2024-05-10,36.66667,2.8333435,,2024-05-10,22.228234819302035
2024-05-10,36.66667,2.9166718,,2024-05-10,15.782881420103022
2024-05-10,36.66667,3.0,,2024-05-10,10.698609465725811
2024-05-10,36.66667,3.0833435,,2024-05-10,9.496464669132697
2024-05-10,36.66667,3.1666718,,2024-05-10,13.276882967911245
2024-05-10,36.66667,3.25,,2024-05-10,19.306074472517334
2024-05-10,36.75,2.8333435,-0.40620634,2024-05-10,20.194040166169533
2024-05-10,36.75,2.9166718,,2024-05-10,12.76987826840439
2024-05-10,36.75,3.0,,2024-05-10,5.345713953294998
2024-05-10,36.75,3.0833435,-0.40133953,2024-05-10,2.079801567910821
2024-05-10,36.75,3.1666718,-0.4027742,2024-05-10,9.50394748445699
2024-05-10,36.75,3.25,,2024-05-10,16.92811061876691
2024-05-10,36.833336,2.8333435,-0.40151313,2024-05-10,22.20863381656194
2024-05-10,36.833336,2.9166718,-0.40167502,2024-05-10,15.772124592603511
2024-05-10,36.833336,3.0,-0.4005504,2024-05-10,10.696398658202174
2024-05-10,36.833336,3.0833435,-0.39884156,2024-05-10,9.496747682395155
2024-05-10,36.833336,3.1666718,-0.39832795,2024-05-10,13.270048906298761
2024-05-10,36.833336,3.25,-0.3977611,2024-05-10,19.290330362086166
2024-05-10,36.91667,2.8333435,-0.37997597,2024-05-10,27.393082527538727
2024-05-10,36.91667,2.9166718,-0.38316748,2024-05-10,22.49852861582144
2024-05-10,36.91667,3.0,-0.38520613,2024-05-10,19.286865452625985
2024-05-10,36.91667,3.0833435,-0.38614812,2024-05-10,18.648990373299995
2024-05-10,36.91667,3.1666718,-0.386267,2024-05-10,20.82299777897512
2024-05-10,36.91667,3.25,-0.38610062,2024-05-10,25.08797191414032
2024-05-11,36.583336,2.8333435,,2024-05-11,27.42486183499686
2024-05-11,36.583336,2.9166718,,2024-05-11,22.513610945271516
2024-05-11,36.583336,3.0,,2024-05-11,19.289317853545782
2024-05-11,36.583336,3.0833435,,2024-05-11,18.648702135525184
2024-05-11,36.583336,3.1666718,,2024-05-11,20.831708919035847
2024-05-11,36.583336,3.25,,2024-05-11,25.112182506309033
2024-05-11,36.66667,2.8333435,,2024-05-11,22.228234819302035
2024-05-11,36.66667,2.9166718,,2024-05-11,15.782881420103022
2024-05-11,36.66667,3.0,,2024-05-11,10.698609465725811
2024-05-11,36.66667,3.0833435,,2024-05-11,9.496464669132697
2024-05-11,36.66667,3.1666718,,2024-05-11,13.276882967911245
2024-05-11,36.66667,3.25,,2024-05-11,19.306074472517334
2024-05-11,36.75,2.8333435,-0.42545038,2024-05-11,20.194040166169533
2024-05-11,36.75,2.9166718,,2024-05-11,12.76987826840439
2024-05-11,36.75,3.0,,2024-05-11,5.345713953294998
2024-05-11,36.75,3.0833435,-0.42136997,2024-05-11,2.079801567910821
2024-05-11,36.75,3.1666718,-0.42217314,2024-05-11,9.50394748445699
2024-05-11,36.75,3.25,,2024-05-11,16.92811061876691
2024-05-11,36.833336,2.8333435,-0.41565016,2024-05-11,22.20863381656194
2024-05-11,36.833336,2.9166718,-0.41743502,2024-05-11,15.772124592603511
2024-05-11,36.833336,3.0,-0.41797915,2024-05-11,10.696398658202174
2024-05-11,36.833336,3.0833435,-0.41715947,2024-05-11,9.496747682395155
2024-05-11,36.833336,3.1666718,-0.4172348,2024-05-11,13.270048906298761
2024-05-11,36.833336,3.25,-0.41747296,2024-05-11,19.290330362086166
2024-05-11,36.91667,2.8333435,-0.38740808,2024-05-11,27.393082527538727
2024-05-11,36.91667,2.9166718,-0.39210454,2024-05-11,22.49852861582144
2024-05-11,36.91667,3.0,-0.39558002,2024-05-11,19.286865452625985
2024-05-11,36.91667,3.0833435,-0.3973014,2024-05-11,18.648990373299995
2024-05-11,36.91667,3.1666718,-0.3972362,2024-05-11,20.82299777897512
2024-05-11,36.91667,3.25,-0.39597008,2024-05-11,25.08797191414032
2024-05-12,36.583336,2.8333435,,2024-05-12,27.42486183499686
2024-05-12,36.583336,2.9166718,,2024-05-12,22.513610945271516
2024-05-12,36.583336,3.0,,2024-05-12,19.289317853545782
2024-05-12,36.583336,3.0833435,,2024-05-12,18.648702135525184
2024-05-12,36.583336,3.1666718,,2024-05-12,20.831708919035847
2024-05-12,36.583336,3.25,,2024-05-12,25.112182506309033
2024-05-12,36.66667,2.8333435,,2024-05-12,22.228234819302035
2024-05-12,36.66667,2.9166718,,2024-05-12,15.782881420103022
2024-05-12,36.66667,3.0,,2024-05-12,10.698609465725811
2024-05-12,36.66667,3.0833435,,2024-05-12,9.496464669132697
2024-05-12,36.66667,3.1666718,,2024-05-12,13.276882967911245
2024-05-12,36.66667,3.25,,2024-05-12,19.306074472517334
2024-05-12,36.75,2.8333435,-0.42543682,2024-05-12,20.194040166169533
2024-05-12,36.75,2.9166718,,2024-05-12,12.76987826840439
2024-05-12,36.75,3.0,,2024-05-12,5.345713953294998
2024-05-12,36.75,3.0833435,-0.42677072,2024-05-12,2.079801567910821
2024-05-12,36.75,3.1666718,-0.4272149,2024-05-12,9.50394748445699
2024-05-12,36.75,3.25,,2024-05-12,16.92811061876691
2024-05-12,36.833336,2.8333435,-0.41778502,2024-05-12,22.20863381656194
2024-05-12,36.833336,2.9166718,-0.42005342,2024-05-12,15.772124592603511
2024-05-12,36.833336,3.0,-0.42165384,2024-05-12,10.696398658202174
2024-05-12,36.833336,3.0833435,-0.42163786,2024-05-12,9.496747682395155
2024-05-12,36.833336,3.1666718,-0.42104986,2024-05-12,13.270048906298761
2024-05-12,36.833336,3.25,-0.4228459,2024-05-12,19.290330362086166
2024-05-12,36.91667,2.8333435,-0.38974217,2024-05-12,27.393082527538727
2024-05-12,36.91667,2.9166718,-0.39389947,2024-05-12,22.49852861582144
2024-05-12,36.91667,3.0,-0.3964692,2024-05-12,19.286865452625985
2024-05-12,36.91667,3.0833435,-0.397573,2024-05-12,18.648990373299995
2024-05-12,36.91667,3.1666718,-0.3973378,2024-05-12,20.82299777897512
2024-05-12,36.91667,3.25,-0.39738935,2024-05-12,25.08797191414032
2024-05-13,36.583336,2.8333435,,2024-05-13,27.42486183499686
2024-05-13,36.583336,2.9166718,,2024-05-13,22.513610945271516
2024-05-13,36.583336,3.0,,2024-05-13,19.289317853545782
2024-05-13,36.583336,3.0833435,,2024-05-13,18.648702135525184
2024-05-13,36.583336,3.1666718,,2024-05-13,20.831708919035847
2024-05-13,36.583336,3.25,,2024-05-13,25.112182506309033
2024-05-13,36.66667,2.8333435,,2024-05-13,22.228234819302035
2024-05-13,36.66667,2.9166718,,2024-05-13,15.782881420103022
2024-05-13,36.66667,3.0,,2024-05-13,10.698609465725811
2024-05-13,36.66667,3.0833435,,2024-05-13,9.496464669132697
2024-05-13,36.66667,3.1666718,,2024-05-13,13.276882967911245
2024-05-13,36.66667,3.25,,2024-05-13,19.306074472517334
2024-05-13,36.75,2.8333435,-0.4216533,2024-05-13,20.194040166169533
2024-05-13,36.75,2.9166718,,2024-05-13,12.76987826840439
2024-05-13,36.75,3.0,,2024-05-13,5.345713953294998
2024-05-13,36.75,3.0833435,-0.42636117,2024-05-13,2.079801567910821
2024-05-13,36.75,3.1666718,-0.42583698,2024-05-13,9.50394748445699
2024-05-13,36.75,3.25,,2024-05-13,16.92811061876691
2024-05-13,36.833336,2.8333435,-0.41764292,2024-05-13,22.20863381656194
2024-05-13,36.833336,2.9166718,-0.4186591,2024-05-13,15.772124592603511
2024-05-13,36.833336,3.0,-0.42078775,2024-05-13,10.696398658202174
2024-05-13,36.833336,3.0833435,-0.42244768,2024-05-13,9.496747682395155
2024-05-13,36.833336,3.1666718,-0.4230292,2024-05-13,13.270048906298761
2024-05-13,36.833336,3.25,-0.42529726,2024-05-13,19.290330362086166
2024-05-13,36.91667,2.8333435,-0.39533487,2024-05-13,27.393082527538727
2024-05-13,36.91667,2.9166718,-0.39840645,2024-05-13,22.49852861582144
2024-05-13,36.91667,3.0,-0.4006791,2024-05-13,19.286865452625985
2024-05-13,36.91667,3.0833435,-0.40288135,2024-05-13,18.648990373299995
2024-05-13,36.91667,3.1666718,-0.40609366,2024-05-13,20.82299777897512
2024-05-13,36.91667,3.25,-0.41050017,2024-05-13,25.08797191414032
2024-05-14,36.583336,2.8333435,,2024-05-14,27.42486183499686
2024-05-14,36.583336,2.9166718,,2024-05-14,22.513610945271516
2024-05-14,36.583336,3.0,,2024-05-14,19.289317853545782
2024-05-14,36.583336,3.0833435,,2024-05-14,18.648702135525184
2024-05-14,36.583336,3.1666718,,2024-05-14,20.831708919035847
2024-05-14,36.583336,3.25,,2024-05-14,25.112182506309033
2024-05-14,36.66667,2.8333435,,2024-05-14,22.228234819302035
2024-05-14,36.66667,2.9166718,,2024-05-14,15.782881420103022
2024-05-14,36.66667,3.0,,2024-05-14,10.698609465725811
2024-05-14,36.66667,3.0833435,,2024-05-14,9.496464669132697
2024-05-14,36.66667,3.1666718,,2024-05-14,13.276882967911245
2024-05-14,36.66667,3.25,,2024-05-14,19.306074472517334
2024-05-14,36.75,2.8333435,-0.4186057,2024-05-14,20.194040166169533
2024-05-14,36.75,2.9166718,,2024-05-14,12.76987826840439
2024-05-14,36.75,3.0,,2024-05-14,5.345713953294998
2024-05-14,36.75,3.0833435,-0.4270752,2024-05-14,2.079801567910821
2024-05-14,36.75,3.1666718,-0.4263505,2024-05-14,9.50394748445699
2024-05-14,36.75,3.25,,2024-05-14,16.92811061876691
2024-05-14,36.833336,2.8333435,-0.4188447,2024-05-14,22.20863381656194
2024-05-14,36.833336,2.9166718,-0.42096674,2024-05-14,15.772124592603511
2024-05-14,36.833336,3.0,-0.4239823,2024-05-14,10.696398658202174
2024-05-14,36.833336,3.0833435,-0.42801872,2024-05-14,9.496747682395155
2024-05-14,36.833336,3.1666718,-0.43049994,2024-05-14,13.270048906298761
2024-05-14,36.833336,3.25,-0.43250015,2024-05-14,19.290330362086166
2024-05-14,36.91667,2.8333435,-0.40400323,2024-05-14,27.393082527538727
2024-05-14,36.91667,2.9166718,-0.40895966,2024-05-14,22.49852861582144
2024-05-14,36.91667,3.0,-0.41390055,2024-05-14,19.286865452625985
2024-05-14,36.91667,3.0833435,-0.4184218,2024-05-14,18.648990373299995
2024-05-14,36.91667,3.1666718,-0.42239773,2024-05-14,20.82299777897512
2024-05-14,36.91667,3.25,-0.4260582,2024-05-14,25.08797191414032
2024-05-15,36.583336,2.8333435,,2024-05-15,27.42486183499686
2024-05-15,36.583336,2.9166718,,2024-05-15,22.513610945271516
2024-05-15,36.583336,3.0,,2024-05-15,19.289317853545782
2024-05-15,36.583336,3.0833435,,2024-05-15,18.648702135525184
2024-05-15,36.583336,3.1666718,,2024-05-15,20.831708919035847
2024-05-15,36.583336,3.25,,2024-05-15,25.112182506309033
2024-05-15,36.66667,2.8333435,,2024-05-15,22.228234819302035
2024-05-15,36.66667,2.9166718,,2024-05-15,15.782881420103022
2024-05-15,36.66667,3.0,,2024-05-15,10.698609465725811
2024-05-15,36.66667,3.0833435,,2024-05-15,9.496464669132697
2024-05-15,36.66667,3.1666718,,2024-05-15,13.276882967911245
2024-05-15,36.66667,3.25,,2024-05-15,19.306074472517334
2024-05-15,36.75,2.8333435,-0.39814305,2024-05-15,20.194040166169533
2024-05-15,36.75,2.9166718,,2024-05-15,12.76987826840439
2024-05-15,36.75,3.0,,2024-05-15,5.345713953294998
2024-05-15,36.75,3.0833435,-0.4077918,2024-05-15,2.079801567910821
2024-05-15,36.75,3.1666718,-0.40537375,2024-05-15,9.50394748445699
2024-05-15,36.75,3.25,,2024-05-15,16.92811061876691
2024-05-15,36.833336,2.8333435,-0.4088643,2024-05-15,22.20863381656194
2024-05-15,36.833336,2.9166718,-0.40962294,2024-05-15,15.772124592603511
2024-05-15,36.833336,3.0,-0.41321072,2024-05-15,10.696398658202174
2024-05-15,36.833336,3.0833435,-0.4185046,2024-05-15,9.496747682395155
2024-05-15,36.833336,3.1666718,-0.42098334,2024-05-15,13.270048906298761
2024-05-15,36.833336,3.25,-0.42201787,2024-05-15,19.290330362086166
2024-05-15,36.91667,2.8333435,-0.40751916,2024-05-15,27.393082527538727
2024-05-15,36.91667,2.9166718,-0.41317725,2024-05-15,22.49852861582144
2024-05-15,36.91667,3.0,-0.41917333,2024-05-15,19.286865452625985
2024-05-15,36.91667,3.0833435,-0.42383695,2024-05-15,18.648990373299995
2024-05-15,36.91667,3.1666718,-0.42679077,2024-05-15,20.82299777897512
2024-05-15,36.91667,3.25,-0.42979327,2024-05-15,25.08797191414032
2024-05-16,36.583336,2.8333435,,2024-05-16,27.42486183499686
2024-05-16,36.583336,2.9166718,,2024-05-16,22.513610945271516
2024-05-16,36.583336,3.0,,2024-05-16,19.289317853545782
2024-05-16,36.583336,3.0833435,,2024-05-16,18.648702135525184
2024-05-16,36.583336,3.1666718,,2024-05-16,20.831708919035847
2024-05-16,36.583336,3.25,,2024-05-16,25.112182506309033
2024-05-16,36.66667,2.8333435,,2024-05-16,22.228234819302035
2024-05-16,36.66667,2.9166718,,2024-05-16,15.782881420103022
2024-05-16,36.66667,3.0,,2024-05-16,10.698609465725811
2024-05-16,36.66667,3.0833435,,2024-05-16,9.496464669132697
2024-05-16,36.66667,3.1666718,,2024-05-16,13.276882967911245
2024-05-16,36.66667,3.25,,2024-05-16,19.306074472517334
2024-05-16,36.75,2.8333435,-0.37204856,2024-05-16,20.194040166169533
2024-05-16,36.75,2.9166718,,2024-05-16,12.76987826840439
2024-05-16,36.75,3.0,,2024-05-16,5.345713953294998
2024-05-16,36.75,3.0833435,-0.3815395,2024-05-16,2.079801567910821
2024-05-16,36.75,3.1666718,-0.37865347,2024-05-16,9.50394748445699
2024-05-16,36.75,3.25,,2024-05-16,16.92811061876691
2024-05-16,36.833336,2.8333435,-0.39138007,2024-05-16,22.20863381656194
2024-05-16,36.833336,2.9166718,-0.39075607,2024-05-16,15.772124592603511
2024-05-16,36.833336,3.0,-0.39286256,2024-05-16,10.696398658202174
2024-05-16,36.833336,3.0833435,-0.3987467,2024-05-16,9.496747682395155
2024-05-16,36.833336,3.1666718,-0.4034774,2024-05-16,13.270048906298761
2024-05-16,36.833336,3.25,-0.40666997,2024-05-16,19.290330362086166
2024-05-16,36.91667,2.8333435,-0.40425348,2024-05-16,27.393082527538727
2024-05-16,36.91667,2.9166718,-0.40830082,2024-05-16,22.49852861582144
2024-05-16,36.91667,3.0,-0.41351894,2024-05-16,19.286865452625985
2024-05-16,36.91667,3.0833435,-0.41837606,2024-05-16,18.648990373299995
2024-05-16,36.91667,3.1666718,-0.4229242,2024-05-16,20.82299777897512
2024-05-16,36.91667,3.25,-0.42811006,2024-05-16,25.08797191414032
2024-05-17,36.583336,2.8333435,,2024-05-17,27.42486183499686
2024-05-17,36.583336,2.9166718,,2024-05-17,22.513610945271516
2024-05-17,36.583336,3.0,,2024-05-17,19.289317853545782
2024-05-17,36.583336,3.0833435,,2024-05-17,18.648702135525184
2024-05-17,36.583336,3.1666718,,2024-05-17,20.831708919035847
2024-05-17,36.583336,3.25,,2024-05-17,25.112182506309033
2024-05-17,36.66667,2.8333435,,2024-05-17,22.228234819302035
2024-05-17,36.66667,2.9166718,,2024-05-17,15.782881420103022
2024-05-17,36.66667,3.0,,2024-05-17,10.698609465725811
2024-05-17,36.66667,3.0833435,,2024-05-17,9.496464669132697
2024-05-17,36.66667,3.1666718,,2024-05-17,13.276882967911245
2024-05-17,36.66667,3.25,,2024-05-17,19.306074472517334
2024-05-17,36.75,2.8333435,-0.3562846,2024-05-17,20.194040166169533
2024-05-17,36.75,2.9166718,,2024-05-17,12.76987826840439
2024-05-17,36.75,3.0,,2024-05-17,5.345713953294998
2024-05-17,36.75,3.0833435,-0.3586245,2024-05-17,2.079801567910821
2024-05-17,36.75,3.1666718,-0.35655412,2024-05-17,9.50394748445699
2024-05-17,36.75,3.25,,2024-05-17,16.92811061876691
2024-05-17,36.833336,2.8333435,-0.37244415,2024-05-17,22.20863381656194
2024-05-17,36.833336,2.9166718,-0.3698964,2024-05-17,15.772124592603511
2024-05-17,36.833336,3.0,-0.37024942,2024-05-17,10.696398658202174
2024-05-17,36.833336,3.0833435,-0.37418422,2024-05-17,9.496747682395155
2024-05-17,36.833336,3.1666718,-0.37897357,2024-05-17,13.270048906298761
2024-05-17,36.833336,3.25,-0.38292667,2024-05-17,19.290330362086166
2024-05-17,36.91667,2.8333435,-0.3873433,2024-05-17,27.393082527538727
2024-05-17,36.91667,2.9166718,-0.38996372,2024-05-17,22.49852861582144
2024-05-17,36.91667,3.0,-0.3943418,2024-05-17,19.286865452625985
2024-05-17,36.91667,3.0833435,-0.39881057,2024-05-17,18.648990373299995
2024-05-17,36.91667,3.1666718,-0.40485224,2024-05-17,20.82299777897512
2024-05-17,36.91667,3.25,-0.4127538,2024-05-17,25.08797191414032
2024-05-18,36.583336,2.8333435,,2024-05-18,27.42486183499686
2024-05-18,36.583336,2.9166718,,2024-05-18,22.513610945271516
2024-05-18,36.583336,3.0,,2024-05-18,19.289317853545782
2024-05-18,36.583336,3.0833435,,2024-05-18,18.648702135525184
2024-05-18,36.583336,3.1666718,,2024-05-18,20.831708919035847
2024-05-18,36.583336,3.25,,2024-05-18,25.112182506309033
2024-05-18,36.66667,2.8333435,,2024-05-18,22.228234819302035
2024-05-18,36.66667,2.9166718,,2024-05-18,15.782881420103022
2024-05-18,36.66667,3.0,,2024-05-18,10.698609465725811
2024-05-18,36.66667,3.0833435,,2024-05-18,9.496464669132697
2024-05-18,36.66667,3.1666718,,2024-05-18,13.276882967911245
2024-05-18,36.66667,3.25,,2024-05-18,19.306074472517334
2024-05-18,36.75,2.8333435,-0.33993113,2024-05-18,20.194040166169533
2024-05-18,36.75,2.9166718,,2024-05-18,12.76987826840439
2024-05-18,36.75,3.0,,2024-05-18,5.345713953294998
2024-05-18,36.75,3.0833435,-0.34255362,2024-05-18,2.079801567910821
2024-05-18,36.75,3.1666718,-0.34112176,2024-05-18,9.50394748445699
2024-05-18,36.75,3.25,,2024-05-18,16.92811061876691
2024-05-18,36.833336,2.8333435,-0.35411358,2024-05-18,22.20863381656194
2024-05-18,36.833336,2.9166718,-0.35082164,2024-05-18,15.772124592603511
2024-05-18,36.833336,3.0,-0.35157853,2024-05-18,10.696398658202174
2024-05-18,36.833336,3.0833435,-0.3559864,2024-05-18,9.496747682395155
2024-05-18,36.833336,3.1666718,-0.3607602,2024-05-18,13.270048906298761
2024-05-18,36.833336,3.25,-0.36495402,2024-05-18,19.290330362086166
2024-05-18,36.91667,2.8333435,-0.36951673,2024-05-18,27.393082527538727
2024-05-18,36.91667,2.9166718,-0.3710177,2024-05-18,22.49852861582144
2024-05-18,36.91667,3.0,-0.3757105,2024-05-18,19.286865452625985
2024-05-18,36.91667,3.0833435,-0.381078,2024-05-18,18.648990373299995
2024-05-18,36.91667,3.1666718,-0.38746345,2024-05-18,20.82299777897512
2024-05-18,36.91667,3.25,-0.39621973,2024-05-18,25.08797191414032
2024-05-19,36.583336,2.8333435,,2024-05-19,27.42486183499686
2024-05-19,36.583336,2.9166718,,2024-05-19,22.513610945271516
2024-05-19,36.583336,3.0,,2024-05-19,19.289317853545782
2024-05-19,36.583336,3.0833435,,2024-05-19,18.648702135525184
2024-05-19,36.583336,3.1666718,,2024-05-19,20.831708919035847
2024-05-19,36.583336,3.25,,2024-05-19,25.112182506309033
2024-05-19,36.66667,2.8333435,,2024-05-19,22.228234819302035
2024-05-19,36.66667,2.9166718,,2024-05-19,15.782881420103022
2024-05-19,36.66667,3.0,,2024-05-19,10.698609465725811
2024-05-19,36.66667,3.0833435,,2024-05-19,9.496464669132697
2024-05-19,36.66667,3.1666718,,2024-05-19,13.276882967911245
2024-05-19,36.66667,3.25,,2024-05-19,19.306074472517334
2024-05-19,36.75,2.8333435,-0.32762545,2024-05-19,20.194040166169533
2024-05-19,36.75,2.9166718,,2024-05-19,12.76987826840439
2024-05-19,36.75,3.0,,2024-05-19,5.345713953294998
2024-05-19,36.75,3.0833435,-0.32939827,2024-05-19,2.079801567910821
2024-05-19,36.75,3.1666718,-0.32823232,2024-05-19,9.50394748445699
2024-05-19,36.75,3.25,,2024-05-19,16.92811061876691
2024-05-19,36.833336,2.8333435,-0.3400258,2024-05-19,22.20863381656194
2024-05-19,36.833336,2.9166718,-0.33653495,2024-05-19,15.772124592603511
2024-05-19,36.833336,3.0,-0.33748248,2024-05-19,10.696398658202174
2024-05-19,36.833336,3.0833435,-0.34214282,2024-05-19,9.496747682395155
2024-05-19,36.833336,3.1666718,-0.34711626,2024-05-19,13.270048906298761
2024-05-19,36.833336,3.25,-0.35124,2024-05-19,19.290330362086166
2024-05-19,36.91667,2.8333435,-0.35498554,2024-05-19,27.393082527538727
2024-05-19,36.91667,2.9166718,-0.3558528,2024-05-19,22.49852861582144
2024-05-19,36.91667,3.0,-0.3608224,2024-05-19,19.286865452625985
2024-05-19,36.91667,3.0833435,-0.36696535,2024-05-19,18.648990373299995
2024-05-19,36.91667,3.1666718,-0.37384203,2024-05-19,20.82299777897512
2024-05-19,36.91667,3.25,-0.3821235,2024-05-19,25.08797191414032
2024-05-20,36.583336,2.8333435,,2024-05-20,27.42486183499686
2024-05-20,36.583336,2.9166718,,2024-05-20,22.513610945271516
2024-05-20,36.583336,3.0,,2024-05-20,19.289317853545782
2024-05-20,36.583336,3.0833435,,2024-05-20,18.648702135525184
2024-05-20,36.583336,3.1666718,,2024-05-20,20.831708919035847
2024-05-20,36.583336,3.25,,2024-05-20,25.112182506309033
2024-05-20,36.66667,2.8333435,,2024-05-20,22.228234819302035
2024-05-20,36.66667,2.9166718,,2024-05-20,15.782881420103022
2024-05-20,36.66667,3.0,,2024-05-20,10.698609465725811
2024-05-20,36.66667,3.0833435,,2024-05-20,9.496464669132697
2024-05-20,36.66667,3.1666718,,2024-05-20,13.276882967911245
2024-05-20,36.66667,3.25,,2024-05-20,19.306074472517334
2024-05-20,36.75,2.8333435,-0.31847435,2024-05-20,20.194040166169533
2024-05-20,36.75,2.9166718,,2024-05-20,12.76987826840439
2024-05-20,36.75,3.0,,2024-05-20,5.345713953294998
2024-05-20,36.75,3.0833435,-0.32047173,2024-05-20,2.079801567910821
2024-05-20,36.75,3.1666718,-0.31829783,2024-05-20,9.50394748445699
2024-05-20,36.75,3.25,,2024-05-20,16.92811061876691
2024-05-20,36.833336,2.8333435,-0.33060214,2024-05-20,22.20863381656194
2024-05-20,36.833336,2.9166718,-0.32774407,2024-05-20,15.772124592603511
2024-05-20,36.833336,3.0,-0.3287068,2024-05-20,10.696398658202174
2024-05-20,36.833336,3.0833435,-0.333567,2024-05-20,9.496747682395155
2024-05-20,36.833336,3.1666718,-0.3383955,2024-05-20,13.270048906298761
2024-05-20,36.833336,3.25,-0.34216538,2024-05-20,19.290330362086166
2024-05-20,36.91667,2.8333435,-0.34404287,2024-05-20,27.393082527538727
2024-05-20,36.91667,2.9166718,-0.3457405,2024-05-20,22.49852861582144
2024-05-20,36.91667,3.0,-0.350939,2024-05-20,19.286865452625985
2024-05-20,36.91667,3.0833435,-0.35747585,2024-05-20,18.648990373299995
2024-05-20,36.91667,3.1666718,-0.36495304,2024-05-20,20.82299777897512
2024-05-20,36.91667,3.25,-0.37349588,2024-05-20,25.08797191414032
2024-05-21,36.583336,2.8333435,,2024-05-21,27.42486183499686
2024-05-21,36.583336,2.9166718,,2024-05-21,22.513610945271516
2024-05-21,36.583336,3.0,,2024-05-21,19.289317853545782
2024-05-21,36.583336,3.0833435,,2024-05-21,18.648702135525184
2024-05-21,36.583336,3.1666718,,2024-05-21,20.831708919035847
2024-05-21,36.583336,3.25,,2024-05-21,25.112182506309033
2024-05-21,36.66667,2.8333435,,2024-05-21,22.228234819302035
2024-05-21,36.66667,2.9166718,,2024-05-21,15.782881420103022
2024-05-21,36.66667,3.0,,2024-05-21,10.698609465725811
2024-05-21,36.66667,3.0833435,,2024-05-21,9.496464669132697
2024-05-21,36.66667,3.1666718,,2024-05-21,13.276882967911245
2024-05-21,36.66667,3.25,,2024-05-21,19.306074472517334
2024-05-21,36.75,2.8333435,-0.3122731,2024-05-21,20.194040166169533
2024-05-21,36.75,2.9166718,,2024-05-21,12.76987826840439
2024-05-21,36.75,3.0,,2024-05-21,5.345713953294998
2024-05-21,36.75,3.0833435,-0.3185118,2024-05-21,2.079801567910821
2024-05-21,36.75,3.1666718,-0.3165608,2024-05-21,9.50394748445699
2024-05-21,36.75,3.25,,2024-05-21,16.92811061876691
2024-05-21,36.833336,2.8333435,-0.32700282,2024-05-21,22.20863381656194
2024-05-21,36.833336,2.9166718,-0.32538477,2024-05-21,15.772124592603511
2024-05-21,36.833336,3.0,-0.32771546,2024-05-21,10.696398658202174
2024-05-21,36.833336,3.0833435,-0.33364752,2024-05-21,9.496747682395155
2024-05-21,36.833336,3.1666718,-0.33989316,2024-05-21,13.270048906298761
2024-05-21,36.833336,3.25,-0.34439877,2024-05-21,19.290330362086166
2024-05-21,36.91667,2.8333435,-0.34409675,2024-05-21,27.393082527538727
2024-05-21,36.91667,2.9166718,-0.3477009,2024-05-21,22.49852861582144
2024-05-21,36.91667,3.0,-0.35441247,2024-05-21,19.286865452625985
2024-05-21,36.91667,3.0833435,-0.3616501,2024-05-21,18.648990373299995
2024-05-21,36.91667,3.1666718,-0.36979622,2024-05-21,20.82299777897512
2024-05-21,36.91667,3.25,-0.37898907,2024-05-21,25.08797191414032
2024-05-22,36.583336,2.8333435,,2024-05-22,27.42486183499686
2024-05-22,36.583336,2.9166718,,2024-05-22,22.513610945271516
2024-05-22,36.583336,3.0,,2024-05-22,19.289317853545782
2024-05-22,36.583336,3.0833435,,2024-05-22,18.648702135525184
2024-05-22,36.583336,3.1666718,,2024-05-22,20.831708919035847
2024-05-22,36.583336,3.25,,2024-05-22,25.112182506309033
2024-05-22,36.66667,2.8333435,,2024-05-22,22.228234819302035
2024-05-22,36.66667,2.9166718,,2024-05-22,15.782881420103022
2024-05-22,36.66667,3.0,,2024-05-22,10.698609465725811
2024-05-22,36.66667,3.0833435,,2024-05-22,9.496464669132697
2024-05-22,36.66667,3.1666718,,2024-05-22,13.276882967911245
2024-05-22,36.66667,3.25,,2024-05-22,19.306074472517334
2024-05-22,36.75,2.8333435,-0.29540664,2024-05-22,20.194040166169533
2024-05-22,36.75,2.9166718,,2024-05-22,12.76987826840439
2024-05-22,36.75,3.0,,2024-05-22,5.345713953294998
2024-05-22,36.75,3.0833435,-0.2970024,2024-05-22,2.079801567910821
2024-05-22,36.75,3.1666718,-0.29519233,2024-05-22,9.50394748445699
2024-05-22,36.75,3.25,,2024-05-22,16.92811061876691
2024-05-22,36.833336,2.8333435,-0.3064904,2024-05-22,22.20863381656194
2024-05-22,36.833336,2.9166718,-0.30438164,2024-05-22,15.772124592603511
2024-05-22,36.833336,3.0,-0.3067136,2024-05-22,10.696398658202174
2024-05-22,36.833336,3.0833435,-0.31225348,2024-05-22,9.496747682395155
2024-05-22,36.833336,3.1666718,-0.31799588,2024-05-22,13.270048906298761
2024-05-22,36.833336,3.25,-0.32231945,2024-05-22,19.290330362086166
2024-05-22,36.91667,2.8333435,-0.32135442,2024-05-22,27.393082527538727
2024-05-22,36.91667,2.9166718,-0.32565376,2024-05-22,22.49852861582144
2024-05-22,36.91667,3.0,-0.33298665,2024-05-22,19.286865452625985
2024-05-22,36.91667,3.0833435,-0.34045848,2024-05-22,18.648990373299995
2024-05-22,36.91667,3.1666718,-0.3486478,2024-05-22,20.82299777897512
2024-05-22,36.91667,3.25,-0.35788816,2024-05-22,25.08797191414032
2024-05-23,36.583336,2.8333435,,2024-05-23,27.42486183499686
2024-05-23,36.583336,2.9166718,,2024-05-23,22.513610945271516
2024-05-23,36.583336,3.0,,2024-05-23,19.289317853545782
2024-05-23,36.583336,3.0833435,,2024-05-23,18.648702135525184
2024-05-23,36.583336,3.1666718,,2024-05-23,20.831708919035847
2024-05-23,36.583336,3.25,,2024-05-23,25.112182506309033
2024-05-23,36.66667,2.8333435,,2024-05-23,22.228234819302035
2024-05-23,36.66667,2.9166718,,2024-05-23,15.782881420103022
2024-05-23,36.66667,3.0,,2024-05-23,10.698609465725811
2024-05-23,36.66667,3.0833435,,2024-05-23,9.496464669132697
2024-05-23,36.66667,3.1666718,,2024-05-23,13.276882967911245
2024-05-23,36.66667,3.25,,2024-05-23,19.306074472517334
2024-05-23,36.75,2.8333435,-0.3119829,2024-05-23,20.194040166169533
2024-05-23,36.75,2.9166718,,2024-05-23,12.76987826840439
2024-05-23,36.75,3.0,,2024-05-23,5.345713953294998
2024-05-23,36.75,3.0833435,-0.31430703,2024-05-23,2.079801567910821
2024-05-23,36.75,3.1666718,-0.31407717,2024-05-23,9.50394748445699
2024-05-23,36.75,3.25,,2024-05-23,16.92811061876691
2024-05-23,36.833336,2.8333435,-0.31751335,2024-05-23,22.20863381656194
2024-05-23,36.833336,2.9166718,-0.31755716,2024-05-23,15.772124592603511
2024-05-23,36.833336,3.0,-0.32109842,2024-05-23,10.696398658202174
2024-05-23,36.833336,3.0833435,-0.32644585,2024-05-23,9.496747682395155
2024-05-23,36.833336,3.1666718,-0.33176363,2024-05-23,13.270048906298761
2024-05-23,36.833336,3.25,-0.33591217,2024-05-23,19.290330362086166
2024-05-23,36.91667,2.8333435,-0.32577583,2024-05-23,27.393082527538727
2024-05-23,36.91667,2.9166718,-0.33027685,2024-05-23,22.49852861582144
2024-05-23,36.91667,3.0,-0.33762234,2024-05-23,19.286865452625985
2024-05-23,36.91667,3.0833435,-0.3458883,2024-05-23,18.648990373299995
2024-05-23,36.91667,3.1666718,-0.35471523,2024-05-23,20.82299777897512
2024-05-23,36.91667,3.25,-0.36480242,2024-05-23,25.08797191414032
2024-05-24,36.583336,2.8333435,,2024-05-24,27.42486183499686
2024-05-24,36.583336,2.9166718,,2024-05-24,22.513610945271516
2024-05-24,36.583336,3.0,,2024-05-24,19.289317853545782
2024-05-24,36.583336,3.0833435,,2024-05-24,18.648702135525184
2024-05-24,36.583336,3.1666718,,2024-05-24,20.831708919035847
2024-05-24,36.583336,3.25,,2024-05-24,25.112182506309033
2024-05-24,36.66667,2.8333435,,2024-05-24,22.228234819302035
2024-05-24,36.66667,2.9166718,,2024-05-24,15.782881420103022
2024-05-24,36.66667,3.0,,2024-05-24,10.698609465725811
2024-05-24,36.66667,3.0833435,,2024-05-24,9.496464669132697
2024-05-24,36.66667,3.1666718,,2024-05-24,13.276882967911245
2024-05-24,36.66667,3.25,,2024-05-24,19.306074472517334
2024-05-24,36.75,2.8333435,-0.32209095,2024-05-24,20.194040166169533
2024-05-24,36.75,2.9166718,,2024-05-24,12.76987826840439
2024-05-24,36.75,3.0,,2024-05-24,5.345713953294998
2024-05-24,36.75,3.0833435,-0.32579616,2024-05-24,2.079801567910821
2024-05-24,36.75,3.1666718,-0.32513684,2024-05-24,9.50394748445699
2024-05-24,36.75,3.25,,2024-05-24,16.92811061876691
2024-05-24,36.833336,2.8333435,-0.32322818,2024-05-24,22.20863381656194
2024-05-24,36.833336,2.9166718,-0.32632983,2024-05-24,15.772124592603511
2024-05-24,36.833336,3.0,-0.3306975,2024-05-24,10.696398658202174
2024-05-24,36.833336,3.0833435,-0.33490545,2024-05-24,9.496747682395155
2024-05-24,36.833336,3.1666718,-0.3387437,2024-05-24,13.270048906298761
2024-05-24,36.833336,3.25,-0.34155533,2024-05-24,19.290330362086166
2024-05-24,36.91667,2.8333435,-0.32121024,2024-05-24,27.393082527538727
2024-05-24,36.91667,2.9166718,-0.32740116,2024-05-24,22.49852861582144
2024-05-24,36.91667,3.0,-0.33515608,2024-05-24,19.286865452625985
2024-05-24,36.91667,3.0833435,-0.34262377,2024-05-24,18.648990373299995
2024-05-24,36.91667,3.1666718,-0.3508219,2024-05-24,20.82299777897512
2024-05-24,36.91667,3.25,-0.36121213,2024-05-24,25.08797191414032
2024-05-25,36.583336,2.8333435,,2024-05-25,27.42486183499686
2024-05-25,36.583336,2.9166718,,2024-05-25,22.513610945271516
2024-05-25,36.583336,3.0,,2024-05-25,19.289317853545782
2024-05-25,36.583336,3.0833435,,2024-05-25,18.648702135525184
2024-05-25,36.583336,3.1666718,,2024-05-25,20.831708919035847
2024-05-25,36.583336,3.25,,2024-05-25,25.112182506309033
2024-05-25,36.66667,2.8333435,,2024-05-25,22.228234819302035
2024-05-25,36.66667,2.9166718,,2024-05-25,15.782881420103022
2024-05-25,36.66667,3.0,,2024-05-25,10.698609465725811
2024-05-25,36.66667,3.0833435,,2024-05-25,9.496464669132697
2024-05-25,36.66667,3.1666718,,2024-05-25,13.276882967911245
2024-05-25,36.66667,3.25,,2024-05-25,19.306074472517334
2024-05-25,36.75,2.8333435,-0.32191467,2024-05-25,20.194040166169533
2024-05-25,36.75,2.9166718,,2024-05-25,12.76987826840439
2024-05-25,36.75,3.0,,2024-05-25,5.345713953294998
2024-05-25,36.75,3.0833435,-0.3296812,2024-05-25,2.079801567910821
2024-05-25,36.75,3.1666718,-0.32866564,2024-05-25,9.50394748445699
2024-05-25,36.75,3.25,,2024-05-25,16.92811061876691
2024-05-25,36.833336,2.8333435,-0.32670975,2024-05-25,22.20863381656194
2024-05-25,36.833336,2.9166718,-0.32933852,2024-05-25,15.772124592603511
2024-05-25,36.833336,3.0,-0.33297473,2024-05-25,10.696398658202174
2024-05-25,36.833336,3.0833435,-0.33736876,2024-05-25,9.496747682395155
2024-05-25,36.833336,3.1666718,-0.3411921,2024-05-25,13.270048906298761
2024-05-25,36.833336,3.25,-0.34465212,2024-05-25,19.290330362086166
2024-05-25,36.91667,2.8333435,-0.32077116,2024-05-25,27.393082527538727
2024-05-25,36.91667,2.9166718,-0.32544625,2024-05-25,22.49852861582144
2024-05-25,36.91667,3.0,-0.33089715,2024-05-25,19.286865452625985
2024-05-25,36.91667,3.0833435,-0.33782575,2024-05-25,18.648990373299995
2024-05-25,36.91667,3.1666718,-0.34638232,2024-05-25,20.82299777897512
2024-05-25,36.91667,3.25,-0.357673,2024-05-25,25.08797191414032
2024-05-26,36.583336,2.8333435,,2024-05-26,27.42486183499686
2024-05-26,36.583336,2.9166718,,2024-05-26,22.513610945271516
2024-05-26,36.583336,3.0,,2024-05-26,19.289317853545782
2024-05-26,36.583336,3.0833435,,2024-05-26,18.648702135525184
2024-05-26,36.583336,3.1666718,,2024-05-26,20.831708919035847
2024-05-26,36.583336,3.25,,2024-05-26,25.112182506309033
2024-05-26,36.66667,2.8333435,,2024-05-26,22.228234819302035
2024-05-26,36.66667,2.9166718,,2024-05-26,15.782881420103022
2024-05-26,36.66667,3.0,,2024-05-26,10.698609465725811
2024-05-26,36.66667,3.0833435,,2024-05-26,9.496464669132697
2024-05-26,36.66667,3.1666718,,2024-05-26,13.276882967911245
2024-05-26,36.66667,3.25,,2024-05-26,19.306074472517334
2024-05-26,36.75,2.8333435,-0.3258094,2024-05-26,20.194040166169533
2024-05-26,36.75,2.9166718,,2024-05-26,12.76987826840439
2024-05-26,36.75,3.0,,2024-05-26,5.345713953294998
2024-05-26,36.75,3.0833435,-0.3349946,2024-05-26,2.079801567910821
2024-05-26,36.75,3.1666718,-0.33462882,2024-05-26,9.50394748445699
2024-05-26,36.75,3.25,,2024-05-26,16.92811061876691
2024-05-26,36.833336,2.8333435,-0.33157673,2024-05-26,22.20863381656194
2024-05-26,36.833336,2.9166718,-0.33325586,2024-05-26,15.772124592603511
2024-05-26,36.833336,3.0,-0.33710194,2024-05-26,10.696398658202174
2024-05-26,36.833336,3.0833435,-0.3418035,2024-05-26,9.496747682395155
2024-05-26,36.833336,3.1666718,-0.3454914,2024-05-26,13.270048906298761
2024-05-26,36.833336,3.25,-0.3493289,2024-05-26,19.290330362086166
2024-05-26,36.91667,2.8333435,-0.32286915,2024-05-26,27.393082527538727
2024-05-26,36.91667,2.9166718,-0.32685167,2024-05-26,22.49852861582144
2024-05-26,36.91667,3.0,-0.3326518,2024-05-26,19.286865452625985
2024-05-26,36.91667,3.0833435,-0.33940902,2024-05-26,18.648990373299995
2024-05-26,36.91667,3.1666718,-0.3475621,2024-05-26,20.82299777897512
2024-05-26,36.91667,3.25,-0.35903388,2024-05-26,25.08797191414032
2024-05-27,36.583336,2.8333435,,2024-05-27,27.42486183499686
2024-05-27,36.583336,2.9166718,,2024-05-27,22.513610945271516
2024-05-27,36.583336,3.0,,2024-05-27,19.289317853545782
2024-05-27,36.583336,3.0833435,,2024-05-27,18.648702135525184
2024-05-27,36.583336,3.1666718,,2024-05-27,20.831708919035847
2024-05-27,36.583336,3.25,,2024-05-27,25.112182506309033
2024-05-27,36.66667,2.8333435,,2024-05-27,22.228234819302035
2024-05-27,36.66667,2.9166718,,2024-05-27,15.782881420103022
2024-05-27,36.66667,3.0,,2024-05-27,10.698609465725811
2024-05-27,36.66667,3.0833435,,2024-05-27,9.496464669132697
2024-05-27,36.66667,3.1666718,,2024-05-27,13.276882967911245
2024-05-27,36.66667,3.25,,2024-05-27,19.306074472517334
2024-05-27,36.75,2.8333435,-0.31083208,2024-05-27,20.194040166169533
2024-05-27,36.75,2.9166718,,2024-05-27,12.76987826840439
2024-05-27,36.75,3.0,,2024-05-27,5.345713953294998
2024-05-27,36.75,3.0833435,-0.32068607,2024-05-27,2.079801567910821
2024-05-27,36.75,3.1666718,-0.31955552,2024-05-27,9.50394748445699
2024-05-27,36.75,3.25,,2024-05-27,16.92811061876691
2024-05-27,36.833336,2.8333435,-0.3197843,2024-05-27,22.20863381656194
2024-05-27,36.833336,2.9166718,-0.319976,2024-05-27,15.772124592603511
2024-05-27,36.833336,3.0,-0.3240147,2024-05-27,10.696398658202174
2024-05-27,36.833336,3.0833435,-0.32976103,2024-05-27,9.496747682395155
2024-05-27,36.833336,3.1666718,-0.33368814,2024-05-27,13.270048906298761
2024-05-27,36.833336,3.25,-0.33804497,2024-05-27,19.290330362086166
2024-05-27,36.91667,2.8333435,-0.31572175,2024-05-27,27.393082527538727
2024-05-27,36.91667,2.9166718,-0.31936297,2024-05-27,22.49852861582144
2024-05-27,36.91667,3.0,-0.32516357,2024-05-27,19.286865452625985
2024-05-27,36.91667,3.0833435,-0.3318429,2024-05-27,18.648990373299995
2024-05-27,36.91667,3.1666718,-0.34015518,2024-05-27,20.82299777897512
2024-05-27,36.91667,3.25,-0.35204947,2024-05-27,25.08797191414032
2024-05-28,36.583336,2.8333435,,2024-05-28,27.42486183499686
2024-05-28,36.583336,2.9166718,,2024-05-28,22.513610945271516
2024-05-28,36.583336,3.0,,2024-05-28,19.289317853545782
2024-05-28,36.583336,3.0833435,,2024-05-28,18.648702135525184
2024-05-28,36.583336,3.1666718,,2024-05-28,20.831708919035847
2024-05-28,36.583336,3.25,,2024-05-28,25.112182506309033
2024-05-28,36.66667,2.8333435,,2024-05-28,22.228234819302035
2024-05-28,36.66667,2.9166718,,2024-05-28,15.782881420103022
2024-05-28,36.66667,3.0,,2024-05-28,10.698609465725811
2024-05-28,36.66667,3.0833435,,2024-05-28,9.496464669132697
2024-05-28,36.66667,3.1666718,,2024-05-28,13.276882967911245
2024-05-28,36.66667,3.25,,2024-05-28,19.306074472517334
2024-05-28,36.75,2.8333435,-0.31226027,2024-05-28,20.194040166169533
2024-05-28,36.75,2.9166718,,2024-05-28,12.76987826840439
2024-05-28,36.75,3.0,,2024-05-28,5.345713953294998
2024-05-28,36.75,3.0833435,-0.31839252,2024-05-28,2.079801567910821
2024-05-28,36.75,3.1666718,-0.31800443,2024-05-28,9.50394748445699
2024-05-28,36.75,3.25,,2024-05-28,16.92811061876691
2024-05-28,36.833336,2.8333435,-0.31988278,2024-05-28,22.20863381656194
2024-05-28,36.833336,2.9166718,-0.3197823,2024-05-28,15.772124592603511
2024-05-28,36.833336,3.0,-0.32334256,2024-05-28,10.696398658202174
2024-05-28,36.833336,3.0833435,-0.32870987,2024-05-28,9.496747682395155
2024-05-28,36.833336,3.1666718,-0.33256164,2024-05-28,13.270048906298761
2024-05-28,36.833336,3.25,-0.3359596,2024-05-28,19.290330362086166
2024-05-28,36.91667,2.8333435,-0.31755573,2024-05-28,27.393082527538727
2024-05-28,36.91667,2.9166718,-0.32065868,2024-05-28,22.49852861582144
2024-05-28,36.91667,3.0,-0.32650605,2024-05-28,19.286865452625985
2024-05-28,36.91667,3.0833435,-0.33300474,2024-05-28,18.648990373299995
2024-05-28,36.91667,3.1666718,-0.34036946,2024-05-28,20.82299777897512
2024-05-28,36.91667,3.25,-0.35077074,2024-05-28,25.08797191414032
2024-05-29,36.583336,2.8333435,,2024-05-29,27.42486183499686
2024-05-29,36.583336,2.9166718,,2024-05-29,22.513610945271516
2024-05-29,36.583336,3.0,,2024-05-29,19.289317853545782
2024-05-29,36.583336,3.0833435,,2024-05-29,18.648702135525184
2024-05-29,36.583336,3.1666718,,2024-05-29,20.831708919035847
2024-05-29,36.583336,3.25,,2024-05-29,25.112182506309033
2024-05-29,36.66667,2.8333435,,2024-05-29,22.228234819302035
2024-05-29,36.66667,2.9166718,,2024-05-29,15.782881420103022
2024-05-29,36.66667,3.0,,2024-05-29,10.698609465725811
2024-05-29,36.66667,3.0833435,,2024-05-29,9.496464669132697
2024-05-29,36.66667,3.1666718,,2024-05-29,13.276882967911245
2024-05-29,36.66667,3.25,,2024-05-29,19.306074472517334
2024-05-29,36.75,2.8333435,-0.34120286,2024-05-29,20.194040166169533
2024-05-29,36.75,2.9166718,,2024-05-29,12.76987826840439
2024-05-29,36.75,3.0,,2024-05-29,5.345713953294998
2024-05-29,36.75,3.0833435,-0.34576273,2024-05-29,2.079801567910821
2024-05-29,36.75,3.1666718,-0.3460215,2024-05-29,9.50394748445699
2024-05-29,36.75,3.25,,2024-05-29,16.92811061876691
2024-05-29,36.833336,2.8333435,-0.3447079,2024-05-29,22.20863381656194
2024-05-29,36.833336,2.9166718,-0.34518823,2024-05-29,15.772124592603511
2024-05-29,36.833336,3.0,-0.34888482,2024-05-29,10.696398658202174
2024-05-29,36.833336,3.0833435,-0.35288024,2024-05-29,9.496747682395155
2024-05-29,36.833336,3.1666718,-0.3558556,2024-05-29,13.270048906298761
2024-05-29,36.833336,3.25,-0.35892582,2024-05-29,19.290330362086166
2024-05-29,36.91667,2.8333435,-0.33654553,2024-05-29,27.393082527538727
2024-05-29,36.91667,2.9166718,-0.34012902,2024-05-29,22.49852861582144
2024-05-29,36.91667,3.0,-0.34583917,2024-05-29,19.286865452625985
2024-05-29,36.91667,3.0833435,-0.3521011,2024-05-29,18.648990373299995
2024-05-29,36.91667,3.1666718,-0.35908833,2024-05-29,20.82299777897512
2024-05-29,36.91667,3.25,-0.36872253,2024-05-29,25.08797191414032
2024-05-30,36.583336,2.8333435,,2024-05-30,27.42486183499686
2024-05-30,36.583336,2.9166718,,2024-05-30,22.513610945271516
2024-05-30,36.583336,3.0,,2024-05-30,19.289317853545782
2024-05-30,36.583336,3.0833435,,2024-05-30,18.648702135525184
2024-05-30,36.583336,3.1666718,,2024-05-30,20.831708919035847
2024-05-30,36.583336,3.25,,2024-05-30,25.112182506309033
2024-05-30,36.66667,2.8333435,,2024-05-30,22.228234819302035
2024-05-30,36.66667,2.9166718,,2024-05-30,15.782881420103022
2024-05-30,36.66667,3.0,,2024-05-30,10.698609465725811
2024-05-30,36.66667,3.0833435,,2024-05-30,9.496464669132697
2024-05-30,36.66667,3.1666718,,2024-05-30,13.276882967911245
2024-05-30,36.66667,3.25,,2024-05-30,19.306074472517334
2024-05-30,36.75,2.8333435,-0.35112312,2024-05-30,20.194040166169533
2024-05-30,36.75,2.9166718,,2024-05-30,12.76987826840439
2024-05-30,36.75,3.0,,2024-05-30,5.345713953294998
2024-05-30,36.75,3.0833435,-0.35565102,2024-05-30,2.079801567910821
2024-05-30,36.75,3.1666718,-0.3553317,2024-05-30,9.50394748445699
2024-05-30,36.75,3.25,,2024-05-30,16.92811061876691
2024-05-30,36.833336,2.8333435,-0.35122067,2024-05-30,22.20863381656194
2024-05-30,36.833336,2.9166718,-0.35255128,2024-05-30,15.772124592603511
2024-05-30,36.833336,3.0,-0.35625347,2024-05-30,10.696398658202174
2024-05-30,36.833336,3.0833435,-0.35950089,2024-05-30,9.496747682395155
2024-05-30,36.833336,3.1666718,-0.361773,2024-05-30,13.270048906298761
2024-05-30,36.833336,3.25,-0.3646487,2024-05-30,19.290330362086166
2024-05-30,36.91667,2.8333435,-0.3372639,2024-05-30,27.393082527538727
2024-05-30,36.91667,2.9166718,-0.34097412,2024-05-30,22.49852861582144
2024-05-30,36.91667,3.0,-0.34691215,2024-05-30,19.286865452625985
2024-05-30,36.91667,3.0833435,-0.3536786,2024-05-30,18.648990373299995
2024-05-30,36.91667,3.1666718,-0.3610665,2024-05-30,20.82299777897512
2024-05-30,36.91667,3.25,-0.37057048,2024-05-30,25.08797191414032
2024-05-31,36.583336,2.8333435,,2024-05-31,27.42486183499686
2024-05-31,36.583336,2.9166718,,2024-05-31,22.513610945271516
2024-05-31,36.583336,3.0,,2024-05-31,19.289317853545782
2024-05-31,36.583336,3.0833435,,2024-05-31,18.648702135525184
2024-05-31,36.583336,3.1666718,,2024-05-31,20.831708919035847
2024-05-31,36.583336,3.25,,2024-05-31,25.112182506309033
2024-05-31,36.66667,2.8333435,,2024-05-31,22.228234819302035
2024-05-31,36.66667,2.9166718,,2024-05-31,15.782881420103022
2024-05-31,36.66667,3.0,,2024-05-31,10.698609465725811
2024-05-31,36.66667,3.0833435,,2024-05-31,9.496464669132697
2024-05-31,36.66667,3.1666718,,2024-05-31,13.276882967911245
2024-05-31,36.66667,3.25,,2024-05-31,19.306074472517334
2024-05-31,36.75,2.8333435,-0.35614744,2024-05-31,20.194040166169533
2024-05-31,36.75,2.9166718,,2024-05-31,12.76987826840439
2024-05-31,36.75,3.0,,2024-05-31,5.345713953294998
2024-05-31,36.75,3.0833435,-0.35911217,2024-05-31,2.079801567910821
2024-05-31,36.75,3.1666718,-0.36173022,2024-05-31,9.50394748445699
2024-05-31,36.75,3.25,,2024-05-31,16.92811061876691
2024-05-31,36.833336,2.8333435,-0.353496,2024-05-31,22.20863381656194
2024-05-31,36.833336,2.9166718,-0.3556064,2024-05-31,15.772124592603511
2024-05-31,36.833336,3.0,-0.35899958,2024-05-31,10.696398658202174
2024-05-31,36.833336,3.0833435,-0.3618946,2024-05-31,9.496747682395155
2024-05-31,36.833336,3.1666718,-0.36581162,2024-05-31,13.270048906298761
2024-05-31,36.833336,3.25,-0.37022865,2024-05-31,19.290330362086166
2024-05-31,36.91667,2.8333435,-0.3335293,2024-05-31,27.393082527538727
2024-05-31,36.91667,2.9166718,-0.33849946,2024-05-31,22.49852861582144
2024-05-31,36.91667,3.0,-0.34501424,2024-05-31,19.286865452625985
2024-05-31,36.91667,3.0833435,-0.35275382,2024-05-31,18.648990373299995
2024-05-31,36.91667,3.1666718,-0.36157116,2024-05-31,20.82299777897512
2024-05-31,36.91667,3.25,-0.37211108,2024-05-31,25.08797191414032
2024-06-01,36.583336,2.8333435,,2024-06-01,27.42486183499686
2024-06-01,36.583336,2.9166718,,2024-06-01,22.513610945271516
2024-06-01,36.583336,3.0,,2024-06-01,19.289317853545782
2024-06-01,36.583336,3.0833435,,2024-06-01,18.648702135525184
2024-06-01,36.583336,3.1666718,,2024-06-01,20.831708919035847
2024-06-01,36.583336,3.25,,2024-06-01,25.112182506309033
2024-06-01,36.66667,2.8333435,,2024-06-01,22.228234819302035
2024-06-01,36.66667,2.9166718,,2024-06-01,15.782881420103022
2024-06-01,36.66667,3.0,,2024-06-01,10.698609465725811
2024-06-01,36.66667,3.0833435,,2024-06-01,9.496464669132697
2024-06-01,36.66667,3.1666718,,2024-06-01,13.276882967911245
2024-06-01,36.66667,3.25,,2024-06-01,19.306074472517334
2024-06-01,36.75,2.8333435,-0.38195464,2024-06-01,20.194040166169533
2024-06-01,36.75,2.9166718,,2024-06-01,12.76987826840439
2024-06-01,36.75,3.0,,2024-06-01,5.345713953294998
2024-06-01,36.75,3.0833435,-0.38668078,2024-06-01,2.079801567910821
2024-06-01,36.75,3.1666718,-0.39090753,2024-06-01,9.50394748445699
2024-06-01,36.75,3.25,,2024-06-01,16.92811061876691
2024-06-01,36.833336,2.8333435,-0.37635422,2024-06-01,22.20863381656194
2024-06-01,36.833336,2.9166718,-0.37911117,2024-06-01,15.772124592603511
2024-06-01,36.833336,3.0,-0.38244236,2024-06-01,10.696398658202174
2024-06-01,36.833336,3.0833435,-0.38559094,2024-06-01,9.496747682395155
2024-06-01,36.833336,3.1666718,-0.39137426,2024-06-01,13.270048906298761
2024-06-01,36.833336,3.25,-0.3976435,2024-06-01,19.290330362086166
2024-06-01,36.91667,2.8333435,-0.34609786,2024-06-01,27.393082527538727
2024-06-01,36.91667,2.9166718,-0.35139006,2024-06-01,22.49852861582144
2024-06-01,36.91667,3.0,-0.35901508,2024-06-01,19.286865452625985
2024-06-01,36.91667,3.0833435,-0.36868706,2024-06-01,18.648990373299995
2024-06-01,36.91667,3.1666718,-0.37941217,2024-06-01,20.82299777897512
2024-06-01,36.91667,3.25,-0.39041117,2024-06-01,25.08797191414032
2024-06-02,36.583336,2.8333435,,2024-06-02,27.42486183499686
2024-06-02,36.583336,2.9166718,,2024-06-02,22.513610945271516
2024-06-02,36.583336,3.0,,2024-06-02,19.289317853545782
2024-06-02,36.583336,3.0833435,,2024-06-02,18.648702135525184
2024-06-02,36.583336,3.1666718,,2024-06-02,20.831708919035847
2024-06-02,36.583336,3.25,,2024-06-02,25.112182506309033
2024-06-02,36.66667,2.8333435,,2024-06-02,22.228234819302035
2024-06-02,36.66667,2.9166718,,2024-06-02,15.782881420103022
2024-06-02,36.66667,3.0,,2024-06-02,10.698609465725811
2024-06-02,36.66667,3.0833435,,2024-06-02,9.496464669132697
2024-06-02,36.66667,3.1666718,,2024-06-02,13.276882967911245
2024-06-02,36.66667,3.25,,2024-06-02,19.306074472517334
2024-06-02,36.75,2.8333435,-0.41284937,2024-06-02,20.194040166169533
2024-06-02,36.75,2.9166718,,2024-06-02,12.76987826840439
2024-06-02,36.75,3.0,,2024-06-02,5.345713953294998
2024-06-02,36.75,3.0833435,-0.41217223,2024-06-02,2.079801567910821
2024-06-02,36.75,3.1666718,-0.41680834,2024-06-02,9.50394748445699
2024-06-02,36.75,3.25,,2024-06-02,16.92811061876691
2024-06-02,36.833336,2.8333435,-0.40093747,2024-06-02,22.20863381656194
2024-06-02,36.833336,2.9166718,-0.4046811,2024-06-02,15.772124592603511
2024-06-02,36.833336,3.0,-0.408118,2024-06-02,10.696398658202174
2024-06-02,36.833336,3.0833435,-0.410935,2024-06-02,9.496747682395155
2024-06-02,36.833336,3.1666718,-0.41585326,2024-06-02,13.270048906298761
2024-06-02,36.833336,3.25,-0.42012396,2024-06-02,19.290330362086166
2024-06-02,36.91667,2.8333435,-0.36220038,2024-06-02,27.393082527538727
2024-06-02,36.91667,2.9166718,-0.36884552,2024-06-02,22.49852861582144
2024-06-02,36.91667,3.0,-0.37760833,2024-06-02,19.286865452625985
2024-06-02,36.91667,3.0833435,-0.38731873,2024-06-02,18.648990373299995
2024-06-02,36.91667,3.1666718,-0.39563516,2024-06-02,20.82299777897512
2024-06-02,36.91667,3.25,-0.4023519,2024-06-02,25.08797191414032
2024-06-03,36.583336,2.8333435,,2024-06-03,27.42486183499686
2024-06-03,36.583336,2.9166718,,2024-06-03,22.513610945271516
2024-06-03,36.583336,3.0,,2024-06-03,19.289317853545782
2024-06-03,36.583336,3.0833435,,2024-06-03,18.648702135525184
2024-06-03,36.583336,3.1666718,,2024-06-03,20.831708919035847
2024-06-03,36.583336,3.25,,2024-06-03,25.112182506309033
2024-06-03,36.66667,2.8333435,,2024-06-03,22.228234819302035
2024-06-03,36.66667,2.9166718,,2024-06-03,15.782881420103022
2024-06-03,36.66667,3.0,,2024-06-03,10.698609465725811
2024-06-03,36.66667,3.0833435,,2024-06-03,9.496464669132697
2024-06-03,36.66667,3.1666718,,2024-06-03,13.276882967911245
2024-06-03,36.66667,3.25,,2024-06-03,19.306074472517334
2024-06-03,36.75,2.8333435,-0.43387416,2024-06-03,20.194040166169533
2024-06-03,36.75,2.9166718,,2024-06-03,12.76987826840439
2024-06-03,36.75,3.0,,2024-06-03,5.345713953294998
2024-06-03,36.75,3.0833435,-0.43836975,2024-06-03,2.079801567910821
2024-06-03,36.75,3.1666718,-0.44224167,2024-06-03,9.50394748445699
2024-06-03,36.75,3.25,,2024-06-03,16.92811061876691
2024-06-03,36.833336,2.8333435,-0.42314845,2024-06-03,22.20863381656194
2024-06-03,36.833336,2.9166718,-0.4276984,2024-06-03,15.772124592603511
2024-06-03,36.833336,3.0,-0.4324843,2024-06-03,10.696398658202174
2024-06-03,36.833336,3.0833435,-0.4357638,2024-06-03,9.496747682395155
2024-06-03,36.833336,3.1666718,-0.43929768,2024-06-03,13.270048906298761
2024-06-03,36.833336,3.25,-0.44218922,2024-06-03,19.290330362086166
2024-06-03,36.91667,2.8333435,-0.3802118,2024-06-03,27.393082527538727
2024-06-03,36.91667,2.9166718,-0.3866755,2024-06-03,22.49852861582144
2024-06-03,36.91667,3.0,-0.39420187,2024-06-03,19.286865452625985
2024-06-03,36.91667,3.0833435,-0.40186164,2024-06-03,18.648990373299995
2024-06-03,36.91667,3.1666718,-0.40824008,2024-06-03,20.82299777897512
2024-06-03,36.91667,3.25,-0.41356677,2024-06-03,25.08797191414032
2024-06-04,36.583336,2.8333435,,2024-06-04,27.42486183499686
2024-06-04,36.583336,2.9166718,,2024-06-04,22.513610945271516
2024-06-04,36.583336,3.0,,2024-06-04,19.289317853545782
2024-06-04,36.583336,3.0833435,,2024-06-04,18.648702135525184
2024-06-04,36.583336,3.1666718,,2024-06-04,20.831708919035847
2024-06-04,36.583336,3.25,,2024-06-04,25.112182506309033
2024-06-04,36.66667,2.8333435,,2024-06-04,22.228234819302035
2024-06-04,36.66667,2.9166718,,2024-06-04,15.782881420103022
2024-06-04,36.66667,3.0,,2024-06-04,10.698609465725811
2024-06-04,36.66667,3.0833435,,2024-06-04,9.496464669132697
2024-06-04,36.66667,3.1666718,,2024-06-04,13.276882967911245
2024-06-04,36.66667,3.25,,2024-06-04,19.306074472517334
2024-06-04,36.75,2.8333435,-0.41431427,2024-06-04,20.194040166169533
2024-06-04,36.75,2.9166718,,2024-06-04,12.76987826840439
2024-06-04,36.75,3.0,,2024-06-04,5.345713953294998
2024-06-04,36.75,3.0833435,-0.4219494,2024-06-04,2.079801567910821
2024-06-04,36.75,3.1666718,-0.42354494,2024-06-04,9.50394748445699
2024-06-04,36.75,3.25,,2024-06-04,16.92811061876691
2024-06-04,36.833336,2.8333435,-0.4063455,2024-06-04,22.20863381656194
2024-06-04,36.833336,2.9166718,-0.41070822,2024-06-04,15.772124592603511
2024-06-04,36.833336,3.0,-0.41534153,2024-06-04,10.696398658202174
2024-06-04,36.833336,3.0833435,-0.41883323,2024-06-04,9.496747682395155
2024-06-04,36.833336,3.1666718,-0.42174882,2024-06-04,13.270048906298761
2024-06-04,36.833336,3.25,-0.4248871,2024-06-04,19.290330362086166
2024-06-04,36.91667,2.8333435,-0.3624117,2024-06-04,27.393082527538727
2024-06-04,36.91667,2.9166718,-0.36850333,2024-06-04,22.49852861582144
2024-06-04,36.91667,3.0,-0.37616506,2024-06-04,19.286865452625985
2024-06-04,36.91667,3.0833435,-0.38422945,2024-06-04,18.648990373299995
2024-06-04,36.91667,3.1666718,-0.391586,2024-06-04,20.82299777897512
2024-06-04,36.91667,3.25,-0.39935195,2024-06-04,25.08797191414032
2024-06-05,36.583336,2.8333435,,2024-06-05,27.42486183499686
2024-06-05,36.583336,2.9166718,,2024-06-05,22.513610945271516
2024-06-05,36.583336,3.0,,2024-06-05,19.289317853545782
2024-06-05,36.583336,3.0833435,,2024-06-05,18.648702135525184
2024-06-05,36.583336,3.1666718,,2024-06-05,20.831708919035847
2024-06-05,36.583336,3.25,,2024-06-05,25.112182506309033
2024-06-05,36.66667,2.8333435,,2024-06-05,22.228234819302035
2024-06-05,36.66667,2.9166718,,2024-06-05,15.782881420103022
2024-06-05,36.66667,3.0,,2024-06-05,10.698609465725811
2024-06-05,36.66667,3.0833435,,2024-06-05,9.496464669132697
2024-06-05,36.66667,3.1666718,,2024-06-05,13.276882967911245
2024-06-05,36.66667,3.25,,2024-06-05,19.306074472517334
2024-06-05,36.75,2.8333435,-0.40402636,2024-06-05,20.194040166169533
2024-06-05,36.75,2.9166718,,2024-06-05,12.76987826840439
2024-06-05,36.75,3.0,,2024-06-05,5.345713953294998
2024-06-05,36.75,3.0833435,-0.416686,2024-06-05,2.079801567910821
2024-06-05,36.75,3.1666718,-0.41734943,2024-06-05,9.50394748445699
2024-06-05,36.75,3.25,,2024-06-05,16.92811061876691
2024-06-05,36.833336,2.8333435,-0.39994,2024-06-05,22.20863381656194
2024-06-05,36.833336,2.9166718,-0.4046853,2024-06-05,15.772124592603511
2024-06-05,36.833336,3.0,-0.41026822,2024-06-05,10.696398658202174
2024-06-05,36.833336,3.0833435,-0.41474083,2024-06-05,9.496747682395155
2024-06-05,36.833336,3.1666718,-0.41927722,2024-06-05,13.270048906298761
2024-06-05,36.833336,3.25,-0.42437208,2024-06-05,19.290330362086166
2024-06-05,36.91667,2.8333435,-0.364387,2024-06-05,27.393082527538727
2024-06-05,36.91667,2.9166718,-0.37168938,2024-06-05,22.49852861582144
2024-06-05,36.91667,3.0,-0.38095614,2024-06-05,19.286865452625985
2024-06-05,36.91667,3.0833435,-0.39106297,2024-06-05,18.648990373299995
2024-06-05,36.91667,3.1666718,-0.40052685,2024-06-05,20.82299777897512
2024-06-05,36.91667,3.25,-0.40991816,2024-06-05,25.08797191414032
2024-06-06,36.583336,2.8333435,,2024-06-06,27.42486183499686
2024-06-06,36.583336,2.9166718,,2024-06-06,22.513610945271516
2024-06-06,36.583336,3.0,,2024-06-06,19.289317853545782
2024-06-06,36.583336,3.0833435,,2024-06-06,18.648702135525184
2024-06-06,36.583336,3.1666718,,2024-06-06,20.831708919035847
2024-06-06,36.583336,3.25,,2024-06-06,25.112182506309033
2024-06-06,36.66667,2.8333435,,2024-06-06,22.228234819302035
2024-06-06,36.66667,2.9166718,,2024-06-06,15.782881420103022
2024-06-06,36.66667,3.0,,2024-06-06,10.698609465725811
2024-06-06,36.66667,3.0833435,,2024-06-06,9.496464669132697
2024-06-06,36.66667,3.1666718,,2024-06-06,13.276882967911245
2024-06-06,36.66667,3.25,,2024-06-06,19.306074472517334
2024-06-06,36.75,2.8333435,-0.39115998,2024-06-06,20.194040166169533
2024-06-06,36.75,2.9166718,,2024-06-06,12.76987826840439
2024-06-06,36.75,3.0,,2024-06-06,5.345713953294998
2024-06-06,36.75,3.0833435,-0.40500668,2024-06-06,2.079801567910821
2024-06-06,36.75,3.1666718,-0.4051351,2024-06-06,9.50394748445699
2024-06-06,36.75,3.25,,2024-06-06,16.92811061876691
2024-06-06,36.833336,2.8333435,-0.3934431,2024-06-06,22.20863381656194
2024-06-06,36.833336,2.9166718,-0.39781556,2024-06-06,15.772124592603511
2024-06-06,36.833336,3.0,-0.40361428,2024-06-06,10.696398658202174
2024-06-06,36.833336,3.0833435,-0.40904576,2024-06-06,9.496747682395155
2024-06-06,36.833336,3.1666718,-0.41310194,2024-06-06,13.270048906298761
2024-06-06,36.833336,3.25,-0.41865593,2024-06-06,19.290330362086166
2024-06-06,36.91667,2.8333435,-0.3672443,2024-06-06,27.393082527538727
2024-06-06,36.91667,2.9166718,-0.37365127,2024-06-06,22.49852861582144
2024-06-06,36.91667,3.0,-0.3805937,2024-06-06,19.286865452625985
2024-06-06,36.91667,3.0833435,-0.38779375,2024-06-06,18.648990373299995
2024-06-06,36.91667,3.1666718,-0.39579245,2024-06-06,20.82299777897512
2024-06-06,36.91667,3.25,-0.40653196,2024-06-06,25.08797191414032
2024-06-07,36.583336,2.8333435,,2024-06-07,27.42486183499686
2024-06-07,36.583336,2.9166718,,2024-06-07,22.513610945271516
2024-06-07,36.583336,3.0,,2024-06-07,19.289317853545782
2024-06-07,36.583336,3.0833435,,2024-06-07,18.648702135525184
2024-06-07,36.583336,3.1666718,,2024-06-07,20.831708919035847
2024-06-07,36.583336,3.25,,2024-06-07,25.112182506309033
2024-06-07,36.66667,2.8333435,,2024-06-07,22.228234819302035
2024-06-07,36.66667,2.9166718,,2024-06-07,15.782881420103022
2024-06-07,36.66667,3.0,,2024-06-07,10.698609465725811
2024-06-07,36.66667,3.0833435,,2024-06-07,9.496464669132697
2024-06-07,36.66667,3.1666718,,2024-06-07,13.276882967911245
2024-06-07,36.66667,3.25,,2024-06-07,19.306074472517334
2024-06-07,36.75,2.8333435,-0.38232675,2024-06-07,20.194040166169533
2024-06-07,36.75,2.9166718,,2024-06-07,12.76987826840439
2024-06-07,36.75,3.0,,2024-06-07,5.345713953294998
2024-06-07,36.75,3.0833435,-0.39011213,2024-06-07,2.079801567910821
2024-06-07,36.75,3.1666718,-0.38989857,2024-06-07,9.50394748445699
2024-06-07,36.75,3.25,,2024-06-07,16.92811061876691
2024-06-07,36.833336,2.8333435,-0.38296616,2024-06-07,22.20863381656194
2024-06-07,36.833336,2.9166718,-0.38521305,2024-06-07,15.772124592603511
2024-06-07,36.833336,3.0,-0.38923174,2024-06-07,10.696398658202174
2024-06-07,36.833336,3.0833435,-0.3952628,2024-06-07,9.496747682395155
2024-06-07,36.833336,3.1666718,-0.399431,2024-06-07,13.270048906298761
2024-06-07,36.833336,3.25,-0.40642864,2024-06-07,19.290330362086166
2024-06-07,36.91667,2.8333435,-0.35504892,2024-06-07,27.393082527538727
2024-06-07,36.91667,2.9166718,-0.3603265,2024-06-07,22.49852861582144
2024-06-07,36.91667,3.0,-0.3672079,2024-06-07,19.286865452625985
2024-06-07,36.91667,3.0833435,-0.37595075,2024-06-07,18.648990373299995
2024-06-07,36.91667,3.1666718,-0.38738587,2024-06-07,20.82299777897512
2024-06-07,36.91667,3.25,-0.40230066,2024-06-07,25.08797191414032
2024-06-08,36.583336,2.8333435,,2024-06-08,27.42486183499686
2024-06-08,36.583336,2.9166718,,2024-06-08,22.513610945271516
2024-06-08,36.583336,3.0,,2024-06-08,19.289317853545782
2024-06-08,36.583336,3.0833435,,2024-06-08,18.648702135525184
2024-06-08,36.583336,3.1666718,,2024-06-08,20.831708919035847
2024-06-08,36.583336,3.25,,2024-06-08,25.112182506309033
2024-06-08,36.66667,2.8333435,,2024-06-08,22.228234819302035
2024-06-08,36.66667,2.9166718,,2024-06-08,15.782881420103022
2024-06-08,36.66667,3.0,,2024-06-08,10.698609465725811
2024-06-08,36.66667,3.0833435,,2024-06-08,9.496464669132697
2024-06-08,36.66667,3.1666718,,2024-06-08,13.276882967911245
2024-06-08,36.66667,3.25,,2024-06-08,19.306074472517334
2024-06-08,36.75,2.8333435,-0.35051718,2024-06-08,20.194040166169533
2024-06-08,36.75,2.9166718,,2024-06-08,12.76987826840439
2024-06-08,36.75,3.0,,2024-06-08,5.345713953294998
2024-06-08,36.75,3.0833435,-0.36270764,2024-06-08,2.079801567910821
2024-06-08,36.75,3.1666718,-0.36030823,2024-06-08,9.50394748445699
2024-06-08,36.75,3.25,,2024-06-08,16.92811061876691
2024-06-08,36.833336,2.8333435,-0.35343453,2024-06-08,22.20863381656194
2024-06-08,36.833336,2.9166718,-0.35570148,2024-06-08,15.772124592603511
2024-06-08,36.833336,3.0,-0.36024255,2024-06-08,10.696398658202174
2024-06-08,36.833336,3.0833435,-0.36786607,2024-06-08,9.496747682395155
2024-06-08,36.833336,3.1666718,-0.3733103,2024-06-08,13.270048906298761
2024-06-08,36.833336,3.25,-0.38139012,2024-06-08,19.290330362086166
2024-06-08,36.91667,2.8333435,-0.32944208,2024-06-08,27.393082527538727
2024-06-08,36.91667,2.9166718,-0.33468026,2024-06-08,22.49852861582144
2024-06-08,36.91667,3.0,-0.34299865,2024-06-08,19.286865452625985
2024-06-08,36.91667,3.0833435,-0.35375234,2024-06-08,18.648990373299995
2024-06-08,36.91667,3.1666718,-0.36687905,2024-06-08,20.82299777897512
2024-06-08,36.91667,3.25,-0.3833662,2024-06-08,25.08797191414032
2024-06-09,36.583336,2.8333435,,2024-06-09,27.42486183499686
2024-06-09,36.583336,2.9166718,,2024-06-09,22.513610945271516
2024-06-09,36.583336,3.0,,2024-06-09,19.289317853545782
2024-06-09,36.583336,3.0833435,,2024-06-09,18.648702135525184
2024-06-09,36.583336,3.1666718,,2024-06-09,20.831708919035847
2024-06-09,36.583336,3.25,,2024-06-09,25.112182506309033
2024-06-09,36.66667,2.8333435,,2024-06-09,22.228234819302035
2024-06-09,36.66667,2.9166718,,2024-06-09,15.782881420103022
2024-06-09,36.66667,3.0,,2024-06-09,10.698609465725811
2024-06-09,36.66667,3.0833435,,2024-06-09,9.496464669132697
2024-06-09,36.66667,3.1666718,,2024-06-09,13.276882967911245
2024-06-09,36.66667,3.25,,2024-06-09,19.306074472517334
2024-06-09,36.75,2.8333435,-0.30681512,2024-06-09,20.194040166169533
2024-06-09,36.75,2.9166718,,2024-06-09,12.76987826840439
2024-06-09,36.75,3.0,,2024-06-09,5.345713953294998
2024-06-09,36.75,3.0833435,-0.3232409,2024-06-09,2.079801567910821
2024-06-09,36.75,3.1666718,-0.3201515,2024-06-09,9.50394748445699
2024-06-09,36.75,3.25,,2024-06-09,16.92811061876691
2024-06-09,36.833336,2.8333435,-0.31440532,2024-06-09,22.20863381656194
2024-06-09,36.833336,2.9166718,-0.31553984,2024-06-09,15.772124592603511
2024-06-09,36.833336,3.0,-0.32076344,2024-06-09,10.696398658202174
2024-06-09,36.833336,3.0833435,-0.32917318,2024-06-09,9.496747682395155
2024-06-09,36.833336,3.1666718,-0.33521023,2024-06-09,13.270048906298761
2024-06-09,36.833336,3.25,-0.3427569,2024-06-09,19.290330362086166
2024-06-09,36.91667,2.8333435,-0.30044332,2024-06-09,27.393082527538727
2024-06-09,36.91667,2.9166718,-0.30454507,2024-06-09,22.49852861582144
2024-06-09,36.91667,3.0,-0.31099948,2024-06-09,19.286865452625985
2024-06-09,36.91667,3.0833435,-0.31961682,2024-06-09,18.648990373299995
2024-06-09,36.91667,3.1666718,-0.33142912,2024-06-09,20.82299777897512
2024-06-09,36.91667,3.25,-0.34723037,2024-06-09,25.08797191414032
2024-06-10,36.583336,2.8333435,,2024-06-10,27.42486183499686
2024-06-10,36.583336,2.9166718,,2024-06-10,22.513610945271516
2024-06-10,36.583336,3.0,,2024-06-10,19.289317853545782
2024-06-10,36.583336,3.0833435,,2024-06-10,18.648702135525184
2024-06-10,36.583336,3.1666718,,2024-06-10,20.831708919035847
2024-06-10,36.583336,3.25,,2024-06-10,25.112182506309033
2024-06-10,36.66667,2.8333435,,2024-06-10,22.228234819302035
2024-06-10,36.66667,2.9166718,,2024-06-10,15.782881420103022
2024-06-10,36.66667,3.0,,2024-06-10,10.698609465725811
2024-06-10,36.66667,3.0833435,,2024-06-10,9.496464669132697
2024-06-10,36.66667,3.1666718,,2024-06-10,13.276882967911245
2024-06-10,36.66667,3.25,,2024-06-10,19.306074472517334
2024-06-10,36.75,2.8333435,-0.2884375,2024-06-10,20.194040166169533
2024-06-10,36.75,2.9166718,,2024-06-10,12.76987826840439
2024-06-10,36.75,3.0,,2024-06-10,5.345713953294998
2024-06-10,36.75,3.0833435,-0.2956469,2024-06-10,2.079801567910821
2024-06-10,36.75,3.1666718,-0.29456803,2024-06-10,9.50394748445699
2024-06-10,36.75,3.25,,2024-06-10,16.92811061876691
2024-06-10,36.833336,2.8333435,-0.29448834,2024-06-10,22.20863381656194
2024-06-10,36.833336,2.9166718,-0.29378513,2024-06-10,15.772124592603511
2024-06-10,36.833336,3.0,-0.2968644,2024-06-10,10.696398658202174
2024-06-10,36.833336,3.0833435,-0.3019225,2024-06-10,9.496747682395155
2024-06-10,36.833336,3.1666718,-0.3062119,2024-06-10,13.270048906298761
2024-06-10,36.833336,3.25,-0.3109035,2024-06-10,19.290330362086166
2024-06-10,36.91667,2.8333435,-0.28552467,2024-06-10,27.393082527538727
2024-06-10,36.91667,2.9166718,-0.28822362,2024-06-10,22.49852861582144
2024-06-10,36.91667,3.0,-0.2931971,2024-06-10,19.286865452625985
2024-06-10,36.91667,3.0833435,-0.29920602,2024-06-10,18.648990373299995
2024-06-10,36.91667,3.1666718,-0.30703697,2024-06-10,20.82299777897512
2024-06-10,36.91667,3.25,-0.31917727,2024-06-10,25.08797191414032
2024-06-11,36.583336,2.8333435,,2024-06-11,27.42486183499686
2024-06-11,36.583336,2.9166718,,2024-06-11,22.513610945271516
2024-06-11,36.583336,3.0,,2024-06-11,19.289317853545782
2024-06-11,36.583336,3.0833435,,2024-06-11,18.648702135525184
2024-06-11,36.583336,3.1666718,,2024-06-11,20.831708919035847
2024-06-11,36.583336,3.25,,2024-06-11,25.112182506309033
2024-06-11,36.66667,2.8333435,,2024-06-11,22.228234819302035
2024-06-11,36.66667,2.9166718,,2024-06-11,15.782881420103022
2024-06-11,36.66667,3.0,,2024-06-11,10.698609465725811
2024-06-11,36.66667,3.0833435,,2024-06-11,9.496464669132697
2024-06-11,36.66667,3.1666718,,2024-06-11,13.276882967911245
2024-06-11,36.66667,3.25,,2024-06-11,19.306074472517334
2024-06-11,36.75,2.8333435,-0.28758863,2024-06-11,20.194040166169533
2024-06-11,36.75,2.9166718,,2024-06-11,12.76987826840439
2024-06-11,36.75,3.0,,2024-06-11,5.345713953294998
2024-06-11,36.75,3.0833435,-0.29278278,2024-06-11,2.079801567910821
2024-06-11,36.75,3.1666718,-0.2930595,2024-06-11,9.50394748445699
2024-06-11,36.75,3.25,,2024-06-11,16.92811061876691
2024-06-11,36.833336,2.8333435,-0.2909674,2024-06-11,22.20863381656194
2024-06-11,36.833336,2.9166718,-0.29156467,2024-06-11,15.772124592603511
2024-06-11,36.833336,3.0,-0.2940693,2024-06-11,10.696398658202174
2024-06-11,36.833336,3.0833435,-0.2975136,2024-06-11,9.496747682395155
2024-06-11,36.833336,3.1666718,-0.30036792,2024-06-11,13.270048906298761
2024-06-11,36.833336,3.25,-0.30327255,2024-06-11,19.290330362086166
2024-06-11,36.91667,2.8333435,-0.2802208,2024-06-11,27.393082527538727
2024-06-11,36.91667,2.9166718,-0.2837876,2024-06-11,22.49852861582144
2024-06-11,36.91667,3.0,-0.28890654,2024-06-11,19.286865452625985
2024-06-11,36.91667,3.0833435,-0.29461163,2024-06-11,18.648990373299995
2024-06-11,36.91667,3.1666718,-0.301122,2024-06-11,20.82299777897512
2024-06-11,36.91667,3.25,-0.31062967,2024-06-11,25.08797191414032
2024-06-12,36.583336,2.8333435,,2024-06-12,27.42486183499686
2024-06-12,36.583336,2.9166718,,2024-06-12,22.513610945271516
2024-06-12,36.583336,3.0,,2024-06-12,19.289317853545782
2024-06-12,36.583336,3.0833435,,2024-06-12,18.648702135525184
2024-06-12,36.583336,3.1666718,,2024-06-12,20.831708919035847
2024-06-12,36.583336,3.25,,2024-06-12,25.112182506309033
2024-06-12,36.66667,2.8333435,,2024-06-12,22.228234819302035
2024-06-12,36.66667,2.9166718,,2024-06-12,15.782881420103022
2024-06-12,36.66667,3.0,,2024-06-12,10.698609465725811
2024-06-12,36.66667,3.0833435,,2024-06-12,9.496464669132697
2024-06-12,36.66667,3.1666718,,2024-06-12,13.276882967911245
2024-06-12,36.66667,3.25,,2024-06-12,19.306074472517334
2024-06-12,36.75,2.8333435,-0.28956455,2024-06-12,20.194040166169533
2024-06-12,36.75,2.9166718,,2024-06-12,12.76987826840439
2024-06-12,36.75,3.0,,2024-06-12,5.345713953294998
2024-06-12,36.75,3.0833435,-0.29357833,2024-06-12,2.079801567910821
2024-06-12,36.75,3.1666718,-0.29392168,2024-06-12,9.50394748445699
2024-06-12,36.75,3.25,,2024-06-12,16.92811061876691
2024-06-12,36.833336,2.8333435,-0.29274234,2024-06-12,22.20863381656194
2024-06-12,36.833336,2.9166718,-0.2931908,2024-06-12,15.772124592603511
2024-06-12,36.833336,3.0,-0.2954875,2024-06-12,10.696398658202174
2024-06-12,36.833336,3.0833435,-0.29881543,2024-06-12,9.496747682395155
2024-06-12,36.833336,3.1666718,-0.30162904,2024-06-12,13.270048906298761
2024-06-12,36.833336,3.25,-0.3041393,2024-06-12,19.290330362086166
2024-06-12,36.91667,2.8333435,-0.28568962,2024-06-12,27.393082527538727
2024-06-12,36.91667,2.9166718,-0.28970662,2024-06-12,22.49852861582144
2024-06-12,36.91667,3.0,-0.29453337,2024-06-12,19.286865452625985
2024-06-12,36.91667,3.0833435,-0.30004853,2024-06-12,18.648990373299995
2024-06-12,36.91667,3.1666718,-0.3061304,2024-06-12,20.82299777897512
2024-06-12,36.91667,3.25,-0.31435445,2024-06-12,25.08797191414032
2024-06-13,36.583336,2.8333435,,2024-06-13,27.42486183499686
2024-06-13,36.583336,2.9166718,,2024-06-13,22.513610945271516
2024-06-13,36.583336,3.0,,2024-06-13,19.289317853545782
2024-06-13,36.583336,3.0833435,,2024-06-13,18.648702135525184
2024-06-13,36.583336,3.1666718,,2024-06-13,20.831708919035847
2024-06-13,36.583336,3.25,,2024-06-13,25.112182506309033
2024-06-13,36.66667,2.8333435,,2024-06-13,22.228234819302035
2024-06-13,36.66667,2.9166718,,2024-06-13,15.782881420103022
2024-06-13,36.66667,3.0,,2024-06-13,10.698609465725811
2024-06-13,36.66667,3.0833435,,2024-06-13,9.496464669132697
2024-06-13,36.66667,3.1666718,,2024-06-13,13.276882967911245
2024-06-13,36.66667,3.25,,2024-06-13,19.306074472517334
2024-06-13,36.75,2.8333435,-0.31545317,2024-06-13,20.194040166169533
2024-06-13,36.75,2.9166718,,2024-06-13,12.76987826840439
2024-06-13,36.75,3.0,,2024-06-13,5.345713953294998
2024-06-13,36.75,3.0833435,-0.3191197,2024-06-13,2.079801567910821
2024-06-13,36.75,3.1666718,-0.31995794,2024-06-13,9.50394748445699
2024-06-13,36.75,3.25,,2024-06-13,16.92811061876691
2024-06-13,36.833336,2.8333435,-0.31804734,2024-06-13,22.20863381656194
2024-06-13,36.833336,2.9166718,-0.31916454,2024-06-13,15.772124592603511
2024-06-13,36.833336,3.0,-0.3212922,2024-06-13,10.696398658202174
2024-06-13,36.833336,3.0833435,-0.32445332,2024-06-13,9.496747682395155
2024-06-13,36.833336,3.1666718,-0.3271056,2024-06-13,13.270048906298761
2024-06-13,36.833336,3.25,-0.329454,2024-06-13,19.290330362086166
2024-06-13,36.91667,2.8333435,-0.313378,2024-06-13,27.393082527538727
2024-06-13,36.91667,2.9166718,-0.31803918,2024-06-13,22.49852861582144
2024-06-13,36.91667,3.0,-0.32274735,2024-06-13,19.286865452625985
2024-06-13,36.91667,3.0833435,-0.32769746,2024-06-13,18.648990373299995
2024-06-13,36.91667,3.1666718,-0.33316374,2024-06-13,20.82299777897512
2024-06-13,36.91667,3.25,-0.34041807,2024-06-13,25.08797191414032
2024-06-14,36.583336,2.8333435,,2024-06-14,27.42486183499686
2024-06-14,36.583336,2.9166718,,2024-06-14,22.513610945271516
2024-06-14,36.583336,3.0,,2024-06-14,19.289317853545782
2024-06-14,36.583336,3.0833435,,2024-06-14,18.648702135525184
2024-06-14,36.583336,3.1666718,,2024-06-14,20.831708919035847
2024-06-14,36.583336,3.25,,2024-06-14,25.112182506309033
2024-06-14,36.66667,2.8333435,,2024-06-14,22.228234819302035
2024-06-14,36.66667,2.9166718,,2024-06-14,15.782881420103022
2024-06-14,36.66667,3.0,,2024-06-14,10.698609465725811
2024-06-14,36.66667,3.0833435,,2024-06-14,9.496464669132697
2024-06-14,36.66667,3.1666718,,2024-06-14,13.276882967911245
2024-06-14,36.66667,3.25,,2024-06-14,19.306074472517334
2024-06-14,36.75,2.8333435,-0.33349344,2024-06-14,20.194040166169533
2024-06-14,36.75,2.9166718,,2024-06-14,12.76987826840439
2024-06-14,36.75,3.0,,2024-06-14,5.345713953294998
2024-06-14,36.75,3.0833435,-0.33572766,2024-06-14,2.079801567910821
2024-06-14,36.75,3.1666718,-0.3364117,2024-06-14,9.50394748445699
2024-06-14,36.75,3.25,,2024-06-14,16.92811061876691
2024-06-14,36.833336,2.8333435,-0.336208,2024-06-14,22.20863381656194
2024-06-14,36.833336,2.9166718,-0.33706397,2024-06-14,15.772124592603511
2024-06-14,36.833336,3.0,-0.33837736,2024-06-14,10.696398658202174
2024-06-14,36.833336,3.0833435,-0.34046435,2024-06-14,9.496747682395155
2024-06-14,36.833336,3.1666718,-0.34230718,2024-06-14,13.270048906298761
2024-06-14,36.833336,3.25,-0.34482166,2024-06-14,19.290330362086166
2024-06-14,36.91667,2.8333435,-0.3328296,2024-06-14,27.393082527538727
2024-06-14,36.91667,2.9166718,-0.33635777,2024-06-14,22.49852861582144
2024-06-14,36.91667,3.0,-0.33977565,2024-06-14,19.286865452625985
2024-06-14,36.91667,3.0833435,-0.3437317,2024-06-14,18.648990373299995
2024-06-14,36.91667,3.1666718,-0.34854165,2024-06-14,20.82299777897512
2024-06-14,36.91667,3.25,-0.35533237,2024-06-14,25.08797191414032
2024-06-15,36.583336,2.8333435,,2024-06-15,27.42486183499686
2024-06-15,36.583336,2.9166718,,2024-06-15,22.513610945271516
2024-06-15,36.583336,3.0,,2024-06-15,19.289317853545782
2024-06-15,36.583336,3.0833435,,2024-06-15,18.648702135525184
2024-06-15,36.583336,3.1666718,,2024-06-15,20.831708919035847
2024-06-15,36.583336,3.25,,2024-06-15,25.112182506309033
2024-06-15,36.66667,2.8333435,,2024-06-15,22.228234819302035
2024-06-15,36.66667,2.9166718,,2024-06-15,15.782881420103022
2024-06-15,36.66667,3.0,,2024-06-15,10.698609465725811
2024-06-15,36.66667,3.0833435,,2024-06-15,9.496464669132697
2024-06-15,36.66667,3.1666718,,2024-06-15,13.276882967911245
2024-06-15,36.66667,3.25,,2024-06-15,19.306074472517334
2024-06-15,36.75,2.8333435,-0.3436848,2024-06-15,20.194040166169533
2024-06-15,36.75,2.9166718,,2024-06-15,12.76987826840439
2024-06-15,36.75,3.0,,2024-06-15,5.345713953294998
2024-06-15,36.75,3.0833435,-0.34663764,2024-06-15,2.079801567910821
2024-06-15,36.75,3.1666718,-0.3458831,2024-06-15,9.50394748445699
2024-06-15,36.75,3.25,,2024-06-15,16.92811061876691
2024-06-15,36.833336,2.8333435,-0.3478873,2024-06-15,22.20863381656194
2024-06-15,36.833336,2.9166718,-0.34846604,2024-06-15,15.772124592603511
2024-06-15,36.833336,3.0,-0.35022894,2024-06-15,10.696398658202174
2024-06-15,36.833336,3.0833435,-0.35269678,2024-06-15,9.496747682395155
2024-06-15,36.833336,3.1666718,-0.35437378,2024-06-15,13.270048906298761
2024-06-15,36.833336,3.25,-0.35639507,2024-06-15,19.290330362086166
2024-06-15,36.91667,2.8333435,-0.34640816,2024-06-15,27.393082527538727
2024-06-15,36.91667,2.9166718,-0.34957084,2024-06-15,22.49852861582144
2024-06-15,36.91667,3.0,-0.3531374,2024-06-15,19.286865452625985
2024-06-15,36.91667,3.0833435,-0.35643837,2024-06-15,18.648990373299995
2024-06-15,36.91667,3.1666718,-0.359287,2024-06-15,20.82299777897512
2024-06-15,36.91667,3.25,-0.36329716,2024-06-15,25.08797191414032
2024-06-16,36.583336,2.8333435,,2024-06-16,27.42486183499686
2024-06-16,36.583336,2.9166718,,2024-06-16,22.513610945271516
2024-06-16,36.583336,3.0,,2024-06-16,19.289317853545782
2024-06-16,36.583336,3.0833435,,2024-06-16,18.648702135525184
2024-06-16,36.583336,3.1666718,,2024-06-16,20.831708919035847
2024-06-16,36.583336,3.25,,2024-06-16,25.112182506309033
2024-06-16,36.66667,2.8333435,,2024-06-16,22.228234819302035
2024-06-16,36.66667,2.9166718,,2024-06-16,15.782881420103022
2024-06-16,36.66667,3.0,,2024-06-16,10.698609465725811
2024-06-16,36.66667,3.0833435,,2024-06-16,9.496464669132697
2024-06-16,36.66667,3.1666718,,2024-06-16,13.276882967911245
2024-06-16,36.66667,3.25,,2024-06-16,19.306074472517334
2024-06-16,36.75,2.8333435,-0.35359213,2024-06-16,20.194040166169533
2024-06-16,36.75,2.9166718,,2024-06-16,12.76987826840439
2024-06-16,36.75,3.0,,2024-06-16,5.345713953294998
2024-06-16,36.75,3.0833435,-0.35592327,2024-06-16,2.079801567910821
2024-06-16,36.75,3.1666718,-0.3554978,2024-06-16,9.50394748445699
2024-06-16,36.75,3.25,,2024-06-16,16.92811061876691
2024-06-16,36.833336,2.8333435,-0.35746047,2024-06-16,22.20863381656194
2024-06-16,36.833336,2.9166718,-0.3578502,2024-06-16,15.772124592603511
2024-06-16,36.833336,3.0,-0.36005226,2024-06-16,10.696398658202174
2024-06-16,36.833336,3.0833435,-0.36252543,2024-06-16,9.496747682395155
2024-06-16,36.833336,3.1666718,-0.36330634,2024-06-16,13.270048906298761
2024-06-16,36.833336,3.25,-0.3644351,2024-06-16,19.290330362086166
2024-06-16,36.91667,2.8333435,-0.35975844,2024-06-16,27.393082527538727
2024-06-16,36.91667,2.9166718,-0.36178625,2024-06-16,22.49852861582144
2024-06-16,36.91667,3.0,-0.36405542,2024-06-16,19.286865452625985
2024-06-16,36.91667,3.0833435,-0.36553806,2024-06-16,18.648990373299995
2024-06-16,36.91667,3.1666718,-0.36639842,2024-06-16,20.82299777897512
2024-06-16,36.91667,3.25,-0.36892778,2024-06-16,25.08797191414032
2024-06-17,36.583336,2.8333435,,2024-06-17,27.42486183499686
2024-06-17,36.583336,2.9166718,,2024-06-17,22.513610945271516
2024-06-17,36.583336,3.0,,2024-06-17,19.289317853545782
2024-06-17,36.583336,3.0833435,,2024-06-17,18.648702135525184
2024-06-17,36.583336,3.1666718,,2024-06-17,20.831708919035847
2024-06-17,36.583336,3.25,,2024-06-17,25.112182506309033
2024-06-17,36.66667,2.8333435,,2024-06-17,22.228234819302035
2024-06-17,36.66667,2.9166718,,2024-06-17,15.782881420103022
2024-06-17,36.66667,3.0,,2024-06-17,10.698609465725811
2024-06-17,36.66667,3.0833435,,2024-06-17,9.496464669132697
2024-06-17,36.66667,3.1666718,,2024-06-17,13.276882967911245
2024-06-17,36.66667,3.25,,2024-06-17,19.306074472517334
2024-06-17,36.75,2.8333435,-0.34403238,2024-06-17,20.194040166169533
2024-06-17,36.75,2.9166718,,2024-06-17,12.76987826840439
2024-06-17,36.75,3.0,,2024-06-17,5.345713953294998
2024-06-17,36.75,3.0833435,-0.34330925,2024-06-17,2.079801567910821
2024-06-17,36.75,3.1666718,-0.34260747,2024-06-17,9.50394748445699
2024-06-17,36.75,3.25,,2024-06-17,16.92811061876691
2024-06-17,36.833336,2.8333435,-0.348681,2024-06-17,22.20863381656194
2024-06-17,36.833336,2.9166718,-0.3478322,2024-06-17,15.772124592603511
2024-06-17,36.833336,3.0,-0.34873417,2024-06-17,10.696398658202174
2024-06-17,36.833336,3.0833435,-0.35084963,2024-06-17,9.496747682395155
2024-06-17,36.833336,3.1666718,-0.3521942,2024-06-17,13.270048906298761
2024-06-17,36.833336,3.25,-0.35361487,2024-06-17,19.290330362086166
2024-06-17,36.91667,2.8333435,-0.35284805,2024-06-17,27.393082527538727
2024-06-17,36.91667,2.9166718,-0.35265714,2024-06-17,22.49852861582144
2024-06-17,36.91667,3.0,-0.35257322,2024-06-17,19.286865452625985
2024-06-17,36.91667,3.0833435,-0.35332042,2024-06-17,18.648990373299995
2024-06-17,36.91667,3.1666718,-0.3557081,2024-06-17,20.82299777897512
2024-06-17,36.91667,3.25,-0.36066175,2024-06-17,25.08797191414032
2024-06-18,36.583336,2.8333435,,2024-06-18,27.42486183499686
2024-06-18,36.583336,2.9166718,,2024-06-18,22.513610945271516
2024-06-18,36.583336,3.0,,2024-06-18,19.289317853545782
2024-06-18,36.583336,3.0833435,,2024-06-18,18.648702135525184
2024-06-18,36.583336,3.1666718,,2024-06-18,20.831708919035847
2024-06-18,36.583336,3.25,,2024-06-18,25.112182506309033
2024-06-18,36.66667,2.8333435,,2024-06-18,22.228234819302035
2024-06-18,36.66667,2.9166718,,2024-06-18,15.782881420103022
2024-06-18,36.66667,3.0,,2024-06-18,10.698609465725811
2024-06-18,36.66667,3.0833435,,2024-06-18,9.496464669132697
2024-06-18,36.66667,3.1666718,,2024-06-18,13.276882967911245
2024-06-18,36.66667,3.25,,2024-06-18,19.306074472517334
2024-06-18,36.75,2.8333435,-0.33705065,2024-06-18,20.194040166169533
2024-06-18,36.75,2.9166718,,2024-06-18,12.76987826840439
2024-06-18,36.75,3.0,,2024-06-18,5.345713953294998
2024-06-18,36.75,3.0833435,-0.3377611,2024-06-18,2.079801567910821
2024-06-18,36.75,3.1666718,-0.33635268,2024-06-18,9.50394748445699
2024-06-18,36.75,3.25,,2024-06-18,16.92811061876691
2024-06-18,36.833336,2.8333435,-0.34321493,2024-06-18,22.20863381656194
2024-06-18,36.833336,2.9166718,-0.3407591,2024-06-18,15.772124592603511
2024-06-18,36.833336,3.0,-0.3416381,2024-06-18,10.696398658202174
2024-06-18,36.833336,3.0833435,-0.34539202,2024-06-18,9.496747682395155
2024-06-18,36.833336,3.1666718,-0.3478256,2024-06-18,13.270048906298761
2024-06-18,36.833336,3.25,-0.35028383,2024-06-18,19.290330362086166
2024-06-18,36.91667,2.8333435,-0.34722516,2024-06-18,27.393082527538727
2024-06-18,36.91667,2.9166718,-0.3451872,2024-06-18,22.49852861582144
2024-06-18,36.91667,3.0,-0.34542033,2024-06-18,19.286865452625985
2024-06-18,36.91667,3.0833435,-0.34859905,2024-06-18,18.648990373299995
2024-06-18,36.91667,3.1666718,-0.35431653,2024-06-18,20.82299777897512
2024-06-18,36.91667,3.25,-0.36257124,2024-06-18,25.08797191414032
2024-06-19,36.583336,2.8333435,,2024-06-19,27.42486183499686
2024-06-19,36.583336,2.9166718,,2024-06-19,22.513610945271516
2024-06-19,36.583336,3.0,,2024-06-19,19.289317853545782
2024-06-19,36.583336,3.0833435,,2024-06-19,18.648702135525184
2024-06-19,36.583336,3.1666718,,2024-06-19,20.831708919035847
2024-06-19,36.583336,3.25,,2024-06-19,25.112182506309033
2024-06-19,36.66667,2.8333435,,2024-06-19,22.228234819302035
2024-06-19,36.66667,2.9166718,,2024-06-19,15.782881420103022
2024-06-19,36.66667,3.0,,2024-06-19,10.698609465725811
2024-06-19,36.66667,3.0833435,,2024-06-19,9.496464669132697
2024-06-19,36.66667,3.1666718,,2024-06-19,13.276882967911245
2024-06-19,36.66667,3.25,,2024-06-19,19.306074472517334
2024-06-19,36.75,2.8333435,-0.3141554,2024-06-19,20.194040166169533
2024-06-19,36.75,2.9166718,,2024-06-19,12.76987826840439
2024-06-19,36.75,3.0,,2024-06-19,5.345713953294998
2024-06-19,36.75,3.0833435,-0.3228772,2024-06-19,2.079801567910821
2024-06-19,36.75,3.1666718,-0.32146838,2024-06-19,9.50394748445699
2024-06-19,36.75,3.25,,2024-06-19,16.92811061876691
2024-06-19,36.833336,2.8333435,-0.3270178,2024-06-19,22.20863381656194
2024-06-19,36.833336,2.9166718,-0.32495546,2024-06-19,15.772124592603511
2024-06-19,36.833336,3.0,-0.3276124,2024-06-19,10.696398658202174
2024-06-19,36.833336,3.0833435,-0.3348735,2024-06-19,9.496747682395155
2024-06-19,36.833336,3.1666718,-0.34033298,2024-06-19,13.270048906298761
2024-06-19,36.833336,3.25,-0.34466624,2024-06-19,19.290330362086166
2024-06-19,36.91667,2.8333435,-0.33535683,2024-06-19,27.393082527538727
2024-06-19,36.91667,2.9166718,-0.33527592,2024-06-19,22.49852861582144
2024-06-19,36.91667,3.0,-0.3395699,2024-06-19,19.286865452625985
2024-06-19,36.91667,3.0833435,-0.3468095,2024-06-19,18.648990373299995
2024-06-19,36.91667,3.1666718,-0.35538134,2024-06-19,20.82299777897512
2024-06-19,36.91667,3.25,-0.36495447,2024-06-19,25.08797191414032
2024-06-20,36.583336,2.8333435,,2024-06-20,27.42486183499686
2024-06-20,36.583336,2.9166718,,2024-06-20,22.513610945271516
2024-06-20,36.583336,3.0,,2024-06-20,19.289317853545782
2024-06-20,36.583336,3.0833435,,2024-06-20,18.648702135525184
2024-06-20,36.583336,3.1666718,,2024-06-20,20.831708919035847
2024-06-20,36.583336,3.25,,2024-06-20,25.112182506309033
2024-06-20,36.66667,2.8333435,,2024-06-20,22.228234819302035
2024-06-20,36.66667,2.9166718,,2024-06-20,15.782881420103022
2024-06-20,36.66667,3.0,,2024-06-20,10.698609465725811
2024-06-20,36.66667,3.0833435,,2024-06-20,9.496464669132697
2024-06-20,36.66667,3.1666718,,2024-06-20,13.276882967911245
2024-06-20,36.66667,3.25,,2024-06-20,19.306074472517334
2024-06-20,36.75,2.8333435,-0.2747798,2024-06-20,20.194040166169533
2024-06-20,36.75,2.9166718,,2024-06-20,12.76987826840439
2024-06-20,36.75,3.0,,2024-06-20,5.345713953294998
2024-06-20,36.75,3.0833435,-0.28135946,2024-06-20,2.079801567910821
2024-06-20,36.75,3.1666718,-0.278886,2024-06-20,9.50394748445699
2024-06-20,36.75,3.25,,2024-06-20,16.92811061876691
2024-06-20,36.833336,2.8333435,-0.2941922,2024-06-20,22.20863381656194
2024-06-20,36.833336,2.9166718,-0.29020748,2024-06-20,15.772124592603511
2024-06-20,36.833336,3.0,-0.29172918,2024-06-20,10.696398658202174
2024-06-20,36.833336,3.0833435,-0.30008206,2024-06-20,9.496747682395155
2024-06-20,36.833336,3.1666718,-0.30738133,2024-06-20,13.270048906298761
2024-06-20,36.833336,3.25,-0.3130103,2024-06-20,19.290330362086166
2024-06-20,36.91667,2.8333435,-0.3109164,2024-06-20,27.393082527538727
2024-06-20,36.91667,2.9166718,-0.31283572,2024-06-20,22.49852861582144
2024-06-20,36.91667,3.0,-0.32035756,2024-06-20,19.286865452625985
2024-06-20,36.91667,3.0833435,-0.33013478,2024-06-20,18.648990373299995
2024-06-20,36.91667,3.1666718,-0.34024888,2024-06-20,20.82299777897512
2024-06-20,36.91667,3.25,-0.34980613,2024-06-20,25.08797191414032
2024-06-21,36.583336,2.8333435,,2024-06-21,27.42486183499686
2024-06-21,36.583336,2.9166718,,2024-06-21,22.513610945271516
2024-06-21,36.583336,3.0,,2024-06-21,19.289317853545782
2024-06-21,36.583336,3.0833435,,2024-06-21,18.648702135525184
2024-06-21,36.583336,3.1666718,,2024-06-21,20.831708919035847
2024-06-21,36.583336,3.25,,2024-06-21,25.112182506309033
2024-06-21,36.66667,2.8333435,,2024-06-21,22.228234819302035
2024-06-21,36.66667,2.9166718,,2024-06-21,15.782881420103022
2024-06-21,36.66667,3.0,,2024-06-21,10.698609465725811
2024-06-21,36.66667,3.0833435,,2024-06-21,9.496464669132697
2024-06-21,36.66667,3.1666718,,2024-06-21,13.276882967911245
2024-06-21,36.66667,3.25,,2024-06-21,19.306074472517334
2024-06-21,36.75,2.8333435,-0.26454368,2024-06-21,20.194040166169533
2024-06-21,36.75,2.9166718,,2024-06-21,12.76987826840439
2024-06-21,36.75,3.0,,2024-06-21,5.345713953294998
2024-06-21,36.75,3.0833435,-0.26537445,2024-06-21,2.079801567910821
2024-06-21,36.75,3.1666718,-0.2627095,2024-06-21,9.50394748445699
2024-06-21,36.75,3.25,,2024-06-21,16.92811061876691
2024-06-21,36.833336,2.8333435,-0.28849244,2024-06-21,22.20863381656194
2024-06-21,36.833336,2.9166718,-0.281131,2024-06-21,15.772124592603511
2024-06-21,36.833336,3.0,-0.28023842,2024-06-21,10.696398658202174
2024-06-21,36.833336,3.0833435,-0.2858899,2024-06-21,9.496747682395155
2024-06-21,36.833336,3.1666718,-0.29205656,2024-06-21,13.270048906298761
2024-06-21,36.833336,3.25,-0.29675567,2024-06-21,19.290330362086166
2024-06-21,36.91667,2.8333435,-0.3116256,2024-06-21,27.393082527538727
2024-06-21,36.91667,2.9166718,-0.30932254,2024-06-21,22.49852861582144
2024-06-21,36.91667,3.0,-0.31502202,2024-06-21,19.286865452625985
2024-06-21,36.91667,3.0833435,-0.32508263,2024-06-21,18.648990373299995
2024-06-21,36.91667,3.1666718,-0.3364348,2024-06-21,20.82299777897512
2024-06-21,36.91667,3.25,-0.34597778,2024-06-21,25.08797191414032
2024-06-22,36.583336,2.8333435,,2024-06-22,27.42486183499686
2024-06-22,36.583336,2.9166718,,2024-06-22,22.513610945271516
2024-06-22,36.583336,3.0,,2024-06-22,19.289317853545782
2024-06-22,36.583336,3.0833435,,2024-06-22,18.648702135525184
2024-06-22,36.583336,3.1666718,,2024-06-22,20.831708919035847
2024-06-22,36.583336,3.25,,2024-06-22,25.112182506309033
2024-06-22,36.66667,2.8333435,,2024-06-22,22.228234819302035
2024-06-22,36.66667,2.9166718,,2024-06-22,15.782881420103022
2024-06-22,36.66667,3.0,,2024-06-22,10.698609465725811
2024-06-22,36.66667,3.0833435,,2024-06-22,9.496464669132697
2024-06-22,36.66667,3.1666718,,2024-06-22,13.276882967911245
2024-06-22,36.66667,3.25,,2024-06-22,19.306074472517334
2024-06-22,36.75,2.8333435,-0.29019204,2024-06-22,20.194040166169533
2024-06-22,36.75,2.9166718,,2024-06-22,12.76987826840439
2024-06-22,36.75,3.0,,2024-06-22,5.345713953294998
2024-06-22,36.75,3.0833435,-0.29181033,2024-06-22,2.079801567910821
2024-06-22,36.75,3.1666718,-0.28978845,2024-06-22,9.50394748445699
2024-06-22,36.75,3.25,,2024-06-22,16.92811061876691
2024-06-22,36.833336,2.8333435,-0.3116966,2024-06-22,22.20863381656194
2024-06-22,36.833336,2.9166718,-0.3071452,2024-06-22,15.772124592603511
2024-06-22,36.833336,3.0,-0.3056827,2024-06-22,10.696398658202174
2024-06-22,36.833336,3.0833435,-0.30770758,2024-06-22,9.496747682395155
2024-06-22,36.833336,3.1666718,-0.3108663,2024-06-22,13.270048906298761
2024-06-22,36.833336,3.25,-0.31322125,2024-06-22,19.290330362086166
2024-06-22,36.91667,2.8333435,-0.33740622,2024-06-22,27.393082527538727
2024-06-22,36.91667,2.9166718,-0.3353998,2024-06-22,22.49852861582144
2024-06-22,36.91667,3.0,-0.33819652,2024-06-22,19.286865452625985
2024-06-22,36.91667,3.0833435,-0.3434323,2024-06-22,18.648990373299995
2024-06-22,36.91667,3.1666718,-0.34958848,2024-06-22,20.82299777897512
2024-06-22,36.91667,3.25,-0.35516408,2024-06-22,25.08797191414032
2024-06-23,36.583336,2.8333435,,2024-06-23,27.42486183499686
2024-06-23,36.583336,2.9166718,,2024-06-23,22.513610945271516
2024-06-23,36.583336,3.0,,2024-06-23,19.289317853545782
2024-06-23,36.583336,3.0833435,,2024-06-23,18.648702135525184
2024-06-23,36.583336,3.1666718,,2024-06-23,20.831708919035847
2024-06-23,36.583336,3.25,,2024-06-23,25.112182506309033
2024-06-23,36.66667,2.8333435,,2024-06-23,22.228234819302035
2024-06-23,36.66667,2.9166718,,2024-06-23,15.782881420103022
2024-06-23,36.66667,3.0,,2024-06-23,10.698609465725811
2024-06-23,36.66667,3.0833435,,2024-06-23,9.496464669132697
2024-06-23,36.66667,3.1666718,,2024-06-23,13.276882967911245
2024-06-23,36.66667,3.25,,2024-06-23,19.306074472517334
2024-06-23,36.75,2.8333435,-0.31640235,2024-06-23,20.194040166169533
2024-06-23,36.75,2.9166718,,2024-06-23,12.76987826840439
2024-06-23,36.75,3.0,,2024-06-23,5.345713953294998
2024-06-23,36.75,3.0833435,-0.31477898,2024-06-23,2.079801567910821
2024-06-23,36.75,3.1666718,-0.31375432,2024-06-23,9.50394748445699
2024-06-23,36.75,3.25,,2024-06-23,16.92811061876691
2024-06-23,36.833336,2.8333435,-0.32748786,2024-06-23,22.20863381656194
2024-06-23,36.833336,2.9166718,-0.32483268,2024-06-23,15.772124592603511
2024-06-23,36.833336,3.0,-0.32423857,2024-06-23,10.696398658202174
2024-06-23,36.833336,3.0833435,-0.32552382,2024-06-23,9.496747682395155
2024-06-23,36.833336,3.1666718,-0.32639736,2024-06-23,13.270048906298761
2024-06-23,36.833336,3.25,-0.3269124,2024-06-23,19.290330362086166
2024-06-23,36.91667,2.8333435,-0.35066003,2024-06-23,27.393082527538727
2024-06-23,36.91667,2.9166718,-0.35118166,2024-06-23,22.49852861582144
2024-06-23,36.91667,3.0,-0.3524492,2024-06-23,19.286865452625985
2024-06-23,36.91667,3.0833435,-0.35391915,2024-06-23,18.648990373299995
2024-06-23,36.91667,3.1666718,-0.3553148,2024-06-23,20.82299777897512
2024-06-23,36.91667,3.25,-0.35703546,2024-06-23,25.08797191414032
2024-06-24,36.583336,2.8333435,,2024-06-24,27.42486183499686
2024-06-24,36.583336,2.9166718,,2024-06-24,22.513610945271516
2024-06-24,36.583336,3.0,,2024-06-24,19.289317853545782
2024-06-24,36.583336,3.0833435,,2024-06-24,18.648702135525184
2024-06-24,36.583336,3.1666718,,2024-06-24,20.831708919035847
2024-06-24,36.583336,3.25,,2024-06-24,25.112182506309033
2024-06-24,36.66667,2.8333435,,2024-06-24,22.228234819302035
2024-06-24,36.66667,2.9166718,,2024-06-24,15.782881420103022
2024-06-24,36.66667,3.0,,2024-06-24,10.698609465725811
2024-06-24,36.66667,3.0833435,,2024-06-24,9.496464669132697
2024-06-24,36.66667,3.1666718,,2024-06-24,13.276882967911245
2024-06-24,36.66667,3.25,,2024-06-24,19.306074472517334
2024-06-24,36.75,2.8333435,-0.34726676,2024-06-24,20.194040166169533
2024-06-24,36.75,2.9166718,,2024-06-24,12.76987826840439
2024-06-24,36.75,3.0,,2024-06-24,5.345713953294998
2024-06-24,36.75,3.0833435,-0.3435418,2024-06-24,2.079801567910821
2024-06-24,36.75,3.1666718,-0.34479138,2024-06-24,9.50394748445699
2024-06-24,36.75,3.25,,2024-06-24,16.92811061876691
2024-06-24,36.833336,2.8333435,-0.3476457,2024-06-24,22.20863381656194
2024-06-24,36.833336,2.9166718,-0.3479507,2024-06-24,15.772124592603511
2024-06-24,36.833336,3.0,-0.34729522,2024-06-24,10.696398658202174
2024-06-24,36.833336,3.0833435,-0.34611687,2024-06-24,9.496747682395155
2024-06-24,36.833336,3.1666718,-0.34582832,2024-06-24,13.270048906298761
2024-06-24,36.833336,3.25,-0.34734836,2024-06-24,19.290330362086166
2024-06-24,36.91667,2.8333435,-0.3590248,2024-06-24,27.393082527538727
2024-06-24,36.91667,2.9166718,-0.3586403,2024-06-24,22.49852861582144
2024-06-24,36.91667,3.0,-0.35781598,2024-06-24,19.286865452625985
2024-06-24,36.91667,3.0833435,-0.35720873,2024-06-24,18.648990373299995
2024-06-24,36.91667,3.1666718,-0.35751987,2024-06-24,20.82299777897512
2024-06-24,36.91667,3.25,-0.35959014,2024-06-24,25.08797191414032
2024-06-25,36.583336,2.8333435,,2024-06-25,27.42486183499686
2024-06-25,36.583336,2.9166718,,2024-06-25,22.513610945271516
2024-06-25,36.583336,3.0,,2024-06-25,19.289317853545782
2024-06-25,36.583336,3.0833435,,2024-06-25,18.648702135525184
2024-06-25,36.583336,3.1666718,,2024-06-25,20.831708919035847
2024-06-25,36.583336,3.25,,2024-06-25,25.112182506309033
2024-06-25,36.66667,2.8333435,,2024-06-25,22.228234819302035
2024-06-25,36.66667,2.9166718,,2024-06-25,15.782881420103022
2024-06-25,36.66667,3.0,,2024-06-25,10.698609465725811
2024-06-25,36.66667,3.0833435,,2024-06-25,9.496464669132697
2024-06-25,36.66667,3.1666718,,2024-06-25,13.276882967911245
2024-06-25,36.66667,3.25,,2024-06-25,19.306074472517334
2024-06-25,36.75,2.8333435,-0.37125593,2024-06-25,20.194040166169533
2024-06-25,36.75,2.9166718,,2024-06-25,12.76987826840439
2024-06-25,36.75,3.0,,2024-06-25,5.345713953294998
2024-06-25,36.75,3.0833435,-0.36952543,2024-06-25,2.079801567910821
2024-06-25,36.75,3.1666718,-0.3706939,2024-06-25,9.50394748445699
2024-06-25,36.75,3.25,,2024-06-25,16.92811061876691
2024-06-25,36.833336,2.8333435,-0.36562687,2024-06-25,22.20863381656194
2024-06-25,36.833336,2.9166718,-0.3692739,2024-06-25,15.772124592603511
2024-06-25,36.833336,3.0,-0.36895806,2024-06-25,10.696398658202174
2024-06-25,36.833336,3.0833435,-0.3666532,2024-06-25,9.496747682395155
2024-06-25,36.833336,3.1666718,-0.36645737,2024-06-25,13.270048906298761
2024-06-25,36.833336,3.25,-0.36765853,2024-06-25,19.290330362086166
2024-06-25,36.91667,2.8333435,-0.3606672,2024-06-25,27.393082527538727
2024-06-25,36.91667,2.9166718,-0.36049962,2024-06-25,22.49852861582144
2024-06-25,36.91667,3.0,-0.35973465,2024-06-25,19.286865452625985
2024-06-25,36.91667,3.0833435,-0.35947758,2024-06-25,18.648990373299995
2024-06-25,36.91667,3.1666718,-0.36050358,2024-06-25,20.82299777897512
2024-06-25,36.91667,3.25,-0.36274984,2024-06-25,25.08797191414032
2024-06-26,36.583336,2.8333435,,2024-06-26,27.42486183499686
2024-06-26,36.583336,2.9166718,,2024-06-26,22.513610945271516
2024-06-26,36.583336,3.0,,2024-06-26,19.289317853545782
2024-06-26,36.583336,3.0833435,,2024-06-26,18.648702135525184
2024-06-26,36.583336,3.1666718,,2024-06-26,20.831708919035847
2024-06-26,36.583336,3.25,,2024-06-26,25.112182506309033
2024-06-26,36.66667,2.8333435,,2024-06-26,22.228234819302035
2024-06-26,36.66667,2.9166718,,2024-06-26,15.782881420103022
2024-06-26,36.66667,3.0,,2024-06-26,10.698609465725811
2024-06-26,36.66667,3.0833435,,2024-06-26,9.496464669132697
2024-06-26,36.66667,3.1666718,,2024-06-26,13.276882967911245
2024-06-26,36.66667,3.25,,2024-06-26,19.306074472517334
2024-06-26,36.75,2.8333435,-0.38520813,2024-06-26,20.194040166169533
2024-06-26,36.75,2.9166718,,2024-06-26,12.76987826840439
2024-06-26,36.75,3.0,,2024-06-26,5.345713953294998
2024-06-26,36.75,3.0833435,-0.38201153,2024-06-26,2.079801567910821
2024-06-26,36.75,3.1666718,-0.3844739,2024-06-26,9.50394748445699
2024-06-26,36.75,3.25,,2024-06-26,16.92811061876691
2024-06-26,36.833336,2.8333435,-0.3773915,2024-06-26,22.20863381656194
2024-06-26,36.833336,2.9166718,-0.38082063,2024-06-26,15.772124592603511
2024-06-26,36.833336,3.0,-0.37944713,2024-06-26,10.696398658202174
2024-06-26,36.833336,3.0833435,-0.3765546,2024-06-26,9.496747682395155
2024-06-26,36.833336,3.1666718,-0.37801525,2024-06-26,13.270048906298761
2024-06-26,36.833336,3.25,-0.38075805,2024-06-26,19.290330362086166
2024-06-26,36.91667,2.8333435,-0.36026224,2024-06-26,27.393082527538727
2024-06-26,36.91667,2.9166718,-0.36154413,2024-06-26,22.49852861582144
2024-06-26,36.91667,3.0,-0.36092037,2024-06-26,19.286865452625985
2024-06-26,36.91667,3.0833435,-0.3609854,2024-06-26,18.648990373299995
2024-06-26,36.91667,3.1666718,-0.3634396,2024-06-26,20.82299777897512
2024-06-26,36.91667,3.25,-0.36705282,2024-06-26,25.08797191414032
2024-06-27,36.583336,2.8333435,,2024-06-27,27.42486183499686
2024-06-27,36.583336,2.9166718,,2024-06-27,22.513610945271516
2024-06-27,36.583336,3.0,,2024-06-27,19.289317853545782
2024-06-27,36.583336,3.0833435,,2024-06-27,18.648702135525184
2024-06-27,36.583336,3.1666718,,2024-06-27,20.831708919035847
2024-06-27,36.583336,3.25,,2024-06-27,25.112182506309033
2024-06-27,36.66667,2.8333435,,2024-06-27,22.228234819302035
2024-06-27,36.66667,2.9166718,,2024-06-27,15.782881420103022
2024-06-27,36.66667,3.0,,2024-06-27,10.698609465725811
2024-06-27,36.66667,3.0833435,,2024-06-27,9.496464669132697
2024-06-27,36.66667,3.1666718,,2024-06-27,13.276882967911245
2024-06-27,36.66667,3.25,,2024-06-27,19.306074472517334
2024-06-27,36.75,2.8333435,-0.3632552,2024-06-27,20.194040166169533
2024-06-27,36.75,2.9166718,,2024-06-27,12.76987826840439
2024-06-27,36.75,3.0,,2024-06-27,5.345713953294998
2024-06-27,36.75,3.0833435,-0.36873558,2024-06-27,2.079801567910821
2024-06-27,36.75,3.1666718,-0.36828104,2024-06-27,9.50394748445699
2024-06-27,36.75,3.25,,2024-06-27,16.92811061876691
2024-06-27,36.833336,2.8333435,-0.3644739,2024-06-27,22.20863381656194
2024-06-27,36.833336,2.9166718,-0.36477458,2024-06-27,15.772124592603511
2024-06-27,36.833336,3.0,-0.36496887,2024-06-27,10.696398658202174
2024-06-27,36.833336,3.0833435,-0.3665513,2024-06-27,9.496747682395155
2024-06-27,36.833336,3.1666718,-0.36972398,2024-06-27,13.270048906298761
2024-06-27,36.833336,3.25,-0.37293535,2024-06-27,19.290330362086166
2024-06-27,36.91667,2.8333435,-0.3488747,2024-06-27,27.393082527538727
2024-06-27,36.91667,2.9166718,-0.35056138,2024-06-27,22.49852861582144
2024-06-27,36.91667,3.0,-0.35169688,2024-06-27,19.286865452625985
2024-06-27,36.91667,3.0833435,-0.35423395,2024-06-27,18.648990373299995
2024-06-27,36.91667,3.1666718,-0.3580656,2024-06-27,20.82299777897512
2024-06-27,36.91667,3.25,-0.36222503,2024-06-27,25.08797191414032
2024-06-28,36.583336,2.8333435,,2024-06-28,27.42486183499686
2024-06-28,36.583336,2.9166718,,2024-06-28,22.513610945271516
2024-06-28,36.583336,3.0,,2024-06-28,19.289317853545782
2024-06-28,36.583336,3.0833435,,2024-06-28,18.648702135525184
2024-06-28,36.583336,3.1666718,,2024-06-28,20.831708919035847
2024-06-28,36.583336,3.25,,2024-06-28,25.112182506309033
2024-06-28,36.66667,2.8333435,,2024-06-28,22.228234819302035
2024-06-28,36.66667,2.9166718,,2024-06-28,15.782881420103022
2024-06-28,36.66667,3.0,,2024-06-28,10.698609465725811
2024-06-28,36.66667,3.0833435,,2024-06-28,9.496464669132697
2024-06-28,36.66667,3.1666718,,2024-06-28,13.276882967911245
2024-06-28,36.66667,3.25,,2024-06-28,19.306074472517334
2024-06-28,36.75,2.8333435,-0.302916,2024-06-28,20.194040166169533
2024-06-28,36.75,2.9166718,,2024-06-28,12.76987826840439
2024-06-28,36.75,3.0,,2024-06-28,5.345713953294998
2024-06-28,36.75,3.0833435,-0.31651238,2024-06-28,2.079801567910821
2024-06-28,36.75,3.1666718,-0.3143555,2024-06-28,9.50394748445699
2024-06-28,36.75,3.25,,2024-06-28,16.92811061876691
2024-06-28,36.833336,2.8333435,-0.31914088,2024-06-28,22.20863381656194
2024-06-28,36.833336,2.9166718,-0.3169068,2024-06-28,15.772124592603511
2024-06-28,36.833336,3.0,-0.31872615,2024-06-28,10.696398658202174
2024-06-28,36.833336,3.0833435,-0.32483837,2024-06-28,9.496747682395155
2024-06-28,36.833336,3.1666718,-0.3287968,2024-06-28,13.270048906298761
2024-06-28,36.833336,3.25,-0.33247724,2024-06-28,19.290330362086166
2024-06-28,36.91667,2.8333435,-0.3232298,2024-06-28,27.393082527538727
2024-06-28,36.91667,2.9166718,-0.32566252,2024-06-28,22.49852861582144
2024-06-28,36.91667,3.0,-0.32859638,2024-06-28,19.286865452625985
2024-06-28,36.91667,3.0833435,-0.33225843,2024-06-28,18.648990373299995
2024-06-28,36.91667,3.1666718,-0.33605137,2024-06-28,20.82299777897512
2024-06-28,36.91667,3.25,-0.34115455,2024-06-28,25.08797191414032
2024-06-29,36.583336,2.8333435,,2024-06-29,27.42486183499686
2024-06-29,36.583336,2.9166718,,2024-06-29,22.513610945271516
2024-06-29,36.583336,3.0,,2024-06-29,19.289317853545782
2024-06-29,36.583336,3.0833435,,2024-06-29,18.648702135525184
2024-06-29,36.583336,3.1666718,,2024-06-29,20.831708919035847
2024-06-29,36.583336,3.25,,2024-06-29,25.112182506309033
2024-06-29,36.66667,2.8333435,,2024-06-29,22.228234819302035
2024-06-29,36.66667,2.9166718,,2024-06-29,15.782881420103022
2024-06-29,36.66667,3.0,,2024-06-29,10.698609465725811
2024-06-29,36.66667,3.0833435,,2024-06-29,9.496464669132697
2024-06-29,36.66667,3.1666718,,2024-06-29,13.276882967911245
2024-06-29,36.66667,3.25,,2024-06-29,19.306074472517334
2024-06-29,36.75,2.8333435,-0.27161375,2024-06-29,20.194040166169533
2024-06-29,36.75,2.9166718,,2024-06-29,12.76987826840439
2024-06-29,36.75,3.0,,2024-06-29,5.345713953294998
2024-06-29,36.75,3.0833435,-0.27468383,2024-06-29,2.079801567910821
2024-06-29,36.75,3.1666718,-0.27159122,2024-06-29,9.50394748445699
2024-06-29,36.75,3.25,,2024-06-29,16.92811061876691
2024-06-29,36.833336,2.8333435,-0.28595906,2024-06-29,22.20863381656194
2024-06-29,36.833336,2.9166718,-0.28212985,2024-06-29,15.772124592603511
2024-06-29,36.833336,3.0,-0.28112036,2024-06-29,10.696398658202174
2024-06-29,36.833336,3.0833435,-0.28499687,2024-06-29,9.496747682395155
2024-06-29,36.833336,3.1666718,-0.2883348,2024-06-29,13.270048906298761
2024-06-29,36.833336,3.25,-0.2907069,2024-06-29,19.290330362086166
2024-06-29,36.91667,2.8333435,-0.29723155,2024-06-29,27.393082527538727
2024-06-29,36.91667,2.9166718,-0.29819703,2024-06-29,22.49852861582144
2024-06-29,36.91667,3.0,-0.29966378,2024-06-29,19.286865452625985
2024-06-29,36.91667,3.0833435,-0.3026017,2024-06-29,18.648990373299995
2024-06-29,36.91667,3.1666718,-0.30640507,2024-06-29,20.82299777897512
2024-06-29,36.91667,3.25,-0.31157473,2024-06-29,25.08797191414032
2024-06-30,36.583336,2.8333435,,2024-06-30,27.42486183499686
2024-06-30,36.583336,2.9166718,,2024-06-30,22.513610945271516
2024-06-30,36.583336,3.0,,2024-06-30,19.289317853545782
2024-06-30,36.583336,3.0833435,,2024-06-30,18.648702135525184
2024-06-30,36.583336,3.1666718,,2024-06-30,20.831708919035847
2024-06-30,36.583336,3.25,,2024-06-30,25.112182506309033
2024-06-30,36.66667,2.8333435,,2024-06-30,22.228234819302035
2024-06-30,36.66667,2.9166718,,2024-06-30,15.782881420103022
2024-06-30,36.66667,3.0,,2024-06-30,10.698609465725811
2024-06-30,36.66667,3.0833435,,2024-06-30,9.496464669132697
2024-06-30,36.66667,3.1666718,,2024-06-30,13.276882967911245
2024-06-30,36.66667,3.25,,2024-06-30,19.306074472517334
2024-06-30,36.75,2.8333435,-0.24596705,2024-06-30,20.194040166169533
2024-06-30,36.75,2.9166718,,2024-06-30,12.76987826840439
2024-06-30,36.75,3.0,,2024-06-30,5.345713953294998
2024-06-30,36.75,3.0833435,-0.24868701,2024-06-30,2.079801567910821
2024-06-30,36.75,3.1666718,-0.2476065,2024-06-30,9.50394748445699
2024-06-30,36.75,3.25,,2024-06-30,16.92811061876691
2024-06-30,36.833336,2.8333435,-0.25959465,2024-06-30,22.20863381656194
2024-06-30,36.833336,2.9166718,-0.25635213,2024-06-30,15.772124592603511
2024-06-30,36.833336,3.0,-0.25564048,2024-06-30,10.696398658202174
2024-06-30,36.833336,3.0833435,-0.2578722,2024-06-30,9.496747682395155
2024-06-30,36.833336,3.1666718,-0.26135412,2024-06-30,13.270048906298761
2024-06-30,36.833336,3.25,-0.2649445,2024-06-30,19.290330362086166
2024-06-30,36.91667,2.8333435,-0.27327007,2024-06-30,27.393082527538727
2024-06-30,36.91667,2.9166718,-0.27322403,2024-06-30,22.49852861582144
2024-06-30,36.91667,3.0,-0.27378726,2024-06-30,19.286865452625985
2024-06-30,36.91667,3.0833435,-0.27563927,2024-06-30,18.648990373299995
2024-06-30,36.91667,3.1666718,-0.27928853,2024-06-30,20.82299777897512
2024-06-30,36.91667,3.25,-0.28546485,2024-06-30,25.08797191414032
2024-07-01,36.583336,2.8333435,,2024-07-01,27.42486183499686
2024-07-01,36.583336,2.9166718,,2024-07-01,22.513610945271516
2024-07-01,36.583336,3.0,,2024-07-01,19.289317853545782
2024-07-01,36.583336,3.0833435,,2024-07-01,18.648702135525184
2024-07-01,36.583336,3.1666718,,2024-07-01,20.831708919035847
2024-07-01,36.583336,3.25,,2024-07-01,25.112182506309033
2024-07-01,36.66667,2.8333435,,2024-07-01,22.228234819302035
2024-07-01,36.66667,2.9166718,,2024-07-01,15.782881420103022
2024-07-01,36.66667,3.0,,2024-07-01,10.698609465725811
2024-07-01,36.66667,3.0833435,,2024-07-01,9.496464669132697
2024-07-01,36.66667,3.1666718,,2024-07-01,13.276882967911245
2024-07-01,36.66667,3.25,,2024-07-01,19.306074472517334
2024-07-01,36.75,2.8333435,-0.2386676,2024-07-01,20.194040166169533
2024-07-01,36.75,2.9166718,,2024-07-01,12.76987826840439
2024-07-01,36.75,3.0,,2024-07-01,5.345713953294998
2024-07-01,36.75,3.0833435,-0.24010032,2024-07-01,2.079801567910821
2024-07-01,36.75,3.1666718,-0.2390482,2024-07-01,9.50394748445699
2024-07-01,36.75,3.25,,2024-07-01,16.92811061876691
2024-07-01,36.833336,2.8333435,-0.25018466,2024-07-01,22.20863381656194
2024-07-01,36.833336,2.9166718,-0.24554339,2024-07-01,15.772124592603511
2024-07-01,36.833336,3.0,-0.2446632,2024-07-01,10.696398658202174
2024-07-01,36.833336,3.0833435,-0.24685264,2024-07-01,9.496747682395155
2024-07-01,36.833336,3.1666718,-0.24963593,2024-07-01,13.270048906298761
2024-07-01,36.833336,3.25,-0.252216,2024-07-01,19.290330362086166
2024-07-01,36.91667,2.8333435,-0.26042572,2024-07-01,27.393082527538727
2024-07-01,36.91667,2.9166718,-0.25826603,2024-07-01,22.49852861582144
2024-07-01,36.91667,3.0,-0.25836268,2024-07-01,19.286865452625985
2024-07-01,36.91667,3.0833435,-0.26025063,2024-07-01,18.648990373299995
2024-07-01,36.91667,3.1666718,-0.2637709,2024-07-01,20.82299777897512
2024-07-01,36.91667,3.25,-0.26923543,2024-07-01,25.08797191414032
2024-07-02,36.583336,2.8333435,,2024-07-02,27.42486183499686
2024-07-02,36.583336,2.9166718,,2024-07-02,22.513610945271516
2024-07-02,36.583336,3.0,,2024-07-02,19.289317853545782
2024-07-02,36.583336,3.0833435,,2024-07-02,18.648702135525184
2024-07-02,36.583336,3.1666718,,2024-07-02,20.831708919035847
2024-07-02,36.583336,3.25,,2024-07-02,25.112182506309033
2024-07-02,36.66667,2.8333435,,2024-07-02,22.228234819302035
2024-07-02,36.66667,2.9166718,,2024-07-02,15.782881420103022
2024-07-02,36.66667,3.0,,2024-07-02,10.698609465725811
2024-07-02,36.66667,3.0833435,,2024-07-02,9.496464669132697
2024-07-02,36.66667,3.1666718,,2024-07-02,13.276882967911245
2024-07-02,36.66667,3.25,,2024-07-02,19.306074472517334
2024-07-02,36.75,2.8333435,-0.27834445,2024-07-02,20.194040166169533
2024-07-02,36.75,2.9166718,,2024-07-02,12.76987826840439
2024-07-02,36.75,3.0,,2024-07-02,5.345713953294998
2024-07-02,36.75,3.0833435,-0.2766018,2024-07-02,2.079801567910821
2024-07-02,36.75,3.1666718,-0.2770497,2024-07-02,9.50394748445699
2024-07-02,36.75,3.25,,2024-07-02,16.92811061876691
2024-07-02,36.833336,2.8333435,-0.28640547,2024-07-02,22.20863381656194
2024-07-02,36.833336,2.9166718,-0.28115556,2024-07-02,15.772124592603511
2024-07-02,36.833336,3.0,-0.27974764,2024-07-02,10.696398658202174
2024-07-02,36.833336,3.0833435,-0.2816669,2024-07-02,9.496747682395155
2024-07-02,36.833336,3.1666718,-0.28485274,2024-07-02,13.270048906298761
2024-07-02,36.833336,3.25,-0.28792387,2024-07-02,19.290330362086166
2024-07-02,36.91667,2.8333435,-0.29525605,2024-07-02,27.393082527538727
2024-07-02,36.91667,2.9166718,-0.29084596,2024-07-02,22.49852861582144
2024-07-02,36.91667,3.0,-0.29025957,2024-07-02,19.286865452625985
2024-07-02,36.91667,3.0833435,-0.29323626,2024-07-02,18.648990373299995
2024-07-02,36.91667,3.1666718,-0.2977196,2024-07-02,20.82299777897512
2024-07-02,36.91667,3.25,-0.30301383,2024-07-02,25.08797191414032
2024-07-03,36.583336,2.8333435,,2024-07-03,27.42486183499686
2024-07-03,36.583336,2.9166718,,2024-07-03,22.513610945271516
2024-07-03,36.583336,3.0,,2024-07-03,19.289317853545782
2024-07-03,36.583336,3.0833435,,2024-07-03,18.648702135525184
2024-07-03,36.583336,3.1666718,,2024-07-03,20.831708919035847
2024-07-03,36.583336,3.25,,2024-07-03,25.112182506309033
2024-07-03,36.66667,2.8333435,,2024-07-03,22.228234819302035
2024-07-03,36.66667,2.9166718,,2024-07-03,15.782881420103022
2024-07-03,36.66667,3.0,,2024-07-03,10.698609465725811
2024-07-03,36.66667,3.0833435,,2024-07-03,9.496464669132697
2024-07-03,36.66667,3.1666718,,2024-07-03,13.276882967911245
2024-07-03,36.66667,3.25,,2024-07-03,19.306074472517334
2024-07-03,36.75,2.8333435,-0.28854027,2024-07-03,20.194040166169533
2024-07-03,36.75,2.9166718,,2024-07-03,12.76987826840439
2024-07-03,36.75,3.0,,2024-07-03,5.345713953294998
2024-07-03,36.75,3.0833435,-0.2869647,2024-07-03,2.079801567910821
2024-07-03,36.75,3.1666718,-0.2873792,2024-07-03,9.50394748445699
2024-07-03,36.75,3.25,,2024-07-03,16.92811061876691
2024-07-03,36.833336,2.8333435,-0.2923973,2024-07-03,22.20863381656194
2024-07-03,36.833336,2.9166718,-0.28858688,2024-07-03,15.772124592603511
2024-07-03,36.833336,3.0,-0.2878911,2024-07-03,10.696398658202174
2024-07-03,36.833336,3.0833435,-0.28957385,2024-07-03,9.496747682395155
2024-07-03,36.833336,3.1666718,-0.29261196,2024-07-03,13.270048906298761
2024-07-03,36.833336,3.25,-0.29572895,2024-07-03,19.290330362086166
2024-07-03,36.91667,2.8333435,-0.2960473,2024-07-03,27.393082527538727
2024-07-03,36.91667,2.9166718,-0.29220775,2024-07-03,22.49852861582144
2024-07-03,36.91667,3.0,-0.2929399,2024-07-03,19.286865452625985
2024-07-03,36.91667,3.0833435,-0.29755893,2024-07-03,18.648990373299995
2024-07-03,36.91667,3.1666718,-0.30303246,2024-07-03,20.82299777897512
2024-07-03,36.91667,3.25,-0.30815053,2024-07-03,25.08797191414032
2024-07-04,36.583336,2.8333435,,2024-07-04,27.42486183499686
2024-07-04,36.583336,2.9166718,,2024-07-04,22.513610945271516
2024-07-04,36.583336,3.0,,2024-07-04,19.289317853545782
2024-07-04,36.583336,3.0833435,,2024-07-04,18.648702135525184
2024-07-04,36.583336,3.1666718,,2024-07-04,20.831708919035847
2024-07-04,36.583336,3.25,,2024-07-04,25.112182506309033
2024-07-04,36.66667,2.8333435,,2024-07-04,22.228234819302035
2024-07-04,36.66667,2.9166718,,2024-07-04,15.782881420103022
2024-07-04,36.66667,3.0,,2024-07-04,10.698609465725811
2024-07-04,36.66667,3.0833435,,2024-07-04,9.496464669132697
2024-07-04,36.66667,3.1666718,,2024-07-04,13.276882967911245
2024-07-04,36.66667,3.25,,2024-07-04,19.306074472517334
2024-07-04,36.75,2.8333435,-0.31122297,2024-07-04,20.194040166169533
2024-07-04,36.75,2.9166718,,2024-07-04,12.76987826840439
2024-07-04,36.75,3.0,,2024-07-04,5.345713953294998
2024-07-04,36.75,3.0833435,-0.3049089,2024-07-04,2.079801567910821
2024-07-04,36.75,3.1666718,-0.30605233,2024-07-04,9.50394748445699
2024-07-04,36.75,3.25,,2024-07-04,16.92811061876691
2024-07-04,36.833336,2.8333435,-0.30646583,2024-07-04,22.20863381656194
2024-07-04,36.833336,2.9166718,-0.30526915,2024-07-04,15.772124592603511
2024-07-04,36.833336,3.0,-0.30507156,2024-07-04,10.696398658202174
2024-07-04,36.833336,3.0833435,-0.30659235,2024-07-04,9.496747682395155
2024-07-04,36.833336,3.1666718,-0.30932364,2024-07-04,13.270048906298761
2024-07-04,36.833336,3.25,-0.31150776,2024-07-04,19.290330362086166
2024-07-04,36.91667,2.8333435,-0.30190608,2024-07-04,27.393082527538727
2024-07-04,36.91667,2.9166718,-0.30241117,2024-07-04,22.49852861582144
2024-07-04,36.91667,3.0,-0.3061393,2024-07-04,19.286865452625985
2024-07-04,36.91667,3.0833435,-0.31195483,2024-07-04,18.648990373299995
2024-07-04,36.91667,3.1666718,-0.317314,2024-07-04,20.82299777897512
2024-07-04,36.91667,3.25,-0.32112494,2024-07-04,25.08797191414032
2024-07-05,36.583336,2.8333435,,2024-07-05,27.42486183499686
2024-07-05,36.583336,2.9166718,,2024-07-05,22.513610945271516
2024-07-05,36.583336,3.0,,2024-07-05,19.289317853545782
2024-07-05,36.583336,3.0833435,,2024-07-05,18.648702135525184
2024-07-05,36.583336,3.1666718,,2024-07-05,20.831708919035847
2024-07-05,36.583336,3.25,,2024-07-05,25.112182506309033
2024-07-05,36.66667,2.8333435,,2024-07-05,22.228234819302035
2024-07-05,36.66667,2.9166718,,2024-07-05,15.782881420103022
2024-07-05,36.66667,3.0,,2024-07-05,10.698609465725811
2024-07-05,36.66667,3.0833435,,2024-07-05,9.496464669132697
2024-07-05,36.66667,3.1666718,,2024-07-05,13.276882967911245
2024-07-05,36.66667,3.25,,2024-07-05,19.306074472517334
2024-07-05,36.75,2.8333435,-0.34288955,2024-07-05,20.194040166169533
2024-07-05,36.75,2.9166718,,2024-07-05,12.76987826840439
2024-07-05,36.75,3.0,,2024-07-05,5.345713953294998
2024-07-05,36.75,3.0833435,-0.33447176,2024-07-05,2.079801567910821
2024-07-05,36.75,3.1666718,-0.33624285,2024-07-05,9.50394748445699
2024-07-05,36.75,3.25,,2024-07-05,16.92811061876691
2024-07-05,36.833336,2.8333435,-0.33091438,2024-07-05,22.20863381656194
2024-07-05,36.833336,2.9166718,-0.33404788,2024-07-05,15.772124592603511
2024-07-05,36.833336,3.0,-0.33330554,2024-07-05,10.696398658202174
2024-07-05,36.833336,3.0833435,-0.3311734,2024-07-05,9.496747682395155
2024-07-05,36.833336,3.1666718,-0.33173928,2024-07-05,13.270048906298761
2024-07-05,36.833336,3.25,-0.3331937,2024-07-05,19.290330362086166
2024-07-05,36.91667,2.8333435,-0.31158835,2024-07-05,27.393082527538727
2024-07-05,36.91667,2.9166718,-0.31659126,2024-07-05,22.49852861582144
2024-07-05,36.91667,3.0,-0.32072154,2024-07-05,19.286865452625985
2024-07-05,36.91667,3.0833435,-0.32372865,2024-07-05,18.648990373299995
2024-07-05,36.91667,3.1666718,-0.32538792,2024-07-05,20.82299777897512
2024-07-05,36.91667,3.25,-0.32602984,2024-07-05,25.08797191414032
2024-07-06,36.583336,2.8333435,,2024-07-06,27.42486183499686
2024-07-06,36.583336,2.9166718,,2024-07-06,22.513610945271516
2024-07-06,36.583336,3.0,,2024-07-06,19.289317853545782
2024-07-06,36.583336,3.0833435,,2024-07-06,18.648702135525184
2024-07-06,36.583336,3.1666718,,2024-07-06,20.831708919035847
2024-07-06,36.583336,3.25,,2024-07-06,25.112182506309033
2024-07-06,36.66667,2.8333435,,2024-07-06,22.228234819302035
2024-07-06,36.66667,2.9166718,,2024-07-06,15.782881420103022
2024-07-06,36.66667,3.0,,2024-07-06,10.698609465725811
2024-07-06,36.66667,3.0833435,,2024-07-06,9.496464669132697
2024-07-06,36.66667,3.1666718,,2024-07-06,13.276882967911245
2024-07-06,36.66667,3.25,,2024-07-06,19.306074472517334
2024-07-06,36.75,2.8333435,-0.33923966,2024-07-06,20.194040166169533
2024-07-06,36.75,2.9166718,,2024-07-06,12.76987826840439
2024-07-06,36.75,3.0,,2024-07-06,5.345713953294998
2024-07-06,36.75,3.0833435,-0.33656514,2024-07-06,2.079801567910821
2024-07-06,36.75,3.1666718,-0.3353471,2024-07-06,9.50394748445699
2024-07-06,36.75,3.25,,2024-07-06,16.92811061876691
2024-07-06,36.833336,2.8333435,-0.33260894,2024-07-06,22.20863381656194
2024-07-06,36.833336,2.9166718,-0.33411822,2024-07-06,15.772124592603511
2024-07-06,36.833336,3.0,-0.33358848,2024-07-06,10.696398658202174
2024-07-06,36.833336,3.0833435,-0.33234042,2024-07-06,9.496747682395155
2024-07-06,36.833336,3.1666718,-0.3325916,2024-07-06,13.270048906298761
2024-07-06,36.833336,3.25,-0.33343375,2024-07-06,19.290330362086166
2024-07-06,36.91667,2.8333435,-0.31818482,2024-07-06,27.393082527538727
2024-07-06,36.91667,2.9166718,-0.32069597,2024-07-06,22.49852861582144
2024-07-06,36.91667,3.0,-0.32125056,2024-07-06,19.286865452625985
2024-07-06,36.91667,3.0833435,-0.32096106,2024-07-06,18.648990373299995
2024-07-06,36.91667,3.1666718,-0.3201522,2024-07-06,20.82299777897512
2024-07-06,36.91667,3.25,-0.31927252,2024-07-06,25.08797191414032
2024-07-07,36.583336,2.8333435,,2024-07-07,27.42486183499686
2024-07-07,36.583336,2.9166718,,2024-07-07,22.513610945271516
2024-07-07,36.583336,3.0,,2024-07-07,19.289317853545782
2024-07-07,36.583336,3.0833435,,2024-07-07,18.648702135525184
2024-07-07,36.583336,3.1666718,,2024-07-07,20.831708919035847
2024-07-07,36.583336,3.25,,2024-07-07,25.112182506309033
2024-07-07,36.66667,2.8333435,,2024-07-07,22.228234819302035
2024-07-07,36.66667,2.9166718,,2024-07-07,15.782881420103022
2024-07-07,36.66667,3.0,,2024-07-07,10.698609465725811
2024-07-07,36.66667,3.0833435,,2024-07-07,9.496464669132697
2024-07-07,36.66667,3.1666718,,2024-07-07,13.276882967911245
2024-07-07,36.66667,3.25,,2024-07-07,19.306074472517334
2024-07-07,36.75,2.8333435,-0.32257912,2024-07-07,20.194040166169533
2024-07-07,36.75,2.9166718,,2024-07-07,12.76987826840439
2024-07-07,36.75,3.0,,2024-07-07,5.345713953294998
2024-07-07,36.75,3.0833435,-0.3274653,2024-07-07,2.079801567910821
2024-07-07,36.75,3.1666718,-0.32816446,2024-07-07,9.50394748445699
2024-07-07,36.75,3.25,,2024-07-07,16.92811061876691
2024-07-07,36.833336,2.8333435,-0.3267566,2024-07-07,22.20863381656194
2024-07-07,36.833336,2.9166718,-0.32498267,2024-07-07,15.772124592603511
2024-07-07,36.833336,3.0,-0.32499403,2024-07-07,10.696398658202174
2024-07-07,36.833336,3.0833435,-0.32763323,2024-07-07,9.496747682395155
2024-07-07,36.833336,3.1666718,-0.32985625,2024-07-07,13.270048906298761
2024-07-07,36.833336,3.25,-0.3306896,2024-07-07,19.290330362086166
2024-07-07,36.91667,2.8333435,-0.3242628,2024-07-07,27.393082527538727
2024-07-07,36.91667,2.9166718,-0.32277444,2024-07-07,22.49852861582144
2024-07-07,36.91667,3.0,-0.32176393,2024-07-07,19.286865452625985
2024-07-07,36.91667,3.0833435,-0.32180008,2024-07-07,18.648990373299995
2024-07-07,36.91667,3.1666718,-0.32217938,2024-07-07,20.82299777897512
2024-07-07,36.91667,3.25,-0.32251826,2024-07-07,25.08797191414032
2024-07-08,36.583336,2.8333435,,2024-07-08,27.42486183499686
2024-07-08,36.583336,2.9166718,,2024-07-08,22.513610945271516
2024-07-08,36.583336,3.0,,2024-07-08,19.289317853545782
2024-07-08,36.583336,3.0833435,,2024-07-08,18.648702135525184
2024-07-08,36.583336,3.1666718,,2024-07-08,20.831708919035847
2024-07-08,36.583336,3.25,,2024-07-08,25.112182506309033
2024-07-08,36.66667,2.8333435,,2024-07-08,22.228234819302035
2024-07-08,36.66667,2.9166718,,2024-07-08,15.782881420103022
2024-07-08,36.66667,3.0,,2024-07-08,10.698609465725811
2024-07-08,36.66667,3.0833435,,2024-07-08,9.496464669132697
2024-07-08,36.66667,3.1666718,,2024-07-08,13.276882967911245
2024-07-08,36.66667,3.25,,2024-07-08,19.306074472517334
2024-07-08,36.75,2.8333435,-0.30227193,2024-07-08,20.194040166169533
2024-07-08,36.75,2.9166718,,2024-07-08,12.76987826840439
2024-07-08,36.75,3.0,,2024-07-08,5.345713953294998
2024-07-08,36.75,3.0833435,-0.3051401,2024-07-08,2.079801567910821
2024-07-08,36.75,3.1666718,-0.30536887,2024-07-08,9.50394748445699
2024-07-08,36.75,3.25,,2024-07-08,16.92811061876691
2024-07-08,36.833336,2.8333435,-0.31193337,2024-07-08,22.20863381656194
2024-07-08,36.833336,2.9166718,-0.30697623,2024-07-08,15.772124592603511
2024-07-08,36.833336,3.0,-0.30679718,2024-07-08,10.696398658202174
2024-07-08,36.833336,3.0833435,-0.30940366,2024-07-08,9.496747682395155
2024-07-08,36.833336,3.1666718,-0.31087777,2024-07-08,13.270048906298761
2024-07-08,36.833336,3.25,-0.31195578,2024-07-08,19.290330362086166
2024-07-08,36.91667,2.8333435,-0.31474194,2024-07-08,27.393082527538727
2024-07-08,36.91667,2.9166718,-0.31085303,2024-07-08,22.49852861582144
2024-07-08,36.91667,3.0,-0.3097342,2024-07-08,19.286865452625985
2024-07-08,36.91667,3.0833435,-0.3101637,2024-07-08,18.648990373299995
2024-07-08,36.91667,3.1666718,-0.31047672,2024-07-08,20.82299777897512
2024-07-08,36.91667,3.25,-0.3105887,2024-07-08,25.08797191414032
2024-07-09,36.583336,2.8333435,,2024-07-09,27.42486183499686
2024-07-09,36.583336,2.9166718,,2024-07-09,22.513610945271516
2024-07-09,36.583336,3.0,,2024-07-09,19.289317853545782
2024-07-09,36.583336,3.0833435,,2024-07-09,18.648702135525184
2024-07-09,36.583336,3.1666718,,2024-07-09,20.831708919035847
2024-07-09,36.583336,3.25,,2024-07-09,25.112182506309033
2024-07-09,36.66667,2.8333435,,2024-07-09,22.228234819302035
2024-07-09,36.66667,2.9166718,,2024-07-09,15.782881420103022
2024-07-09,36.66667,3.0,,2024-07-09,10.698609465725811
2024-07-09,36.66667,3.0833435,,2024-07-09,9.496464669132697
2024-07-09,36.66667,3.1666718,,2024-07-09,13.276882967911245
2024-07-09,36.66667,3.25,,2024-07-09,19.306074472517334
2024-07-09,36.75,2.8333435,-0.29651695,2024-07-09,20.194040166169533
2024-07-09,36.75,2.9166718,,2024-07-09,12.76987826840439
2024-07-09,36.75,3.0,,2024-07-09,5.345713953294998
2024-07-09,36.75,3.0833435,-0.29661465,2024-07-09,2.079801567910821
2024-07-09,36.75,3.1666718,-0.29593885,2024-07-09,9.50394748445699
2024-07-09,36.75,3.25,,2024-07-09,16.92811061876691
2024-07-09,36.833336,2.8333435,-0.3081509,2024-07-09,22.20863381656194
2024-07-09,36.833336,2.9166718,-0.3022428,2024-07-09,15.772124592603511
2024-07-09,36.833336,3.0,-0.30133522,2024-07-09,10.696398658202174
2024-07-09,36.833336,3.0833435,-0.3038966,2024-07-09,9.496747682395155
2024-07-09,36.833336,3.1666718,-0.30511844,2024-07-09,13.270048906298761
2024-07-09,36.833336,3.25,-0.30571356,2024-07-09,19.290330362086166
2024-07-09,36.91667,2.8333435,-0.31502357,2024-07-09,27.393082527538727
2024-07-09,36.91667,2.9166718,-0.30990383,2024-07-09,22.49852861582144
2024-07-09,36.91667,3.0,-0.30923325,2024-07-09,19.286865452625985
2024-07-09,36.91667,3.0833435,-0.3101275,2024-07-09,18.648990373299995
2024-07-09,36.91667,3.1666718,-0.30979323,2024-07-09,20.82299777897512
2024-07-09,36.91667,3.25,-0.30943805,2024-07-09,25.08797191414032
2024-07-10,36.583336,2.8333435,,2024-07-10,27.42486183499686
2024-07-10,36.583336,2.9166718,,2024-07-10,22.513610945271516
2024-07-10,36.583336,3.0,,2024-07-10,19.289317853545782
2024-07-10,36.583336,3.0833435,,2024-07-10,18.648702135525184
2024-07-10,36.583336,3.1666718,,2024-07-10,20.831708919035847
2024-07-10,36.583336,3.25,,2024-07-10,25.112182506309033
2024-07-10,36.66667,2.8333435,,2024-07-10,22.228234819302035
2024-07-10,36.66667,2.9166718,,2024-07-10,15.782881420103022
2024-07-10,36.66667,3.0,,2024-07-10,10.698609465725811
2024-07-10,36.66667,3.0833435,,2024-07-10,9.496464669132697
2024-07-10,36.66667,3.1666718,,2024-07-10,13.276882967911245
2024-07-10,36.66667,3.25,,2024-07-10,19.306074472517334
2024-07-10,36.75,2.8333435,-0.29514772,2024-07-10,20.194040166169533
2024-07-10,36.75,2.9166718,,2024-07-10,12.76987826840439
2024-07-10,36.75,3.0,,2024-07-10,5.345713953294998
2024-07-10,36.75,3.0833435,-0.29399425,2024-07-10,2.079801567910821
2024-07-10,36.75,3.1666718,-0.2924587,2024-07-10,9.50394748445699
2024-07-10,36.75,3.25,,2024-07-10,16.92811061876691
2024-07-10,36.833336,2.8333435,-0.3093347,2024-07-10,22.20863381656194
2024-07-10,36.833336,2.9166718,-0.30306172,2024-07-10,15.772124592603511
2024-07-10,36.833336,3.0,-0.30064416,2024-07-10,10.696398658202174
2024-07-10,36.833336,3.0833435,-0.30212164,2024-07-10,9.496747682395155
2024-07-10,36.833336,3.1666718,-0.30307844,2024-07-10,13.270048906298761
2024-07-10,36.833336,3.25,-0.30266383,2024-07-10,19.290330362086166
2024-07-10,36.91667,2.8333435,-0.32163218,2024-07-10,27.393082527538727
2024-07-10,36.91667,2.9166718,-0.31521514,2024-07-10,22.49852861582144
2024-07-10,36.91667,3.0,-0.3124367,2024-07-10,19.286865452625985
2024-07-10,36.91667,3.0833435,-0.31276026,2024-07-10,18.648990373299995
2024-07-10,36.91667,3.1666718,-0.31257018,2024-07-10,20.82299777897512
2024-07-10,36.91667,3.25,-0.31133032,2024-07-10,25.08797191414032
2024-07-11,36.583336,2.8333435,,2024-07-11,27.42486183499686
2024-07-11,36.583336,2.9166718,,2024-07-11,22.513610945271516
2024-07-11,36.583336,3.0,,2024-07-11,19.289317853545782
2024-07-11,36.583336,3.0833435,,2024-07-11,18.648702135525184
2024-07-11,36.583336,3.1666718,,2024-07-11,20.831708919035847
2024-07-11,36.583336,3.25,,2024-07-11,25.112182506309033
2024-07-11,36.66667,2.8333435,,2024-07-11,22.228234819302035
2024-07-11,36.66667,2.9166718,,2024-07-11,15.782881420103022
2024-07-11,36.66667,3.0,,2024-07-11,10.698609465725811
2024-07-11,36.66667,3.0833435,,2024-07-11,9.496464669132697
2024-07-11,36.66667,3.1666718,,2024-07-11,13.276882967911245
2024-07-11,36.66667,3.25,,2024-07-11,19.306074472517334
2024-07-11,36.75,2.8333435,-0.30942267,2024-07-11,20.194040166169533
2024-07-11,36.75,2.9166718,,2024-07-11,12.76987826840439
2024-07-11,36.75,3.0,,2024-07-11,5.345713953294998
2024-07-11,36.75,3.0833435,-0.3080867,2024-07-11,2.079801567910821
2024-07-11,36.75,3.1666718,-0.30710503,2024-07-11,9.50394748445699
2024-07-11,36.75,3.25,,2024-07-11,16.92811061876691
2024-07-11,36.833336,2.8333435,-0.3231342,2024-07-11,22.20863381656194
2024-07-11,36.833336,2.9166718,-0.31712863,2024-07-11,15.772124592603511
2024-07-11,36.833336,3.0,-0.31448886,2024-07-11,10.696398658202174
2024-07-11,36.833336,3.0833435,-0.31518427,2024-07-11,9.496747682395155
2024-07-11,36.833336,3.1666718,-0.3162232,2024-07-11,13.270048906298761
2024-07-11,36.833336,3.25,-0.31607506,2024-07-11,19.290330362086166
2024-07-11,36.91667,2.8333435,-0.33661053,2024-07-11,27.393082527538727
2024-07-11,36.91667,2.9166718,-0.3300871,2024-07-11,22.49852861582144
2024-07-11,36.91667,3.0,-0.32624343,2024-07-11,19.286865452625985
2024-07-11,36.91667,3.0833435,-0.3257899,2024-07-11,18.648990373299995
2024-07-11,36.91667,3.1666718,-0.32607493,2024-07-11,20.82299777897512
2024-07-11,36.91667,3.25,-0.32521018,2024-07-11,25.08797191414032
2024-07-12,36.583336,2.8333435,,2024-07-12,27.42486183499686
2024-07-12,36.583336,2.9166718,,2024-07-12,22.513610945271516
2024-07-12,36.583336,3.0,,2024-07-12,19.289317853545782
2024-07-12,36.583336,3.0833435,,2024-07-12,18.648702135525184
2024-07-12,36.583336,3.1666718,,2024-07-12,20.831708919035847
2024-07-12,36.583336,3.25,,2024-07-12,25.112182506309033
2024-07-12,36.66667,2.8333435,,2024-07-12,22.228234819302035
2024-07-12,36.66667,2.9166718,,2024-07-12,15.782881420103022
2024-07-12,36.66667,3.0,,2024-07-12,10.698609465725811
2024-07-12,36.66667,3.0833435,,2024-07-12,9.496464669132697
2024-07-12,36.66667,3.1666718,,2024-07-12,13.276882967911245
2024-07-12,36.66667,3.25,,2024-07-12,19.306074472517334
2024-07-12,36.75,2.8333435,-0.31558546,2024-07-12,20.194040166169533
2024-07-12,36.75,2.9166718,,2024-07-12,12.76987826840439
2024-07-12,36.75,3.0,,2024-07-12,5.345713953294998
2024-07-12,36.75,3.0833435,-0.31350794,2024-07-12,2.079801567910821
2024-07-12,36.75,3.1666718,-0.31255996,2024-07-12,9.50394748445699
2024-07-12,36.75,3.25,,2024-07-12,16.92811061876691
2024-07-12,36.833336,2.8333435,-0.32670057,2024-07-12,22.20863381656194
2024-07-12,36.833336,2.9166718,-0.32054195,2024-07-12,15.772124592603511
2024-07-12,36.833336,3.0,-0.31790587,2024-07-12,10.696398658202174
2024-07-12,36.833336,3.0833435,-0.3188518,2024-07-12,9.496747682395155
2024-07-12,36.833336,3.1666718,-0.3199651,2024-07-12,13.270048906298761
2024-07-12,36.833336,3.25,-0.31952742,2024-07-12,19.290330362086166
2024-07-12,36.91667,2.8333435,-0.33767858,2024-07-12,27.393082527538727
2024-07-12,36.91667,2.9166718,-0.33171093,2024-07-12,22.49852861582144
2024-07-12,36.91667,3.0,-0.32734245,2024-07-12,19.286865452625985
2024-07-12,36.91667,3.0833435,-0.32660028,2024-07-12,18.648990373299995
2024-07-12,36.91667,3.1666718,-0.32753348,2024-07-12,20.82299777897512
2024-07-12,36.91667,3.25,-0.32737166,2024-07-12,25.08797191414032
2024-07-13,36.583336,2.8333435,,2024-07-13,27.42486183499686
2024-07-13,36.583336,2.9166718,,2024-07-13,22.513610945271516
2024-07-13,36.583336,3.0,,2024-07-13,19.289317853545782
2024-07-13,36.583336,3.0833435,,2024-07-13,18.648702135525184
2024-07-13,36.583336,3.1666718,,2024-07-13,20.831708919035847
2024-07-13,36.583336,3.25,,2024-07-13,25.112182506309033
2024-07-13,36.66667,2.8333435,,2024-07-13,22.228234819302035
2024-07-13,36.66667,2.9166718,,2024-07-13,15.782881420103022
2024-07-13,36.66667,3.0,,2024-07-13,10.698609465725811
2024-07-13,36.66667,3.0833435,,2024-07-13,9.496464669132697
2024-07-13,36.66667,3.1666718,,2024-07-13,13.276882967911245
2024-07-13,36.66667,3.25,,2024-07-13,19.306074472517334
2024-07-13,36.75,2.8333435,-0.32117343,2024-07-13,20.194040166169533
2024-07-13,36.75,2.9166718,,2024-07-13,12.76987826840439
2024-07-13,36.75,3.0,,2024-07-13,5.345713953294998
2024-07-13,36.75,3.0833435,-0.31872576,2024-07-13,2.079801567910821
2024-07-13,36.75,3.1666718,-0.31833237,2024-07-13,9.50394748445699
2024-07-13,36.75,3.25,,2024-07-13,16.92811061876691
2024-07-13,36.833336,2.8333435,-0.3309921,2024-07-13,22.20863381656194
2024-07-13,36.833336,2.9166718,-0.32571995,2024-07-13,15.772124592603511
2024-07-13,36.833336,3.0,-0.32334226,2024-07-13,10.696398658202174
2024-07-13,36.833336,3.0833435,-0.32302845,2024-07-13,9.496747682395155
2024-07-13,36.833336,3.1666718,-0.3238031,2024-07-13,13.270048906298761
2024-07-13,36.833336,3.25,-0.32346067,2024-07-13,19.290330362086166
2024-07-13,36.91667,2.8333435,-0.33900884,2024-07-13,27.393082527538727
2024-07-13,36.91667,2.9166718,-0.33320802,2024-07-13,22.49852861582144
2024-07-13,36.91667,3.0,-0.32886827,2024-07-13,19.286865452625985
2024-07-13,36.91667,3.0833435,-0.3279619,2024-07-13,18.648990373299995
2024-07-13,36.91667,3.1666718,-0.32880208,2024-07-13,20.82299777897512
2024-07-13,36.91667,3.25,-0.3283309,2024-07-13,25.08797191414032
2024-07-14,36.583336,2.8333435,,2024-07-14,27.42486183499686
2024-07-14,36.583336,2.9166718,,2024-07-14,22.513610945271516
2024-07-14,36.583336,3.0,,2024-07-14,19.289317853545782
2024-07-14,36.583336,3.0833435,,2024-07-14,18.648702135525184
2024-07-14,36.583336,3.1666718,,2024-07-14,20.831708919035847
2024-07-14,36.583336,3.25,,2024-07-14,25.112182506309033
2024-07-14,36.66667,2.8333435,,2024-07-14,22.228234819302035
2024-07-14,36.66667,2.9166718,,2024-07-14,15.782881420103022
2024-07-14,36.66667,3.0,,2024-07-14,10.698609465725811
2024-07-14,36.66667,3.0833435,,2024-07-14,9.496464669132697
2024-07-14,36.66667,3.1666718,,2024-07-14,13.276882967911245
2024-07-14,36.66667,3.25,,2024-07-14,19.306074472517334
2024-07-14,36.75,2.8333435,-0.30946636,2024-07-14,20.194040166169533
2024-07-14,36.75,2.9166718,,2024-07-14,12.76987826840439
2024-07-14,36.75,3.0,,2024-07-14,5.345713953294998
2024-07-14,36.75,3.0833435,-0.3110137,2024-07-14,2.079801567910821
2024-07-14,36.75,3.1666718,-0.30997103,2024-07-14,9.50394748445699
2024-07-14,36.75,3.25,,2024-07-14,16.92811061876691
2024-07-14,36.833336,2.8333435,-0.32159987,2024-07-14,22.20863381656194
2024-07-14,36.833336,2.9166718,-0.31615028,2024-07-14,15.772124592603511
2024-07-14,36.833336,3.0,-0.3143856,2024-07-14,10.696398658202174
2024-07-14,36.833336,3.0833435,-0.31471145,2024-07-14,9.496747682395155
2024-07-14,36.833336,3.1666718,-0.31486073,2024-07-14,13.270048906298761
2024-07-14,36.833336,3.25,-0.31398562,2024-07-14,19.290330362086166
2024-07-14,36.91667,2.8333435,-0.33051616,2024-07-14,27.393082527538727
2024-07-14,36.91667,2.9166718,-0.32439506,2024-07-14,22.49852861582144
2024-07-14,36.91667,3.0,-0.3199154,2024-07-14,19.286865452625985
2024-07-14,36.91667,3.0833435,-0.31852674,2024-07-14,18.648990373299995
2024-07-14,36.91667,3.1666718,-0.31811684,2024-07-14,20.82299777897512
2024-07-14,36.91667,3.25,-0.31658408,2024-07-14,25.08797191414032
2024-07-15,36.583336,2.8333435,,2024-07-15,27.42486183499686
2024-07-15,36.583336,2.9166718,,2024-07-15,22.513610945271516
2024-07-15,36.583336,3.0,,2024-07-15,19.289317853545782
2024-07-15,36.583336,3.0833435,,2024-07-15,18.648702135525184
2024-07-15,36.583336,3.1666718,,2024-07-15,20.831708919035847
2024-07-15,36.583336,3.25,,2024-07-15,25.112182506309033
2024-07-15,36.66667,2.8333435,,2024-07-15,22.228234819302035
2024-07-15,36.66667,2.9166718,,2024-07-15,15.782881420103022
2024-07-15,36.66667,3.0,,2024-07-15,10.698609465725811
2024-07-15,36.66667,3.0833435,,2024-07-15,9.496464669132697
2024-07-15,36.66667,3.1666718,,2024-07-15,13.276882967911245
2024-07-15,36.66667,3.25,,2024-07-15,19.306074472517334
2024-07-15,36.75,2.8333435,-0.29244882,2024-07-15,20.194040166169533
2024-07-15,36.75,2.9166718,,2024-07-15,12.76987826840439
2024-07-15,36.75,3.0,,2024-07-15,5.345713953294998
2024-07-15,36.75,3.0833435,-0.29242554,2024-07-15,2.079801567910821
2024-07-15,36.75,3.1666718,-0.29167053,2024-07-15,9.50394748445699
2024-07-15,36.75,3.25,,2024-07-15,16.92811061876691
2024-07-15,36.833336,2.8333435,-0.30629253,2024-07-15,22.20863381656194
2024-07-15,36.833336,2.9166718,-0.29956222,2024-07-15,15.772124592603511
2024-07-15,36.833336,3.0,-0.29709327,2024-07-15,10.696398658202174
2024-07-15,36.833336,3.0833435,-0.29818043,2024-07-15,9.496747682395155
2024-07-15,36.833336,3.1666718,-0.29868037,2024-07-15,13.270048906298761
2024-07-15,36.833336,3.25,-0.29761225,2024-07-15,19.290330362086166
2024-07-15,36.91667,2.8333435,-0.31715035,2024-07-15,27.393082527538727
2024-07-15,36.91667,2.9166718,-0.3101985,2024-07-15,22.49852861582144
2024-07-15,36.91667,3.0,-0.3057987,2024-07-15,19.286865452625985
2024-07-15,36.91667,3.0833435,-0.30430612,2024-07-15,18.648990373299995
2024-07-15,36.91667,3.1666718,-0.3031965,2024-07-15,20.82299777897512
2024-07-15,36.91667,3.25,-0.3019286,2024-07-15,25.08797191414032
2024-07-16,36.583336,2.8333435,,2024-07-16,27.42486183499686
2024-07-16,36.583336,2.9166718,,2024-07-16,22.513610945271516
2024-07-16,36.583336,3.0,,2024-07-16,19.289317853545782
2024-07-16,36.583336,3.0833435,,2024-07-16,18.648702135525184
2024-07-16,36.583336,3.1666718,,2024-07-16,20.831708919035847
2024-07-16,36.583336,3.25,,2024-07-16,25.112182506309033
2024-07-16,36.66667,2.8333435,,2024-07-16,22.228234819302035
2024-07-16,36.66667,2.9166718,,2024-07-16,15.782881420103022
2024-07-16,36.66667,3.0,,2024-07-16,10.698609465725811
2024-07-16,36.66667,3.0833435,,2024-07-16,9.496464669132697
2024-07-16,36.66667,3.1666718,,2024-07-16,13.276882967911245
2024-07-16,36.66667,3.25,,2024-07-16,19.306074472517334
2024-07-16,36.75,2.8333435,-0.2849928,2024-07-16,20.194040166169533
2024-07-16,36.75,2.9166718,,2024-07-16,12.76987826840439
2024-07-16,36.75,3.0,,2024-07-16,5.345713953294998
2024-07-16,36.75,3.0833435,-0.28014773,2024-07-16,2.079801567910821
2024-07-16,36.75,3.1666718,-0.2794682,2024-07-16,9.50394748445699
2024-07-16,36.75,3.25,,2024-07-16,16.92811061876691
2024-07-16,36.833336,2.8333435,-0.29510075,2024-07-16,22.20863381656194
2024-07-16,36.833336,2.9166718,-0.28869525,2024-07-16,15.772124592603511
2024-07-16,36.833336,3.0,-0.28579977,2024-07-16,10.696398658202174
2024-07-16,36.833336,3.0833435,-0.28625247,2024-07-16,9.496747682395155
2024-07-16,36.833336,3.1666718,-0.28664157,2024-07-16,13.270048906298761
2024-07-16,36.833336,3.25,-0.28519413,2024-07-16,19.290330362086166
2024-07-16,36.91667,2.8333435,-0.3046687,2024-07-16,27.393082527538727
2024-07-16,36.91667,2.9166718,-0.29759717,2024-07-16,22.49852861582144
2024-07-16,36.91667,3.0,-0.29274827,2024-07-16,19.286865452625985
2024-07-16,36.91667,3.0833435,-0.291129,2024-07-16,18.648990373299995
2024-07-16,36.91667,3.1666718,-0.29052794,2024-07-16,20.82299777897512
2024-07-16,36.91667,3.25,-0.29017258,2024-07-16,25.08797191414032
2024-07-17,36.583336,2.8333435,,2024-07-17,27.42486183499686
2024-07-17,36.583336,2.9166718,,2024-07-17,22.513610945271516
2024-07-17,36.583336,3.0,,2024-07-17,19.289317853545782
2024-07-17,36.583336,3.0833435,,2024-07-17,18.648702135525184
2024-07-17,36.583336,3.1666718,,2024-07-17,20.831708919035847
2024-07-17,36.583336,3.25,,2024-07-17,25.112182506309033
2024-07-17,36.66667,2.8333435,,2024-07-17,22.228234819302035
2024-07-17,36.66667,2.9166718,,2024-07-17,15.782881420103022
2024-07-17,36.66667,3.0,,2024-07-17,10.698609465725811
2024-07-17,36.66667,3.0833435,,2024-07-17,9.496464669132697
2024-07-17,36.66667,3.1666718,,2024-07-17,13.276882967911245
2024-07-17,36.66667,3.25,,2024-07-17,19.306074472517334
2024-07-17,36.75,2.8333435,-0.29067644,2024-07-17,20.194040166169533
2024-07-17,36.75,2.9166718,,2024-07-17,12.76987826840439
2024-07-17,36.75,3.0,,2024-07-17,5.345713953294998
2024-07-17,36.75,3.0833435,-0.28927866,2024-07-17,2.079801567910821
2024-07-17,36.75,3.1666718,-0.28984487,2024-07-17,9.50394748445699
2024-07-17,36.75,3.25,,2024-07-17,16.92811061876691
2024-07-17,36.833336,2.8333435,-0.29771167,2024-07-17,22.20863381656194
2024-07-17,36.833336,2.9166718,-0.29349276,2024-07-17,15.772124592603511
2024-07-17,36.833336,3.0,-0.292602,2024-07-17,10.696398658202174
2024-07-17,36.833336,3.0833435,-0.29258847,2024-07-17,9.496747682395155
2024-07-17,36.833336,3.1666718,-0.29321018,2024-07-17,13.270048906298761
2024-07-17,36.833336,3.25,-0.2935709,2024-07-17,19.290330362086166
2024-07-17,36.91667,2.8333435,-0.30375457,2024-07-17,27.393082527538727
2024-07-17,36.91667,2.9166718,-0.29781318,2024-07-17,22.49852861582144
2024-07-17,36.91667,3.0,-0.29407498,2024-07-17,19.286865452625985
2024-07-17,36.91667,3.0833435,-0.2927744,2024-07-17,18.648990373299995
2024-07-17,36.91667,3.1666718,-0.292759,2024-07-17,20.82299777897512
2024-07-17,36.91667,3.25,-0.29329604,2024-07-17,25.08797191414032
2024-07-18,36.583336,2.8333435,,2024-07-18,27.42486183499686
2024-07-18,36.583336,2.9166718,,2024-07-18,22.513610945271516
2024-07-18,36.583336,3.0,,2024-07-18,19.289317853545782
2024-07-18,36.583336,3.0833435,,2024-07-18,18.648702135525184
2024-07-18,36.583336,3.1666718,,2024-07-18,20.831708919035847
2024-07-18,36.583336,3.25,,2024-07-18,25.112182506309033
2024-07-18,36.66667,2.8333435,,2024-07-18,22.228234819302035
2024-07-18,36.66667,2.9166718,,2024-07-18,15.782881420103022
2024-07-18,36.66667,3.0,,2024-07-18,10.698609465725811
2024-07-18,36.66667,3.0833435,,2024-07-18,9.496464669132697
2024-07-18,36.66667,3.1666718,,2024-07-18,13.276882967911245
2024-07-18,36.66667,3.25,,2024-07-18,19.306074472517334
2024-07-18,36.75,2.8333435,-0.30683446,2024-07-18,20.194040166169533
2024-07-18,36.75,2.9166718,,2024-07-18,12.76987826840439
2024-07-18,36.75,3.0,,2024-07-18,5.345713953294998
2024-07-18,36.75,3.0833435,-0.30401415,2024-07-18,2.079801567910821
2024-07-18,36.75,3.1666718,-0.3036086,2024-07-18,9.50394748445699
2024-07-18,36.75,3.25,,2024-07-18,16.92811061876691
2024-07-18,36.833336,2.8333435,-0.31042683,2024-07-18,22.20863381656194
2024-07-18,36.833336,2.9166718,-0.3071306,2024-07-18,15.772124592603511
2024-07-18,36.833336,3.0,-0.30663842,2024-07-18,10.696398658202174
2024-07-18,36.833336,3.0833435,-0.3069758,2024-07-18,9.496747682395155
2024-07-18,36.833336,3.1666718,-0.3072703,2024-07-18,13.270048906298761
2024-07-18,36.833336,3.25,-0.3077287,2024-07-18,19.290330362086166
2024-07-18,36.91667,2.8333435,-0.3127705,2024-07-18,27.393082527538727
2024-07-18,36.91667,2.9166718,-0.30876765,2024-07-18,22.49852861582144
2024-07-18,36.91667,3.0,-0.30628318,2024-07-18,19.286865452625985
2024-07-18,36.91667,3.0833435,-0.30510145,2024-07-18,18.648990373299995
2024-07-18,36.91667,3.1666718,-0.3050865,2024-07-18,20.82299777897512
2024-07-18,36.91667,3.25,-0.30559677,2024-07-18,25.08797191414032
2024-07-19,36.583336,2.8333435,,2024-07-19,27.42486183499686
2024-07-19,36.583336,2.9166718,,2024-07-19,22.513610945271516
2024-07-19,36.583336,3.0,,2024-07-19,19.289317853545782
2024-07-19,36.583336,3.0833435,,2024-07-19,18.648702135525184
2024-07-19,36.583336,3.1666718,,2024-07-19,20.831708919035847
2024-07-19,36.583336,3.25,,2024-07-19,25.112182506309033
2024-07-19,36.66667,2.8333435,,2024-07-19,22.228234819302035
2024-07-19,36.66667,2.9166718,,2024-07-19,15.782881420103022
2024-07-19,36.66667,3.0,,2024-07-19,10.698609465725811
2024-07-19,36.66667,3.0833435,,2024-07-19,9.496464669132697
2024-07-19,36.66667,3.1666718,,2024-07-19,13.276882967911245
2024-07-19,36.66667,3.25,,2024-07-19,19.306074472517334
2024-07-19,36.75,2.8333435,-0.31789616,2024-07-19,20.194040166169533
2024-07-19,36.75,2.9166718,,2024-07-19,12.76987826840439
2024-07-19,36.75,3.0,,2024-07-19,5.345713953294998
2024-07-19,36.75,3.0833435,-0.31448382,2024-07-19,2.079801567910821
2024-07-19,36.75,3.1666718,-0.31328872,2024-07-19,9.50394748445699
2024-07-19,36.75,3.25,,2024-07-19,16.92811061876691
2024-07-19,36.833336,2.8333435,-0.31968805,2024-07-19,22.20863381656194
2024-07-19,36.833336,2.9166718,-0.31774312,2024-07-19,15.772124592603511
2024-07-19,36.833336,3.0,-0.31692663,2024-07-19,10.696398658202174
2024-07-19,36.833336,3.0833435,-0.31670982,2024-07-19,9.496747682395155
2024-07-19,36.833336,3.1666718,-0.31649095,2024-07-19,13.270048906298761
2024-07-19,36.833336,3.25,-0.316271,2024-07-19,19.290330362086166
2024-07-19,36.91667,2.8333435,-0.31996104,2024-07-19,27.393082527538727
2024-07-19,36.91667,2.9166718,-0.31687608,2024-07-19,22.49852861582144
2024-07-19,36.91667,3.0,-0.31454384,2024-07-19,19.286865452625985
2024-07-19,36.91667,3.0833435,-0.31346855,2024-07-19,18.648990373299995
2024-07-19,36.91667,3.1666718,-0.31375933,2024-07-19,20.82299777897512
2024-07-19,36.91667,3.25,-0.314889,2024-07-19,25.08797191414032
2024-07-20,36.583336,2.8333435,,2024-07-20,27.42486183499686
2024-07-20,36.583336,2.9166718,,2024-07-20,22.513610945271516
2024-07-20,36.583336,3.0,,2024-07-20,19.289317853545782
2024-07-20,36.583336,3.0833435,,2024-07-20,18.648702135525184
2024-07-20,36.583336,3.1666718,,2024-07-20,20.831708919035847
2024-07-20,36.583336,3.25,,2024-07-20,25.112182506309033
2024-07-20,36.66667,2.8333435,,2024-07-20,22.228234819302035
2024-07-20,36.66667,2.9166718,,2024-07-20,15.782881420103022
2024-07-20,36.66667,3.0,,2024-07-20,10.698609465725811
2024-07-20,36.66667,3.0833435,,2024-07-20,9.496464669132697
2024-07-20,36.66667,3.1666718,,2024-07-20,13.276882967911245
2024-07-20,36.66667,3.25,,2024-07-20,19.306074472517334
2024-07-20,36.75,2.8333435,-0.31127927,2024-07-20,20.194040166169533
2024-07-20,36.75,2.9166718,,2024-07-20,12.76987826840439
2024-07-20,36.75,3.0,,2024-07-20,5.345713953294998
2024-07-20,36.75,3.0833435,-0.30638307,2024-07-20,2.079801567910821
2024-07-20,36.75,3.1666718,-0.30518317,2024-07-20,9.50394748445699
2024-07-20,36.75,3.25,,2024-07-20,16.92811061876691
2024-07-20,36.833336,2.8333435,-0.30967245,2024-07-20,22.20863381656194
2024-07-20,36.833336,2.9166718,-0.3090642,2024-07-20,15.772124592603511
2024-07-20,36.833336,3.0,-0.3082036,2024-07-20,10.696398658202174
2024-07-20,36.833336,3.0833435,-0.30678004,2024-07-20,9.496747682395155
2024-07-20,36.833336,3.1666718,-0.30565387,2024-07-20,13.270048906298761
2024-07-20,36.833336,3.25,-0.30494902,2024-07-20,19.290330362086166
2024-07-20,36.91667,2.8333435,-0.30842438,2024-07-20,27.393082527538727
2024-07-20,36.91667,2.9166718,-0.3054991,2024-07-20,22.49852861582144
2024-07-20,36.91667,3.0,-0.3035702,2024-07-20,19.286865452625985
2024-07-20,36.91667,3.0833435,-0.30303076,2024-07-20,18.648990373299995
2024-07-20,36.91667,3.1666718,-0.30369726,2024-07-20,20.82299777897512
2024-07-20,36.91667,3.25,-0.30547714,2024-07-20,25.08797191414032
2024-07-21,36.583336,2.8333435,,2024-07-21,27.42486183499686
2024-07-21,36.583336,2.9166718,,2024-07-21,22.513610945271516
2024-07-21,36.583336,3.0,,2024-07-21,19.289317853545782
2024-07-21,36.583336,3.0833435,,2024-07-21,18.648702135525184
2024-07-21,36.583336,3.1666718,,2024-07-21,20.831708919035847
2024-07-21,36.583336,3.25,,2024-07-21,25.112182506309033
2024-07-21,36.66667,2.8333435,,2024-07-21,22.228234819302035
2024-07-21,36.66667,2.9166718,,2024-07-21,15.782881420103022
2024-07-21,36.66667,3.0,,2024-07-21,10.698609465725811
2024-07-21,36.66667,3.0833435,,2024-07-21,9.496464669132697
2024-07-21,36.66667,3.1666718,,2024-07-21,13.276882967911245
2024-07-21,36.66667,3.25,,2024-07-21,19.306074472517334
2024-07-21,36.75,2.8333435,-0.29233605,2024-07-21,20.194040166169533
2024-07-21,36.75,2.9166718,,2024-07-21,12.76987826840439
2024-07-21,36.75,3.0,,2024-07-21,5.345713953294998
2024-07-21,36.75,3.0833435,-0.28908792,2024-07-21,2.079801567910821
2024-07-21,36.75,3.1666718,-0.2873471,2024-07-21,9.50394748445699
2024-07-21,36.75,3.25,,2024-07-21,16.92811061876691
2024-07-21,36.833336,2.8333435,-0.2916019,2024-07-21,22.20863381656194
2024-07-21,36.833336,2.9166718,-0.2900786,2024-07-21,15.772124592603511
2024-07-21,36.833336,3.0,-0.28848496,2024-07-21,10.696398658202174
2024-07-21,36.833336,3.0833435,-0.28710508,2024-07-21,9.496747682395155
2024-07-21,36.833336,3.1666718,-0.28580603,2024-07-21,13.270048906298761
2024-07-21,36.833336,3.25,-0.2856621,2024-07-21,19.290330362086166
2024-07-21,36.91667,2.8333435,-0.28877422,2024-07-21,27.393082527538727
2024-07-21,36.91667,2.9166718,-0.2861128,2024-07-21,22.49852861582144
2024-07-21,36.91667,3.0,-0.28499633,2024-07-21,19.286865452625985
2024-07-21,36.91667,3.0833435,-0.2854513,2024-07-21,18.648990373299995
2024-07-21,36.91667,3.1666718,-0.28695202,2024-07-21,20.82299777897512
2024-07-21,36.91667,3.25,-0.28937098,2024-07-21,25.08797191414032
2024-07-22,36.583336,2.8333435,,2024-07-22,27.42486183499686
2024-07-22,36.583336,2.9166718,,2024-07-22,22.513610945271516
2024-07-22,36.583336,3.0,,2024-07-22,19.289317853545782
2024-07-22,36.583336,3.0833435,,2024-07-22,18.648702135525184
2024-07-22,36.583336,3.1666718,,2024-07-22,20.831708919035847
2024-07-22,36.583336,3.25,,2024-07-22,25.112182506309033
2024-07-22,36.66667,2.8333435,,2024-07-22,22.228234819302035
2024-07-22,36.66667,2.9166718,,2024-07-22,15.782881420103022
2024-07-22,36.66667,3.0,,2024-07-22,10.698609465725811
2024-07-22,36.66667,3.0833435,,2024-07-22,9.496464669132697
2024-07-22,36.66667,3.1666718,,2024-07-22,13.276882967911245
2024-07-22,36.66667,3.25,,2024-07-22,19.306074472517334
2024-07-22,36.75,2.8333435,-0.30663982,2024-07-22,20.194040166169533
2024-07-22,36.75,2.9166718,,2024-07-22,12.76987826840439
2024-07-22,36.75,3.0,,2024-07-22,5.345713953294998
2024-07-22,36.75,3.0833435,-0.30830422,2024-07-22,2.079801567910821
2024-07-22,36.75,3.1666718,-0.30896175,2024-07-22,9.50394748445699
2024-07-22,36.75,3.25,,2024-07-22,16.92811061876691
2024-07-22,36.833336,2.8333435,-0.30941287,2024-07-22,22.20863381656194
2024-07-22,36.833336,2.9166718,-0.30840823,2024-07-22,15.772124592603511
2024-07-22,36.833336,3.0,-0.30772623,2024-07-22,10.696398658202174
2024-07-22,36.833336,3.0833435,-0.30724198,2024-07-22,9.496747682395155
2024-07-22,36.833336,3.1666718,-0.3083392,2024-07-22,13.270048906298761
2024-07-22,36.833336,3.25,-0.31056523,2024-07-22,19.290330362086166
2024-07-22,36.91667,2.8333435,-0.30816993,2024-07-22,27.393082527538727
2024-07-22,36.91667,2.9166718,-0.30642492,2024-07-22,22.49852861582144
2024-07-22,36.91667,3.0,-0.3057378,2024-07-22,19.286865452625985
2024-07-22,36.91667,3.0833435,-0.30700883,2024-07-22,18.648990373299995
2024-07-22,36.91667,3.1666718,-0.30996513,2024-07-22,20.82299777897512
2024-07-22,36.91667,3.25,-0.31421298,2024-07-22,25.08797191414032
2024-07-23,36.583336,2.8333435,,2024-07-23,27.42486183499686
2024-07-23,36.583336,2.9166718,,2024-07-23,22.513610945271516
2024-07-23,36.583336,3.0,,2024-07-23,19.289317853545782
2024-07-23,36.583336,3.0833435,,2024-07-23,18.648702135525184
2024-07-23,36.583336,3.1666718,,2024-07-23,20.831708919035847
2024-07-23,36.583336,3.25,,2024-07-23,25.112182506309033
2024-07-23,36.66667,2.8333435,,2024-07-23,22.228234819302035
2024-07-23,36.66667,2.9166718,,2024-07-23,15.782881420103022
2024-07-23,36.66667,3.0,,2024-07-23,10.698609465725811
2024-07-23,36.66667,3.0833435,,2024-07-23,9.496464669132697
2024-07-23,36.66667,3.1666718,,2024-07-23,13.276882967911245
2024-07-23,36.66667,3.25,,2024-07-23,19.306074472517334
2024-07-23,36.75,2.8333435,-0.31282362,2024-07-23,20.194040166169533
2024-07-23,36.75,2.9166718,,2024-07-23,12.76987826840439
2024-07-23,36.75,3.0,,2024-07-23,5.345713953294998
2024-07-23,36.75,3.0833435,-0.316849,2024-07-23,2.079801567910821
2024-07-23,36.75,3.1666718,-0.31626028,2024-07-23,9.50394748445699
2024-07-23,36.75,3.25,,2024-07-23,16.92811061876691
2024-07-23,36.833336,2.8333435,-0.31664652,2024-07-23,22.20863381656194
2024-07-23,36.833336,2.9166718,-0.31537467,2024-07-23,15.772124592603511
2024-07-23,36.833336,3.0,-0.31605482,2024-07-23,10.696398658202174
2024-07-23,36.833336,3.0833435,-0.31594107,2024-07-23,9.496747682395155
2024-07-23,36.833336,3.1666718,-0.31659967,2024-07-23,13.270048906298761
2024-07-23,36.833336,3.25,-0.31977144,2024-07-23,19.290330362086166
2024-07-23,36.91667,2.8333435,-0.31266573,2024-07-23,27.393082527538727
2024-07-23,36.91667,2.9166718,-0.3116736,2024-07-23,22.49852861582144
2024-07-23,36.91667,3.0,-0.31226647,2024-07-23,19.286865452625985
2024-07-23,36.91667,3.0833435,-0.3138675,2024-07-23,18.648990373299995
2024-07-23,36.91667,3.1666718,-0.31696802,2024-07-23,20.82299777897512
2024-07-23,36.91667,3.25,-0.3213327,2024-07-23,25.08797191414032
2024-07-24,36.583336,2.8333435,,2024-07-24,27.42486183499686
2024-07-24,36.583336,2.9166718,,2024-07-24,22.513610945271516
2024-07-24,36.583336,3.0,,2024-07-24,19.289317853545782
2024-07-24,36.583336,3.0833435,,2024-07-24,18.648702135525184
2024-07-24,36.583336,3.1666718,,2024-07-24,20.831708919035847
2024-07-24,36.583336,3.25,,2024-07-24,25.112182506309033
2024-07-24,36.66667,2.8333435,,2024-07-24,22.228234819302035
2024-07-24,36.66667,2.9166718,,2024-07-24,15.782881420103022
2024-07-24,36.66667,3.0,,2024-07-24,10.698609465725811
2024-07-24,36.66667,3.0833435,,2024-07-24,9.496464669132697
2024-07-24,36.66667,3.1666718,,2024-07-24,13.276882967911245
2024-07-24,36.66667,3.25,,2024-07-24,19.306074472517334
2024-07-24,36.75,2.8333435,-0.30111808,2024-07-24,20.194040166169533
2024-07-24,36.75,2.9166718,,2024-07-24,12.76987826840439
2024-07-24,36.75,3.0,,2024-07-24,5.345713953294998
2024-07-24,36.75,3.0833435,-0.30576867,2024-07-24,2.079801567910821
2024-07-24,36.75,3.1666718,-0.30553553,2024-07-24,9.50394748445699
2024-07-24,36.75,3.25,,2024-07-24,16.92811061876691
2024-07-24,36.833336,2.8333435,-0.30829397,2024-07-24,22.20863381656194
2024-07-24,36.833336,2.9166718,-0.30649015,2024-07-24,15.772124592603511
2024-07-24,36.833336,3.0,-0.30727157,2024-07-24,10.696398658202174
2024-07-24,36.833336,3.0833435,-0.3085997,2024-07-24,9.496747682395155
2024-07-24,36.833336,3.1666718,-0.31003737,2024-07-24,13.270048906298761
2024-07-24,36.833336,3.25,-0.31239596,2024-07-24,19.290330362086166
2024-07-24,36.91667,2.8333435,-0.30770576,2024-07-24,27.393082527538727
2024-07-24,36.91667,2.9166718,-0.3076144,2024-07-24,22.49852861582144
2024-07-24,36.91667,3.0,-0.30907458,2024-07-24,19.286865452625985
2024-07-24,36.91667,3.0833435,-0.3116947,2024-07-24,18.648990373299995
2024-07-24,36.91667,3.1666718,-0.3151135,2024-07-24,20.82299777897512
2024-07-24,36.91667,3.25,-0.31927088,2024-07-24,25.08797191414032
2024-07-25,36.583336,2.8333435,,2024-07-25,27.42486183499686
2024-07-25,36.583336,2.9166718,,2024-07-25,22.513610945271516
2024-07-25,36.583336,3.0,,2024-07-25,19.289317853545782
2024-07-25,36.583336,3.0833435,,2024-07-25,18.648702135525184
2024-07-25,36.583336,3.1666718,,2024-07-25,20.831708919035847
2024-07-25,36.583336,3.25,,2024-07-25,25.112182506309033
2024-07-25,36.66667,2.8333435,,2024-07-25,22.228234819302035
2024-07-25,36.66667,2.9166718,,2024-07-25,15.782881420103022
2024-07-25,36.66667,3.0,,2024-07-25,10.698609465725811
2024-07-25,36.66667,3.0833435,,2024-07-25,9.496464669132697
2024-07-25,36.66667,3.1666718,,2024-07-25,13.276882967911245
2024-07-25,36.66667,3.25,,2024-07-25,19.306074472517334
2024-07-25,36.75,2.8333435,-0.28800446,2024-07-25,20.194040166169533
2024-07-25,36.75,2.9166718,,2024-07-25,12.76987826840439
2024-07-25,36.75,3.0,,2024-07-25,5.345713953294998
2024-07-25,36.75,3.0833435,-0.28922454,2024-07-25,2.079801567910821
2024-07-25,36.75,3.1666718,-0.2885963,2024-07-25,9.50394748445699
2024-07-25,36.75,3.25,,2024-07-25,16.92811061876691
2024-07-25,36.833336,2.8333435,-0.29315153,2024-07-25,22.20863381656194
2024-07-25,36.833336,2.9166718,-0.29094812,2024-07-25,15.772124592603511
2024-07-25,36.833336,3.0,-0.2923356,2024-07-25,10.696398658202174
2024-07-25,36.833336,3.0833435,-0.29403985,2024-07-25,9.496747682395155
2024-07-25,36.833336,3.1666718,-0.29441053,2024-07-25,13.270048906298761
2024-07-25,36.833336,3.25,-0.29515952,2024-07-25,19.290330362086166
2024-07-25,36.91667,2.8333435,-0.29299933,2024-07-25,27.393082527538727
2024-07-25,36.91667,2.9166718,-0.2926727,2024-07-25,22.49852861582144
2024-07-25,36.91667,3.0,-0.29464084,2024-07-25,19.286865452625985
2024-07-25,36.91667,3.0833435,-0.29736945,2024-07-25,18.648990373299995
2024-07-25,36.91667,3.1666718,-0.30023655,2024-07-25,20.82299777897512
2024-07-25,36.91667,3.25,-0.30399007,2024-07-25,25.08797191414032
2024-07-26,36.583336,2.8333435,,2024-07-26,27.42486183499686
2024-07-26,36.583336,2.9166718,,2024-07-26,22.513610945271516
2024-07-26,36.583336,3.0,,2024-07-26,19.289317853545782
2024-07-26,36.583336,3.0833435,,2024-07-26,18.648702135525184
2024-07-26,36.583336,3.1666718,,2024-07-26,20.831708919035847
2024-07-26,36.583336,3.25,,2024-07-26,25.112182506309033
2024-07-26,36.66667,2.8333435,,2024-07-26,22.228234819302035
2024-07-26,36.66667,2.9166718,,2024-07-26,15.782881420103022
2024-07-26,36.66667,3.0,,2024-07-26,10.698609465725811
2024-07-26,36.66667,3.0833435,,2024-07-26,9.496464669132697
2024-07-26,36.66667,3.1666718,,2024-07-26,13.276882967911245
2024-07-26,36.66667,3.25,,2024-07-26,19.306074472517334
2024-07-26,36.75,2.8333435,-0.27447236,2024-07-26,20.194040166169533
2024-07-26,36.75,2.9166718,,2024-07-26,12.76987826840439
2024-07-26,36.75,3.0,,2024-07-26,5.345713953294998
2024-07-26,36.75,3.0833435,-0.27850387,2024-07-26,2.079801567910821
2024-07-26,36.75,3.1666718,-0.278565,2024-07-26,9.50394748445699
2024-07-26,36.75,3.25,,2024-07-26,16.92811061876691
2024-07-26,36.833336,2.8333435,-0.2795973,2024-07-26,22.20863381656194
2024-07-26,36.833336,2.9166718,-0.27801415,2024-07-26,15.772124592603511
2024-07-26,36.833336,3.0,-0.28003633,2024-07-26,10.696398658202174
2024-07-26,36.833336,3.0833435,-0.28251252,2024-07-26,9.496747682395155
2024-07-26,36.833336,3.1666718,-0.28358564,2024-07-26,13.270048906298761
2024-07-26,36.833336,3.25,-0.28458828,2024-07-26,19.290330362086166
2024-07-26,36.91667,2.8333435,-0.2783328,2024-07-26,27.393082527538727
2024-07-26,36.91667,2.9166718,-0.27777112,2024-07-26,22.49852861582144
2024-07-26,36.91667,3.0,-0.2797072,2024-07-26,19.286865452625985
2024-07-26,36.91667,3.0833435,-0.28276142,2024-07-26,18.648990373299995
2024-07-26,36.91667,3.1666718,-0.2859469,2024-07-26,20.82299777897512
2024-07-26,36.91667,3.25,-0.29009455,2024-07-26,25.08797191414032
2024-07-27,36.583336,2.8333435,,2024-07-27,27.42486183499686
2024-07-27,36.583336,2.9166718,,2024-07-27,22.513610945271516
2024-07-27,36.583336,3.0,,2024-07-27,19.289317853545782
2024-07-27,36.583336,3.0833435,,2024-07-27,18.648702135525184
2024-07-27,36.583336,3.1666718,,2024-07-27,20.831708919035847
2024-07-27,36.583336,3.25,,2024-07-27,25.112182506309033
2024-07-27,36.66667,2.8333435,,2024-07-27,22.228234819302035
2024-07-27,36.66667,2.9166718,,2024-07-27,15.782881420103022
2024-07-27,36.66667,3.0,,2024-07-27,10.698609465725811
2024-07-27,36.66667,3.0833435,,2024-07-27,9.496464669132697
2024-07-27,36.66667,3.1666718,,2024-07-27,13.276882967911245
2024-07-27,36.66667,3.25,,2024-07-27,19.306074472517334
2024-07-27,36.75,2.8333435,-0.26652697,2024-07-27,20.194040166169533
2024-07-27,36.75,2.9166718,,2024-07-27,12.76987826840439
2024-07-27,36.75,3.0,,2024-07-27,5.345713953294998
2024-07-27,36.75,3.0833435,-0.27068222,2024-07-27,2.079801567910821
2024-07-27,36.75,3.1666718,-0.26983815,2024-07-27,9.50394748445699
2024-07-27,36.75,3.25,,2024-07-27,16.92811061876691
2024-07-27,36.833336,2.8333435,-0.27490783,2024-07-27,22.20863381656194
2024-07-27,36.833336,2.9166718,-0.27215588,2024-07-27,15.772124592603511
2024-07-27,36.833336,3.0,-0.2736416,2024-07-27,10.696398658202174
2024-07-27,36.833336,3.0833435,-0.27680895,2024-07-27,9.496747682395155
2024-07-27,36.833336,3.1666718,-0.27841243,2024-07-27,13.270048906298761
2024-07-27,36.833336,3.25,-0.27903432,2024-07-27,19.290330362086166
2024-07-27,36.91667,2.8333435,-0.27640864,2024-07-27,27.393082527538727
2024-07-27,36.91667,2.9166718,-0.27555263,2024-07-27,22.49852861582144
2024-07-27,36.91667,3.0,-0.27732784,2024-07-27,19.286865452625985
2024-07-27,36.91667,3.0833435,-0.28059185,2024-07-27,18.648990373299995
2024-07-27,36.91667,3.1666718,-0.28451768,2024-07-27,20.82299777897512
2024-07-27,36.91667,3.25,-0.2893345,2024-07-27,25.08797191414032
2024-07-28,36.583336,2.8333435,,2024-07-28,27.42486183499686
2024-07-28,36.583336,2.9166718,,2024-07-28,22.513610945271516
2024-07-28,36.583336,3.0,,2024-07-28,19.289317853545782
2024-07-28,36.583336,3.0833435,,2024-07-28,18.648702135525184
2024-07-28,36.583336,3.1666718,,2024-07-28,20.831708919035847
2024-07-28,36.583336,3.25,,2024-07-28,25.112182506309033
2024-07-28,36.66667,2.8333435,,2024-07-28,22.228234819302035
2024-07-28,36.66667,2.9166718,,2024-07-28,15.782881420103022
2024-07-28,36.66667,3.0,,2024-07-28,10.698609465725811
2024-07-28,36.66667,3.0833435,,2024-07-28,9.496464669132697
2024-07-28,36.66667,3.1666718,,2024-07-28,13.276882967911245
2024-07-28,36.66667,3.25,,2024-07-28,19.306074472517334
2024-07-28,36.75,2.8333435,-0.2677257,2024-07-28,20.194040166169533
2024-07-28,36.75,2.9166718,,2024-07-28,12.76987826840439
2024-07-28,36.75,3.0,,2024-07-28,5.345713953294998
2024-07-28,36.75,3.0833435,-0.2710148,2024-07-28,2.079801567910821
2024-07-28,36.75,3.1666718,-0.27022278,2024-07-28,9.50394748445699
2024-07-28,36.75,3.25,,2024-07-28,16.92811061876691
2024-07-28,36.833336,2.8333435,-0.27848417,2024-07-28,22.20863381656194
2024-07-28,36.833336,2.9166718,-0.27472413,2024-07-28,15.772124592603511
2024-07-28,36.833336,3.0,-0.2748878,2024-07-28,10.696398658202174
2024-07-28,36.833336,3.0833435,-0.27844295,2024-07-28,9.496747682395155
2024-07-28,36.833336,3.1666718,-0.28112486,2024-07-28,13.270048906298761
2024-07-28,36.833336,3.25,-0.28264603,2024-07-28,19.290330362086166
2024-07-28,36.91667,2.8333435,-0.28181365,2024-07-28,27.393082527538727
2024-07-28,36.91667,2.9166718,-0.281044,2024-07-28,22.49852861582144
2024-07-28,36.91667,3.0,-0.28282833,2024-07-28,19.286865452625985
2024-07-28,36.91667,3.0833435,-0.28695938,2024-07-28,18.648990373299995
2024-07-28,36.91667,3.1666718,-0.29222783,2024-07-28,20.82299777897512
2024-07-28,36.91667,3.25,-0.29817006,2024-07-28,25.08797191414032
2024-07-29,36.583336,2.8333435,,2024-07-29,27.42486183499686
2024-07-29,36.583336,2.9166718,,2024-07-29,22.513610945271516
2024-07-29,36.583336,3.0,,2024-07-29,19.289317853545782
2024-07-29,36.583336,3.0833435,,2024-07-29,18.648702135525184
2024-07-29,36.583336,3.1666718,,2024-07-29,20.831708919035847
2024-07-29,36.583336,3.25,,2024-07-29,25.112182506309033
2024-07-29,36.66667,2.8333435,,2024-07-29,22.228234819302035
2024-07-29,36.66667,2.9166718,,2024-07-29,15.782881420103022
2024-07-29,36.66667,3.0,,2024-07-29,10.698609465725811
2024-07-29,36.66667,3.0833435,,2024-07-29,9.496464669132697
2024-07-29,36.66667,3.1666718,,2024-07-29,13.276882967911245
2024-07-29,36.66667,3.25,,2024-07-29,19.306074472517334
2024-07-29,36.75,2.8333435,-0.28140986,2024-07-29,20.194040166169533
2024-07-29,36.75,2.9166718,,2024-07-29,12.76987826840439
2024-07-29,36.75,3.0,,2024-07-29,5.345713953294998
2024-07-29,36.75,3.0833435,-0.28392932,2024-07-29,2.079801567910821
2024-07-29,36.75,3.1666718,-0.2842788,2024-07-29,9.50394748445699
2024-07-29,36.75,3.25,,2024-07-29,16.92811061876691
2024-07-29,36.833336,2.8333435,-0.28978434,2024-07-29,22.20863381656194
2024-07-29,36.833336,2.9166718,-0.2875499,2024-07-29,15.772124592603511
2024-07-29,36.833336,3.0,-0.28863135,2024-07-29,10.696398658202174
2024-07-29,36.833336,3.0833435,-0.29157275,2024-07-29,9.496747682395155
2024-07-29,36.833336,3.1666718,-0.29432702,2024-07-29,13.270048906298761
2024-07-29,36.833336,3.25,-0.29665613,2024-07-29,19.290330362086166
2024-07-29,36.91667,2.8333435,-0.29016376,2024-07-29,27.393082527538727
2024-07-29,36.91667,2.9166718,-0.29092053,2024-07-29,22.49852861582144
2024-07-29,36.91667,3.0,-0.293969,2024-07-29,19.286865452625985
2024-07-29,36.91667,3.0833435,-0.29854846,2024-07-29,18.648990373299995
2024-07-29,36.91667,3.1666718,-0.30389008,2024-07-29,20.82299777897512
2024-07-29,36.91667,3.25,-0.30977705,2024-07-29,25.08797191414032
2024-07-30,36.583336,2.8333435,,2024-07-30,27.42486183499686
2024-07-30,36.583336,2.9166718,,2024-07-30,22.513610945271516
2024-07-30,36.583336,3.0,,2024-07-30,19.289317853545782
2024-07-30,36.583336,3.0833435,,2024-07-30,18.648702135525184
2024-07-30,36.583336,3.1666718,,2024-07-30,20.831708919035847
2024-07-30,36.583336,3.25,,2024-07-30,25.112182506309033
2024-07-30,36.66667,2.8333435,,2024-07-30,22.228234819302035
2024-07-30,36.66667,2.9166718,,2024-07-30,15.782881420103022
2024-07-30,36.66667,3.0,,2024-07-30,10.698609465725811
2024-07-30,36.66667,3.0833435,,2024-07-30,9.496464669132697
2024-07-30,36.66667,3.1666718,,2024-07-30,13.276882967911245
2024-07-30,36.66667,3.25,,2024-07-30,19.306074472517334
2024-07-30,36.75,2.8333435,-0.2884848,2024-07-30,20.194040166169533
2024-07-30,36.75,2.9166718,,2024-07-30,12.76987826840439
2024-07-30,36.75,3.0,,2024-07-30,5.345713953294998
2024-07-30,36.75,3.0833435,-0.2889263,2024-07-30,2.079801567910821
2024-07-30,36.75,3.1666718,-0.2882018,2024-07-30,9.50394748445699
2024-07-30,36.75,3.25,,2024-07-30,16.92811061876691
2024-07-30,36.833336,2.8333435,-0.29067338,2024-07-30,22.20863381656194
2024-07-30,36.833336,2.9166718,-0.28999457,2024-07-30,15.772124592603511
2024-07-30,36.833336,3.0,-0.29234537,2024-07-30,10.696398658202174
2024-07-30,36.833336,3.0833435,-0.29502785,2024-07-30,9.496747682395155
2024-07-30,36.833336,3.1666718,-0.29672295,2024-07-30,13.270048906298761
2024-07-30,36.833336,3.25,-0.29839686,2024-07-30,19.290330362086166
2024-07-30,36.91667,2.8333435,-0.2851944,2024-07-30,27.393082527538727
2024-07-30,36.91667,2.9166718,-0.28738922,2024-07-30,22.49852861582144
2024-07-30,36.91667,3.0,-0.2915159,2024-07-30,19.286865452625985
2024-07-30,36.91667,3.0833435,-0.29667756,2024-07-30,18.648990373299995
2024-07-30,36.91667,3.1666718,-0.30163392,2024-07-30,20.82299777897512
2024-07-30,36.91667,3.25,-0.30644175,2024-07-30,25.08797191414032
2024-07-31,36.583336,2.8333435,,2024-07-31,27.42486183499686
2024-07-31,36.583336,2.9166718,,2024-07-31,22.513610945271516
2024-07-31,36.583336,3.0,,2024-07-31,19.289317853545782
2024-07-31,36.583336,3.0833435,,2024-07-31,18.648702135525184
2024-07-31,36.583336,3.1666718,,2024-07-31,20.831708919035847
2024-07-31,36.583336,3.25,,2024-07-31,25.112182506309033
2024-07-31,36.66667,2.8333435,,2024-07-31,22.228234819302035
2024-07-31,36.66667,2.9166718,,2024-07-31,15.782881420103022
2024-07-31,36.66667,3.0,,2024-07-31,10.698609465725811
2024-07-31,36.66667,3.0833435,,2024-07-31,9.496464669132697
2024-07-31,36.66667,3.1666718,,2024-07-31,13.276882967911245
2024-07-31,36.66667,3.25,,2024-07-31,19.306074472517334
2024-07-31,36.75,2.8333435,-0.28843436,2024-07-31,20.194040166169533
2024-07-31,36.75,2.9166718,,2024-07-31,12.76987826840439
2024-07-31,36.75,3.0,,2024-07-31,5.345713953294998
2024-07-31,36.75,3.0833435,-0.29410467,2024-07-31,2.079801567910821
2024-07-31,36.75,3.1666718,-0.29245275,2024-07-31,9.50394748445699
2024-07-31,36.75,3.25,,2024-07-31,16.92811061876691
2024-07-31,36.833336,2.8333435,-0.29088187,2024-07-31,22.20863381656194
2024-07-31,36.833336,2.9166718,-0.29085577,2024-07-31,15.772124592603511
2024-07-31,36.833336,3.0,-0.293664,2024-07-31,10.696398658202174
2024-07-31,36.833336,3.0833435,-0.2973848,2024-07-31,9.496747682395155
2024-07-31,36.833336,3.1666718,-0.2988732,2024-07-31,13.270048906298761
2024-07-31,36.833336,3.25,-0.29954663,2024-07-31,19.290330362086166
2024-07-31,36.91667,2.8333435,-0.28106707,2024-07-31,27.393082527538727
2024-07-31,36.91667,2.9166718,-0.28443426,2024-07-31,22.49852861582144
2024-07-31,36.91667,3.0,-0.28957558,2024-07-31,19.286865452625985
2024-07-31,36.91667,3.0833435,-0.29536432,2024-07-31,18.648990373299995
2024-07-31,36.91667,3.1666718,-0.3006076,2024-07-31,20.82299777897512
2024-07-31,36.91667,3.25,-0.30521816,2024-07-31,25.08797191414032
2024-08-01,36.583336,2.8333435,,2024-08-01,27.42486183499686
2024-08-01,36.583336,2.9166718,,2024-08-01,22.513610945271516
2024-08-01,36.583336,3.0,,2024-08-01,19.289317853545782
2024-08-01,36.583336,3.0833435,,2024-08-01,18.648702135525184
2024-08-01,36.583336,3.1666718,,2024-08-01,20.831708919035847
2024-08-01,36.583336,3.25,,2024-08-01,25.112182506309033
2024-08-01,36.66667,2.8333435,,2024-08-01,22.228234819302035
2024-08-01,36.66667,2.9166718,,2024-08-01,15.782881420103022
2024-08-01,36.66667,3.0,,2024-08-01,10.698609465725811
2024-08-01,36.66667,3.0833435,,2024-08-01,9.496464669132697
2024-08-01,36.66667,3.1666718,,2024-08-01,13.276882967911245
2024-08-01,36.66667,3.25,,2024-08-01,19.306074472517334
2024-08-01,36.75,2.8333435,-0.25329688,2024-08-01,20.194040166169533
2024-08-01,36.75,2.9166718,,2024-08-01,12.76987826840439
2024-08-01,36.75,3.0,,2024-08-01,5.345713953294998
2024-08-01,36.75,3.0833435,-0.25813586,2024-08-01,2.079801567910821
2024-08-01,36.75,3.1666718,-0.25792795,2024-08-01,9.50394748445699
2024-08-01,36.75,3.25,,2024-08-01,16.92811061876691
2024-08-01,36.833336,2.8333435,-0.26025423,2024-08-01,22.20863381656194
2024-08-01,36.833336,2.9166718,-0.25676945,2024-08-01,15.772124592603511
2024-08-01,36.833336,3.0,-0.2580803,2024-08-01,10.696398658202174
2024-08-01,36.833336,3.0833435,-0.2629478,2024-08-01,9.496747682395155
2024-08-01,36.833336,3.1666718,-0.26653683,2024-08-01,13.270048906298761
2024-08-01,36.833336,3.25,-0.2679386,2024-08-01,19.290330362086166
2024-08-01,36.91667,2.8333435,-0.25380448,2024-08-01,27.393082527538727
2024-08-01,36.91667,2.9166718,-0.2561495,2024-08-01,22.49852861582144
2024-08-01,36.91667,3.0,-0.26109782,2024-08-01,19.286865452625985
2024-08-01,36.91667,3.0833435,-0.2670468,2024-08-01,18.648990373299995
2024-08-01,36.91667,3.1666718,-0.27285513,2024-08-01,20.82299777897512
2024-08-01,36.91667,3.25,-0.2780426,2024-08-01,25.08797191414032
2024-08-02,36.583336,2.8333435,,2024-08-02,27.42486183499686
2024-08-02,36.583336,2.9166718,,2024-08-02,22.513610945271516
2024-08-02,36.583336,3.0,,2024-08-02,19.289317853545782
2024-08-02,36.583336,3.0833435,,2024-08-02,18.648702135525184
2024-08-02,36.583336,3.1666718,,2024-08-02,20.831708919035847
2024-08-02,36.583336,3.25,,2024-08-02,25.112182506309033
2024-08-02,36.66667,2.8333435,,2024-08-02,22.228234819302035
2024-08-02,36.66667,2.9166718,,2024-08-02,15.782881420103022
2024-08-02,36.66667,3.0,,2024-08-02,10.698609465725811
2024-08-02,36.66667,3.0833435,,2024-08-02,9.496464669132697
2024-08-02,36.66667,3.1666718,,2024-08-02,13.276882967911245
2024-08-02,36.66667,3.25,,2024-08-02,19.306074472517334
2024-08-02,36.75,2.8333435,-0.26480234,2024-08-02,20.194040166169533
2024-08-02,36.75,2.9166718,,2024-08-02,12.76987826840439
2024-08-02,36.75,3.0,,2024-08-02,5.345713953294998
2024-08-02,36.75,3.0833435,-0.26247537,2024-08-02,2.079801567910821
2024-08-02,36.75,3.1666718,-0.26324952,2024-08-02,9.50394748445699
2024-08-02,36.75,3.25,,2024-08-02,16.92811061876691
2024-08-02,36.833336,2.8333435,-0.26596367,2024-08-02,22.20863381656194
2024-08-02,36.833336,2.9166718,-0.26236105,2024-08-02,15.772124592603511
2024-08-02,36.833336,3.0,-0.26298684,2024-08-02,10.696398658202174
2024-08-02,36.833336,3.0833435,-0.2654945,2024-08-02,9.496747682395155
2024-08-02,36.833336,3.1666718,-0.26812282,2024-08-02,13.270048906298761
2024-08-02,36.833336,3.25,-0.2696838,2024-08-02,19.290330362086166
2024-08-02,36.91667,2.8333435,-0.25706753,2024-08-02,27.393082527538727
2024-08-02,36.91667,2.9166718,-0.25927824,2024-08-02,22.49852861582144
2024-08-02,36.91667,3.0,-0.2636251,2024-08-02,19.286865452625985
2024-08-02,36.91667,3.0833435,-0.26897493,2024-08-02,18.648990373299995
2024-08-02,36.91667,3.1666718,-0.2743839,2024-08-02,20.82299777897512
2024-08-02,36.91667,3.25,-0.27957544,2024-08-02,25.08797191414032
2024-08-03,36.583336,2.8333435,,2024-08-03,27.42486183499686
2024-08-03,36.583336,2.9166718,,2024-08-03,22.513610945271516
2024-08-03,36.583336,3.0,,2024-08-03,19.289317853545782
2024-08-03,36.583336,3.0833435,,2024-08-03,18.648702135525184
2024-08-03,36.583336,3.1666718,,2024-08-03,20.831708919035847
2024-08-03,36.583336,3.25,,2024-08-03,25.112182506309033
2024-08-03,36.66667,2.8333435,,2024-08-03,22.228234819302035
2024-08-03,36.66667,2.9166718,,2024-08-03,15.782881420103022
2024-08-03,36.66667,3.0,,2024-08-03,10.698609465725811
2024-08-03,36.66667,3.0833435,,2024-08-03,9.496464669132697
2024-08-03,36.66667,3.1666718,,2024-08-03,13.276882967911245
2024-08-03,36.66667,3.25,,2024-08-03,19.306074472517334
2024-08-03,36.75,2.8333435,-0.2696859,2024-08-03,20.194040166169533
2024-08-03,36.75,2.9166718,,2024-08-03,12.76987826840439
2024-08-03,36.75,3.0,,2024-08-03,5.345713953294998
2024-08-03,36.75,3.0833435,-0.2687203,2024-08-03,2.079801567910821
2024-08-03,36.75,3.1666718,-0.27009994,2024-08-03,9.50394748445699
2024-08-03,36.75,3.25,,2024-08-03,16.92811061876691
2024-08-03,36.833336,2.8333435,-0.27319324,2024-08-03,22.20863381656194
2024-08-03,36.833336,2.9166718,-0.2694472,2024-08-03,15.772124592603511
2024-08-03,36.833336,3.0,-0.26913434,2024-08-03,10.696398658202174
2024-08-03,36.833336,3.0833435,-0.27125397,2024-08-03,9.496747682395155
2024-08-03,36.833336,3.1666718,-0.27385914,2024-08-03,13.270048906298761
2024-08-03,36.833336,3.25,-0.27565113,2024-08-03,19.290330362086166
2024-08-03,36.91667,2.8333435,-0.26755533,2024-08-03,27.393082527538727
2024-08-03,36.91667,2.9166718,-0.26991278,2024-08-03,22.49852861582144
2024-08-03,36.91667,3.0,-0.2742374,2024-08-03,19.286865452625985
2024-08-03,36.91667,3.0833435,-0.27944428,2024-08-03,18.648990373299995
2024-08-03,36.91667,3.1666718,-0.28444523,2024-08-03,20.82299777897512
2024-08-03,36.91667,3.25,-0.2891174,2024-08-03,25.08797191414032
2024-08-04,36.583336,2.8333435,,2024-08-04,27.42486183499686
2024-08-04,36.583336,2.9166718,,2024-08-04,22.513610945271516
2024-08-04,36.583336,3.0,,2024-08-04,19.289317853545782
2024-08-04,36.583336,3.0833435,,2024-08-04,18.648702135525184
2024-08-04,36.583336,3.1666718,,2024-08-04,20.831708919035847
2024-08-04,36.583336,3.25,,2024-08-04,25.112182506309033
2024-08-04,36.66667,2.8333435,,2024-08-04,22.228234819302035
2024-08-04,36.66667,2.9166718,,2024-08-04,15.782881420103022
2024-08-04,36.66667,3.0,,2024-08-04,10.698609465725811
2024-08-04,36.66667,3.0833435,,2024-08-04,9.496464669132697
2024-08-04,36.66667,3.1666718,,2024-08-04,13.276882967911245
2024-08-04,36.66667,3.25,,2024-08-04,19.306074472517334
2024-08-04,36.75,2.8333435,-0.28488225,2024-08-04,20.194040166169533
2024-08-04,36.75,2.9166718,,2024-08-04,12.76987826840439
2024-08-04,36.75,3.0,,2024-08-04,5.345713953294998
2024-08-04,36.75,3.0833435,-0.28956932,2024-08-04,2.079801567910821
2024-08-04,36.75,3.1666718,-0.2906595,2024-08-04,9.50394748445699
2024-08-04,36.75,3.25,,2024-08-04,16.92811061876691
2024-08-04,36.833336,2.8333435,-0.29332703,2024-08-04,22.20863381656194
2024-08-04,36.833336,2.9166718,-0.290437,2024-08-04,15.772124592603511
2024-08-04,36.833336,3.0,-0.29088008,2024-08-04,10.696398658202174
2024-08-04,36.833336,3.0833435,-0.29235023,2024-08-04,9.496747682395155
2024-08-04,36.833336,3.1666718,-0.29444396,2024-08-04,13.270048906298761
2024-08-04,36.833336,3.25,-0.29686347,2024-08-04,19.290330362086166
2024-08-04,36.91667,2.8333435,-0.2908803,2024-08-04,27.393082527538727
2024-08-04,36.91667,2.9166718,-0.29251856,2024-08-04,22.49852861582144
2024-08-04,36.91667,3.0,-0.29570165,2024-08-04,19.286865452625985
2024-08-04,36.91667,3.0833435,-0.29980755,2024-08-04,18.648990373299995
2024-08-04,36.91667,3.1666718,-0.30383635,2024-08-04,20.82299777897512
2024-08-04,36.91667,3.25,-0.30760622,2024-08-04,25.08797191414032
2024-08-05,36.583336,2.8333435,,2024-08-05,27.42486183499686
2024-08-05,36.583336,2.9166718,,2024-08-05,22.513610945271516
2024-08-05,36.583336,3.0,,2024-08-05,19.289317853545782
2024-08-05,36.583336,3.0833435,,2024-08-05,18.648702135525184
2024-08-05,36.583336,3.1666718,,2024-08-05,20.831708919035847
2024-08-05,36.583336,3.25,,2024-08-05,25.112182506309033
2024-08-05,36.66667,2.8333435,,2024-08-05,22.228234819302035
2024-08-05,36.66667,2.9166718,,2024-08-05,15.782881420103022
2024-08-05,36.66667,3.0,,2024-08-05,10.698609465725811
2024-08-05,36.66667,3.0833435,,2024-08-05,9.496464669132697
2024-08-05,36.66667,3.1666718,,2024-08-05,13.276882967911245
2024-08-05,36.66667,3.25,,2024-08-05,19.306074472517334
2024-08-05,36.75,2.8333435,-0.2841464,2024-08-05,20.194040166169533
2024-08-05,36.75,2.9166718,,2024-08-05,12.76987826840439
2024-08-05,36.75,3.0,,2024-08-05,5.345713953294998
2024-08-05,36.75,3.0833435,-0.28961533,2024-08-05,2.079801567910821
2024-08-05,36.75,3.1666718,-0.28910995,2024-08-05,9.50394748445699
2024-08-05,36.75,3.25,,2024-08-05,16.92811061876691
2024-08-05,36.833336,2.8333435,-0.29402918,2024-08-05,22.20863381656194
2024-08-05,36.833336,2.9166718,-0.2916835,2024-08-05,15.772124592603511
2024-08-05,36.833336,3.0,-0.29213193,2024-08-05,10.696398658202174
2024-08-05,36.833336,3.0833435,-0.29372033,2024-08-05,9.496747682395155
2024-08-05,36.833336,3.1666718,-0.29507965,2024-08-05,13.270048906298761
2024-08-05,36.833336,3.25,-0.29575902,2024-08-05,19.290330362086166
2024-08-05,36.91667,2.8333435,-0.29321298,2024-08-05,27.393082527538727
2024-08-05,36.91667,2.9166718,-0.2950731,2024-08-05,22.49852861582144
2024-08-05,36.91667,3.0,-0.2973553,2024-08-05,19.286865452625985
2024-08-05,36.91667,3.0833435,-0.30063632,2024-08-05,18.648990373299995
2024-08-05,36.91667,3.1666718,-0.3036828,2024-08-05,20.82299777897512
2024-08-05,36.91667,3.25,-0.30653343,2024-08-05,25.08797191414032
2024-08-06,36.583336,2.8333435,,2024-08-06,27.42486183499686
2024-08-06,36.583336,2.9166718,,2024-08-06,22.513610945271516
2024-08-06,36.583336,3.0,,2024-08-06,19.289317853545782
2024-08-06,36.583336,3.0833435,,2024-08-06,18.648702135525184
2024-08-06,36.583336,3.1666718,,2024-08-06,20.831708919035847
2024-08-06,36.583336,3.25,,2024-08-06,25.112182506309033
2024-08-06,36.66667,2.8333435,,2024-08-06,22.228234819302035
2024-08-06,36.66667,2.9166718,,2024-08-06,15.782881420103022
2024-08-06,36.66667,3.0,,2024-08-06,10.698609465725811
2024-08-06,36.66667,3.0833435,,2024-08-06,9.496464669132697
2024-08-06,36.66667,3.1666718,,2024-08-06,13.276882967911245
2024-08-06,36.66667,3.25,,2024-08-06,19.306074472517334
2024-08-06,36.75,2.8333435,-0.29701158,2024-08-06,20.194040166169533
2024-08-06,36.75,2.9166718,,2024-08-06,12.76987826840439
2024-08-06,36.75,3.0,,2024-08-06,5.345713953294998
2024-08-06,36.75,3.0833435,-0.3010383,2024-08-06,2.079801567910821
2024-08-06,36.75,3.1666718,-0.30000252,2024-08-06,9.50394748445699
2024-08-06,36.75,3.25,,2024-08-06,16.92811061876691
2024-08-06,36.833336,2.8333435,-0.30432963,2024-08-06,22.20863381656194
2024-08-06,36.833336,2.9166718,-0.30284202,2024-08-06,15.772124592603511
2024-08-06,36.833336,3.0,-0.30295408,2024-08-06,10.696398658202174
2024-08-06,36.833336,3.0833435,-0.3040525,2024-08-06,9.496747682395155
2024-08-06,36.833336,3.1666718,-0.30440757,2024-08-06,13.270048906298761
2024-08-06,36.833336,3.25,-0.30380392,2024-08-06,19.290330362086166
2024-08-06,36.91667,2.8333435,-0.29936612,2024-08-06,27.393082527538727
2024-08-06,36.91667,2.9166718,-0.30227536,2024-08-06,22.49852861582144
2024-08-06,36.91667,3.0,-0.30437207,2024-08-06,19.286865452625985
2024-08-06,36.91667,3.0833435,-0.30668646,2024-08-06,18.648990373299995
2024-08-06,36.91667,3.1666718,-0.3087889,2024-08-06,20.82299777897512
2024-08-06,36.91667,3.25,-0.3105211,2024-08-06,25.08797191414032
2024-08-07,36.583336,2.8333435,,2024-08-07,27.42486183499686
2024-08-07,36.583336,2.9166718,,2024-08-07,22.513610945271516
2024-08-07,36.583336,3.0,,2024-08-07,19.289317853545782
2024-08-07,36.583336,3.0833435,,2024-08-07,18.648702135525184
2024-08-07,36.583336,3.1666718,,2024-08-07,20.831708919035847
2024-08-07,36.583336,3.25,,2024-08-07,25.112182506309033
2024-08-07,36.66667,2.8333435,,2024-08-07,22.228234819302035
2024-08-07,36.66667,2.9166718,,2024-08-07,15.782881420103022
2024-08-07,36.66667,3.0,,2024-08-07,10.698609465725811
2024-08-07,36.66667,3.0833435,,2024-08-07,9.496464669132697
2024-08-07,36.66667,3.1666718,,2024-08-07,13.276882967911245
2024-08-07,36.66667,3.25,,2024-08-07,19.306074472517334
2024-08-07,36.75,2.8333435,-0.3050845,2024-08-07,20.194040166169533
2024-08-07,36.75,2.9166718,,2024-08-07,12.76987826840439
2024-08-07,36.75,3.0,,2024-08-07,5.345713953294998
2024-08-07,36.75,3.0833435,-0.31345737,2024-08-07,2.079801567910821
2024-08-07,36.75,3.1666718,-0.31386974,2024-08-07,9.50394748445699
2024-08-07,36.75,3.25,,2024-08-07,16.92811061876691
2024-08-07,36.833336,2.8333435,-0.3125006,2024-08-07,22.20863381656194
2024-08-07,36.833336,2.9166718,-0.3117073,2024-08-07,15.772124592603511
2024-08-07,36.833336,3.0,-0.3136213,2024-08-07,10.696398658202174
2024-08-07,36.833336,3.0833435,-0.31637084,2024-08-07,9.496747682395155
2024-08-07,36.833336,3.1666718,-0.31846258,2024-08-07,13.270048906298761
2024-08-07,36.833336,3.25,-0.3191973,2024-08-07,19.290330362086166
2024-08-07,36.91667,2.8333435,-0.30587584,2024-08-07,27.393082527538727
2024-08-07,36.91667,2.9166718,-0.30917364,2024-08-07,22.49852861582144
2024-08-07,36.91667,3.0,-0.3123265,2024-08-07,19.286865452625985
2024-08-07,36.91667,3.0833435,-0.31583315,2024-08-07,18.648990373299995
2024-08-07,36.91667,3.1666718,-0.31880108,2024-08-07,20.82299777897512
2024-08-07,36.91667,3.25,-0.3208673,2024-08-07,25.08797191414032
2024-08-08,36.583336,2.8333435,,2024-08-08,27.42486183499686
2024-08-08,36.583336,2.9166718,,2024-08-08,22.513610945271516
2024-08-08,36.583336,3.0,,2024-08-08,19.289317853545782
2024-08-08,36.583336,3.0833435,,2024-08-08,18.648702135525184
2024-08-08,36.583336,3.1666718,,2024-08-08,20.831708919035847
2024-08-08,36.583336,3.25,,2024-08-08,25.112182506309033
2024-08-08,36.66667,2.8333435,,2024-08-08,22.228234819302035
2024-08-08,36.66667,2.9166718,,2024-08-08,15.782881420103022
2024-08-08,36.66667,3.0,,2024-08-08,10.698609465725811
2024-08-08,36.66667,3.0833435,,2024-08-08,9.496464669132697
2024-08-08,36.66667,3.1666718,,2024-08-08,13.276882967911245
2024-08-08,36.66667,3.25,,2024-08-08,19.306074472517334
2024-08-08,36.75,2.8333435,-0.29339704,2024-08-08,20.194040166169533
2024-08-08,36.75,2.9166718,,2024-08-08,12.76987826840439
2024-08-08,36.75,3.0,,2024-08-08,5.345713953294998
2024-08-08,36.75,3.0833435,-0.30035964,2024-08-08,2.079801567910821
2024-08-08,36.75,3.1666718,-0.30124915,2024-08-08,9.50394748445699
2024-08-08,36.75,3.25,,2024-08-08,16.92811061876691
2024-08-08,36.833336,2.8333435,-0.30284613,2024-08-08,22.20863381656194
2024-08-08,36.833336,2.9166718,-0.30022633,2024-08-08,15.772124592603511
2024-08-08,36.833336,3.0,-0.30164865,2024-08-08,10.696398658202174
2024-08-08,36.833336,3.0833435,-0.306337,2024-08-08,9.496747682395155
2024-08-08,36.833336,3.1666718,-0.3101477,2024-08-08,13.270048906298761
2024-08-08,36.833336,3.25,-0.31088868,2024-08-08,19.290330362086166
2024-08-08,36.91667,2.8333435,-0.30034354,2024-08-08,27.393082527538727
2024-08-08,36.91667,2.9166718,-0.3021616,2024-08-08,22.49852861582144
2024-08-08,36.91667,3.0,-0.30528754,2024-08-08,19.286865452625985
2024-08-08,36.91667,3.0833435,-0.31010264,2024-08-08,18.648990373299995
2024-08-08,36.91667,3.1666718,-0.3143583,2024-08-08,20.82299777897512
2024-08-08,36.91667,3.25,-0.31700513,2024-08-08,25.08797191414032
2024-08-09,36.583336,2.8333435,,2024-08-09,27.42486183499686
2024-08-09,36.583336,2.9166718,,2024-08-09,22.513610945271516
2024-08-09,36.583336,3.0,,2024-08-09,19.289317853545782
2024-08-09,36.583336,3.0833435,,2024-08-09,18.648702135525184
2024-08-09,36.583336,3.1666718,,2024-08-09,20.831708919035847
2024-08-09,36.583336,3.25,,2024-08-09,25.112182506309033
2024-08-09,36.66667,2.8333435,,2024-08-09,22.228234819302035
2024-08-09,36.66667,2.9166718,,2024-08-09,15.782881420103022
2024-08-09,36.66667,3.0,,2024-08-09,10.698609465725811
2024-08-09,36.66667,3.0833435,,2024-08-09,9.496464669132697
2024-08-09,36.66667,3.1666718,,2024-08-09,13.276882967911245
2024-08-09,36.66667,3.25,,2024-08-09,19.306074472517334
2024-08-09,36.75,2.8333435,-0.29269952,2024-08-09,20.194040166169533
2024-08-09,36.75,2.9166718,,2024-08-09,12.76987826840439
2024-08-09,36.75,3.0,,2024-08-09,5.345713953294998
2024-08-09,36.75,3.0833435,-0.29501644,2024-08-09,2.079801567910821
2024-08-09,36.75,3.1666718,-0.29640898,2024-08-09,9.50394748445699
2024-08-09,36.75,3.25,,2024-08-09,16.92811061876691
2024-08-09,36.833336,2.8333435,-0.3021984,2024-08-09,22.20863381656194
2024-08-09,36.833336,2.9166718,-0.2975351,2024-08-09,15.772124592603511
2024-08-09,36.833336,3.0,-0.297089,2024-08-09,10.696398658202174
2024-08-09,36.833336,3.0833435,-0.3005361,2024-08-09,9.496747682395155
2024-08-09,36.833336,3.1666718,-0.3041514,2024-08-09,13.270048906298761
2024-08-09,36.833336,3.25,-0.30560565,2024-08-09,19.290330362086166
2024-08-09,36.91667,2.8333435,-0.29873344,2024-08-09,27.393082527538727
2024-08-09,36.91667,2.9166718,-0.2990009,2024-08-09,22.49852861582144
2024-08-09,36.91667,3.0,-0.30073708,2024-08-09,19.286865452625985
2024-08-09,36.91667,3.0833435,-0.30475867,2024-08-09,18.648990373299995
2024-08-09,36.91667,3.1666718,-0.30918193,2024-08-09,20.82299777897512
2024-08-09,36.91667,3.25,-0.31232002,2024-08-09,25.08797191414032
2024-08-10,36.583336,2.8333435,,2024-08-10,27.42486183499686
2024-08-10,36.583336,2.9166718,,2024-08-10,22.513610945271516
2024-08-10,36.583336,3.0,,2024-08-10,19.289317853545782
2024-08-10,36.583336,3.0833435,,2024-08-10,18.648702135525184
2024-08-10,36.583336,3.1666718,,2024-08-10,20.831708919035847
2024-08-10,36.583336,3.25,,2024-08-10,25.112182506309033
2024-08-10,36.66667,2.8333435,,2024-08-10,22.228234819302035
2024-08-10,36.66667,2.9166718,,2024-08-10,15.782881420103022
2024-08-10,36.66667,3.0,,2024-08-10,10.698609465725811
2024-08-10,36.66667,3.0833435,,2024-08-10,9.496464669132697
2024-08-10,36.66667,3.1666718,,2024-08-10,13.276882967911245
2024-08-10,36.66667,3.25,,2024-08-10,19.306074472517334
2024-08-10,36.75,2.8333435,-0.30224454,2024-08-10,20.194040166169533
2024-08-10,36.75,2.9166718,,2024-08-10,12.76987826840439
2024-08-10,36.75,3.0,,2024-08-10,5.345713953294998
2024-08-10,36.75,3.0833435,-0.3066527,2024-08-10,2.079801567910821
2024-08-10,36.75,3.1666718,-0.30945238,2024-08-10,9.50394748445699
2024-08-10,36.75,3.25,,2024-08-10,16.92811061876691
2024-08-10,36.833336,2.8333435,-0.31281736,2024-08-10,22.20863381656194
2024-08-10,36.833336,2.9166718,-0.30958468,2024-08-10,15.772124592603511
2024-08-10,36.833336,3.0,-0.31053236,2024-08-10,10.696398658202174
2024-08-10,36.833336,3.0833435,-0.3129859,2024-08-10,9.496747682395155
2024-08-10,36.833336,3.1666718,-0.31645814,2024-08-10,13.270048906298761
2024-08-10,36.833336,3.25,-0.31932753,2024-08-10,19.290330362086166
2024-08-10,36.91667,2.8333435,-0.30869398,2024-08-10,27.393082527538727
2024-08-10,36.91667,2.9166718,-0.30859846,2024-08-10,22.49852861582144
2024-08-10,36.91667,3.0,-0.31095955,2024-08-10,19.286865452625985
2024-08-10,36.91667,3.0833435,-0.3147285,2024-08-10,18.648990373299995
2024-08-10,36.91667,3.1666718,-0.3187801,2024-08-10,20.82299777897512
2024-08-10,36.91667,3.25,-0.32238257,2024-08-10,25.08797191414032
2024-08-11,36.583336,2.8333435,,2024-08-11,27.42486183499686
2024-08-11,36.583336,2.9166718,,2024-08-11,22.513610945271516
2024-08-11,36.583336,3.0,,2024-08-11,19.289317853545782
2024-08-11,36.583336,3.0833435,,2024-08-11,18.648702135525184
2024-08-11,36.583336,3.1666718,,2024-08-11,20.831708919035847
2024-08-11,36.583336,3.25,,2024-08-11,25.112182506309033
2024-08-11,36.66667,2.8333435,,2024-08-11,22.228234819302035
2024-08-11,36.66667,2.9166718,,2024-08-11,15.782881420103022
2024-08-11,36.66667,3.0,,2024-08-11,10.698609465725811
2024-08-11,36.66667,3.0833435,,2024-08-11,9.496464669132697
2024-08-11,36.66667,3.1666718,,2024-08-11,13.276882967911245
2024-08-11,36.66667,3.25,,2024-08-11,19.306074472517334
2024-08-11,36.75,2.8333435,-0.30254042,2024-08-11,20.194040166169533
2024-08-11,36.75,2.9166718,,2024-08-11,12.76987826840439
2024-08-11,36.75,3.0,,2024-08-11,5.345713953294998
2024-08-11,36.75,3.0833435,-0.3083125,2024-08-11,2.079801567910821
2024-08-11,36.75,3.1666718,-0.30802375,2024-08-11,9.50394748445699
2024-08-11,36.75,3.25,,2024-08-11,16.92811061876691
2024-08-11,36.833336,2.8333435,-0.3135568,2024-08-11,22.20863381656194
2024-08-11,36.833336,2.9166718,-0.3099534,2024-08-11,15.772124592603511
2024-08-11,36.833336,3.0,-0.31168285,2024-08-11,10.696398658202174
2024-08-11,36.833336,3.0833435,-0.3148673,2024-08-11,9.496747682395155
2024-08-11,36.833336,3.1666718,-0.31696898,2024-08-11,13.270048906298761
2024-08-11,36.833336,3.25,-0.31920063,2024-08-11,19.290330362086166
2024-08-11,36.91667,2.8333435,-0.3102985,2024-08-11,27.393082527538727
2024-08-11,36.91667,2.9166718,-0.30970293,2024-08-11,22.49852861582144
2024-08-11,36.91667,3.0,-0.3124848,2024-08-11,19.286865452625985
2024-08-11,36.91667,3.0833435,-0.31604445,2024-08-11,18.648990373299995
2024-08-11,36.91667,3.1666718,-0.31919912,2024-08-11,20.82299777897512
2024-08-11,36.91667,3.25,-0.32276472,2024-08-11,25.08797191414032
2024-08-12,36.583336,2.8333435,,2024-08-12,27.42486183499686
2024-08-12,36.583336,2.9166718,,2024-08-12,22.513610945271516
2024-08-12,36.583336,3.0,,2024-08-12,19.289317853545782
2024-08-12,36.583336,3.0833435,,2024-08-12,18.648702135525184
2024-08-12,36.583336,3.1666718,,2024-08-12,20.831708919035847
2024-08-12,36.583336,3.25,,2024-08-12,25.112182506309033
2024-08-12,36.66667,2.8333435,,2024-08-12,22.228234819302035
2024-08-12,36.66667,2.9166718,,2024-08-12,15.782881420103022
2024-08-12,36.66667,3.0,,2024-08-12,10.698609465725811
2024-08-12,36.66667,3.0833435,,2024-08-12,9.496464669132697
2024-08-12,36.66667,3.1666718,,2024-08-12,13.276882967911245
2024-08-12,36.66667,3.25,,2024-08-12,19.306074472517334
2024-08-12,36.75,2.8333435,-0.29397228,2024-08-12,20.194040166169533
2024-08-12,36.75,2.9166718,,2024-08-12,12.76987826840439
2024-08-12,36.75,3.0,,2024-08-12,5.345713953294998
2024-08-12,36.75,3.0833435,-0.29691663,2024-08-12,2.079801567910821
2024-08-12,36.75,3.1666718,-0.29631045,2024-08-12,9.50394748445699
2024-08-12,36.75,3.25,,2024-08-12,16.92811061876691
2024-08-12,36.833336,2.8333435,-0.3038793,2024-08-12,22.20863381656194
2024-08-12,36.833336,2.9166718,-0.29903266,2024-08-12,15.772124592603511
2024-08-12,36.833336,3.0,-0.29941052,2024-08-12,10.696398658202174
2024-08-12,36.833336,3.0833435,-0.30204096,2024-08-12,9.496747682395155
2024-08-12,36.833336,3.1666718,-0.3038651,2024-08-12,13.270048906298761
2024-08-12,36.833336,3.25,-0.304492,2024-08-12,19.290330362086166
2024-08-12,36.91667,2.8333435,-0.3005163,2024-08-12,27.393082527538727
2024-08-12,36.91667,2.9166718,-0.29895484,2024-08-12,22.49852861582144
2024-08-12,36.91667,3.0,-0.30077887,2024-08-12,19.286865452625985
2024-08-12,36.91667,3.0833435,-0.3041965,2024-08-12,18.648990373299995
2024-08-12,36.91667,3.1666718,-0.3076197,2024-08-12,20.82299777897512
2024-08-12,36.91667,3.25,-0.3110676,2024-08-12,25.08797191414032
2024-08-13,36.583336,2.8333435,,2024-08-13,27.42486183499686
2024-08-13,36.583336,2.9166718,,2024-08-13,22.513610945271516
2024-08-13,36.583336,3.0,,2024-08-13,19.289317853545782
2024-08-13,36.583336,3.0833435,,2024-08-13,18.648702135525184
2024-08-13,36.583336,3.1666718,,2024-08-13,20.831708919035847
2024-08-13,36.583336,3.25,,2024-08-13,25.112182506309033
2024-08-13,36.66667,2.8333435,,2024-08-13,22.228234819302035
2024-08-13,36.66667,2.9166718,,2024-08-13,15.782881420103022
2024-08-13,36.66667,3.0,,2024-08-13,10.698609465725811
2024-08-13,36.66667,3.0833435,,2024-08-13,9.496464669132697
2024-08-13,36.66667,3.1666718,,2024-08-13,13.276882967911245
2024-08-13,36.66667,3.25,,2024-08-13,19.306074472517334
2024-08-13,36.75,2.8333435,-0.28320616,2024-08-13,20.194040166169533
2024-08-13,36.75,2.9166718,,2024-08-13,12.76987826840439
2024-08-13,36.75,3.0,,2024-08-13,5.345713953294998
2024-08-13,36.75,3.0833435,-0.28573343,2024-08-13,2.079801567910821
2024-08-13,36.75,3.1666718,-0.28556666,2024-08-13,9.50394748445699
2024-08-13,36.75,3.25,,2024-08-13,16.92811061876691
2024-08-13,36.833336,2.8333435,-0.29410622,2024-08-13,22.20863381656194
2024-08-13,36.833336,2.9166718,-0.28836074,2024-08-13,15.772124592603511
2024-08-13,36.833336,3.0,-0.28756455,2024-08-13,10.696398658202174
2024-08-13,36.833336,3.0833435,-0.29015023,2024-08-13,9.496747682395155
2024-08-13,36.833336,3.1666718,-0.29262343,2024-08-13,13.270048906298761
2024-08-13,36.833336,3.25,-0.29385766,2024-08-13,19.290330362086166
2024-08-13,36.91667,2.8333435,-0.29201305,2024-08-13,27.393082527538727
2024-08-13,36.91667,2.9166718,-0.28993022,2024-08-13,22.49852861582144
2024-08-13,36.91667,3.0,-0.29092857,2024-08-13,19.286865452625985
2024-08-13,36.91667,3.0833435,-0.29420906,2024-08-13,18.648990373299995
2024-08-13,36.91667,3.1666718,-0.2983781,2024-08-13,20.82299777897512
2024-08-13,36.91667,3.25,-0.30304894,2024-08-13,25.08797191414032
2024-08-14,36.583336,2.8333435,,2024-08-14,27.42486183499686
2024-08-14,36.583336,2.9166718,,2024-08-14,22.513610945271516
2024-08-14,36.583336,3.0,,2024-08-14,19.289317853545782
2024-08-14,36.583336,3.0833435,,2024-08-14,18.648702135525184
2024-08-14,36.583336,3.1666718,,2024-08-14,20.831708919035847
2024-08-14,36.583336,3.25,,2024-08-14,25.112182506309033
2024-08-14,36.66667,2.8333435,,2024-08-14,22.228234819302035
2024-08-14,36.66667,2.9166718,,2024-08-14,15.782881420103022
2024-08-14,36.66667,3.0,,2024-08-14,10.698609465725811
2024-08-14,36.66667,3.0833435,,2024-08-14,9.496464669132697
2024-08-14,36.66667,3.1666718,,2024-08-14,13.276882967911245
2024-08-14,36.66667,3.25,,2024-08-14,19.306074472517334
2024-08-14,36.75,2.8333435,-0.27452043,2024-08-14,20.194040166169533
2024-08-14,36.75,2.9166718,,2024-08-14,12.76987826840439
2024-08-14,36.75,3.0,,2024-08-14,5.345713953294998
2024-08-14,36.75,3.0833435,-0.27644494,2024-08-14,2.079801567910821
2024-08-14,36.75,3.1666718,-0.27601457,2024-08-14,9.50394748445699
2024-08-14,36.75,3.25,,2024-08-14,16.92811061876691
2024-08-14,36.833336,2.8333435,-0.28675517,2024-08-14,22.20863381656194
2024-08-14,36.833336,2.9166718,-0.28130567,2024-08-14,15.772124592603511
2024-08-14,36.833336,3.0,-0.27968994,2024-08-14,10.696398658202174
2024-08-14,36.833336,3.0833435,-0.28117234,2024-08-14,9.496747682395155
2024-08-14,36.833336,3.1666718,-0.28294903,2024-08-14,13.270048906298761
2024-08-14,36.833336,3.25,-0.2844253,2024-08-14,19.290330362086166
2024-08-14,36.91667,2.8333435,-0.28736472,2024-08-14,27.393082527538727
2024-08-14,36.91667,2.9166718,-0.28539276,2024-08-14,22.49852861582144
2024-08-14,36.91667,3.0,-0.28614002,2024-08-14,19.286865452625985
2024-08-14,36.91667,3.0833435,-0.28882205,2024-08-14,18.648990373299995
2024-08-14,36.91667,3.1666718,-0.2927292,2024-08-14,20.82299777897512
2024-08-14,36.91667,3.25,-0.29744503,2024-08-14,25.08797191414032
2024-08-15,36.583336,2.8333435,,2024-08-15,27.42486183499686
2024-08-15,36.583336,2.9166718,,2024-08-15,22.513610945271516
2024-08-15,36.583336,3.0,,2024-08-15,19.289317853545782
2024-08-15,36.583336,3.0833435,,2024-08-15,18.648702135525184
2024-08-15,36.583336,3.1666718,,2024-08-15,20.831708919035847
2024-08-15,36.583336,3.25,,2024-08-15,25.112182506309033
2024-08-15,36.66667,2.8333435,,2024-08-15,22.228234819302035
2024-08-15,36.66667,2.9166718,,2024-08-15,15.782881420103022
2024-08-15,36.66667,3.0,,2024-08-15,10.698609465725811
2024-08-15,36.66667,3.0833435,,2024-08-15,9.496464669132697
2024-08-15,36.66667,3.1666718,,2024-08-15,13.276882967911245
2024-08-15,36.66667,3.25,,2024-08-15,19.306074472517334
2024-08-15,36.75,2.8333435,-0.25710762,2024-08-15,20.194040166169533
2024-08-15,36.75,2.9166718,,2024-08-15,12.76987826840439
2024-08-15,36.75,3.0,,2024-08-15,5.345713953294998
2024-08-15,36.75,3.0833435,-0.26114318,2024-08-15,2.079801567910821
2024-08-15,36.75,3.1666718,-0.2597827,2024-08-15,9.50394748445699
2024-08-15,36.75,3.25,,2024-08-15,16.92811061876691
2024-08-15,36.833336,2.8333435,-0.2764662,2024-08-15,22.20863381656194
2024-08-15,36.833336,2.9166718,-0.2704487,2024-08-15,15.772124592603511
2024-08-15,36.833336,3.0,-0.2685326,2024-08-15,10.696398658202174
2024-08-15,36.833336,3.0833435,-0.27050245,2024-08-15,9.496747682395155
2024-08-15,36.833336,3.1666718,-0.2715543,2024-08-15,13.270048906298761
2024-08-15,36.833336,3.25,-0.27174196,2024-08-15,19.290330362086166
2024-08-15,36.91667,2.8333435,-0.2860199,2024-08-15,27.393082527538727
2024-08-15,36.91667,2.9166718,-0.2833914,2024-08-15,22.49852861582144
2024-08-15,36.91667,3.0,-0.28396237,2024-08-15,19.286865452625985
2024-08-15,36.91667,3.0833435,-0.28624758,2024-08-15,18.648990373299995
2024-08-15,36.91667,3.1666718,-0.28896654,2024-08-15,20.82299777897512
2024-08-15,36.91667,3.25,-0.2923492,2024-08-15,25.08797191414032
2024-08-16,36.583336,2.8333435,,2024-08-16,27.42486183499686
2024-08-16,36.583336,2.9166718,,2024-08-16,22.513610945271516
2024-08-16,36.583336,3.0,,2024-08-16,19.289317853545782
2024-08-16,36.583336,3.0833435,,2024-08-16,18.648702135525184
2024-08-16,36.583336,3.1666718,,2024-08-16,20.831708919035847
2024-08-16,36.583336,3.25,,2024-08-16,25.112182506309033
2024-08-16,36.66667,2.8333435,,2024-08-16,22.228234819302035
2024-08-16,36.66667,2.9166718,,2024-08-16,15.782881420103022
2024-08-16,36.66667,3.0,,2024-08-16,10.698609465725811
2024-08-16,36.66667,3.0833435,,2024-08-16,9.496464669132697
2024-08-16,36.66667,3.1666718,,2024-08-16,13.276882967911245
2024-08-16,36.66667,3.25,,2024-08-16,19.306074472517334
2024-08-16,36.75,2.8333435,-0.274431,2024-08-16,20.194040166169533
2024-08-16,36.75,2.9166718,,2024-08-16,12.76987826840439
2024-08-16,36.75,3.0,,2024-08-16,5.345713953294998
2024-08-16,36.75,3.0833435,-0.27735394,2024-08-16,2.079801567910821
2024-08-16,36.75,3.1666718,-0.2767488,2024-08-16,9.50394748445699
2024-08-16,36.75,3.25,,2024-08-16,16.92811061876691
2024-08-16,36.833336,2.8333435,-0.29126522,2024-08-16,22.20863381656194
2024-08-16,36.833336,2.9166718,-0.28610837,2024-08-16,15.772124592603511
2024-08-16,36.833336,3.0,-0.285136,2024-08-16,10.696398658202174
2024-08-16,36.833336,3.0833435,-0.2881392,2024-08-16,9.496747682395155
2024-08-16,36.833336,3.1666718,-0.290033,2024-08-16,13.270048906298761
2024-08-16,36.833336,3.25,-0.28986824,2024-08-16,19.290330362086166
2024-08-16,36.91667,2.8333435,-0.304186,2024-08-16,27.393082527538727
2024-08-16,36.91667,2.9166718,-0.3017087,2024-08-16,22.49852861582144
2024-08-16,36.91667,3.0,-0.30199295,2024-08-16,19.286865452625985
2024-08-16,36.91667,3.0833435,-0.30426487,2024-08-16,18.648990373299995
2024-08-16,36.91667,3.1666718,-0.3070781,2024-08-16,20.82299777897512
2024-08-16,36.91667,3.25,-0.30955043,2024-08-16,25.08797191414032
2024-08-17,36.583336,2.8333435,,2024-08-17,27.42486183499686
2024-08-17,36.583336,2.9166718,,2024-08-17,22.513610945271516
2024-08-17,36.583336,3.0,,2024-08-17,19.289317853545782
2024-08-17,36.583336,3.0833435,,2024-08-17,18.648702135525184
2024-08-17,36.583336,3.1666718,,2024-08-17,20.831708919035847
2024-08-17,36.583336,3.25,,2024-08-17,25.112182506309033
2024-08-17,36.66667,2.8333435,,2024-08-17,22.228234819302035
2024-08-17,36.66667,2.9166718,,2024-08-17,15.782881420103022
2024-08-17,36.66667,3.0,,2024-08-17,10.698609465725811
2024-08-17,36.66667,3.0833435,,2024-08-17,9.496464669132697
2024-08-17,36.66667,3.1666718,,2024-08-17,13.276882967911245
2024-08-17,36.66667,3.25,,2024-08-17,19.306074472517334
2024-08-17,36.75,2.8333435,-0.29531404,2024-08-17,20.194040166169533
2024-08-17,36.75,2.9166718,,2024-08-17,12.76987826840439
2024-08-17,36.75,3.0,,2024-08-17,5.345713953294998
2024-08-17,36.75,3.0833435,-0.2923551,2024-08-17,2.079801567910821
2024-08-17,36.75,3.1666718,-0.29188964,2024-08-17,9.50394748445699
2024-08-17,36.75,3.25,,2024-08-17,16.92811061876691
2024-08-17,36.833336,2.8333435,-0.30565885,2024-08-17,22.20863381656194
2024-08-17,36.833336,2.9166718,-0.30039883,2024-08-17,15.772124592603511
2024-08-17,36.833336,3.0,-0.29916006,2024-08-17,10.696398658202174
2024-08-17,36.833336,3.0833435,-0.30137005,2024-08-17,9.496747682395155
2024-08-17,36.833336,3.1666718,-0.30312276,2024-08-17,13.270048906298761
2024-08-17,36.833336,3.25,-0.30322498,2024-08-17,19.290330362086166
2024-08-17,36.91667,2.8333435,-0.31666654,2024-08-17,27.393082527538727
2024-08-17,36.91667,2.9166718,-0.31451017,2024-08-17,22.49852861582144
2024-08-17,36.91667,3.0,-0.31501245,2024-08-17,19.286865452625985
2024-08-17,36.91667,3.0833435,-0.31712803,2024-08-17,18.648990373299995
2024-08-17,36.91667,3.1666718,-0.31992623,2024-08-17,20.82299777897512
2024-08-17,36.91667,3.25,-0.32262716,2024-08-17,25.08797191414032
2024-08-18,36.583336,2.8333435,,2024-08-18,27.42486183499686
2024-08-18,36.583336,2.9166718,,2024-08-18,22.513610945271516
2024-08-18,36.583336,3.0,,2024-08-18,19.289317853545782
2024-08-18,36.583336,3.0833435,,2024-08-18,18.648702135525184
2024-08-18,36.583336,3.1666718,,2024-08-18,20.831708919035847
2024-08-18,36.583336,3.25,,2024-08-18,25.112182506309033
2024-08-18,36.66667,2.8333435,,2024-08-18,22.228234819302035
2024-08-18,36.66667,2.9166718,,2024-08-18,15.782881420103022
2024-08-18,36.66667,3.0,,2024-08-18,10.698609465725811
2024-08-18,36.66667,3.0833435,,2024-08-18,9.496464669132697
2024-08-18,36.66667,3.1666718,,2024-08-18,13.276882967911245
2024-08-18,36.66667,3.25,,2024-08-18,19.306074472517334
2024-08-18,36.75,2.8333435,-0.32094353,2024-08-18,20.194040166169533
2024-08-18,36.75,2.9166718,,2024-08-18,12.76987826840439
2024-08-18,36.75,3.0,,2024-08-18,5.345713953294998
2024-08-18,36.75,3.0833435,-0.3152918,2024-08-18,2.079801567910821
2024-08-18,36.75,3.1666718,-0.31508213,2024-08-18,9.50394748445699
2024-08-18,36.75,3.25,,2024-08-18,16.92811061876691
2024-08-18,36.833336,2.8333435,-0.32283083,2024-08-18,22.20863381656194
2024-08-18,36.833336,2.9166718,-0.32011798,2024-08-18,15.772124592603511
2024-08-18,36.833336,3.0,-0.31954882,2024-08-18,10.696398658202174
2024-08-18,36.833336,3.0833435,-0.3196026,2024-08-18,9.496747682395155
2024-08-18,36.833336,3.1666718,-0.3204083,2024-08-18,13.270048906298761
2024-08-18,36.833336,3.25,-0.32101607,2024-08-18,19.290330362086166
2024-08-18,36.91667,2.8333435,-0.32810187,2024-08-18,27.393082527538727
2024-08-18,36.91667,2.9166718,-0.3257929,2024-08-18,22.49852861582144
2024-08-18,36.91667,3.0,-0.32580796,2024-08-18,19.286865452625985
2024-08-18,36.91667,3.0833435,-0.32746986,2024-08-18,18.648990373299995
2024-08-18,36.91667,3.1666718,-0.33002105,2024-08-18,20.82299777897512
2024-08-18,36.91667,3.25,-0.3327063,2024-08-18,25.08797191414032
2024-08-19,36.583336,2.8333435,,2024-08-19,27.42486183499686
2024-08-19,36.583336,2.9166718,,2024-08-19,22.513610945271516
2024-08-19,36.583336,3.0,,2024-08-19,19.289317853545782
2024-08-19,36.583336,3.0833435,,2024-08-19,18.648702135525184
2024-08-19,36.583336,3.1666718,,2024-08-19,20.831708919035847
2024-08-19,36.583336,3.25,,2024-08-19,25.112182506309033
2024-08-19,36.66667,2.8333435,,2024-08-19,22.228234819302035
2024-08-19,36.66667,2.9166718,,2024-08-19,15.782881420103022
2024-08-19,36.66667,3.0,,2024-08-19,10.698609465725811
2024-08-19,36.66667,3.0833435,,2024-08-19,9.496464669132697
2024-08-19,36.66667,3.1666718,,2024-08-19,13.276882967911245
2024-08-19,36.66667,3.25,,2024-08-19,19.306074472517334
2024-08-19,36.75,2.8333435,-0.32538944,2024-08-19,20.194040166169533
2024-08-19,36.75,2.9166718,,2024-08-19,12.76987826840439
2024-08-19,36.75,3.0,,2024-08-19,5.345713953294998
2024-08-19,36.75,3.0833435,-0.31907338,2024-08-19,2.079801567910821
2024-08-19,36.75,3.1666718,-0.3187556,2024-08-19,9.50394748445699
2024-08-19,36.75,3.25,,2024-08-19,16.92811061876691
2024-08-19,36.833336,2.8333435,-0.32316917,2024-08-19,22.20863381656194
2024-08-19,36.833336,2.9166718,-0.32296526,2024-08-19,15.772124592603511
2024-08-19,36.833336,3.0,-0.32219428,2024-08-19,10.696398658202174
2024-08-19,36.833336,3.0833435,-0.31917557,2024-08-19,9.496747682395155
2024-08-19,36.833336,3.1666718,-0.3182755,2024-08-19,13.270048906298761
2024-08-19,36.833336,3.25,-0.31960568,2024-08-19,19.290330362086166
2024-08-19,36.91667,2.8333435,-0.3234591,2024-08-19,27.393082527538727
2024-08-19,36.91667,2.9166718,-0.32094184,2024-08-19,22.49852861582144
2024-08-19,36.91667,3.0,-0.31952715,2024-08-19,19.286865452625985
2024-08-19,36.91667,3.0833435,-0.3194214,2024-08-19,18.648990373299995
2024-08-19,36.91667,3.1666718,-0.3206984,2024-08-19,20.82299777897512
2024-08-19,36.91667,3.25,-0.323389,2024-08-19,25.08797191414032
2024-08-20,36.583336,2.8333435,,2024-08-20,27.42486183499686
2024-08-20,36.583336,2.9166718,,2024-08-20,22.513610945271516
2024-08-20,36.583336,3.0,,2024-08-20,19.289317853545782
2024-08-20,36.583336,3.0833435,,2024-08-20,18.648702135525184
2024-08-20,36.583336,3.1666718,,2024-08-20,20.831708919035847
2024-08-20,36.583336,3.25,,2024-08-20,25.112182506309033
2024-08-20,36.66667,2.8333435,,2024-08-20,22.228234819302035
2024-08-20,36.66667,2.9166718,,2024-08-20,15.782881420103022
2024-08-20,36.66667,3.0,,2024-08-20,10.698609465725811
2024-08-20,36.66667,3.0833435,,2024-08-20,9.496464669132697
2024-08-20,36.66667,3.1666718,,2024-08-20,13.276882967911245
2024-08-20,36.66667,3.25,,2024-08-20,19.306074472517334
2024-08-20,36.75,2.8333435,-0.3280553,2024-08-20,20.194040166169533
2024-08-20,36.75,2.9166718,,2024-08-20,12.76987826840439
2024-08-20,36.75,3.0,,2024-08-20,5.345713953294998
2024-08-20,36.75,3.0833435,-0.32417732,2024-08-20,2.079801567910821
2024-08-20,36.75,3.1666718,-0.32289636,2024-08-20,9.50394748445699
2024-08-20,36.75,3.25,,2024-08-20,16.92811061876691
2024-08-20,36.833336,2.8333435,-0.3256171,2024-08-20,22.20863381656194
2024-08-20,36.833336,2.9166718,-0.3276417,2024-08-20,15.772124592603511
2024-08-20,36.833336,3.0,-0.3272787,2024-08-20,10.696398658202174
2024-08-20,36.833336,3.0833435,-0.32120848,2024-08-20,9.496747682395155
2024-08-20,36.833336,3.1666718,-0.3180314,2024-08-20,13.270048906298761
2024-08-20,36.833336,3.25,-0.31959558,2024-08-20,19.290330362086166
2024-08-20,36.91667,2.8333435,-0.32359222,2024-08-20,27.393082527538727
2024-08-20,36.91667,2.9166718,-0.32137442,2024-08-20,22.49852861582144
2024-08-20,36.91667,3.0,-0.31846425,2024-08-20,19.286865452625985
2024-08-20,36.91667,3.0833435,-0.31555113,2024-08-20,18.648990373299995
2024-08-20,36.91667,3.1666718,-0.31402424,2024-08-20,20.82299777897512
2024-08-20,36.91667,3.25,-0.3147594,2024-08-20,25.08797191414032
2024-08-21,36.583336,2.8333435,,2024-08-21,27.42486183499686
2024-08-21,36.583336,2.9166718,,2024-08-21,22.513610945271516
2024-08-21,36.583336,3.0,,2024-08-21,19.289317853545782
2024-08-21,36.583336,3.0833435,,2024-08-21,18.648702135525184
2024-08-21,36.583336,3.1666718,,2024-08-21,20.831708919035847
2024-08-21,36.583336,3.25,,2024-08-21,25.112182506309033
2024-08-21,36.66667,2.8333435,,2024-08-21,22.228234819302035
2024-08-21,36.66667,2.9166718,,2024-08-21,15.782881420103022
2024-08-21,36.66667,3.0,,2024-08-21,10.698609465725811
2024-08-21,36.66667,3.0833435,,2024-08-21,9.496464669132697
2024-08-21,36.66667,3.1666718,,2024-08-21,13.276882967911245
2024-08-21,36.66667,3.25,,2024-08-21,19.306074472517334
2024-08-21,36.75,2.8333435,-0.3203357,2024-08-21,20.194040166169533
2024-08-21,36.75,2.9166718,,2024-08-21,12.76987826840439
2024-08-21,36.75,3.0,,2024-08-21,5.345713953294998
2024-08-21,36.75,3.0833435,-0.3214744,2024-08-21,2.079801567910821
2024-08-21,36.75,3.1666718,-0.32077926,2024-08-21,9.50394748445699
2024-08-21,36.75,3.25,,2024-08-21,16.92811061876691
2024-08-21,36.833336,2.8333435,-0.3214962,2024-08-21,22.20863381656194
2024-08-21,36.833336,2.9166718,-0.3244811,2024-08-21,15.772124592603511
2024-08-21,36.833336,3.0,-0.3241659,2024-08-21,10.696398658202174
2024-08-21,36.833336,3.0833435,-0.31855145,2024-08-21,9.496747682395155
2024-08-21,36.833336,3.1666718,-0.31589553,2024-08-21,13.270048906298761
2024-08-21,36.833336,3.25,-0.3177913,2024-08-21,19.290330362086166
2024-08-21,36.91667,2.8333435,-0.3198871,2024-08-21,27.393082527538727
2024-08-21,36.91667,2.9166718,-0.31935292,2024-08-21,22.49852861582144
2024-08-21,36.91667,3.0,-0.3160758,2024-08-21,19.286865452625985
2024-08-21,36.91667,3.0833435,-0.3108623,2024-08-21,18.648990373299995
2024-08-21,36.91667,3.1666718,-0.30652356,2024-08-21,20.82299777897512
2024-08-21,36.91667,3.25,-0.30497283,2024-08-21,25.08797191414032
2024-08-22,36.583336,2.8333435,,2024-08-22,27.42486183499686
2024-08-22,36.583336,2.9166718,,2024-08-22,22.513610945271516
2024-08-22,36.583336,3.0,,2024-08-22,19.289317853545782
2024-08-22,36.583336,3.0833435,,2024-08-22,18.648702135525184
2024-08-22,36.583336,3.1666718,,2024-08-22,20.831708919035847
2024-08-22,36.583336,3.25,,2024-08-22,25.112182506309033
2024-08-22,36.66667,2.8333435,,2024-08-22,22.228234819302035
2024-08-22,36.66667,2.9166718,,2024-08-22,15.782881420103022
2024-08-22,36.66667,3.0,,2024-08-22,10.698609465725811
2024-08-22,36.66667,3.0833435,,2024-08-22,9.496464669132697
2024-08-22,36.66667,3.1666718,,2024-08-22,13.276882967911245
2024-08-22,36.66667,3.25,,2024-08-22,19.306074472517334
2024-08-22,36.75,2.8333435,-0.30587298,2024-08-22,20.194040166169533
2024-08-22,36.75,2.9166718,,2024-08-22,12.76987826840439
2024-08-22,36.75,3.0,,2024-08-22,5.345713953294998
2024-08-22,36.75,3.0833435,-0.31361935,2024-08-22,2.079801567910821
2024-08-22,36.75,3.1666718,-0.31097296,2024-08-22,9.50394748445699
2024-08-22,36.75,3.25,,2024-08-22,16.92811061876691
2024-08-22,36.833336,2.8333435,-0.31092086,2024-08-22,22.20863381656194
2024-08-22,36.833336,2.9166718,-0.3137576,2024-08-22,15.772124592603511
2024-08-22,36.833336,3.0,-0.314777,2024-08-22,10.696398658202174
2024-08-22,36.833336,3.0833435,-0.3132055,2024-08-22,9.496747682395155
2024-08-22,36.833336,3.1666718,-0.31052464,2024-08-22,13.270048906298761
2024-08-22,36.833336,3.25,-0.30949172,2024-08-22,19.290330362086166
2024-08-22,36.91667,2.8333435,-0.3147241,2024-08-22,27.393082527538727
2024-08-22,36.91667,2.9166718,-0.31659216,2024-08-22,22.49852861582144
2024-08-22,36.91667,3.0,-0.3146019,2024-08-22,19.286865452625985
2024-08-22,36.91667,3.0833435,-0.30975437,2024-08-22,18.648990373299995
2024-08-22,36.91667,3.1666718,-0.30398634,2024-08-22,20.82299777897512
2024-08-22,36.91667,3.25,-0.2983205,2024-08-22,25.08797191414032
2024-08-23,36.583336,2.8333435,,2024-08-23,27.42486183499686
2024-08-23,36.583336,2.9166718,,2024-08-23,22.513610945271516
2024-08-23,36.583336,3.0,,2024-08-23,19.289317853545782
2024-08-23,36.583336,3.0833435,,2024-08-23,18.648702135525184
2024-08-23,36.583336,3.1666718,,2024-08-23,20.831708919035847
2024-08-23,36.583336,3.25,,2024-08-23,25.112182506309033
2024-08-23,36.66667,2.8333435,,2024-08-23,22.228234819302035
2024-08-23,36.66667,2.9166718,,2024-08-23,15.782881420103022
2024-08-23,36.66667,3.0,,2024-08-23,10.698609465725811
2024-08-23,36.66667,3.0833435,,2024-08-23,9.496464669132697
2024-08-23,36.66667,3.1666718,,2024-08-23,13.276882967911245
2024-08-23,36.66667,3.25,,2024-08-23,19.306074472517334
2024-08-23,36.75,2.8333435,-0.27743906,2024-08-23,20.194040166169533
2024-08-23,36.75,2.9166718,,2024-08-23,12.76987826840439
2024-08-23,36.75,3.0,,2024-08-23,5.345713953294998
2024-08-23,36.75,3.0833435,-0.28052667,2024-08-23,2.079801567910821
2024-08-23,36.75,3.1666718,-0.28059095,2024-08-23,9.50394748445699
2024-08-23,36.75,3.25,,2024-08-23,16.92811061876691
2024-08-23,36.833336,2.8333435,-0.28377688,2024-08-23,22.20863381656194
2024-08-23,36.833336,2.9166718,-0.28334326,2024-08-23,15.772124592603511
2024-08-23,36.833336,3.0,-0.2856307,2024-08-23,10.696398658202174
2024-08-23,36.833336,3.0833435,-0.28759536,2024-08-23,9.496747682395155
2024-08-23,36.833336,3.1666718,-0.28714454,2024-08-23,13.270048906298761
2024-08-23,36.833336,3.25,-0.28524944,2024-08-23,19.290330362086166
2024-08-23,36.91667,2.8333435,-0.2951731,2024-08-23,27.393082527538727
2024-08-23,36.91667,2.9166718,-0.29787058,2024-08-23,22.49852861582144
2024-08-23,36.91667,3.0,-0.29991844,2024-08-23,19.286865452625985
2024-08-23,36.91667,3.0833435,-0.29824883,2024-08-23,18.648990373299995
2024-08-23,36.91667,3.1666718,-0.29374313,2024-08-23,20.82299777897512
2024-08-23,36.91667,3.25,-0.28779778,2024-08-23,25.08797191414032
2024-08-24,36.583336,2.8333435,,2024-08-24,27.42486183499686
2024-08-24,36.583336,2.9166718,,2024-08-24,22.513610945271516
2024-08-24,36.583336,3.0,,2024-08-24,19.289317853545782
2024-08-24,36.583336,3.0833435,,2024-08-24,18.648702135525184
2024-08-24,36.583336,3.1666718,,2024-08-24,20.831708919035847
2024-08-24,36.583336,3.25,,2024-08-24,25.112182506309033
2024-08-24,36.66667,2.8333435,,2024-08-24,22.228234819302035
2024-08-24,36.66667,2.9166718,,2024-08-24,15.782881420103022
2024-08-24,36.66667,3.0,,2024-08-24,10.698609465725811
2024-08-24,36.66667,3.0833435,,2024-08-24,9.496464669132697
2024-08-24,36.66667,3.1666718,,2024-08-24,13.276882967911245
2024-08-24,36.66667,3.25,,2024-08-24,19.306074472517334
2024-08-24,36.75,2.8333435,-0.28164828,2024-08-24,20.194040166169533
2024-08-24,36.75,2.9166718,,2024-08-24,12.76987826840439
2024-08-24,36.75,3.0,,2024-08-24,5.345713953294998
2024-08-24,36.75,3.0833435,-0.27670732,2024-08-24,2.079801567910821
2024-08-24,36.75,3.1666718,-0.27601364,2024-08-24,9.50394748445699
2024-08-24,36.75,3.25,,2024-08-24,16.92811061876691
2024-08-24,36.833336,2.8333435,-0.2904818,2024-08-24,22.20863381656194
2024-08-24,36.833336,2.9166718,-0.2851206,2024-08-24,15.772124592603511
2024-08-24,36.833336,3.0,-0.2834498,2024-08-24,10.696398658202174
2024-08-24,36.833336,3.0833435,-0.28446528,2024-08-24,9.496747682395155
2024-08-24,36.833336,3.1666718,-0.28598624,2024-08-24,13.270048906298761
2024-08-24,36.833336,3.25,-0.28616762,2024-08-24,19.290330362086166
2024-08-24,36.91667,2.8333435,-0.30038527,2024-08-24,27.393082527538727
2024-08-24,36.91667,2.9166718,-0.2981368,2024-08-24,22.49852861582144
2024-08-24,36.91667,3.0,-0.29877353,2024-08-24,19.286865452625985
2024-08-24,36.91667,3.0833435,-0.3013336,2024-08-24,18.648990373299995
2024-08-24,36.91667,3.1666718,-0.30218747,2024-08-24,20.82299777897512
2024-08-24,36.91667,3.25,-0.30062625,2024-08-24,25.08797191414032
2024-08-25,36.583336,2.8333435,,2024-08-25,27.42486183499686
2024-08-25,36.583336,2.9166718,,2024-08-25,22.513610945271516
2024-08-25,36.583336,3.0,,2024-08-25,19.289317853545782
2024-08-25,36.583336,3.0833435,,2024-08-25,18.648702135525184
2024-08-25,36.583336,3.1666718,,2024-08-25,20.831708919035847
2024-08-25,36.583336,3.25,,2024-08-25,25.112182506309033
2024-08-25,36.66667,2.8333435,,2024-08-25,22.228234819302035
2024-08-25,36.66667,2.9166718,,2024-08-25,15.782881420103022
2024-08-25,36.66667,3.0,,2024-08-25,10.698609465725811
2024-08-25,36.66667,3.0833435,,2024-08-25,9.496464669132697
2024-08-25,36.66667,3.1666718,,2024-08-25,13.276882967911245
2024-08-25,36.66667,3.25,,2024-08-25,19.306074472517334
2024-08-25,36.75,2.8333435,-0.29263252,2024-08-25,20.194040166169533
2024-08-25,36.75,2.9166718,,2024-08-25,12.76987826840439
2024-08-25,36.75,3.0,,2024-08-25,5.345713953294998
2024-08-25,36.75,3.0833435,-0.29402187,2024-08-25,2.079801567910821
2024-08-25,36.75,3.1666718,-0.29175583,2024-08-25,9.50394748445699
2024-08-25,36.75,3.25,,2024-08-25,16.92811061876691
2024-08-25,36.833336,2.8333435,-0.30597323,2024-08-25,22.20863381656194
2024-08-25,36.833336,2.9166718,-0.30385265,2024-08-25,15.772124592603511
2024-08-25,36.833336,3.0,-0.3009549,2024-08-25,10.696398658202174
2024-08-25,36.833336,3.0833435,-0.2988466,2024-08-25,9.496747682395155
2024-08-25,36.833336,3.1666718,-0.29744795,2024-08-25,13.270048906298761
2024-08-25,36.833336,3.25,-0.2966648,2024-08-25,19.290330362086166
2024-08-25,36.91667,2.8333435,-0.3189035,2024-08-25,27.393082527538727
2024-08-25,36.91667,2.9166718,-0.31833434,2024-08-25,22.49852861582144
2024-08-25,36.91667,3.0,-0.31518143,2024-08-25,19.286865452625985
2024-08-25,36.91667,3.0833435,-0.3128585,2024-08-25,18.648990373299995
2024-08-25,36.91667,3.1666718,-0.31330332,2024-08-25,20.82299777897512
2024-08-25,36.91667,3.25,-0.31490082,2024-08-25,25.08797191414032
2024-08-26,36.583336,2.8333435,,2024-08-26,27.42486183499686
2024-08-26,36.583336,2.9166718,,2024-08-26,22.513610945271516
2024-08-26,36.583336,3.0,,2024-08-26,19.289317853545782
2024-08-26,36.583336,3.0833435,,2024-08-26,18.648702135525184
2024-08-26,36.583336,3.1666718,,2024-08-26,20.831708919035847
2024-08-26,36.583336,3.25,,2024-08-26,25.112182506309033
2024-08-26,36.66667,2.8333435,,2024-08-26,22.228234819302035
2024-08-26,36.66667,2.9166718,,2024-08-26,15.782881420103022
2024-08-26,36.66667,3.0,,2024-08-26,10.698609465725811
2024-08-26,36.66667,3.0833435,,2024-08-26,9.496464669132697
2024-08-26,36.66667,3.1666718,,2024-08-26,13.276882967911245
2024-08-26,36.66667,3.25,,2024-08-26,19.306074472517334
2024-08-26,36.75,2.8333435,-0.3184139,2024-08-26,20.194040166169533
2024-08-26,36.75,2.9166718,,2024-08-26,12.76987826840439
2024-08-26,36.75,3.0,,2024-08-26,5.345713953294998
2024-08-26,36.75,3.0833435,-0.32192835,2024-08-26,2.079801567910821
2024-08-26,36.75,3.1666718,-0.32317147,2024-08-26,9.50394748445699
2024-08-26,36.75,3.25,,2024-08-26,16.92811061876691
2024-08-26,36.833336,2.8333435,-0.32674345,2024-08-26,22.20863381656194
2024-08-26,36.833336,2.9166718,-0.32669082,2024-08-26,15.772124592603511
2024-08-26,36.833336,3.0,-0.3282404,2024-08-26,10.696398658202174
2024-08-26,36.833336,3.0833435,-0.32968414,2024-08-26,9.496747682395155
2024-08-26,36.833336,3.1666718,-0.3292585,2024-08-26,13.270048906298761
2024-08-26,36.833336,3.25,-0.32668135,2024-08-26,19.290330362086166
2024-08-26,36.91667,2.8333435,-0.33762735,2024-08-26,27.393082527538727
2024-08-26,36.91667,2.9166718,-0.34197286,2024-08-26,22.49852861582144
2024-08-26,36.91667,3.0,-0.34466243,2024-08-26,19.286865452625985
2024-08-26,36.91667,3.0833435,-0.34390515,2024-08-26,18.648990373299995
2024-08-26,36.91667,3.1666718,-0.34079963,2024-08-26,20.82299777897512
2024-08-26,36.91667,3.25,-0.33797675,2024-08-26,25.08797191414032
2024-08-27,36.583336,2.8333435,,2024-08-27,27.42486183499686
2024-08-27,36.583336,2.9166718,,2024-08-27,22.513610945271516
2024-08-27,36.583336,3.0,,2024-08-27,19.289317853545782
2024-08-27,36.583336,3.0833435,,2024-08-27,18.648702135525184
2024-08-27,36.583336,3.1666718,,2024-08-27,20.831708919035847
2024-08-27,36.583336,3.25,,2024-08-27,25.112182506309033
2024-08-27,36.66667,2.8333435,,2024-08-27,22.228234819302035
2024-08-27,36.66667,2.9166718,,2024-08-27,15.782881420103022
2024-08-27,36.66667,3.0,,2024-08-27,10.698609465725811
2024-08-27,36.66667,3.0833435,,2024-08-27,9.496464669132697
2024-08-27,36.66667,3.1666718,,2024-08-27,13.276882967911245
2024-08-27,36.66667,3.25,,2024-08-27,19.306074472517334
2024-08-27,36.75,2.8333435,-0.34422854,2024-08-27,20.194040166169533
2024-08-27,36.75,2.9166718,,2024-08-27,12.76987826840439
2024-08-27,36.75,3.0,,2024-08-27,5.345713953294998
2024-08-27,36.75,3.0833435,-0.34639716,2024-08-27,2.079801567910821
2024-08-27,36.75,3.1666718,-0.34800428,2024-08-27,9.50394748445699
2024-08-27,36.75,3.25,,2024-08-27,16.92811061876691
2024-08-27,36.833336,2.8333435,-0.34562138,2024-08-27,22.20863381656194
2024-08-27,36.833336,2.9166718,-0.3468886,2024-08-27,15.772124592603511
2024-08-27,36.833336,3.0,-0.3487569,2024-08-27,10.696398658202174
2024-08-27,36.833336,3.0833435,-0.35104156,2024-08-27,9.496747682395155
2024-08-27,36.833336,3.1666718,-0.35331354,2024-08-27,13.270048906298761
2024-08-27,36.833336,3.25,-0.35473326,2024-08-27,19.290330362086166
2024-08-27,36.91667,2.8333435,-0.3472773,2024-08-27,27.393082527538727
2024-08-27,36.91667,2.9166718,-0.35182163,2024-08-27,22.49852861582144
2024-08-27,36.91667,3.0,-0.35628638,2024-08-27,19.286865452625985
2024-08-27,36.91667,3.0833435,-0.35998368,2024-08-27,18.648990373299995
2024-08-27,36.91667,3.1666718,-0.36130822,2024-08-27,20.82299777897512
2024-08-27,36.91667,3.25,-0.36000252,2024-08-27,25.08797191414032
2024-08-28,36.583336,2.8333435,,2024-08-28,27.42486183499686
2024-08-28,36.583336,2.9166718,,2024-08-28,22.513610945271516
2024-08-28,36.583336,3.0,,2024-08-28,19.289317853545782
2024-08-28,36.583336,3.0833435,,2024-08-28,18.648702135525184
2024-08-28,36.583336,3.1666718,,2024-08-28,20.831708919035847
2024-08-28,36.583336,3.25,,2024-08-28,25.112182506309033
2024-08-28,36.66667,2.8333435,,2024-08-28,22.228234819302035
2024-08-28,36.66667,2.9166718,,2024-08-28,15.782881420103022
2024-08-28,36.66667,3.0,,2024-08-28,10.698609465725811
2024-08-28,36.66667,3.0833435,,2024-08-28,9.496464669132697
2024-08-28,36.66667,3.1666718,,2024-08-28,13.276882967911245
2024-08-28,36.66667,3.25,,2024-08-28,19.306074472517334
2024-08-28,36.75,2.8333435,-0.33568564,2024-08-28,20.194040166169533
2024-08-28,36.75,2.9166718,,2024-08-28,12.76987826840439
2024-08-28,36.75,3.0,,2024-08-28,5.345713953294998
2024-08-28,36.75,3.0833435,-0.34055322,2024-08-28,2.079801567910821
2024-08-28,36.75,3.1666718,-0.3421874,2024-08-28,9.50394748445699
2024-08-28,36.75,3.25,,2024-08-28,16.92811061876691
2024-08-28,36.833336,2.8333435,-0.335489,2024-08-28,22.20863381656194
2024-08-28,36.833336,2.9166718,-0.3386469,2024-08-28,15.772124592603511
2024-08-28,36.833336,3.0,-0.34143558,2024-08-28,10.696398658202174
2024-08-28,36.833336,3.0833435,-0.34465834,2024-08-28,9.496747682395155
2024-08-28,36.833336,3.1666718,-0.34767237,2024-08-28,13.270048906298761
2024-08-28,36.833336,3.25,-0.35083264,2024-08-28,19.290330362086166
2024-08-28,36.91667,2.8333435,-0.33754697,2024-08-28,27.393082527538727
2024-08-28,36.91667,2.9166718,-0.34247476,2024-08-28,22.49852861582144
2024-08-28,36.91667,3.0,-0.34731358,2024-08-28,19.286865452625985
2024-08-28,36.91667,3.0833435,-0.3522928,2024-08-28,18.648990373299995
2024-08-28,36.91667,3.1666718,-0.35637593,2024-08-28,20.82299777897512
2024-08-28,36.91667,3.25,-0.35901007,2024-08-28,25.08797191414032
2024-08-29,36.583336,2.8333435,,2024-08-29,27.42486183499686
2024-08-29,36.583336,2.9166718,,2024-08-29,22.513610945271516
2024-08-29,36.583336,3.0,,2024-08-29,19.289317853545782
2024-08-29,36.583336,3.0833435,,2024-08-29,18.648702135525184
2024-08-29,36.583336,3.1666718,,2024-08-29,20.831708919035847
2024-08-29,36.583336,3.25,,2024-08-29,25.112182506309033
2024-08-29,36.66667,2.8333435,,2024-08-29,22.228234819302035
2024-08-29,36.66667,2.9166718,,2024-08-29,15.782881420103022
2024-08-29,36.66667,3.0,,2024-08-29,10.698609465725811
2024-08-29,36.66667,3.0833435,,2024-08-29,9.496464669132697
2024-08-29,36.66667,3.1666718,,2024-08-29,13.276882967911245
2024-08-29,36.66667,3.25,,2024-08-29,19.306074472517334
2024-08-29,36.75,2.8333435,-0.3371538,2024-08-29,20.194040166169533
2024-08-29,36.75,2.9166718,,2024-08-29,12.76987826840439
2024-08-29,36.75,3.0,,2024-08-29,5.345713953294998
2024-08-29,36.75,3.0833435,-0.338732,2024-08-29,2.079801567910821
2024-08-29,36.75,3.1666718,-0.33945975,2024-08-29,9.50394748445699
2024-08-29,36.75,3.25,,2024-08-29,16.92811061876691
2024-08-29,36.833336,2.8333435,-0.33275503,2024-08-29,22.20863381656194
2024-08-29,36.833336,2.9166718,-0.33653733,2024-08-29,15.772124592603511
2024-08-29,36.833336,3.0,-0.33968517,2024-08-29,10.696398658202174
2024-08-29,36.833336,3.0833435,-0.34261703,2024-08-29,9.496747682395155
2024-08-29,36.833336,3.1666718,-0.34501556,2024-08-29,13.270048906298761
2024-08-29,36.833336,3.25,-0.3478532,2024-08-29,19.290330362086166
2024-08-29,36.91667,2.8333435,-0.33238778,2024-08-29,27.393082527538727
2024-08-29,36.91667,2.9166718,-0.33727792,2024-08-29,22.49852861582144
2024-08-29,36.91667,3.0,-0.34234038,2024-08-29,19.286865452625985
2024-08-29,36.91667,3.0833435,-0.34780407,2024-08-29,18.648990373299995
2024-08-29,36.91667,3.1666718,-0.3528544,2024-08-29,20.82299777897512
2024-08-29,36.91667,3.25,-0.35721028,2024-08-29,25.08797191414032
2024-08-30,36.583336,2.8333435,,2024-08-30,27.42486183499686
2024-08-30,36.583336,2.9166718,,2024-08-30,22.513610945271516
2024-08-30,36.583336,3.0,,2024-08-30,19.289317853545782
2024-08-30,36.583336,3.0833435,,2024-08-30,18.648702135525184
2024-08-30,36.583336,3.1666718,,2024-08-30,20.831708919035847
2024-08-30,36.583336,3.25,,2024-08-30,25.112182506309033
2024-08-30,36.66667,2.8333435,,2024-08-30,22.228234819302035
2024-08-30,36.66667,2.9166718,,2024-08-30,15.782881420103022
2024-08-30,36.66667,3.0,,2024-08-30,10.698609465725811
2024-08-30,36.66667,3.0833435,,2024-08-30,9.496464669132697
2024-08-30,36.66667,3.1666718,,2024-08-30,13.276882967911245
2024-08-30,36.66667,3.25,,2024-08-30,19.306074472517334
2024-08-30,36.75,2.8333435,-0.34768406,2024-08-30,20.194040166169533
2024-08-30,36.75,2.9166718,,2024-08-30,12.76987826840439
2024-08-30,36.75,3.0,,2024-08-30,5.345713953294998
2024-08-30,36.75,3.0833435,-0.34642723,2024-08-30,2.079801567910821
2024-08-30,36.75,3.1666718,-0.34689695,2024-08-30,9.50394748445699
2024-08-30,36.75,3.25,,2024-08-30,16.92811061876691
2024-08-30,36.833336,2.8333435,-0.33673382,2024-08-30,22.20863381656194
2024-08-30,36.833336,2.9166718,-0.34211823,2024-08-30,15.772124592603511
2024-08-30,36.833336,3.0,-0.34409213,2024-08-30,10.696398658202174
2024-08-30,36.833336,3.0833435,-0.34584665,2024-08-30,9.496747682395155
2024-08-30,36.833336,3.1666718,-0.34817085,2024-08-30,13.270048906298761
2024-08-30,36.833336,3.25,-0.34983772,2024-08-30,19.290330362086166
2024-08-30,36.91667,2.8333435,-0.3353456,2024-08-30,27.393082527538727
2024-08-30,36.91667,2.9166718,-0.3392071,2024-08-30,22.49852861582144
2024-08-30,36.91667,3.0,-0.34331307,2024-08-30,19.286865452625985
2024-08-30,36.91667,3.0833435,-0.34808153,2024-08-30,18.648990373299995
2024-08-30,36.91667,3.1666718,-0.35321647,2024-08-30,20.82299777897512
2024-08-30,36.91667,3.25,-0.35794115,2024-08-30,25.08797191414032
2024-08-31,36.583336,2.8333435,,2024-08-31,27.42486183499686
2024-08-31,36.583336,2.9166718,,2024-08-31,22.513610945271516
2024-08-31,36.583336,3.0,,2024-08-31,19.289317853545782
2024-08-31,36.583336,3.0833435,,2024-08-31,18.648702135525184
2024-08-31,36.583336,3.1666718,,2024-08-31,20.831708919035847
2024-08-31,36.583336,3.25,,2024-08-31,25.112182506309033
2024-08-31,36.66667,2.8333435,,2024-08-31,22.228234819302035
2024-08-31,36.66667,2.9166718,,2024-08-31,15.782881420103022
2024-08-31,36.66667,3.0,,2024-08-31,10.698609465725811
2024-08-31,36.66667,3.0833435,,2024-08-31,9.496464669132697
2024-08-31,36.66667,3.1666718,,2024-08-31,13.276882967911245
2024-08-31,36.66667,3.25,,2024-08-31,19.306074472517334
2024-08-31,36.75,2.8333435,-0.35030046,2024-08-31,20.194040166169533
2024-08-31,36.75,2.9166718,,2024-08-31,12.76987826840439
2024-08-31,36.75,3.0,,2024-08-31,5.345713953294998
2024-08-31,36.75,3.0833435,-0.35112074,2024-08-31,2.079801567910821
2024-08-31,36.75,3.1666718,-0.35263884,2024-08-31,9.50394748445699
2024-08-31,36.75,3.25,,2024-08-31,16.92811061876691
2024-08-31,36.833336,2.8333435,-0.33734578,2024-08-31,22.20863381656194
2024-08-31,36.833336,2.9166718,-0.3436866,2024-08-31,15.772124592603511
2024-08-31,36.833336,3.0,-0.3464684,2024-08-31,10.696398658202174
2024-08-31,36.833336,3.0833435,-0.34774747,2024-08-31,9.496747682395155
2024-08-31,36.833336,3.1666718,-0.34937996,2024-08-31,13.270048906298761
2024-08-31,36.833336,3.25,-0.3514824,2024-08-31,19.290330362086166
2024-08-31,36.91667,2.8333435,-0.33754924,2024-08-31,27.393082527538727
2024-08-31,36.91667,2.9166718,-0.34080002,2024-08-31,22.49852861582144
2024-08-31,36.91667,3.0,-0.34386805,2024-08-31,19.286865452625985
2024-08-31,36.91667,3.0833435,-0.3473154,2024-08-31,18.648990373299995
2024-08-31,36.91667,3.1666718,-0.35134327,2024-08-31,20.82299777897512
2024-08-31,36.91667,3.25,-0.35585016,2024-08-31,25.08797191414032
2024-09-01,36.583336,2.8333435,,2024-09-01,27.42486183499686
2024-09-01,36.583336,2.9166718,,2024-09-01,22.513610945271516
2024-09-01,36.583336,3.0,,2024-09-01,19.289317853545782
2024-09-01,36.583336,3.0833435,,2024-09-01,18.648702135525184
2024-09-01,36.583336,3.1666718,,2024-09-01,20.831708919035847
2024-09-01,36.583336,3.25,,2024-09-01,25.112182506309033
2024-09-01,36.66667,2.8333435,,2024-09-01,22.228234819302035
2024-09-01,36.66667,2.9166718,,2024-09-01,15.782881420103022
2024-09-01,36.66667,3.0,,2024-09-01,10.698609465725811
2024-09-01,36.66667,3.0833435,,2024-09-01,9.496464669132697
2024-09-01,36.66667,3.1666718,,2024-09-01,13.276882967911245
2024-09-01,36.66667,3.25,,2024-09-01,19.306074472517334
2024-09-01,36.75,2.8333435,-0.34029692,2024-09-01,20.194040166169533
2024-09-01,36.75,2.9166718,,2024-09-01,12.76987826840439
2024-09-01,36.75,3.0,,2024-09-01,5.345713953294998
2024-09-01,36.75,3.0833435,-0.3402706,2024-09-01,2.079801567910821
2024-09-01,36.75,3.1666718,-0.34224463,2024-09-01,9.50394748445699
2024-09-01,36.75,3.25,,2024-09-01,16.92811061876691
2024-09-01,36.833336,2.8333435,-0.33001095,2024-09-01,22.20863381656194
2024-09-01,36.833336,2.9166718,-0.33472142,2024-09-01,15.772124592603511
2024-09-01,36.833336,3.0,-0.33660164,2024-09-01,10.696398658202174
2024-09-01,36.833336,3.0833435,-0.3383647,2024-09-01,9.496747682395155
2024-09-01,36.833336,3.1666718,-0.34026667,2024-09-01,13.270048906298761
2024-09-01,36.833336,3.25,-0.34236813,2024-09-01,19.290330362086166
2024-09-01,36.91667,2.8333435,-0.33302993,2024-09-01,27.393082527538727
2024-09-01,36.91667,2.9166718,-0.33615932,2024-09-01,22.49852861582144
2024-09-01,36.91667,3.0,-0.33915398,2024-09-01,19.286865452625985
2024-09-01,36.91667,3.0833435,-0.34187686,2024-09-01,18.648990373299995
2024-09-01,36.91667,3.1666718,-0.34453672,2024-09-01,20.82299777897512
2024-09-01,36.91667,3.25,-0.34766528,2024-09-01,25.08797191414032
2024-09-02,36.583336,2.8333435,,2024-09-02,27.42486183499686
2024-09-02,36.583336,2.9166718,,2024-09-02,22.513610945271516
2024-09-02,36.583336,3.0,,2024-09-02,19.289317853545782
2024-09-02,36.583336,3.0833435,,2024-09-02,18.648702135525184
2024-09-02,36.583336,3.1666718,,2024-09-02,20.831708919035847
2024-09-02,36.583336,3.25,,2024-09-02,25.112182506309033
2024-09-02,36.66667,2.8333435,,2024-09-02,22.228234819302035
2024-09-02,36.66667,2.9166718,,2024-09-02,15.782881420103022
2024-09-02,36.66667,3.0,,2024-09-02,10.698609465725811
2024-09-02,36.66667,3.0833435,,2024-09-02,9.496464669132697
2024-09-02,36.66667,3.1666718,,2024-09-02,13.276882967911245
2024-09-02,36.66667,3.25,,2024-09-02,19.306074472517334
2024-09-02,36.75,2.8333435,-0.30762616,2024-09-02,20.194040166169533
2024-09-02,36.75,2.9166718,,2024-09-02,12.76987826840439
2024-09-02,36.75,3.0,,2024-09-02,5.345713953294998
2024-09-02,36.75,3.0833435,-0.30755502,2024-09-02,2.079801567910821
2024-09-02,36.75,3.1666718,-0.3085974,2024-09-02,9.50394748445699
2024-09-02,36.75,3.25,,2024-09-02,16.92811061876691
2024-09-02,36.833336,2.8333435,-0.30476013,2024-09-02,22.20863381656194
2024-09-02,36.833336,2.9166718,-0.3075387,2024-09-02,15.772124592603511
2024-09-02,36.833336,3.0,-0.30905685,2024-09-02,10.696398658202174
2024-09-02,36.833336,3.0833435,-0.31129345,2024-09-02,9.496747682395155
2024-09-02,36.833336,3.1666718,-0.3141867,2024-09-02,13.270048906298761
2024-09-02,36.833336,3.25,-0.31578693,2024-09-02,19.290330362086166
2024-09-02,36.91667,2.8333435,-0.31663007,2024-09-02,27.393082527538727
2024-09-02,36.91667,2.9166718,-0.31988525,2024-09-02,22.49852861582144
2024-09-02,36.91667,3.0,-0.3229758,2024-09-02,19.286865452625985
2024-09-02,36.91667,3.0833435,-0.3260372,2024-09-02,18.648990373299995
2024-09-02,36.91667,3.1666718,-0.32860863,2024-09-02,20.82299777897512
2024-09-02,36.91667,3.25,-0.3302634,2024-09-02,25.08797191414032
2024-09-03,36.583336,2.8333435,,2024-09-03,27.42486183499686
2024-09-03,36.583336,2.9166718,,2024-09-03,22.513610945271516
2024-09-03,36.583336,3.0,,2024-09-03,19.289317853545782
2024-09-03,36.583336,3.0833435,,2024-09-03,18.648702135525184
2024-09-03,36.583336,3.1666718,,2024-09-03,20.831708919035847
2024-09-03,36.583336,3.25,,2024-09-03,25.112182506309033
2024-09-03,36.66667,2.8333435,,2024-09-03,22.228234819302035
2024-09-03,36.66667,2.9166718,,2024-09-03,15.782881420103022
2024-09-03,36.66667,3.0,,2024-09-03,10.698609465725811
2024-09-03,36.66667,3.0833435,,2024-09-03,9.496464669132697
2024-09-03,36.66667,3.1666718,,2024-09-03,13.276882967911245
2024-09-03,36.66667,3.25,,2024-09-03,19.306074472517334
2024-09-03,36.75,2.8333435,-0.28352308,2024-09-03,20.194040166169533
2024-09-03,36.75,2.9166718,,2024-09-03,12.76987826840439
2024-09-03,36.75,3.0,,2024-09-03,5.345713953294998
2024-09-03,36.75,3.0833435,-0.28288186,2024-09-03,2.079801567910821
2024-09-03,36.75,3.1666718,-0.28205007,2024-09-03,9.50394748445699
2024-09-03,36.75,3.25,,2024-09-03,16.92811061876691
2024-09-03,36.833336,2.8333435,-0.28717873,2024-09-03,22.20863381656194
2024-09-03,36.833336,2.9166718,-0.28770855,2024-09-03,15.772124592603511
2024-09-03,36.833336,3.0,-0.28807208,2024-09-03,10.696398658202174
2024-09-03,36.833336,3.0833435,-0.2889125,2024-09-03,9.496747682395155
2024-09-03,36.833336,3.1666718,-0.2899608,2024-09-03,13.270048906298761
2024-09-03,36.833336,3.25,-0.29040185,2024-09-03,19.290330362086166
2024-09-03,36.91667,2.8333435,-0.30093813,2024-09-03,27.393082527538727
2024-09-03,36.91667,2.9166718,-0.30357444,2024-09-03,22.49852861582144
2024-09-03,36.91667,3.0,-0.30715868,2024-09-03,19.286865452625985
2024-09-03,36.91667,3.0833435,-0.31063643,2024-09-03,18.648990373299995
2024-09-03,36.91667,3.1666718,-0.31349298,2024-09-03,20.82299777897512
2024-09-03,36.91667,3.25,-0.31565922,2024-09-03,25.08797191414032
2024-09-04,36.583336,2.8333435,,2024-09-04,27.42486183499686
2024-09-04,36.583336,2.9166718,,2024-09-04,22.513610945271516
2024-09-04,36.583336,3.0,,2024-09-04,19.289317853545782
2024-09-04,36.583336,3.0833435,,2024-09-04,18.648702135525184
2024-09-04,36.583336,3.1666718,,2024-09-04,20.831708919035847
2024-09-04,36.583336,3.25,,2024-09-04,25.112182506309033
2024-09-04,36.66667,2.8333435,,2024-09-04,22.228234819302035
2024-09-04,36.66667,2.9166718,,2024-09-04,15.782881420103022
2024-09-04,36.66667,3.0,,2024-09-04,10.698609465725811
2024-09-04,36.66667,3.0833435,,2024-09-04,9.496464669132697
2024-09-04,36.66667,3.1666718,,2024-09-04,13.276882967911245
2024-09-04,36.66667,3.25,,2024-09-04,19.306074472517334
2024-09-04,36.75,2.8333435,-0.27302065,2024-09-04,20.194040166169533
2024-09-04,36.75,2.9166718,,2024-09-04,12.76987826840439
2024-09-04,36.75,3.0,,2024-09-04,5.345713953294998
2024-09-04,36.75,3.0833435,-0.2674307,2024-09-04,2.079801567910821
2024-09-04,36.75,3.1666718,-0.26647547,2024-09-04,9.50394748445699
2024-09-04,36.75,3.25,,2024-09-04,16.92811061876691
2024-09-04,36.833336,2.8333435,-0.2858174,2024-09-04,22.20863381656194
2024-09-04,36.833336,2.9166718,-0.27647117,2024-09-04,15.772124592603511
2024-09-04,36.833336,3.0,-0.27312127,2024-09-04,10.696398658202174
2024-09-04,36.833336,3.0833435,-0.27255324,2024-09-04,9.496747682395155
2024-09-04,36.833336,3.1666718,-0.27321878,2024-09-04,13.270048906298761
2024-09-04,36.833336,3.25,-0.2731175,2024-09-04,19.290330362086166
2024-09-04,36.91667,2.8333435,-0.29776177,2024-09-04,27.393082527538727
2024-09-04,36.91667,2.9166718,-0.29026678,2024-09-04,22.49852861582144
2024-09-04,36.91667,3.0,-0.28895596,2024-09-04,19.286865452625985
2024-09-04,36.91667,3.0833435,-0.2916805,2024-09-04,18.648990373299995
2024-09-04,36.91667,3.1666718,-0.2954875,2024-09-04,20.82299777897512
2024-09-04,36.91667,3.25,-0.29910982,2024-09-04,25.08797191414032
2024-09-05,36.583336,2.8333435,,2024-09-05,27.42486183499686
2024-09-05,36.583336,2.9166718,,2024-09-05,22.513610945271516
2024-09-05,36.583336,3.0,,2024-09-05,19.289317853545782
2024-09-05,36.583336,3.0833435,,2024-09-05,18.648702135525184
2024-09-05,36.583336,3.1666718,,2024-09-05,20.831708919035847
2024-09-05,36.583336,3.25,,2024-09-05,25.112182506309033
2024-09-05,36.66667,2.8333435,,2024-09-05,22.228234819302035
2024-09-05,36.66667,2.9166718,,2024-09-05,15.782881420103022
2024-09-05,36.66667,3.0,,2024-09-05,10.698609465725811
2024-09-05,36.66667,3.0833435,,2024-09-05,9.496464669132697
2024-09-05,36.66667,3.1666718,,2024-09-05,13.276882967911245
2024-09-05,36.66667,3.25,,2024-09-05,19.306074472517334
2024-09-05,36.75,2.8333435,-0.2744843,2024-09-05,20.194040166169533
2024-09-05,36.75,2.9166718,,2024-09-05,12.76987826840439
2024-09-05,36.75,3.0,,2024-09-05,5.345713953294998
2024-09-05,36.75,3.0833435,-0.2704475,2024-09-05,2.079801567910821
2024-09-05,36.75,3.1666718,-0.2706399,2024-09-05,9.50394748445699
2024-09-05,36.75,3.25,,2024-09-05,16.92811061876691
2024-09-05,36.833336,2.8333435,-0.2925252,2024-09-05,22.20863381656194
2024-09-05,36.833336,2.9166718,-0.28755844,2024-09-05,15.772124592603511
2024-09-05,36.833336,3.0,-0.28233895,2024-09-05,10.696398658202174
2024-09-05,36.833336,3.0833435,-0.27798074,2024-09-05,9.496747682395155
2024-09-05,36.833336,3.1666718,-0.27534366,2024-09-05,13.270048906298761
2024-09-05,36.833336,3.25,-0.2748003,2024-09-05,19.290330362086166
2024-09-05,36.91667,2.8333435,-0.31555098,2024-09-05,27.393082527538727
2024-09-05,36.91667,2.9166718,-0.30917507,2024-09-05,22.49852861582144
2024-09-05,36.91667,3.0,-0.29979387,2024-09-05,19.286865452625985
2024-09-05,36.91667,3.0833435,-0.2922514,2024-09-05,18.648990373299995
2024-09-05,36.91667,3.1666718,-0.28943285,2024-09-05,20.82299777897512
2024-09-05,36.91667,3.25,-0.29064715,2024-09-05,25.08797191414032
2024-09-06,36.583336,2.8333435,,2024-09-06,27.42486183499686
2024-09-06,36.583336,2.9166718,,2024-09-06,22.513610945271516
2024-09-06,36.583336,3.0,,2024-09-06,19.289317853545782
2024-09-06,36.583336,3.0833435,,2024-09-06,18.648702135525184
2024-09-06,36.583336,3.1666718,,2024-09-06,20.831708919035847
2024-09-06,36.583336,3.25,,2024-09-06,25.112182506309033
2024-09-06,36.66667,2.8333435,,2024-09-06,22.228234819302035
2024-09-06,36.66667,2.9166718,,2024-09-06,15.782881420103022
2024-09-06,36.66667,3.0,,2024-09-06,10.698609465725811
2024-09-06,36.66667,3.0833435,,2024-09-06,9.496464669132697
2024-09-06,36.66667,3.1666718,,2024-09-06,13.276882967911245
2024-09-06,36.66667,3.25,,2024-09-06,19.306074472517334
2024-09-06,36.75,2.8333435,-0.264866,2024-09-06,20.194040166169533
2024-09-06,36.75,2.9166718,,2024-09-06,12.76987826840439
2024-09-06,36.75,3.0,,2024-09-06,5.345713953294998
2024-09-06,36.75,3.0833435,-0.26618078,2024-09-06,2.079801567910821
2024-09-06,36.75,3.1666718,-0.26362678,2024-09-06,9.50394748445699
2024-09-06,36.75,3.25,,2024-09-06,16.92811061876691
2024-09-06,36.833336,2.8333435,-0.27989557,2024-09-06,22.20863381656194
2024-09-06,36.833336,2.9166718,-0.2754448,2024-09-06,15.772124592603511
2024-09-06,36.833336,3.0,-0.27570298,2024-09-06,10.696398658202174
2024-09-06,36.833336,3.0833435,-0.27882633,2024-09-06,9.496747682395155
2024-09-06,36.833336,3.1666718,-0.2789121,2024-09-06,13.270048906298761
2024-09-06,36.833336,3.25,-0.27654707,2024-09-06,19.290330362086166
2024-09-06,36.91667,2.8333435,-0.29949692,2024-09-06,27.393082527538727
2024-09-06,36.91667,2.9166718,-0.29760382,2024-09-06,22.49852861582144
2024-09-06,36.91667,3.0,-0.2995406,2024-09-06,19.286865452625985
2024-09-06,36.91667,3.0833435,-0.3001336,2024-09-06,18.648990373299995
2024-09-06,36.91667,3.1666718,-0.29700416,2024-09-06,20.82299777897512
2024-09-06,36.91667,3.25,-0.29147035,2024-09-06,25.08797191414032
2024-09-07,36.583336,2.8333435,,2024-09-07,27.42486183499686
2024-09-07,36.583336,2.9166718,,2024-09-07,22.513610945271516
2024-09-07,36.583336,3.0,,2024-09-07,19.289317853545782
2024-09-07,36.583336,3.0833435,,2024-09-07,18.648702135525184
2024-09-07,36.583336,3.1666718,,2024-09-07,20.831708919035847
2024-09-07,36.583336,3.25,,2024-09-07,25.112182506309033
2024-09-07,36.66667,2.8333435,,2024-09-07,22.228234819302035
2024-09-07,36.66667,2.9166718,,2024-09-07,15.782881420103022
2024-09-07,36.66667,3.0,,2024-09-07,10.698609465725811
2024-09-07,36.66667,3.0833435,,2024-09-07,9.496464669132697
2024-09-07,36.66667,3.1666718,,2024-09-07,13.276882967911245
2024-09-07,36.66667,3.25,,2024-09-07,19.306074472517334
2024-09-07,36.75,2.8333435,-0.2553181,2024-09-07,20.194040166169533
2024-09-07,36.75,2.9166718,,2024-09-07,12.76987826840439
2024-09-07,36.75,3.0,,2024-09-07,5.345713953294998
2024-09-07,36.75,3.0833435,-0.25520405,2024-09-07,2.079801567910821
2024-09-07,36.75,3.1666718,-0.25409862,2024-09-07,9.50394748445699
2024-09-07,36.75,3.25,,2024-09-07,16.92811061876691
2024-09-07,36.833336,2.8333435,-0.27188203,2024-09-07,22.20863381656194
2024-09-07,36.833336,2.9166718,-0.26563564,2024-09-07,15.772124592603511
2024-09-07,36.833336,3.0,-0.26292118,2024-09-07,10.696398658202174
2024-09-07,36.833336,3.0833435,-0.2655067,2024-09-07,9.496747682395155
2024-09-07,36.833336,3.1666718,-0.26863903,2024-09-07,13.270048906298761
2024-09-07,36.833336,3.25,-0.27138808,2024-09-07,19.290330362086166
2024-09-07,36.91667,2.8333435,-0.29540327,2024-09-07,27.393082527538727
2024-09-07,36.91667,2.9166718,-0.28816548,2024-09-07,22.49852861582144
2024-09-07,36.91667,3.0,-0.28543568,2024-09-07,19.286865452625985
2024-09-07,36.91667,3.0833435,-0.28679416,2024-09-07,18.648990373299995
2024-09-07,36.91667,3.1666718,-0.29072988,2024-09-07,20.82299777897512
2024-09-07,36.91667,3.25,-0.29514402,2024-09-07,25.08797191414032
2024-09-08,36.583336,2.8333435,,2024-09-08,27.42486183499686
2024-09-08,36.583336,2.9166718,,2024-09-08,22.513610945271516
2024-09-08,36.583336,3.0,,2024-09-08,19.289317853545782
2024-09-08,36.583336,3.0833435,,2024-09-08,18.648702135525184
2024-09-08,36.583336,3.1666718,,2024-09-08,20.831708919035847
2024-09-08,36.583336,3.25,,2024-09-08,25.112182506309033
2024-09-08,36.66667,2.8333435,,2024-09-08,22.228234819302035
2024-09-08,36.66667,2.9166718,,2024-09-08,15.782881420103022
2024-09-08,36.66667,3.0,,2024-09-08,10.698609465725811
2024-09-08,36.66667,3.0833435,,2024-09-08,9.496464669132697
2024-09-08,36.66667,3.1666718,,2024-09-08,13.276882967911245
2024-09-08,36.66667,3.25,,2024-09-08,19.306074472517334
2024-09-08,36.75,2.8333435,-0.23604055,2024-09-08,20.194040166169533
2024-09-08,36.75,2.9166718,,2024-09-08,12.76987826840439
2024-09-08,36.75,3.0,,2024-09-08,5.345713953294998
2024-09-08,36.75,3.0833435,-0.23548415,2024-09-08,2.079801567910821
2024-09-08,36.75,3.1666718,-0.23471116,2024-09-08,9.50394748445699
2024-09-08,36.75,3.25,,2024-09-08,16.92811061876691
2024-09-08,36.833336,2.8333435,-0.2536333,2024-09-08,22.20863381656194
2024-09-08,36.833336,2.9166718,-0.24681576,2024-09-08,15.772124592603511
2024-09-08,36.833336,3.0,-0.24360931,2024-09-08,10.696398658202174
2024-09-08,36.833336,3.0833435,-0.24476387,2024-09-08,9.496747682395155
2024-09-08,36.833336,3.1666718,-0.24636497,2024-09-08,13.270048906298761
2024-09-08,36.833336,3.25,-0.24811655,2024-09-08,19.290330362086166
2024-09-08,36.91667,2.8333435,-0.27831578,2024-09-08,27.393082527538727
2024-09-08,36.91667,2.9166718,-0.27054197,2024-09-08,22.49852861582144
2024-09-08,36.91667,3.0,-0.26666194,2024-09-08,19.286865452625985
2024-09-08,36.91667,3.0833435,-0.26655203,2024-09-08,18.648990373299995
2024-09-08,36.91667,3.1666718,-0.26832294,2024-09-08,20.82299777897512
2024-09-08,36.91667,3.25,-0.270199,2024-09-08,25.08797191414032
2024-09-09,36.583336,2.8333435,,2024-09-09,27.42486183499686
2024-09-09,36.583336,2.9166718,,2024-09-09,22.513610945271516
2024-09-09,36.583336,3.0,,2024-09-09,19.289317853545782
2024-09-09,36.583336,3.0833435,,2024-09-09,18.648702135525184
2024-09-09,36.583336,3.1666718,,2024-09-09,20.831708919035847
2024-09-09,36.583336,3.25,,2024-09-09,25.112182506309033
2024-09-09,36.66667,2.8333435,,2024-09-09,22.228234819302035
2024-09-09,36.66667,2.9166718,,2024-09-09,15.782881420103022
2024-09-09,36.66667,3.0,,2024-09-09,10.698609465725811
2024-09-09,36.66667,3.0833435,,2024-09-09,9.496464669132697
2024-09-09,36.66667,3.1666718,,2024-09-09,13.276882967911245
2024-09-09,36.66667,3.25,,2024-09-09,19.306074472517334
2024-09-09,36.75,2.8333435,-0.22788838,2024-09-09,20.194040166169533
2024-09-09,36.75,2.9166718,,2024-09-09,12.76987826840439
2024-09-09,36.75,3.0,,2024-09-09,5.345713953294998
2024-09-09,36.75,3.0833435,-0.22506297,2024-09-09,2.079801567910821
2024-09-09,36.75,3.1666718,-0.22401442,2024-09-09,9.50394748445699
2024-09-09,36.75,3.25,,2024-09-09,16.92811061876691
2024-09-09,36.833336,2.8333435,-0.24731573,2024-09-09,22.20863381656194
2024-09-09,36.833336,2.9166718,-0.2388092,2024-09-09,15.772124592603511
2024-09-09,36.833336,3.0,-0.23382032,2024-09-09,10.696398658202174
2024-09-09,36.833336,3.0833435,-0.23378006,2024-09-09,9.496747682395155
2024-09-09,36.833336,3.1666718,-0.23542188,2024-09-09,13.270048906298761
2024-09-09,36.833336,3.25,-0.23757765,2024-09-09,19.290330362086166
2024-09-09,36.91667,2.8333435,-0.27608892,2024-09-09,27.393082527538727
2024-09-09,36.91667,2.9166718,-0.2660362,2024-09-09,22.49852861582144
2024-09-09,36.91667,3.0,-0.26008782,2024-09-09,19.286865452625985
2024-09-09,36.91667,3.0833435,-0.2582076,2024-09-09,18.648990373299995
2024-09-09,36.91667,3.1666718,-0.26048303,2024-09-09,20.82299777897512
2024-09-09,36.91667,3.25,-0.2645065,2024-09-09,25.08797191414032
2024-09-10,36.583336,2.8333435,,2024-09-10,27.42486183499686
2024-09-10,36.583336,2.9166718,,2024-09-10,22.513610945271516
2024-09-10,36.583336,3.0,,2024-09-10,19.289317853545782
2024-09-10,36.583336,3.0833435,,2024-09-10,18.648702135525184
2024-09-10,36.583336,3.1666718,,2024-09-10,20.831708919035847
2024-09-10,36.583336,3.25,,2024-09-10,25.112182506309033
2024-09-10,36.66667,2.8333435,,2024-09-10,22.228234819302035
2024-09-10,36.66667,2.9166718,,2024-09-10,15.782881420103022
2024-09-10,36.66667,3.0,,2024-09-10,10.698609465725811
2024-09-10,36.66667,3.0833435,,2024-09-10,9.496464669132697
2024-09-10,36.66667,3.1666718,,2024-09-10,13.276882967911245
2024-09-10,36.66667,3.25,,2024-09-10,19.306074472517334
2024-09-10,36.75,2.8333435,-0.20619024,2024-09-10,20.194040166169533
2024-09-10,36.75,2.9166718,,2024-09-10,12.76987826840439
2024-09-10,36.75,3.0,,2024-09-10,5.345713953294998
2024-09-10,36.75,3.0833435,-0.2063831,2024-09-10,2.079801567910821
2024-09-10,36.75,3.1666718,-0.2061486,2024-09-10,9.50394748445699
2024-09-10,36.75,3.25,,2024-09-10,16.92811061876691
2024-09-10,36.833336,2.8333435,-0.22998217,2024-09-10,22.20863381656194
2024-09-10,36.833336,2.9166718,-0.22156109,2024-09-10,15.772124592603511
2024-09-10,36.833336,3.0,-0.21599858,2024-09-10,10.696398658202174
2024-09-10,36.833336,3.0833435,-0.21460038,2024-09-10,9.496747682395155
2024-09-10,36.833336,3.1666718,-0.21499304,2024-09-10,13.270048906298761
2024-09-10,36.833336,3.25,-0.21590766,2024-09-10,19.290330362086166
2024-09-10,36.91667,2.8333435,-0.26295918,2024-09-10,27.393082527538727
2024-09-10,36.91667,2.9166718,-0.25233936,2024-09-10,22.49852861582144
2024-09-10,36.91667,3.0,-0.24442723,2024-09-10,19.286865452625985
2024-09-10,36.91667,3.0833435,-0.2397004,2024-09-10,18.648990373299995
2024-09-10,36.91667,3.1666718,-0.23845711,2024-09-10,20.82299777897512
2024-09-10,36.91667,3.25,-0.24110007,2024-09-10,25.08797191414032
2024-09-11,36.583336,2.8333435,,2024-09-11,27.42486183499686
2024-09-11,36.583336,2.9166718,,2024-09-11,22.513610945271516
2024-09-11,36.583336,3.0,,2024-09-11,19.289317853545782
2024-09-11,36.583336,3.0833435,,2024-09-11,18.648702135525184
2024-09-11,36.583336,3.1666718,,2024-09-11,20.831708919035847
2024-09-11,36.583336,3.25,,2024-09-11,25.112182506309033
2024-09-11,36.66667,2.8333435,,2024-09-11,22.228234819302035
2024-09-11,36.66667,2.9166718,,2024-09-11,15.782881420103022
2024-09-11,36.66667,3.0,,2024-09-11,10.698609465725811
2024-09-11,36.66667,3.0833435,,2024-09-11,9.496464669132697
2024-09-11,36.66667,3.1666718,,2024-09-11,13.276882967911245
2024-09-11,36.66667,3.25,,2024-09-11,19.306074472517334
2024-09-11,36.75,2.8333435,-0.18771012,2024-09-11,20.194040166169533
2024-09-11,36.75,2.9166718,,2024-09-11,12.76987826840439
2024-09-11,36.75,3.0,,2024-09-11,5.345713953294998
2024-09-11,36.75,3.0833435,-0.18719123,2024-09-11,2.079801567910821
2024-09-11,36.75,3.1666718,-0.18677436,2024-09-11,9.50394748445699
2024-09-11,36.75,3.25,,2024-09-11,16.92811061876691
2024-09-11,36.833336,2.8333435,-0.21065916,2024-09-11,22.20863381656194
2024-09-11,36.833336,2.9166718,-0.20314683,2024-09-11,15.772124592603511
2024-09-11,36.833336,3.0,-0.19742732,2024-09-11,10.696398658202174
2024-09-11,36.833336,3.0833435,-0.1959215,2024-09-11,9.496747682395155
2024-09-11,36.833336,3.1666718,-0.19604664,2024-09-11,13.270048906298761
2024-09-11,36.833336,3.25,-0.19561504,2024-09-11,19.290330362086166
2024-09-11,36.91667,2.8333435,-0.24550413,2024-09-11,27.393082527538727
2024-09-11,36.91667,2.9166718,-0.23593593,2024-09-11,22.49852861582144
2024-09-11,36.91667,3.0,-0.22801635,2024-09-11,19.286865452625985
2024-09-11,36.91667,3.0833435,-0.22241971,2024-09-11,18.648990373299995
2024-09-11,36.91667,3.1666718,-0.21963307,2024-09-11,20.82299777897512
2024-09-11,36.91667,3.25,-0.21901566,2024-09-11,25.08797191414032
2024-09-12,36.583336,2.8333435,,2024-09-12,27.42486183499686
2024-09-12,36.583336,2.9166718,,2024-09-12,22.513610945271516
2024-09-12,36.583336,3.0,,2024-09-12,19.289317853545782
2024-09-12,36.583336,3.0833435,,2024-09-12,18.648702135525184
2024-09-12,36.583336,3.1666718,,2024-09-12,20.831708919035847
2024-09-12,36.583336,3.25,,2024-09-12,25.112182506309033
2024-09-12,36.66667,2.8333435,,2024-09-12,22.228234819302035
2024-09-12,36.66667,2.9166718,,2024-09-12,15.782881420103022
2024-09-12,36.66667,3.0,,2024-09-12,10.698609465725811
2024-09-12,36.66667,3.0833435,,2024-09-12,9.496464669132697
2024-09-12,36.66667,3.1666718,,2024-09-12,13.276882967911245
2024-09-12,36.66667,3.25,,2024-09-12,19.306074472517334
2024-09-12,36.75,2.8333435,-0.16929683,2024-09-12,20.194040166169533
2024-09-12,36.75,2.9166718,,2024-09-12,12.76987826840439
2024-09-12,36.75,3.0,,2024-09-12,5.345713953294998
2024-09-12,36.75,3.0833435,-0.16695166,2024-09-12,2.079801567910821
2024-09-12,36.75,3.1666718,-0.16532367,2024-09-12,9.50394748445699
2024-09-12,36.75,3.25,,2024-09-12,16.92811061876691
2024-09-12,36.833336,2.8333435,-0.18896316,2024-09-12,22.20863381656194
2024-09-12,36.833336,2.9166718,-0.18429694,2024-09-12,15.772124592603511
2024-09-12,36.833336,3.0,-0.17969376,2024-09-12,10.696398658202174
2024-09-12,36.833336,3.0833435,-0.17676474,2024-09-12,9.496747682395155
2024-09-12,36.833336,3.1666718,-0.17495994,2024-09-12,13.270048906298761
2024-09-12,36.833336,3.25,-0.17357373,2024-09-12,19.290330362086166
2024-09-12,36.91667,2.8333435,-0.22795151,2024-09-12,27.393082527538727
2024-09-12,36.91667,2.9166718,-0.22177853,2024-09-12,22.49852861582144
2024-09-12,36.91667,3.0,-0.21418506,2024-09-12,19.286865452625985
2024-09-12,36.91667,3.0833435,-0.20679419,2024-09-12,18.648990373299995
2024-09-12,36.91667,3.1666718,-0.20155977,2024-09-12,20.82299777897512
2024-09-12,36.91667,3.25,-0.19895464,2024-09-12,25.08797191414032
2024-09-13,36.583336,2.8333435,,2024-09-13,27.42486183499686
2024-09-13,36.583336,2.9166718,,2024-09-13,22.513610945271516
2024-09-13,36.583336,3.0,,2024-09-13,19.289317853545782
2024-09-13,36.583336,3.0833435,,2024-09-13,18.648702135525184
2024-09-13,36.583336,3.1666718,,2024-09-13,20.831708919035847
2024-09-13,36.583336,3.25,,2024-09-13,25.112182506309033
2024-09-13,36.66667,2.8333435,,2024-09-13,22.228234819302035
2024-09-13,36.66667,2.9166718,,2024-09-13,15.782881420103022
2024-09-13,36.66667,3.0,,2024-09-13,10.698609465725811
2024-09-13,36.66667,3.0833435,,2024-09-13,9.496464669132697
2024-09-13,36.66667,3.1666718,,2024-09-13,13.276882967911245
2024-09-13,36.66667,3.25,,2024-09-13,19.306074472517334
2024-09-13,36.75,2.8333435,-0.1931013,2024-09-13,20.194040166169533
2024-09-13,36.75,2.9166718,,2024-09-13,12.76987826840439
2024-09-13,36.75,3.0,,2024-09-13,5.345713953294998
2024-09-13,36.75,3.0833435,-0.18790296,2024-09-13,2.079801567910821
2024-09-13,36.75,3.1666718,-0.189022,2024-09-13,9.50394748445699
2024-09-13,36.75,3.25,,2024-09-13,16.92811061876691
2024-09-13,36.833336,2.8333435,-0.1996819,2024-09-13,22.20863381656194
2024-09-13,36.833336,2.9166718,-0.19964518,2024-09-13,15.772124592603511
2024-09-13,36.833336,3.0,-0.19884308,2024-09-13,10.696398658202174
2024-09-13,36.833336,3.0833435,-0.19761233,2024-09-13,9.496747682395155
2024-09-13,36.833336,3.1666718,-0.1963226,2024-09-13,13.270048906298761
2024-09-13,36.833336,3.25,-0.19503468,2024-09-13,19.290330362086166
2024-09-13,36.91667,2.8333435,-0.22635345,2024-09-13,27.393082527538727
2024-09-13,36.91667,2.9166718,-0.2296149,2024-09-13,22.49852861582144
2024-09-13,36.91667,3.0,-0.23000598,2024-09-13,19.286865452625985
2024-09-13,36.91667,3.0833435,-0.22696415,2024-09-13,18.648990373299995
2024-09-13,36.91667,3.1666718,-0.22223039,2024-09-13,20.82299777897512
2024-09-13,36.91667,3.25,-0.21827602,2024-09-13,25.08797191414032
2024-09-14,36.583336,2.8333435,,2024-09-14,27.42486183499686
2024-09-14,36.583336,2.9166718,,2024-09-14,22.513610945271516
2024-09-14,36.583336,3.0,,2024-09-14,19.289317853545782
2024-09-14,36.583336,3.0833435,,2024-09-14,18.648702135525184
2024-09-14,36.583336,3.1666718,,2024-09-14,20.831708919035847
2024-09-14,36.583336,3.25,,2024-09-14,25.112182506309033
2024-09-14,36.66667,2.8333435,,2024-09-14,22.228234819302035
2024-09-14,36.66667,2.9166718,,2024-09-14,15.782881420103022
2024-09-14,36.66667,3.0,,2024-09-14,10.698609465725811
2024-09-14,36.66667,3.0833435,,2024-09-14,9.496464669132697
2024-09-14,36.66667,3.1666718,,2024-09-14,13.276882967911245
2024-09-14,36.66667,3.25,,2024-09-14,19.306074472517334
2024-09-14,36.75,2.8333435,-0.29993227,2024-09-14,20.194040166169533
2024-09-14,36.75,2.9166718,,2024-09-14,12.76987826840439
2024-09-14,36.75,3.0,,2024-09-14,5.345713953294998
2024-09-14,36.75,3.0833435,-0.28539553,2024-09-14,2.079801567910821
2024-09-14,36.75,3.1666718,-0.28884414,2024-09-14,9.50394748445699
2024-09-14,36.75,3.25,,2024-09-14,16.92811061876691
2024-09-14,36.833336,2.8333435,-0.28623784,2024-09-14,22.20863381656194
2024-09-14,36.833336,2.9166718,-0.2892848,2024-09-14,15.772124592603511
2024-09-14,36.833336,3.0,-0.28765333,2024-09-14,10.696398658202174
2024-09-14,36.833336,3.0833435,-0.28389278,2024-09-14,9.496747682395155
2024-09-14,36.833336,3.1666718,-0.28336585,2024-09-14,13.270048906298761
2024-09-14,36.833336,3.25,-0.2844668,2024-09-14,19.290330362086166
2024-09-14,36.91667,2.8333435,-0.2713743,2024-09-14,27.393082527538727
2024-09-14,36.91667,2.9166718,-0.27528945,2024-09-14,22.49852861582144
2024-09-14,36.91667,3.0,-0.27919438,2024-09-14,19.286865452625985
2024-09-14,36.91667,3.0833435,-0.28128394,2024-09-14,18.648990373299995
2024-09-14,36.91667,3.1666718,-0.28076252,2024-09-14,20.82299777897512
2024-09-14,36.91667,3.25,-0.27922854,2024-09-14,25.08797191414032
2024-09-15,36.583336,2.8333435,,2024-09-15,27.42486183499686
2024-09-15,36.583336,2.9166718,,2024-09-15,22.513610945271516
2024-09-15,36.583336,3.0,,2024-09-15,19.289317853545782
2024-09-15,36.583336,3.0833435,,2024-09-15,18.648702135525184
2024-09-15,36.583336,3.1666718,,2024-09-15,20.831708919035847
2024-09-15,36.583336,3.25,,2024-09-15,25.112182506309033
2024-09-15,36.66667,2.8333435,,2024-09-15,22.228234819302035
2024-09-15,36.66667,2.9166718,,2024-09-15,15.782881420103022
2024-09-15,36.66667,3.0,,2024-09-15,10.698609465725811
2024-09-15,36.66667,3.0833435,,2024-09-15,9.496464669132697
2024-09-15,36.66667,3.1666718,,2024-09-15,13.276882967911245
2024-09-15,36.66667,3.25,,2024-09-15,19.306074472517334
2024-09-15,36.75,2.8333435,-0.35407576,2024-09-15,20.194040166169533
2024-09-15,36.75,2.9166718,,2024-09-15,12.76987826840439
2024-09-15,36.75,3.0,,2024-09-15,5.345713953294998
2024-09-15,36.75,3.0833435,-0.33014172,2024-09-15,2.079801567910821
2024-09-15,36.75,3.1666718,-0.3313409,2024-09-15,9.50394748445699
2024-09-15,36.75,3.25,,2024-09-15,16.92811061876691
2024-09-15,36.833336,2.8333435,-0.32902074,2024-09-15,22.20863381656194
2024-09-15,36.833336,2.9166718,-0.33064815,2024-09-15,15.772124592603511
2024-09-15,36.833336,3.0,-0.3256755,2024-09-15,10.696398658202174
2024-09-15,36.833336,3.0833435,-0.32159352,2024-09-15,9.496747682395155
2024-09-15,36.833336,3.1666718,-0.32267356,2024-09-15,13.270048906298761
2024-09-15,36.833336,3.25,-0.32395604,2024-09-15,19.290330362086166
2024-09-15,36.91667,2.8333435,-0.28791282,2024-09-15,27.393082527538727
2024-09-15,36.91667,2.9166718,-0.29165173,2024-09-15,22.49852861582144
2024-09-15,36.91667,3.0,-0.29521653,2024-09-15,19.286865452625985
2024-09-15,36.91667,3.0833435,-0.29808277,2024-09-15,18.648990373299995
2024-09-15,36.91667,3.1666718,-0.29944623,2024-09-15,20.82299777897512
2024-09-15,36.91667,3.25,-0.29942146,2024-09-15,25.08797191414032
2024-09-16,36.583336,2.8333435,,2024-09-16,27.42486183499686
2024-09-16,36.583336,2.9166718,,2024-09-16,22.513610945271516
2024-09-16,36.583336,3.0,,2024-09-16,19.289317853545782
2024-09-16,36.583336,3.0833435,,2024-09-16,18.648702135525184
2024-09-16,36.583336,3.1666718,,2024-09-16,20.831708919035847
2024-09-16,36.583336,3.25,,2024-09-16,25.112182506309033
2024-09-16,36.66667,2.8333435,,2024-09-16,22.228234819302035
2024-09-16,36.66667,2.9166718,,2024-09-16,15.782881420103022
2024-09-16,36.66667,3.0,,2024-09-16,10.698609465725811
2024-09-16,36.66667,3.0833435,,2024-09-16,9.496464669132697
2024-09-16,36.66667,3.1666718,,2024-09-16,13.276882967911245
2024-09-16,36.66667,3.25,,2024-09-16,19.306074472517334
2024-09-16,36.75,2.8333435,-0.37714076,2024-09-16,20.194040166169533
2024-09-16,36.75,2.9166718,,2024-09-16,12.76987826840439
2024-09-16,36.75,3.0,,2024-09-16,5.345713953294998
2024-09-16,36.75,3.0833435,-0.36266458,2024-09-16,2.079801567910821
2024-09-16,36.75,3.1666718,-0.36385706,2024-09-16,9.50394748445699
2024-09-16,36.75,3.25,,2024-09-16,16.92811061876691
2024-09-16,36.833336,2.8333435,-0.35358122,2024-09-16,22.20863381656194
2024-09-16,36.833336,2.9166718,-0.3564251,2024-09-16,15.772124592603511
2024-09-16,36.833336,3.0,-0.3546511,2024-09-16,10.696398658202174
2024-09-16,36.833336,3.0833435,-0.35182476,2024-09-16,9.496747682395155
2024-09-16,36.833336,3.1666718,-0.35200763,2024-09-16,13.270048906298761
2024-09-16,36.833336,3.25,-0.35179466,2024-09-16,19.290330362086166
2024-09-16,36.91667,2.8333435,-0.31192324,2024-09-16,27.393082527538727
2024-09-16,36.91667,2.9166718,-0.3161927,2024-09-16,22.49852861582144
2024-09-16,36.91667,3.0,-0.31934264,2024-09-16,19.286865452625985
2024-09-16,36.91667,3.0833435,-0.3212684,2024-09-16,18.648990373299995
2024-09-16,36.91667,3.1666718,-0.32125822,2024-09-16,20.82299777897512
2024-09-16,36.91667,3.25,-0.31965774,2024-09-16,25.08797191414032
2024-09-17,36.583336,2.8333435,,2024-09-17,27.42486183499686
2024-09-17,36.583336,2.9166718,,2024-09-17,22.513610945271516
2024-09-17,36.583336,3.0,,2024-09-17,19.289317853545782
2024-09-17,36.583336,3.0833435,,2024-09-17,18.648702135525184
2024-09-17,36.583336,3.1666718,,2024-09-17,20.831708919035847
2024-09-17,36.583336,3.25,,2024-09-17,25.112182506309033
2024-09-17,36.66667,2.8333435,,2024-09-17,22.228234819302035
2024-09-17,36.66667,2.9166718,,2024-09-17,15.782881420103022
2024-09-17,36.66667,3.0,,2024-09-17,10.698609465725811
2024-09-17,36.66667,3.0833435,,2024-09-17,9.496464669132697
2024-09-17,36.66667,3.1666718,,2024-09-17,13.276882967911245
2024-09-17,36.66667,3.25,,2024-09-17,19.306074472517334
2024-09-17,36.75,2.8333435,-0.3585601,2024-09-17,20.194040166169533
2024-09-17,36.75,2.9166718,,2024-09-17,12.76987826840439
2024-09-17,36.75,3.0,,2024-09-17,5.345713953294998
2024-09-17,36.75,3.0833435,-0.3567596,2024-09-17,2.079801567910821
2024-09-17,36.75,3.1666718,-0.35754195,2024-09-17,9.50394748445699
2024-09-17,36.75,3.25,,2024-09-17,16.92811061876691
2024-09-17,36.833336,2.8333435,-0.34357673,2024-09-17,22.20863381656194
2024-09-17,36.833336,2.9166718,-0.34641075,2024-09-17,15.772124592603511
2024-09-17,36.833336,3.0,-0.34592578,2024-09-17,10.696398658202174
2024-09-17,36.833336,3.0833435,-0.34177235,2024-09-17,9.496747682395155
2024-09-17,36.833336,3.1666718,-0.3393057,2024-09-17,13.270048906298761
2024-09-17,36.833336,3.25,-0.33793104,2024-09-17,19.290330362086166
2024-09-17,36.91667,2.8333435,-0.30843604,2024-09-17,27.393082527538727
2024-09-17,36.91667,2.9166718,-0.30967814,2024-09-17,22.49852861582144
2024-09-17,36.91667,3.0,-0.30870053,2024-09-17,19.286865452625985
2024-09-17,36.91667,3.0833435,-0.30692697,2024-09-17,18.648990373299995
2024-09-17,36.91667,3.1666718,-0.30558306,2024-09-17,20.82299777897512
2024-09-17,36.91667,3.25,-0.30557406,2024-09-17,25.08797191414032
2024-09-18,36.583336,2.8333435,,2024-09-18,27.42486183499686
2024-09-18,36.583336,2.9166718,,2024-09-18,22.513610945271516
2024-09-18,36.583336,3.0,,2024-09-18,19.289317853545782
2024-09-18,36.583336,3.0833435,,2024-09-18,18.648702135525184
2024-09-18,36.583336,3.1666718,,2024-09-18,20.831708919035847
2024-09-18,36.583336,3.25,,2024-09-18,25.112182506309033
2024-09-18,36.66667,2.8333435,,2024-09-18,22.228234819302035
2024-09-18,36.66667,2.9166718,,2024-09-18,15.782881420103022
2024-09-18,36.66667,3.0,,2024-09-18,10.698609465725811
2024-09-18,36.66667,3.0833435,,2024-09-18,9.496464669132697
2024-09-18,36.66667,3.1666718,,2024-09-18,13.276882967911245
2024-09-18,36.66667,3.25,,2024-09-18,19.306074472517334
2024-09-18,36.75,2.8333435,-0.36029544,2024-09-18,20.194040166169533
2024-09-18,36.75,2.9166718,,2024-09-18,12.76987826840439
2024-09-18,36.75,3.0,,2024-09-18,5.345713953294998
2024-09-18,36.75,3.0833435,-0.3598387,2024-09-18,2.079801567910821
2024-09-18,36.75,3.1666718,-0.36120594,2024-09-18,9.50394748445699
2024-09-18,36.75,3.25,,2024-09-18,16.92811061876691
2024-09-18,36.833336,2.8333435,-0.34945062,2024-09-18,22.20863381656194
2024-09-18,36.833336,2.9166718,-0.34763277,2024-09-18,15.772124592603511
2024-09-18,36.833336,3.0,-0.3444023,2024-09-18,10.696398658202174
2024-09-18,36.833336,3.0833435,-0.33934233,2024-09-18,9.496747682395155
2024-09-18,36.833336,3.1666718,-0.3387442,2024-09-18,13.270048906298761
2024-09-18,36.833336,3.25,-0.33975223,2024-09-18,19.290330362086166
2024-09-18,36.91667,2.8333435,-0.3137091,2024-09-18,27.393082527538727
2024-09-18,36.91667,2.9166718,-0.30779126,2024-09-18,22.49852861582144
2024-09-18,36.91667,3.0,-0.30399925,2024-09-18,19.286865452625985
2024-09-18,36.91667,3.0833435,-0.30397794,2024-09-18,18.648990373299995
2024-09-18,36.91667,3.1666718,-0.30621815,2024-09-18,20.82299777897512
2024-09-18,36.91667,3.25,-0.30933693,2024-09-18,25.08797191414032
2024-09-19,36.583336,2.8333435,,2024-09-19,27.42486183499686
2024-09-19,36.583336,2.9166718,,2024-09-19,22.513610945271516
2024-09-19,36.583336,3.0,,2024-09-19,19.289317853545782
2024-09-19,36.583336,3.0833435,,2024-09-19,18.648702135525184
2024-09-19,36.583336,3.1666718,,2024-09-19,20.831708919035847
2024-09-19,36.583336,3.25,,2024-09-19,25.112182506309033
2024-09-19,36.66667,2.8333435,,2024-09-19,22.228234819302035
2024-09-19,36.66667,2.9166718,,2024-09-19,15.782881420103022
2024-09-19,36.66667,3.0,,2024-09-19,10.698609465725811
2024-09-19,36.66667,3.0833435,,2024-09-19,9.496464669132697
2024-09-19,36.66667,3.1666718,,2024-09-19,13.276882967911245
2024-09-19,36.66667,3.25,,2024-09-19,19.306074472517334
2024-09-19,36.75,2.8333435,-0.3534805,2024-09-19,20.194040166169533
2024-09-19,36.75,2.9166718,,2024-09-19,12.76987826840439
2024-09-19,36.75,3.0,,2024-09-19,5.345713953294998
2024-09-19,36.75,3.0833435,-0.3623833,2024-09-19,2.079801567910821
2024-09-19,36.75,3.1666718,-0.36305884,2024-09-19,9.50394748445699
2024-09-19,36.75,3.25,,2024-09-19,16.92811061876691
2024-09-19,36.833336,2.8333435,-0.34578186,2024-09-19,22.20863381656194
2024-09-19,36.833336,2.9166718,-0.34594488,2024-09-19,15.772124592603511
2024-09-19,36.833336,3.0,-0.34650648,2024-09-19,10.696398658202174
2024-09-19,36.833336,3.0833435,-0.34434363,2024-09-19,9.496747682395155
2024-09-19,36.833336,3.1666718,-0.34563816,2024-09-19,13.270048906298761
2024-09-19,36.833336,3.25,-0.34870222,2024-09-19,19.290330362086166
2024-09-19,36.91667,2.8333435,-0.31053,2024-09-19,27.393082527538727
2024-09-19,36.91667,2.9166718,-0.30584395,2024-09-19,22.49852861582144
2024-09-19,36.91667,3.0,-0.3051066,2024-09-19,19.286865452625985
2024-09-19,36.91667,3.0833435,-0.3068235,2024-09-19,18.648990373299995
2024-09-19,36.91667,3.1666718,-0.30936143,2024-09-19,20.82299777897512
2024-09-19,36.91667,3.25,-0.3119519,2024-09-19,25.08797191414032
2024-09-20,36.583336,2.8333435,,2024-09-20,27.42486183499686
2024-09-20,36.583336,2.9166718,,2024-09-20,22.513610945271516
2024-09-20,36.583336,3.0,,2024-09-20,19.289317853545782
2024-09-20,36.583336,3.0833435,,2024-09-20,18.648702135525184
2024-09-20,36.583336,3.1666718,,2024-09-20,20.831708919035847
2024-09-20,36.583336,3.25,,2024-09-20,25.112182506309033
2024-09-20,36.66667,2.8333435,,2024-09-20,22.228234819302035
2024-09-20,36.66667,2.9166718,,2024-09-20,15.782881420103022
2024-09-20,36.66667,3.0,,2024-09-20,10.698609465725811
2024-09-20,36.66667,3.0833435,,2024-09-20,9.496464669132697
2024-09-20,36.66667,3.1666718,,2024-09-20,13.276882967911245
2024-09-20,36.66667,3.25,,2024-09-20,19.306074472517334
2024-09-20,36.75,2.8333435,-0.31700352,2024-09-20,20.194040166169533
2024-09-20,36.75,2.9166718,,2024-09-20,12.76987826840439
2024-09-20,36.75,3.0,,2024-09-20,5.345713953294998
2024-09-20,36.75,3.0833435,-0.3288739,2024-09-20,2.079801567910821
2024-09-20,36.75,3.1666718,-0.32892,2024-09-20,9.50394748445699
2024-09-20,36.75,3.25,,2024-09-20,16.92811061876691
2024-09-20,36.833336,2.8333435,-0.32247227,2024-09-20,22.20863381656194
2024-09-20,36.833336,2.9166718,-0.31343576,2024-09-20,15.772124592603511
2024-09-20,36.833336,3.0,-0.31399375,2024-09-20,10.696398658202174
2024-09-20,36.833336,3.0833435,-0.3172024,2024-09-20,9.496747682395155
2024-09-20,36.833336,3.1666718,-0.3189009,2024-09-20,13.270048906298761
2024-09-20,36.833336,3.25,-0.32200748,2024-09-20,19.290330362086166
2024-09-20,36.91667,2.8333435,-0.3026272,2024-09-20,27.393082527538727
2024-09-20,36.91667,2.9166718,-0.29369172,2024-09-20,22.49852861582144
2024-09-20,36.91667,3.0,-0.29117897,2024-09-20,19.286865452625985
2024-09-20,36.91667,3.0833435,-0.29171744,2024-09-20,18.648990373299995
2024-09-20,36.91667,3.1666718,-0.2932314,2024-09-20,20.82299777897512
2024-09-20,36.91667,3.25,-0.2951891,2024-09-20,25.08797191414032
2024-09-21,36.583336,2.8333435,,2024-09-21,27.42486183499686
2024-09-21,36.583336,2.9166718,,2024-09-21,22.513610945271516
2024-09-21,36.583336,3.0,,2024-09-21,19.289317853545782
2024-09-21,36.583336,3.0833435,,2024-09-21,18.648702135525184
2024-09-21,36.583336,3.1666718,,2024-09-21,20.831708919035847
2024-09-21,36.583336,3.25,,2024-09-21,25.112182506309033
2024-09-21,36.66667,2.8333435,,2024-09-21,22.228234819302035
2024-09-21,36.66667,2.9166718,,2024-09-21,15.782881420103022
2024-09-21,36.66667,3.0,,2024-09-21,10.698609465725811
2024-09-21,36.66667,3.0833435,,2024-09-21,9.496464669132697
2024-09-21,36.66667,3.1666718,,2024-09-21,13.276882967911245
2024-09-21,36.66667,3.25,,2024-09-21,19.306074472517334
2024-09-21,36.75,2.8333435,-0.2790964,2024-09-21,20.194040166169533
2024-09-21,36.75,2.9166718,,2024-09-21,12.76987826840439
2024-09-21,36.75,3.0,,2024-09-21,5.345713953294998
2024-09-21,36.75,3.0833435,-0.28343007,2024-09-21,2.079801567910821
2024-09-21,36.75,3.1666718,-0.28253737,2024-09-21,9.50394748445699
2024-09-21,36.75,3.25,,2024-09-21,16.92811061876691
2024-09-21,36.833336,2.8333435,-0.30077794,2024-09-21,22.20863381656194
2024-09-21,36.833336,2.9166718,-0.28827086,2024-09-21,15.772124592603511
2024-09-21,36.833336,3.0,-0.28425336,2024-09-21,10.696398658202174
2024-09-21,36.833336,3.0833435,-0.2857367,2024-09-21,9.496747682395155
2024-09-21,36.833336,3.1666718,-0.2865538,2024-09-21,13.270048906298761
2024-09-21,36.833336,3.25,-0.28770924,2024-09-21,19.290330362086166
2024-09-21,36.91667,2.8333435,-0.30478466,2024-09-21,27.393082527538727
2024-09-21,36.91667,2.9166718,-0.28747863,2024-09-21,22.49852861582144
2024-09-21,36.91667,3.0,-0.28029886,2024-09-21,19.286865452625985
2024-09-21,36.91667,3.0833435,-0.2776793,2024-09-21,18.648990373299995
2024-09-21,36.91667,3.1666718,-0.27636793,2024-09-21,20.82299777897512
2024-09-21,36.91667,3.25,-0.27683368,2024-09-21,25.08797191414032
2024-09-22,36.583336,2.8333435,,2024-09-22,27.42486183499686
2024-09-22,36.583336,2.9166718,,2024-09-22,22.513610945271516
2024-09-22,36.583336,3.0,,2024-09-22,19.289317853545782
2024-09-22,36.583336,3.0833435,,2024-09-22,18.648702135525184
2024-09-22,36.583336,3.1666718,,2024-09-22,20.831708919035847
2024-09-22,36.583336,3.25,,2024-09-22,25.112182506309033
2024-09-22,36.66667,2.8333435,,2024-09-22,22.228234819302035
2024-09-22,36.66667,2.9166718,,2024-09-22,15.782881420103022
2024-09-22,36.66667,3.0,,2024-09-22,10.698609465725811
2024-09-22,36.66667,3.0833435,,2024-09-22,9.496464669132697
2024-09-22,36.66667,3.1666718,,2024-09-22,13.276882967911245
2024-09-22,36.66667,3.25,,2024-09-22,19.306074472517334
2024-09-22,36.75,2.8333435,-0.2461056,2024-09-22,20.194040166169533
2024-09-22,36.75,2.9166718,,2024-09-22,12.76987826840439
2024-09-22,36.75,3.0,,2024-09-22,5.345713953294998
2024-09-22,36.75,3.0833435,-0.2523856,2024-09-22,2.079801567910821
2024-09-22,36.75,3.1666718,-0.25046188,2024-09-22,9.50394748445699
2024-09-22,36.75,3.25,,2024-09-22,16.92811061876691
2024-09-22,36.833336,2.8333435,-0.273521,2024-09-22,22.20863381656194
2024-09-22,36.833336,2.9166718,-0.26673967,2024-09-22,15.772124592603511
2024-09-22,36.833336,3.0,-0.26237077,2024-09-22,10.696398658202174
2024-09-22,36.833336,3.0833435,-0.26371577,2024-09-22,9.496747682395155
2024-09-22,36.833336,3.1666718,-0.26368427,2024-09-22,13.270048906298761
2024-09-22,36.833336,3.25,-0.26085544,2024-09-22,19.290330362086166
2024-09-22,36.91667,2.8333435,-0.30655146,2024-09-22,27.393082527538727
2024-09-22,36.91667,2.9166718,-0.2899279,2024-09-22,22.49852861582144
2024-09-22,36.91667,3.0,-0.2774415,2024-09-22,19.286865452625985
2024-09-22,36.91667,3.0833435,-0.26939607,2024-09-22,18.648990373299995
2024-09-22,36.91667,3.1666718,-0.26289937,2024-09-22,20.82299777897512
2024-09-22,36.91667,3.25,-0.2592902,2024-09-22,25.08797191414032
2024-09-23,36.583336,2.8333435,,2024-09-23,27.42486183499686
2024-09-23,36.583336,2.9166718,,2024-09-23,22.513610945271516
2024-09-23,36.583336,3.0,,2024-09-23,19.289317853545782
2024-09-23,36.583336,3.0833435,,2024-09-23,18.648702135525184
2024-09-23,36.583336,3.1666718,,2024-09-23,20.831708919035847
2024-09-23,36.583336,3.25,,2024-09-23,25.112182506309033
2024-09-23,36.66667,2.8333435,,2024-09-23,22.228234819302035
2024-09-23,36.66667,2.9166718,,2024-09-23,15.782881420103022
2024-09-23,36.66667,3.0,,2024-09-23,10.698609465725811
2024-09-23,36.66667,3.0833435,,2024-09-23,9.496464669132697
2024-09-23,36.66667,3.1666718,,2024-09-23,13.276882967911245
2024-09-23,36.66667,3.25,,2024-09-23,19.306074472517334
2024-09-23,36.75,2.8333435,-0.21948408,2024-09-23,20.194040166169533
2024-09-23,36.75,2.9166718,,2024-09-23,12.76987826840439
2024-09-23,36.75,3.0,,2024-09-23,5.345713953294998
2024-09-23,36.75,3.0833435,-0.22195669,2024-09-23,2.079801567910821
2024-09-23,36.75,3.1666718,-0.22021778,2024-09-23,9.50394748445699
2024-09-23,36.75,3.25,,2024-09-23,16.92811061876691
2024-09-23,36.833336,2.8333435,-0.24122271,2024-09-23,22.20863381656194
2024-09-23,36.833336,2.9166718,-0.23733158,2024-09-23,15.772124592603511
2024-09-23,36.833336,3.0,-0.23513266,2024-09-23,10.696398658202174
2024-09-23,36.833336,3.0833435,-0.23822023,2024-09-23,9.496747682395155
2024-09-23,36.833336,3.1666718,-0.24167141,2024-09-23,13.270048906298761
2024-09-23,36.833336,3.25,-0.2434481,2024-09-23,19.290330362086166
2024-09-23,36.91667,2.8333435,-0.27722523,2024-09-23,27.393082527538727
2024-09-23,36.91667,2.9166718,-0.2744421,2024-09-23,22.49852861582144
2024-09-23,36.91667,3.0,-0.27183497,2024-09-23,19.286865452625985
2024-09-23,36.91667,3.0833435,-0.26963627,2024-09-23,18.648990373299995
2024-09-23,36.91667,3.1666718,-0.2651167,2024-09-23,20.82299777897512
2024-09-23,36.91667,3.25,-0.25956357,2024-09-23,25.08797191414032
2024-09-24,36.583336,2.8333435,,2024-09-24,27.42486183499686
2024-09-24,36.583336,2.9166718,,2024-09-24,22.513610945271516
2024-09-24,36.583336,3.0,,2024-09-24,19.289317853545782
2024-09-24,36.583336,3.0833435,,2024-09-24,18.648702135525184
2024-09-24,36.583336,3.1666718,,2024-09-24,20.831708919035847
2024-09-24,36.583336,3.25,,2024-09-24,25.112182506309033
2024-09-24,36.66667,2.8333435,,2024-09-24,22.228234819302035
2024-09-24,36.66667,2.9166718,,2024-09-24,15.782881420103022
2024-09-24,36.66667,3.0,,2024-09-24,10.698609465725811
2024-09-24,36.66667,3.0833435,,2024-09-24,9.496464669132697
2024-09-24,36.66667,3.1666718,,2024-09-24,13.276882967911245
2024-09-24,36.66667,3.25,,2024-09-24,19.306074472517334
2024-09-24,36.75,2.8333435,-0.18165383,2024-09-24,20.194040166169533
2024-09-24,36.75,2.9166718,,2024-09-24,12.76987826840439
2024-09-24,36.75,3.0,,2024-09-24,5.345713953294998
2024-09-24,36.75,3.0833435,-0.18370627,2024-09-24,2.079801567910821
2024-09-24,36.75,3.1666718,-0.18231256,2024-09-24,9.50394748445699
2024-09-24,36.75,3.25,,2024-09-24,16.92811061876691
2024-09-24,36.833336,2.8333435,-0.21115537,2024-09-24,22.20863381656194
2024-09-24,36.833336,2.9166718,-0.20295934,2024-09-24,15.772124592603511
2024-09-24,36.833336,3.0,-0.19794369,2024-09-24,10.696398658202174
2024-09-24,36.833336,3.0833435,-0.19858131,2024-09-24,9.496747682395155
2024-09-24,36.833336,3.1666718,-0.20072085,2024-09-24,13.270048906298761
2024-09-24,36.833336,3.25,-0.20386796,2024-09-24,19.290330362086166
2024-09-24,36.91667,2.8333435,-0.24527812,2024-09-24,27.393082527538727
2024-09-24,36.91667,2.9166718,-0.23902096,2024-09-24,22.49852861582144
2024-09-24,36.91667,3.0,-0.23738006,2024-09-24,19.286865452625985
2024-09-24,36.91667,3.0833435,-0.23860154,2024-09-24,18.648990373299995
2024-09-24,36.91667,3.1666718,-0.24063285,2024-09-24,20.82299777897512
2024-09-24,36.91667,3.25,-0.24231404,2024-09-24,25.08797191414032
2024-09-25,36.583336,2.8333435,,2024-09-25,27.42486183499686
2024-09-25,36.583336,2.9166718,,2024-09-25,22.513610945271516
2024-09-25,36.583336,3.0,,2024-09-25,19.289317853545782
2024-09-25,36.583336,3.0833435,,2024-09-25,18.648702135525184
2024-09-25,36.583336,3.1666718,,2024-09-25,20.831708919035847
2024-09-25,36.583336,3.25,,2024-09-25,25.112182506309033
2024-09-25,36.66667,2.8333435,,2024-09-25,22.228234819302035
2024-09-25,36.66667,2.9166718,,2024-09-25,15.782881420103022
2024-09-25,36.66667,3.0,,2024-09-25,10.698609465725811
2024-09-25,36.66667,3.0833435,,2024-09-25,9.496464669132697
2024-09-25,36.66667,3.1666718,,2024-09-25,13.276882967911245
2024-09-25,36.66667,3.25,,2024-09-25,19.306074472517334
2024-09-25,36.75,2.8333435,-0.16028644,2024-09-25,20.194040166169533
2024-09-25,36.75,2.9166718,,2024-09-25,12.76987826840439
2024-09-25,36.75,3.0,,2024-09-25,5.345713953294998
2024-09-25,36.75,3.0833435,-0.15690565,2024-09-25,2.079801567910821
2024-09-25,36.75,3.1666718,-0.15477602,2024-09-25,9.50394748445699
2024-09-25,36.75,3.25,,2024-09-25,16.92811061876691
2024-09-25,36.833336,2.8333435,-0.18743034,2024-09-25,22.20863381656194
2024-09-25,36.833336,2.9166718,-0.17823356,2024-09-25,15.772124592603511
2024-09-25,36.833336,3.0,-0.17245652,2024-09-25,10.696398658202174
2024-09-25,36.833336,3.0833435,-0.17243119,2024-09-25,9.496747682395155
2024-09-25,36.833336,3.1666718,-0.17354165,2024-09-25,13.270048906298761
2024-09-25,36.833336,3.25,-0.1760818,2024-09-25,19.290330362086166
2024-09-25,36.91667,2.8333435,-0.22379744,2024-09-25,27.393082527538727
2024-09-25,36.91667,2.9166718,-0.21493788,2024-09-25,22.49852861582144
2024-09-25,36.91667,3.0,-0.21089579,2024-09-25,19.286865452625985
2024-09-25,36.91667,3.0833435,-0.21125688,2024-09-25,18.648990373299995
2024-09-25,36.91667,3.1666718,-0.21430102,2024-09-25,20.82299777897512
2024-09-25,36.91667,3.25,-0.21929362,2024-09-25,25.08797191414032
2024-09-26,36.583336,2.8333435,,2024-09-26,27.42486183499686
2024-09-26,36.583336,2.9166718,,2024-09-26,22.513610945271516
2024-09-26,36.583336,3.0,,2024-09-26,19.289317853545782
2024-09-26,36.583336,3.0833435,,2024-09-26,18.648702135525184
2024-09-26,36.583336,3.1666718,,2024-09-26,20.831708919035847
2024-09-26,36.583336,3.25,,2024-09-26,25.112182506309033
2024-09-26,36.66667,2.8333435,,2024-09-26,22.228234819302035
2024-09-26,36.66667,2.9166718,,2024-09-26,15.782881420103022
2024-09-26,36.66667,3.0,,2024-09-26,10.698609465725811
2024-09-26,36.66667,3.0833435,,2024-09-26,9.496464669132697
2024-09-26,36.66667,3.1666718,,2024-09-26,13.276882967911245
2024-09-26,36.66667,3.25,,2024-09-26,19.306074472517334
2024-09-26,36.75,2.8333435,-0.15758197,2024-09-26,20.194040166169533
2024-09-26,36.75,2.9166718,,2024-09-26,12.76987826840439
2024-09-26,36.75,3.0,,2024-09-26,5.345713953294998
2024-09-26,36.75,3.0833435,-0.15486768,2024-09-26,2.079801567910821
2024-09-26,36.75,3.1666718,-0.15363757,2024-09-26,9.50394748445699
2024-09-26,36.75,3.25,,2024-09-26,16.92811061876691
2024-09-26,36.833336,2.8333435,-0.18121086,2024-09-26,22.20863381656194
2024-09-26,36.833336,2.9166718,-0.17140396,2024-09-26,15.772124592603511
2024-09-26,36.833336,3.0,-0.16523658,2024-09-26,10.696398658202174
2024-09-26,36.833336,3.0833435,-0.16441453,2024-09-26,9.496747682395155
2024-09-26,36.833336,3.1666718,-0.16444054,2024-09-26,13.270048906298761
2024-09-26,36.833336,3.25,-0.16515614,2024-09-26,19.290330362086166
2024-09-26,36.91667,2.8333435,-0.21568353,2024-09-26,27.393082527538727
2024-09-26,36.91667,2.9166718,-0.2054307,2024-09-26,22.49852861582144
2024-09-26,36.91667,3.0,-0.19862671,2024-09-26,19.286865452625985
2024-09-26,36.91667,3.0833435,-0.19615702,2024-09-26,18.648990373299995
2024-09-26,36.91667,3.1666718,-0.19673689,2024-09-26,20.82299777897512
2024-09-26,36.91667,3.25,-0.19966723,2024-09-26,25.08797191414032
2024-09-27,36.583336,2.8333435,,2024-09-27,27.42486183499686
2024-09-27,36.583336,2.9166718,,2024-09-27,22.513610945271516
2024-09-27,36.583336,3.0,,2024-09-27,19.289317853545782
2024-09-27,36.583336,3.0833435,,2024-09-27,18.648702135525184
2024-09-27,36.583336,3.1666718,,2024-09-27,20.831708919035847
2024-09-27,36.583336,3.25,,2024-09-27,25.112182506309033
2024-09-27,36.66667,2.8333435,,2024-09-27,22.228234819302035
2024-09-27,36.66667,2.9166718,,2024-09-27,15.782881420103022
2024-09-27,36.66667,3.0,,2024-09-27,10.698609465725811
2024-09-27,36.66667,3.0833435,,2024-09-27,9.496464669132697
2024-09-27,36.66667,3.1666718,,2024-09-27,13.276882967911245
2024-09-27,36.66667,3.25,,2024-09-27,19.306074472517334
2024-09-27,36.75,2.8333435,-0.1461577,2024-09-27,20.194040166169533
2024-09-27,36.75,2.9166718,,2024-09-27,12.76987826840439
2024-09-27,36.75,3.0,,2024-09-27,5.345713953294998
2024-09-27,36.75,3.0833435,-0.14342366,2024-09-27,2.079801567910821
2024-09-27,36.75,3.1666718,-0.14186591,2024-09-27,9.50394748445699
2024-09-27,36.75,3.25,,2024-09-27,16.92811061876691
2024-09-27,36.833336,2.8333435,-0.17259462,2024-09-27,22.20863381656194
2024-09-27,36.833336,2.9166718,-0.16204828,2024-09-27,15.772124592603511
2024-09-27,36.833336,3.0,-0.15472788,2024-09-27,10.696398658202174
2024-09-27,36.833336,3.0833435,-0.15193313,2024-09-27,9.496747682395155
2024-09-27,36.833336,3.1666718,-0.15084021,2024-09-27,13.270048906298761
2024-09-27,36.833336,3.25,-0.15042679,2024-09-27,19.290330362086166
2024-09-27,36.91667,2.8333435,-0.20693588,2024-09-27,27.393082527538727
2024-09-27,36.91667,2.9166718,-0.19604965,2024-09-27,22.49852861582144
2024-09-27,36.91667,3.0,-0.18773177,2024-09-27,19.286865452625985
2024-09-27,36.91667,3.0833435,-0.18233691,2024-09-27,18.648990373299995
2024-09-27,36.91667,3.1666718,-0.17943974,2024-09-27,20.82299777897512
2024-09-27,36.91667,3.25,-0.1795527,2024-09-27,25.08797191414032
2024-09-28,36.583336,2.8333435,,2024-09-28,27.42486183499686
2024-09-28,36.583336,2.9166718,,2024-09-28,22.513610945271516
2024-09-28,36.583336,3.0,,2024-09-28,19.289317853545782
2024-09-28,36.583336,3.0833435,,2024-09-28,18.648702135525184
2024-09-28,36.583336,3.1666718,,2024-09-28,20.831708919035847
2024-09-28,36.583336,3.25,,2024-09-28,25.112182506309033
2024-09-28,36.66667,2.8333435,,2024-09-28,22.228234819302035
2024-09-28,36.66667,2.9166718,,2024-09-28,15.782881420103022
2024-09-28,36.66667,3.0,,2024-09-28,10.698609465725811
2024-09-28,36.66667,3.0833435,,2024-09-28,9.496464669132697
2024-09-28,36.66667,3.1666718,,2024-09-28,13.276882967911245
2024-09-28,36.66667,3.25,,2024-09-28,19.306074472517334
2024-09-28,36.75,2.8333435,-0.1579257,2024-09-28,20.194040166169533
2024-09-28,36.75,2.9166718,,2024-09-28,12.76987826840439
2024-09-28,36.75,3.0,,2024-09-28,5.345713953294998
2024-09-28,36.75,3.0833435,-0.15080129,2024-09-28,2.079801567910821
2024-09-28,36.75,3.1666718,-0.15030105,2024-09-28,9.50394748445699
2024-09-28,36.75,3.25,,2024-09-28,16.92811061876691
2024-09-28,36.833336,2.8333435,-0.18644083,2024-09-28,22.20863381656194
2024-09-28,36.833336,2.9166718,-0.17267899,2024-09-28,15.772124592603511
2024-09-28,36.833336,3.0,-0.16393097,2024-09-28,10.696398658202174
2024-09-28,36.833336,3.0833435,-0.1600325,2024-09-28,9.496747682395155
2024-09-28,36.833336,3.1666718,-0.15761043,2024-09-28,13.270048906298761
2024-09-28,36.833336,3.25,-0.1559196,2024-09-28,19.290330362086166
2024-09-28,36.91667,2.8333435,-0.2232273,2024-09-28,27.393082527538727
2024-09-28,36.91667,2.9166718,-0.20932437,2024-09-28,22.49852861582144
2024-09-28,36.91667,3.0,-0.19871692,2024-09-28,19.286865452625985
2024-09-28,36.91667,3.0833435,-0.191544,2024-09-28,18.648990373299995
2024-09-28,36.91667,3.1666718,-0.1861088,2024-09-28,20.82299777897512
2024-09-28,36.91667,3.25,-0.1826311,2024-09-28,25.08797191414032
2024-09-29,36.583336,2.8333435,,2024-09-29,27.42486183499686
2024-09-29,36.583336,2.9166718,,2024-09-29,22.513610945271516
2024-09-29,36.583336,3.0,,2024-09-29,19.289317853545782
2024-09-29,36.583336,3.0833435,,2024-09-29,18.648702135525184
2024-09-29,36.583336,3.1666718,,2024-09-29,20.831708919035847
2024-09-29,36.583336,3.25,,2024-09-29,25.112182506309033
2024-09-29,36.66667,2.8333435,,2024-09-29,22.228234819302035
2024-09-29,36.66667,2.9166718,,2024-09-29,15.782881420103022
2024-09-29,36.66667,3.0,,2024-09-29,10.698609465725811
2024-09-29,36.66667,3.0833435,,2024-09-29,9.496464669132697
2024-09-29,36.66667,3.1666718,,2024-09-29,13.276882967911245
2024-09-29,36.66667,3.25,,2024-09-29,19.306074472517334
2024-09-29,36.75,2.8333435,-0.2133797,2024-09-29,20.194040166169533
2024-09-29,36.75,2.9166718,,2024-09-29,12.76987826840439
2024-09-29,36.75,3.0,,2024-09-29,5.345713953294998
2024-09-29,36.75,3.0833435,-0.20880821,2024-09-29,2.079801567910821
2024-09-29,36.75,3.1666718,-0.20986937,2024-09-29,9.50394748445699
2024-09-29,36.75,3.25,,2024-09-29,16.92811061876691
2024-09-29,36.833336,2.8333435,-0.23304957,2024-09-29,22.20863381656194
2024-09-29,36.833336,2.9166718,-0.22237432,2024-09-29,15.772124592603511
2024-09-29,36.833336,3.0,-0.21605316,2024-09-29,10.696398658202174
2024-09-29,36.833336,3.0833435,-0.21278168,2024-09-29,9.496747682395155
2024-09-29,36.833336,3.1666718,-0.21094005,2024-09-29,13.270048906298761
2024-09-29,36.833336,3.25,-0.21049327,2024-09-29,19.290330362086166
2024-09-29,36.91667,2.8333435,-0.26395476,2024-09-29,27.393082527538727
2024-09-29,36.91667,2.9166718,-0.25057694,2024-09-29,22.49852861582144
2024-09-29,36.91667,3.0,-0.23964064,2024-09-29,19.286865452625985
2024-09-29,36.91667,3.0833435,-0.23166394,2024-09-29,18.648990373299995
2024-09-29,36.91667,3.1666718,-0.2257707,2024-09-29,20.82299777897512
2024-09-29,36.91667,3.25,-0.22167858,2024-09-29,25.08797191414032
2024-09-30,36.583336,2.8333435,,2024-09-30,27.42486183499686
2024-09-30,36.583336,2.9166718,,2024-09-30,22.513610945271516
2024-09-30,36.583336,3.0,,2024-09-30,19.289317853545782
2024-09-30,36.583336,3.0833435,,2024-09-30,18.648702135525184
2024-09-30,36.583336,3.1666718,,2024-09-30,20.831708919035847
2024-09-30,36.583336,3.25,,2024-09-30,25.112182506309033
2024-09-30,36.66667,2.8333435,,2024-09-30,22.228234819302035
2024-09-30,36.66667,2.9166718,,2024-09-30,15.782881420103022
2024-09-30,36.66667,3.0,,2024-09-30,10.698609465725811
2024-09-30,36.66667,3.0833435,,2024-09-30,9.496464669132697
2024-09-30,36.66667,3.1666718,,2024-09-30,13.276882967911245
2024-09-30,36.66667,3.25,,2024-09-30,19.306074472517334
2024-09-30,36.75,2.8333435,-0.25888857,2024-09-30,20.194040166169533
2024-09-30,36.75,2.9166718,,2024-09-30,12.76987826840439
2024-09-30,36.75,3.0,,2024-09-30,5.345713953294998
2024-09-30,36.75,3.0833435,-0.25500432,2024-09-30,2.079801567910821
2024-09-30,36.75,3.1666718,-0.2553448,2024-09-30,9.50394748445699
2024-09-30,36.75,3.25,,2024-09-30,16.92811061876691
2024-09-30,36.833336,2.8333435,-0.2692192,2024-09-30,22.20863381656194
2024-09-30,36.833336,2.9166718,-0.26230413,2024-09-30,15.772124592603511
2024-09-30,36.833336,3.0,-0.2582169,2024-09-30,10.696398658202174
2024-09-30,36.833336,3.0833435,-0.25517514,2024-09-30,9.496747682395155
2024-09-30,36.833336,3.1666718,-0.25313187,2024-09-30,13.270048906298761
2024-09-30,36.833336,3.25,-0.25259867,2024-09-30,19.290330362086166
2024-09-30,36.91667,2.8333435,-0.28934804,2024-09-30,27.393082527538727
2024-09-30,36.91667,2.9166718,-0.27909404,2024-09-30,22.49852861582144
2024-09-30,36.91667,3.0,-0.26948038,2024-09-30,19.286865452625985
2024-09-30,36.91667,3.0833435,-0.26142845,2024-09-30,18.648990373299995
2024-09-30,36.91667,3.1666718,-0.25515,2024-09-30,20.82299777897512
2024-09-30,36.91667,3.25,-0.25097832,2024-09-30,25.08797191414032
2024-10-01,36.583336,2.8333435,,2024-10-01,27.42486183499686
2024-10-01,36.583336,2.9166718,,2024-10-01,22.513610945271516
2024-10-01,36.583336,3.0,,2024-10-01,19.289317853545782
2024-10-01,36.583336,3.0833435,,2024-10-01,18.648702135525184
2024-10-01,36.583336,3.1666718,,2024-10-01,20.831708919035847
2024-10-01,36.583336,3.25,,2024-10-01,25.112182506309033
2024-10-01,36.66667,2.8333435,,2024-10-01,22.228234819302035
2024-10-01,36.66667,2.9166718,,2024-10-01,15.782881420103022
2024-10-01,36.66667,3.0,,2024-10-01,10.698609465725811
2024-10-01,36.66667,3.0833435,,2024-10-01,9.496464669132697
2024-10-01,36.66667,3.1666718,,2024-10-01,13.276882967911245
2024-10-01,36.66667,3.25,,2024-10-01,19.306074472517334
2024-10-01,36.75,2.8333435,-0.27593705,2024-10-01,20.194040166169533
2024-10-01,36.75,2.9166718,,2024-10-01,12.76987826840439
2024-10-01,36.75,3.0,,2024-10-01,5.345713953294998
2024-10-01,36.75,3.0833435,-0.27581966,2024-10-01,2.079801567910821
2024-10-01,36.75,3.1666718,-0.27576786,2024-10-01,9.50394748445699
2024-10-01,36.75,3.25,,2024-10-01,16.92811061876691
2024-10-01,36.833336,2.8333435,-0.28314406,2024-10-01,22.20863381656194
2024-10-01,36.833336,2.9166718,-0.27952665,2024-10-01,15.772124592603511
2024-10-01,36.833336,3.0,-0.277212,2024-10-01,10.696398658202174
2024-10-01,36.833336,3.0833435,-0.27529693,2024-10-01,9.496747682395155
2024-10-01,36.833336,3.1666718,-0.27398148,2024-10-01,13.270048906298761
2024-10-01,36.833336,3.25,-0.2737723,2024-10-01,19.290330362086166
2024-10-01,36.91667,2.8333435,-0.29735702,2024-10-01,27.393082527538727
2024-10-01,36.91667,2.9166718,-0.29090273,2024-10-01,22.49852861582144
2024-10-01,36.91667,3.0,-0.2835638,2024-10-01,19.286865452625985
2024-10-01,36.91667,3.0833435,-0.2766527,2024-10-01,18.648990373299995
2024-10-01,36.91667,3.1666718,-0.27103546,2024-10-01,20.82299777897512
2024-10-01,36.91667,3.25,-0.26701832,2024-10-01,25.08797191414032
2024-10-02,36.583336,2.8333435,,2024-10-02,27.42486183499686
2024-10-02,36.583336,2.9166718,,2024-10-02,22.513610945271516
2024-10-02,36.583336,3.0,,2024-10-02,19.289317853545782
2024-10-02,36.583336,3.0833435,,2024-10-02,18.648702135525184
2024-10-02,36.583336,3.1666718,,2024-10-02,20.831708919035847
2024-10-02,36.583336,3.25,,2024-10-02,25.112182506309033
2024-10-02,36.66667,2.8333435,,2024-10-02,22.228234819302035
2024-10-02,36.66667,2.9166718,,2024-10-02,15.782881420103022
2024-10-02,36.66667,3.0,,2024-10-02,10.698609465725811
2024-10-02,36.66667,3.0833435,,2024-10-02,9.496464669132697
2024-10-02,36.66667,3.1666718,,2024-10-02,13.276882967911245
2024-10-02,36.66667,3.25,,2024-10-02,19.306074472517334
2024-10-02,36.75,2.8333435,-0.26497653,2024-10-02,20.194040166169533
2024-10-02,36.75,2.9166718,,2024-10-02,12.76987826840439
2024-10-02,36.75,3.0,,2024-10-02,5.345713953294998
2024-10-02,36.75,3.0833435,-0.26511952,2024-10-02,2.079801567910821
2024-10-02,36.75,3.1666718,-0.26454714,2024-10-02,9.50394748445699
2024-10-02,36.75,3.25,,2024-10-02,16.92811061876691
2024-10-02,36.833336,2.8333435,-0.27193278,2024-10-02,22.20863381656194
2024-10-02,36.833336,2.9166718,-0.2696591,2024-10-02,15.772124592603511
2024-10-02,36.833336,3.0,-0.26815307,2024-10-02,10.696398658202174
2024-10-02,36.833336,3.0833435,-0.26755694,2024-10-02,9.496747682395155
2024-10-02,36.833336,3.1666718,-0.26700106,2024-10-02,13.270048906298761
2024-10-02,36.833336,3.25,-0.26590583,2024-10-02,19.290330362086166
2024-10-02,36.91667,2.8333435,-0.28587303,2024-10-02,27.393082527538727
2024-10-02,36.91667,2.9166718,-0.2823546,2024-10-02,22.49852861582144
2024-10-02,36.91667,3.0,-0.2773991,2024-10-02,19.286865452625985
2024-10-02,36.91667,3.0833435,-0.27178755,2024-10-02,18.648990373299995
2024-10-02,36.91667,3.1666718,-0.2665997,2024-10-02,20.82299777897512
2024-10-02,36.91667,3.25,-0.26189658,2024-10-02,25.08797191414032
2024-10-03,36.583336,2.8333435,,2024-10-03,27.42486183499686
2024-10-03,36.583336,2.9166718,,2024-10-03,22.513610945271516
2024-10-03,36.583336,3.0,,2024-10-03,19.289317853545782
2024-10-03,36.583336,3.0833435,,2024-10-03,18.648702135525184
2024-10-03,36.583336,3.1666718,,2024-10-03,20.831708919035847
2024-10-03,36.583336,3.25,,2024-10-03,25.112182506309033
2024-10-03,36.66667,2.8333435,,2024-10-03,22.228234819302035
2024-10-03,36.66667,2.9166718,,2024-10-03,15.782881420103022
2024-10-03,36.66667,3.0,,2024-10-03,10.698609465725811
2024-10-03,36.66667,3.0833435,,2024-10-03,9.496464669132697
2024-10-03,36.66667,3.1666718,,2024-10-03,13.276882967911245
2024-10-03,36.66667,3.25,,2024-10-03,19.306074472517334
2024-10-03,36.75,2.8333435,-0.22850905,2024-10-03,20.194040166169533
2024-10-03,36.75,2.9166718,,2024-10-03,12.76987826840439
2024-10-03,36.75,3.0,,2024-10-03,5.345713953294998
2024-10-03,36.75,3.0833435,-0.2281752,2024-10-03,2.079801567910821
2024-10-03,36.75,3.1666718,-0.22585207,2024-10-03,9.50394748445699
2024-10-03,36.75,3.25,,2024-10-03,16.92811061876691
2024-10-03,36.833336,2.8333435,-0.23759736,2024-10-03,22.20863381656194
2024-10-03,36.833336,2.9166718,-0.23635477,2024-10-03,15.772124592603511
2024-10-03,36.833336,3.0,-0.23531643,2024-10-03,10.696398658202174
2024-10-03,36.833336,3.0833435,-0.23553622,2024-10-03,9.496747682395155
2024-10-03,36.833336,3.1666718,-0.23500448,2024-10-03,13.270048906298761
2024-10-03,36.833336,3.25,-0.23432322,2024-10-03,19.290330362086166
2024-10-03,36.91667,2.8333435,-0.2585178,2024-10-03,27.393082527538727
2024-10-03,36.91667,2.9166718,-0.25688127,2024-10-03,22.49852861582144
2024-10-03,36.91667,3.0,-0.25385338,2024-10-03,19.286865452625985
2024-10-03,36.91667,3.0833435,-0.25040337,2024-10-03,18.648990373299995
2024-10-03,36.91667,3.1666718,-0.24671145,2024-10-03,20.82299777897512
2024-10-03,36.91667,3.25,-0.24255635,2024-10-03,25.08797191414032
2024-10-04,36.583336,2.8333435,,2024-10-04,27.42486183499686
2024-10-04,36.583336,2.9166718,,2024-10-04,22.513610945271516
2024-10-04,36.583336,3.0,,2024-10-04,19.289317853545782
2024-10-04,36.583336,3.0833435,,2024-10-04,18.648702135525184
2024-10-04,36.583336,3.1666718,,2024-10-04,20.831708919035847
2024-10-04,36.583336,3.25,,2024-10-04,25.112182506309033
2024-10-04,36.66667,2.8333435,,2024-10-04,22.228234819302035
2024-10-04,36.66667,2.9166718,,2024-10-04,15.782881420103022
2024-10-04,36.66667,3.0,,2024-10-04,10.698609465725811
2024-10-04,36.66667,3.0833435,,2024-10-04,9.496464669132697
2024-10-04,36.66667,3.1666718,,2024-10-04,13.276882967911245
2024-10-04,36.66667,3.25,,2024-10-04,19.306074472517334
2024-10-04,36.75,2.8333435,-0.22227521,2024-10-04,20.194040166169533
2024-10-04,36.75,2.9166718,,2024-10-04,12.76987826840439
2024-10-04,36.75,3.0,,2024-10-04,5.345713953294998
2024-10-04,36.75,3.0833435,-0.22675101,2024-10-04,2.079801567910821
2024-10-04,36.75,3.1666718,-0.22565264,2024-10-04,9.50394748445699
2024-10-04,36.75,3.25,,2024-10-04,16.92811061876691
2024-10-04,36.833336,2.8333435,-0.23328672,2024-10-04,22.20863381656194
2024-10-04,36.833336,2.9166718,-0.23278908,2024-10-04,15.772124592603511
2024-10-04,36.833336,3.0,-0.232868,2024-10-04,10.696398658202174
2024-10-04,36.833336,3.0833435,-0.23374988,2024-10-04,9.496747682395155
2024-10-04,36.833336,3.1666718,-0.23391898,2024-10-04,13.270048906298761
2024-10-04,36.833336,3.25,-0.23376805,2024-10-04,19.290330362086166
2024-10-04,36.91667,2.8333435,-0.25788844,2024-10-04,27.393082527538727
2024-10-04,36.91667,2.9166718,-0.257299,2024-10-04,22.49852861582144
2024-10-04,36.91667,3.0,-0.25516278,2024-10-04,19.286865452625985
2024-10-04,36.91667,3.0833435,-0.25231558,2024-10-04,18.648990373299995
2024-10-04,36.91667,3.1666718,-0.24951571,2024-10-04,20.82299777897512
2024-10-04,36.91667,3.25,-0.24728538,2024-10-04,25.08797191414032
2024-10-05,36.583336,2.8333435,,2024-10-05,27.42486183499686
2024-10-05,36.583336,2.9166718,,2024-10-05,22.513610945271516
2024-10-05,36.583336,3.0,,2024-10-05,19.289317853545782
2024-10-05,36.583336,3.0833435,,2024-10-05,18.648702135525184
2024-10-05,36.583336,3.1666718,,2024-10-05,20.831708919035847
2024-10-05,36.583336,3.25,,2024-10-05,25.112182506309033
2024-10-05,36.66667,2.8333435,,2024-10-05,22.228234819302035
2024-10-05,36.66667,2.9166718,,2024-10-05,15.782881420103022
2024-10-05,36.66667,3.0,,2024-10-05,10.698609465725811
2024-10-05,36.66667,3.0833435,,2024-10-05,9.496464669132697
2024-10-05,36.66667,3.1666718,,2024-10-05,13.276882967911245
2024-10-05,36.66667,3.25,,2024-10-05,19.306074472517334
2024-10-05,36.75,2.8333435,-0.20783736,2024-10-05,20.194040166169533
2024-10-05,36.75,2.9166718,,2024-10-05,12.76987826840439
2024-10-05,36.75,3.0,,2024-10-05,5.345713953294998
2024-10-05,36.75,3.0833435,-0.20983192,2024-10-05,2.079801567910821
2024-10-05,36.75,3.1666718,-0.20888299,2024-10-05,9.50394748445699
2024-10-05,36.75,3.25,,2024-10-05,16.92811061876691
2024-10-05,36.833336,2.8333435,-0.21803044,2024-10-05,22.20863381656194
2024-10-05,36.833336,2.9166718,-0.21840641,2024-10-05,15.772124592603511
2024-10-05,36.833336,3.0,-0.2181239,2024-10-05,10.696398658202174
2024-10-05,36.833336,3.0833435,-0.21806826,2024-10-05,9.496747682395155
2024-10-05,36.833336,3.1666718,-0.21757329,2024-10-05,13.270048906298761
2024-10-05,36.833336,3.25,-0.21664296,2024-10-05,19.290330362086166
2024-10-05,36.91667,2.8333435,-0.24229349,2024-10-05,27.393082527538727
2024-10-05,36.91667,2.9166718,-0.24602225,2024-10-05,22.49852861582144
2024-10-05,36.91667,3.0,-0.24587406,2024-10-05,19.286865452625985
2024-10-05,36.91667,3.0833435,-0.2423869,2024-10-05,18.648990373299995
2024-10-05,36.91667,3.1666718,-0.23747432,2024-10-05,20.82299777897512
2024-10-05,36.91667,3.25,-0.23360084,2024-10-05,25.08797191414032
2024-10-06,36.583336,2.8333435,,2024-10-06,27.42486183499686
2024-10-06,36.583336,2.9166718,,2024-10-06,22.513610945271516
2024-10-06,36.583336,3.0,,2024-10-06,19.289317853545782
2024-10-06,36.583336,3.0833435,,2024-10-06,18.648702135525184
2024-10-06,36.583336,3.1666718,,2024-10-06,20.831708919035847
2024-10-06,36.583336,3.25,,2024-10-06,25.112182506309033
2024-10-06,36.66667,2.8333435,,2024-10-06,22.228234819302035
2024-10-06,36.66667,2.9166718,,2024-10-06,15.782881420103022
2024-10-06,36.66667,3.0,,2024-10-06,10.698609465725811
2024-10-06,36.66667,3.0833435,,2024-10-06,9.496464669132697
2024-10-06,36.66667,3.1666718,,2024-10-06,13.276882967911245
2024-10-06,36.66667,3.25,,2024-10-06,19.306074472517334
2024-10-06,36.75,2.8333435,-0.1965327,2024-10-06,20.194040166169533
2024-10-06,36.75,2.9166718,,2024-10-06,12.76987826840439
2024-10-06,36.75,3.0,,2024-10-06,5.345713953294998
2024-10-06,36.75,3.0833435,-0.19908118,2024-10-06,2.079801567910821
2024-10-06,36.75,3.1666718,-0.19781782,2024-10-06,9.50394748445699
2024-10-06,36.75,3.25,,2024-10-06,16.92811061876691
2024-10-06,36.833336,2.8333435,-0.20305927,2024-10-06,22.20863381656194
2024-10-06,36.833336,2.9166718,-0.20521964,2024-10-06,15.772124592603511
2024-10-06,36.833336,3.0,-0.2079761,2024-10-06,10.696398658202174
2024-10-06,36.833336,3.0833435,-0.20990407,2024-10-06,9.496747682395155
2024-10-06,36.833336,3.1666718,-0.20958851,2024-10-06,13.270048906298761
2024-10-06,36.833336,3.25,-0.20772421,2024-10-06,19.290330362086166
2024-10-06,36.91667,2.8333435,-0.21979448,2024-10-06,27.393082527538727
2024-10-06,36.91667,2.9166718,-0.22921492,2024-10-06,22.49852861582144
2024-10-06,36.91667,3.0,-0.23694223,2024-10-06,19.286865452625985
2024-10-06,36.91667,3.0833435,-0.23980059,2024-10-06,18.648990373299995
2024-10-06,36.91667,3.1666718,-0.23677066,2024-10-06,20.82299777897512
2024-10-06,36.91667,3.25,-0.23023787,2024-10-06,25.08797191414032
2024-10-07,36.583336,2.8333435,,2024-10-07,27.42486183499686
2024-10-07,36.583336,2.9166718,,2024-10-07,22.513610945271516
2024-10-07,36.583336,3.0,,2024-10-07,19.289317853545782
2024-10-07,36.583336,3.0833435,,2024-10-07,18.648702135525184
2024-10-07,36.583336,3.1666718,,2024-10-07,20.831708919035847
2024-10-07,36.583336,3.25,,2024-10-07,25.112182506309033
2024-10-07,36.66667,2.8333435,,2024-10-07,22.228234819302035
2024-10-07,36.66667,2.9166718,,2024-10-07,15.782881420103022
2024-10-07,36.66667,3.0,,2024-10-07,10.698609465725811
2024-10-07,36.66667,3.0833435,,2024-10-07,9.496464669132697
2024-10-07,36.66667,3.1666718,,2024-10-07,13.276882967911245
2024-10-07,36.66667,3.25,,2024-10-07,19.306074472517334
2024-10-07,36.75,2.8333435,-0.20018902,2024-10-07,20.194040166169533
2024-10-07,36.75,2.9166718,,2024-10-07,12.76987826840439
2024-10-07,36.75,3.0,,2024-10-07,5.345713953294998
2024-10-07,36.75,3.0833435,-0.19679525,2024-10-07,2.079801567910821
2024-10-07,36.75,3.1666718,-0.19564107,2024-10-07,9.50394748445699
2024-10-07,36.75,3.25,,2024-10-07,16.92811061876691
2024-10-07,36.833336,2.8333435,-0.20089793,2024-10-07,22.20863381656194
2024-10-07,36.833336,2.9166718,-0.20074768,2024-10-07,15.772124592603511
2024-10-07,36.833336,3.0,-0.2023944,2024-10-07,10.696398658202174
2024-10-07,36.833336,3.0833435,-0.20464157,2024-10-07,9.496747682395155
2024-10-07,36.833336,3.1666718,-0.20583665,2024-10-07,13.270048906298761
2024-10-07,36.833336,3.25,-0.20453712,2024-10-07,19.290330362086166
2024-10-07,36.91667,2.8333435,-0.20806798,2024-10-07,27.393082527538727
2024-10-07,36.91667,2.9166718,-0.21286733,2024-10-07,22.49852861582144
2024-10-07,36.91667,3.0,-0.22039226,2024-10-07,19.286865452625985
2024-10-07,36.91667,3.0833435,-0.22721504,2024-10-07,18.648990373299995
2024-10-07,36.91667,3.1666718,-0.23097473,2024-10-07,20.82299777897512
2024-10-07,36.91667,3.25,-0.23003404,2024-10-07,25.08797191414032
2024-10-08,36.583336,2.8333435,,2024-10-08,27.42486183499686
2024-10-08,36.583336,2.9166718,,2024-10-08,22.513610945271516
2024-10-08,36.583336,3.0,,2024-10-08,19.289317853545782
2024-10-08,36.583336,3.0833435,,2024-10-08,18.648702135525184
2024-10-08,36.583336,3.1666718,,2024-10-08,20.831708919035847
2024-10-08,36.583336,3.25,,2024-10-08,25.112182506309033
2024-10-08,36.66667,2.8333435,,2024-10-08,22.228234819302035
2024-10-08,36.66667,2.9166718,,2024-10-08,15.782881420103022
2024-10-08,36.66667,3.0,,2024-10-08,10.698609465725811
2024-10-08,36.66667,3.0833435,,2024-10-08,9.496464669132697
2024-10-08,36.66667,3.1666718,,2024-10-08,13.276882967911245
2024-10-08,36.66667,3.25,,2024-10-08,19.306074472517334
2024-10-08,36.75,2.8333435,-0.18580653,2024-10-08,20.194040166169533
2024-10-08,36.75,2.9166718,,2024-10-08,12.76987826840439
2024-10-08,36.75,3.0,,2024-10-08,5.345713953294998
2024-10-08,36.75,3.0833435,-0.18206073,2024-10-08,2.079801567910821
2024-10-08,36.75,3.1666718,-0.18031137,2024-10-08,9.50394748445699
2024-10-08,36.75,3.25,,2024-10-08,16.92811061876691
2024-10-08,36.833336,2.8333435,-0.18603614,2024-10-08,22.20863381656194
2024-10-08,36.833336,2.9166718,-0.18364951,2024-10-08,15.772124592603511
2024-10-08,36.833336,3.0,-0.18310755,2024-10-08,10.696398658202174
2024-10-08,36.833336,3.0833435,-0.18419647,2024-10-08,9.496747682395155
2024-10-08,36.833336,3.1666718,-0.18560217,2024-10-08,13.270048906298761
2024-10-08,36.833336,3.25,-0.18636645,2024-10-08,19.290330362086166
2024-10-08,36.91667,2.8333435,-0.19112061,2024-10-08,27.393082527538727
2024-10-08,36.91667,2.9166718,-0.18998909,2024-10-08,22.49852861582144
2024-10-08,36.91667,3.0,-0.19331922,2024-10-08,19.286865452625985
2024-10-08,36.91667,3.0833435,-0.19996442,2024-10-08,18.648990373299995
2024-10-08,36.91667,3.1666718,-0.20597094,2024-10-08,20.82299777897512
2024-10-08,36.91667,3.25,-0.20906313,2024-10-08,25.08797191414032
2024-10-09,36.583336,2.8333435,,2024-10-09,27.42486183499686
2024-10-09,36.583336,2.9166718,,2024-10-09,22.513610945271516
2024-10-09,36.583336,3.0,,2024-10-09,19.289317853545782
2024-10-09,36.583336,3.0833435,,2024-10-09,18.648702135525184
2024-10-09,36.583336,3.1666718,,2024-10-09,20.831708919035847
2024-10-09,36.583336,3.25,,2024-10-09,25.112182506309033
2024-10-09,36.66667,2.8333435,,2024-10-09,22.228234819302035
2024-10-09,36.66667,2.9166718,,2024-10-09,15.782881420103022
2024-10-09,36.66667,3.0,,2024-10-09,10.698609465725811
2024-10-09,36.66667,3.0833435,,2024-10-09,9.496464669132697
2024-10-09,36.66667,3.1666718,,2024-10-09,13.276882967911245
2024-10-09,36.66667,3.25,,2024-10-09,19.306074472517334
2024-10-09,36.75,2.8333435,-0.17570162,2024-10-09,20.194040166169533
2024-10-09,36.75,2.9166718,,2024-10-09,12.76987826840439
2024-10-09,36.75,3.0,,2024-10-09,5.345713953294998
2024-10-09,36.75,3.0833435,-0.17673977,2024-10-09,2.079801567910821
2024-10-09,36.75,3.1666718,-0.1767531,2024-10-09,9.50394748445699
2024-10-09,36.75,3.25,,2024-10-09,16.92811061876691
2024-10-09,36.833336,2.8333435,-0.1799502,2024-10-09,22.20863381656194
2024-10-09,36.833336,2.9166718,-0.17734563,2024-10-09,15.772124592603511
2024-10-09,36.833336,3.0,-0.17587017,2024-10-09,10.696398658202174
2024-10-09,36.833336,3.0833435,-0.17518508,2024-10-09,9.496747682395155
2024-10-09,36.833336,3.1666718,-0.17604849,2024-10-09,13.270048906298761
2024-10-09,36.833336,3.25,-0.17764726,2024-10-09,19.290330362086166
2024-10-09,36.91667,2.8333435,-0.189031,2024-10-09,27.393082527538727
2024-10-09,36.91667,2.9166718,-0.184709,2024-10-09,22.49852861582144
2024-10-09,36.91667,3.0,-0.18371865,2024-10-09,19.286865452625985
2024-10-09,36.91667,3.0833435,-0.18602702,2024-10-09,18.648990373299995
2024-10-09,36.91667,3.1666718,-0.19078395,2024-10-09,20.82299777897512
2024-10-09,36.91667,3.25,-0.1951703,2024-10-09,25.08797191414032
2024-10-10,36.583336,2.8333435,,2024-10-10,27.42486183499686
2024-10-10,36.583336,2.9166718,,2024-10-10,22.513610945271516
2024-10-10,36.583336,3.0,,2024-10-10,19.289317853545782
2024-10-10,36.583336,3.0833435,,2024-10-10,18.648702135525184
2024-10-10,36.583336,3.1666718,,2024-10-10,20.831708919035847
2024-10-10,36.583336,3.25,,2024-10-10,25.112182506309033
2024-10-10,36.66667,2.8333435,,2024-10-10,22.228234819302035
2024-10-10,36.66667,2.9166718,,2024-10-10,15.782881420103022
2024-10-10,36.66667,3.0,,2024-10-10,10.698609465725811
2024-10-10,36.66667,3.0833435,,2024-10-10,9.496464669132697
2024-10-10,36.66667,3.1666718,,2024-10-10,13.276882967911245
2024-10-10,36.66667,3.25,,2024-10-10,19.306074472517334
2024-10-10,36.75,2.8333435,-0.13991949,2024-10-10,20.194040166169533
2024-10-10,36.75,2.9166718,,2024-10-10,12.76987826840439
2024-10-10,36.75,3.0,,2024-10-10,5.345713953294998
2024-10-10,36.75,3.0833435,-0.14472945,2024-10-10,2.079801567910821
2024-10-10,36.75,3.1666718,-0.14324537,2024-10-10,9.50394748445699
2024-10-10,36.75,3.25,,2024-10-10,16.92811061876691
2024-10-10,36.833336,2.8333435,-0.15135328,2024-10-10,22.20863381656194
2024-10-10,36.833336,2.9166718,-0.14820771,2024-10-10,15.772124592603511
2024-10-10,36.833336,3.0,-0.14605935,2024-10-10,10.696398658202174
2024-10-10,36.833336,3.0833435,-0.1452732,2024-10-10,9.496747682395155
2024-10-10,36.833336,3.1666718,-0.14507604,2024-10-10,13.270048906298761
2024-10-10,36.833336,3.25,-0.14566478,2024-10-10,19.290330362086166
2024-10-10,36.91667,2.8333435,-0.17422764,2024-10-10,27.393082527538727
2024-10-10,36.91667,2.9166718,-0.16741285,2024-10-10,22.49852861582144
2024-10-10,36.91667,3.0,-0.16243151,2024-10-10,19.286865452625985
2024-10-10,36.91667,3.0833435,-0.16006652,2024-10-10,18.648990373299995
2024-10-10,36.91667,3.1666718,-0.16091476,2024-10-10,20.82299777897512
2024-10-10,36.91667,3.25,-0.16388752,2024-10-10,25.08797191414032
2024-10-11,36.583336,2.8333435,,2024-10-11,27.42486183499686
2024-10-11,36.583336,2.9166718,,2024-10-11,22.513610945271516
2024-10-11,36.583336,3.0,,2024-10-11,19.289317853545782
2024-10-11,36.583336,3.0833435,,2024-10-11,18.648702135525184
2024-10-11,36.583336,3.1666718,,2024-10-11,20.831708919035847
2024-10-11,36.583336,3.25,,2024-10-11,25.112182506309033
2024-10-11,36.66667,2.8333435,,2024-10-11,22.228234819302035
2024-10-11,36.66667,2.9166718,,2024-10-11,15.782881420103022
2024-10-11,36.66667,3.0,,2024-10-11,10.698609465725811
2024-10-11,36.66667,3.0833435,,2024-10-11,9.496464669132697
2024-10-11,36.66667,3.1666718,,2024-10-11,13.276882967911245
2024-10-11,36.66667,3.25,,2024-10-11,19.306074472517334
2024-10-11,36.75,2.8333435,-0.14547452,2024-10-11,20.194040166169533
2024-10-11,36.75,2.9166718,,2024-10-11,12.76987826840439
2024-10-11,36.75,3.0,,2024-10-11,5.345713953294998
2024-10-11,36.75,3.0833435,-0.14121428,2024-10-11,2.079801567910821
2024-10-11,36.75,3.1666718,-0.14019288,2024-10-11,9.50394748445699
2024-10-11,36.75,3.25,,2024-10-11,16.92811061876691
2024-10-11,36.833336,2.8333435,-0.15364146,2024-10-11,22.20863381656194
2024-10-11,36.833336,2.9166718,-0.15063979,2024-10-11,15.772124592603511
2024-10-11,36.833336,3.0,-0.14868693,2024-10-11,10.696398658202174
2024-10-11,36.833336,3.0833435,-0.14709535,2024-10-11,9.496747682395155
2024-10-11,36.833336,3.1666718,-0.14506952,2024-10-11,13.270048906298761
2024-10-11,36.833336,3.25,-0.14296523,2024-10-11,19.290330362086166
2024-10-11,36.91667,2.8333435,-0.17947939,2024-10-11,27.393082527538727
2024-10-11,36.91667,2.9166718,-0.17652106,2024-10-11,22.49852861582144
2024-10-11,36.91667,3.0,-0.17345834,2024-10-11,19.286865452625985
2024-10-11,36.91667,3.0833435,-0.16889364,2024-10-11,18.648990373299995
2024-10-11,36.91667,3.1666718,-0.16388452,2024-10-11,20.82299777897512
2024-10-11,36.91667,3.25,-0.15980533,2024-10-11,25.08797191414032
2024-10-12,36.583336,2.8333435,,2024-10-12,27.42486183499686
2024-10-12,36.583336,2.9166718,,2024-10-12,22.513610945271516
2024-10-12,36.583336,3.0,,2024-10-12,19.289317853545782
2024-10-12,36.583336,3.0833435,,2024-10-12,18.648702135525184
2024-10-12,36.583336,3.1666718,,2024-10-12,20.831708919035847
2024-10-12,36.583336,3.25,,2024-10-12,25.112182506309033
2024-10-12,36.66667,2.8333435,,2024-10-12,22.228234819302035
2024-10-12,36.66667,2.9166718,,2024-10-12,15.782881420103022
2024-10-12,36.66667,3.0,,2024-10-12,10.698609465725811
2024-10-12,36.66667,3.0833435,,2024-10-12,9.496464669132697
2024-10-12,36.66667,3.1666718,,2024-10-12,13.276882967911245
2024-10-12,36.66667,3.25,,2024-10-12,19.306074472517334
2024-10-12,36.75,2.8333435,-0.15837324,2024-10-12,20.194040166169533
2024-10-12,36.75,2.9166718,,2024-10-12,12.76987826840439
2024-10-12,36.75,3.0,,2024-10-12,5.345713953294998
2024-10-12,36.75,3.0833435,-0.15001974,2024-10-12,2.079801567910821
2024-10-12,36.75,3.1666718,-0.15031035,2024-10-12,9.50394748445699
2024-10-12,36.75,3.25,,2024-10-12,16.92811061876691
2024-10-12,36.833336,2.8333435,-0.15370634,2024-10-12,22.20863381656194
2024-10-12,36.833336,2.9166718,-0.15234603,2024-10-12,15.772124592603511
2024-10-12,36.833336,3.0,-0.15106055,2024-10-12,10.696398658202174
2024-10-12,36.833336,3.0833435,-0.14926545,2024-10-12,9.496747682395155
2024-10-12,36.833336,3.1666718,-0.14789928,2024-10-12,13.270048906298761
2024-10-12,36.833336,3.25,-0.14635676,2024-10-12,19.290330362086166
2024-10-12,36.91667,2.8333435,-0.16446997,2024-10-12,27.393082527538727
2024-10-12,36.91667,2.9166718,-0.16011748,2024-10-12,22.49852861582144
2024-10-12,36.91667,3.0,-0.15980919,2024-10-12,19.286865452625985
2024-10-12,36.91667,3.0833435,-0.16035217,2024-10-12,18.648990373299995
2024-10-12,36.91667,3.1666718,-0.15866216,2024-10-12,20.82299777897512
2024-10-12,36.91667,3.25,-0.1547344,2024-10-12,25.08797191414032
2024-10-13,36.583336,2.8333435,,2024-10-13,27.42486183499686
2024-10-13,36.583336,2.9166718,,2024-10-13,22.513610945271516
2024-10-13,36.583336,3.0,,2024-10-13,19.289317853545782
2024-10-13,36.583336,3.0833435,,2024-10-13,18.648702135525184
2024-10-13,36.583336,3.1666718,,2024-10-13,20.831708919035847
2024-10-13,36.583336,3.25,,2024-10-13,25.112182506309033
2024-10-13,36.66667,2.8333435,,2024-10-13,22.228234819302035
2024-10-13,36.66667,2.9166718,,2024-10-13,15.782881420103022
2024-10-13,36.66667,3.0,,2024-10-13,10.698609465725811
2024-10-13,36.66667,3.0833435,,2024-10-13,9.496464669132697
2024-10-13,36.66667,3.1666718,,2024-10-13,13.276882967911245
2024-10-13,36.66667,3.25,,2024-10-13,19.306074472517334
2024-10-13,36.75,2.8333435,-0.18377623,2024-10-13,20.194040166169533
2024-10-13,36.75,2.9166718,,2024-10-13,12.76987826840439
2024-10-13,36.75,3.0,,2024-10-13,5.345713953294998
2024-10-13,36.75,3.0833435,-0.17289782,2024-10-13,2.079801567910821
2024-10-13,36.75,3.1666718,-0.17409186,2024-10-13,9.50394748445699
2024-10-13,36.75,3.25,,2024-10-13,16.92811061876691
2024-10-13,36.833336,2.8333435,-0.17147091,2024-10-13,22.20863381656194
2024-10-13,36.833336,2.9166718,-0.17129813,2024-10-13,15.772124592603511
2024-10-13,36.833336,3.0,-0.16886172,2024-10-13,10.696398658202174
2024-10-13,36.833336,3.0833435,-0.16566274,2024-10-13,9.496747682395155
2024-10-13,36.833336,3.1666718,-0.16451515,2024-10-13,13.270048906298761
2024-10-13,36.833336,3.25,-0.16415134,2024-10-13,19.290330362086166
2024-10-13,36.91667,2.8333435,-0.16767894,2024-10-13,27.393082527538727
2024-10-13,36.91667,2.9166718,-0.1627784,2024-10-13,22.49852861582144
2024-10-13,36.91667,3.0,-0.16106816,2024-10-13,19.286865452625985
2024-10-13,36.91667,3.0833435,-0.16193804,2024-10-13,18.648990373299995
2024-10-13,36.91667,3.1666718,-0.16251154,2024-10-13,20.82299777897512
2024-10-13,36.91667,3.25,-0.16070041,2024-10-13,25.08797191414032
2024-10-14,36.583336,2.8333435,,2024-10-14,27.42486183499686
2024-10-14,36.583336,2.9166718,,2024-10-14,22.513610945271516
2024-10-14,36.583336,3.0,,2024-10-14,19.289317853545782
2024-10-14,36.583336,3.0833435,,2024-10-14,18.648702135525184
2024-10-14,36.583336,3.1666718,,2024-10-14,20.831708919035847
2024-10-14,36.583336,3.25,,2024-10-14,25.112182506309033
2024-10-14,36.66667,2.8333435,,2024-10-14,22.228234819302035
2024-10-14,36.66667,2.9166718,,2024-10-14,15.782881420103022
2024-10-14,36.66667,3.0,,2024-10-14,10.698609465725811
2024-10-14,36.66667,3.0833435,,2024-10-14,9.496464669132697
2024-10-14,36.66667,3.1666718,,2024-10-14,13.276882967911245
2024-10-14,36.66667,3.25,,2024-10-14,19.306074472517334
2024-10-14,36.75,2.8333435,-0.20423459,2024-10-14,20.194040166169533
2024-10-14,36.75,2.9166718,,2024-10-14,12.76987826840439
2024-10-14,36.75,3.0,,2024-10-14,5.345713953294998
2024-10-14,36.75,3.0833435,-0.19323015,2024-10-14,2.079801567910821
2024-10-14,36.75,3.1666718,-0.19471718,2024-10-14,9.50394748445699
2024-10-14,36.75,3.25,,2024-10-14,16.92811061876691
2024-10-14,36.833336,2.8333435,-0.1862644,2024-10-14,22.20863381656194
2024-10-14,36.833336,2.9166718,-0.18690833,2024-10-14,15.772124592603511
2024-10-14,36.833336,3.0,-0.18532684,2024-10-14,10.696398658202174
2024-10-14,36.833336,3.0833435,-0.1820504,2024-10-14,9.496747682395155
2024-10-14,36.833336,3.1666718,-0.18072712,2024-10-14,13.270048906298761
2024-10-14,36.833336,3.25,-0.1799865,2024-10-14,19.290330362086166
2024-10-14,36.91667,2.8333435,-0.1694655,2024-10-14,27.393082527538727
2024-10-14,36.91667,2.9166718,-0.16699076,2024-10-14,22.49852861582144
2024-10-14,36.91667,3.0,-0.16583456,2024-10-14,19.286865452625985
2024-10-14,36.91667,3.0833435,-0.16597319,2024-10-14,18.648990373299995
2024-10-14,36.91667,3.1666718,-0.16579776,2024-10-14,20.82299777897512
2024-10-14,36.91667,3.25,-0.16412424,2024-10-14,25.08797191414032
2024-10-15,36.583336,2.8333435,,2024-10-15,27.42486183499686
2024-10-15,36.583336,2.9166718,,2024-10-15,22.513610945271516
2024-10-15,36.583336,3.0,,2024-10-15,19.289317853545782
2024-10-15,36.583336,3.0833435,,2024-10-15,18.648702135525184
2024-10-15,36.583336,3.1666718,,2024-10-15,20.831708919035847
2024-10-15,36.583336,3.25,,2024-10-15,25.112182506309033
2024-10-15,36.66667,2.8333435,,2024-10-15,22.228234819302035
2024-10-15,36.66667,2.9166718,,2024-10-15,15.782881420103022
2024-10-15,36.66667,3.0,,2024-10-15,10.698609465725811
2024-10-15,36.66667,3.0833435,,2024-10-15,9.496464669132697
2024-10-15,36.66667,3.1666718,,2024-10-15,13.276882967911245
2024-10-15,36.66667,3.25,,2024-10-15,19.306074472517334
2024-10-15,36.75,2.8333435,-0.20760779,2024-10-15,20.194040166169533
2024-10-15,36.75,2.9166718,,2024-10-15,12.76987826840439
2024-10-15,36.75,3.0,,2024-10-15,5.345713953294998
2024-10-15,36.75,3.0833435,-0.19697285,2024-10-15,2.079801567910821
2024-10-15,36.75,3.1666718,-0.19890095,2024-10-15,9.50394748445699
2024-10-15,36.75,3.25,,2024-10-15,16.92811061876691
2024-10-15,36.833336,2.8333435,-0.18579906,2024-10-15,22.20863381656194
2024-10-15,36.833336,2.9166718,-0.18719721,2024-10-15,15.772124592603511
2024-10-15,36.833336,3.0,-0.18576038,2024-10-15,10.696398658202174
2024-10-15,36.833336,3.0833435,-0.1835708,2024-10-15,9.496747682395155
2024-10-15,36.833336,3.1666718,-0.18238582,2024-10-15,13.270048906298761
2024-10-15,36.833336,3.25,-0.18206115,2024-10-15,19.290330362086166
2024-10-15,36.91667,2.8333435,-0.16416368,2024-10-15,27.393082527538727
2024-10-15,36.91667,2.9166718,-0.16370074,2024-10-15,22.49852861582144
2024-10-15,36.91667,3.0,-0.16316584,2024-10-15,19.286865452625985
2024-10-15,36.91667,3.0833435,-0.16253018,2024-10-15,18.648990373299995
2024-10-15,36.91667,3.1666718,-0.16093425,2024-10-15,20.82299777897512
2024-10-15,36.91667,3.25,-0.15908264,2024-10-15,25.08797191414032
2024-10-16,36.583336,2.8333435,,2024-10-16,27.42486183499686
2024-10-16,36.583336,2.9166718,,2024-10-16,22.513610945271516
2024-10-16,36.583336,3.0,,2024-10-16,19.289317853545782
2024-10-16,36.583336,3.0833435,,2024-10-16,18.648702135525184
2024-10-16,36.583336,3.1666718,,2024-10-16,20.831708919035847
2024-10-16,36.583336,3.25,,2024-10-16,25.112182506309033
2024-10-16,36.66667,2.8333435,,2024-10-16,22.228234819302035
2024-10-16,36.66667,2.9166718,,2024-10-16,15.782881420103022
2024-10-16,36.66667,3.0,,2024-10-16,10.698609465725811
2024-10-16,36.66667,3.0833435,,2024-10-16,9.496464669132697
2024-10-16,36.66667,3.1666718,,2024-10-16,13.276882967911245
2024-10-16,36.66667,3.25,,2024-10-16,19.306074472517334
2024-10-16,36.75,2.8333435,-0.1884998,2024-10-16,20.194040166169533
2024-10-16,36.75,2.9166718,,2024-10-16,12.76987826840439
2024-10-16,36.75,3.0,,2024-10-16,5.345713953294998
2024-10-16,36.75,3.0833435,-0.18197858,2024-10-16,2.079801567910821
2024-10-16,36.75,3.1666718,-0.18395062,2024-10-16,9.50394748445699
2024-10-16,36.75,3.25,,2024-10-16,16.92811061876691
2024-10-16,36.833336,2.8333435,-0.1672384,2024-10-16,22.20863381656194
2024-10-16,36.833336,2.9166718,-0.1696794,2024-10-16,15.772124592603511
2024-10-16,36.833336,3.0,-0.16859575,2024-10-16,10.696398658202174
2024-10-16,36.833336,3.0833435,-0.167482,2024-10-16,9.496747682395155
2024-10-16,36.833336,3.1666718,-0.16744046,2024-10-16,13.270048906298761
2024-10-16,36.833336,3.25,-0.16877018,2024-10-16,19.290330362086166
2024-10-16,36.91667,2.8333435,-0.14525525,2024-10-16,27.393082527538727
2024-10-16,36.91667,2.9166718,-0.14660822,2024-10-16,22.49852861582144
2024-10-16,36.91667,3.0,-0.14630947,2024-10-16,19.286865452625985
2024-10-16,36.91667,3.0833435,-0.14545456,2024-10-16,18.648990373299995
2024-10-16,36.91667,3.1666718,-0.14401661,2024-10-16,20.82299777897512
2024-10-16,36.91667,3.25,-0.14309391,2024-10-16,25.08797191414032
2024-10-17,36.583336,2.8333435,,2024-10-17,27.42486183499686
2024-10-17,36.583336,2.9166718,,2024-10-17,22.513610945271516
2024-10-17,36.583336,3.0,,2024-10-17,19.289317853545782
2024-10-17,36.583336,3.0833435,,2024-10-17,18.648702135525184
2024-10-17,36.583336,3.1666718,,2024-10-17,20.831708919035847
2024-10-17,36.583336,3.25,,2024-10-17,25.112182506309033
2024-10-17,36.66667,2.8333435,,2024-10-17,22.228234819302035
2024-10-17,36.66667,2.9166718,,2024-10-17,15.782881420103022
2024-10-17,36.66667,3.0,,2024-10-17,10.698609465725811
2024-10-17,36.66667,3.0833435,,2024-10-17,9.496464669132697
2024-10-17,36.66667,3.1666718,,2024-10-17,13.276882967911245
2024-10-17,36.66667,3.25,,2024-10-17,19.306074472517334
2024-10-17,36.75,2.8333435,-0.14412205,2024-10-17,20.194040166169533
2024-10-17,36.75,2.9166718,,2024-10-17,12.76987826840439
2024-10-17,36.75,3.0,,2024-10-17,5.345713953294998
2024-10-17,36.75,3.0833435,-0.14149529,2024-10-17,2.079801567910821
2024-10-17,36.75,3.1666718,-0.14081347,2024-10-17,9.50394748445699
2024-10-17,36.75,3.25,,2024-10-17,16.92811061876691
2024-10-17,36.833336,2.8333435,-0.130514,2024-10-17,22.20863381656194
2024-10-17,36.833336,2.9166718,-0.1315367,2024-10-17,15.772124592603511
2024-10-17,36.833336,3.0,-0.13190134,2024-10-17,10.696398658202174
2024-10-17,36.833336,3.0833435,-0.13226542,2024-10-17,9.496747682395155
2024-10-17,36.833336,3.1666718,-0.13235939,2024-10-17,13.270048906298761
2024-10-17,36.833336,3.25,-0.13314925,2024-10-17,19.290330362086166
2024-10-17,36.91667,2.8333435,-0.11762822,2024-10-17,27.393082527538727
2024-10-17,36.91667,2.9166718,-0.12158891,2024-10-17,22.49852861582144
2024-10-17,36.91667,3.0,-0.122423,2024-10-17,19.286865452625985
2024-10-17,36.91667,3.0833435,-0.121270634,2024-10-17,18.648990373299995
2024-10-17,36.91667,3.1666718,-0.11914546,2024-10-17,20.82299777897512
2024-10-17,36.91667,3.25,-0.117809735,2024-10-17,25.08797191414032
2024-10-18,36.583336,2.8333435,,2024-10-18,27.42486183499686
2024-10-18,36.583336,2.9166718,,2024-10-18,22.513610945271516
2024-10-18,36.583336,3.0,,2024-10-18,19.289317853545782
2024-10-18,36.583336,3.0833435,,2024-10-18,18.648702135525184
2024-10-18,36.583336,3.1666718,,2024-10-18,20.831708919035847
2024-10-18,36.583336,3.25,,2024-10-18,25.112182506309033
2024-10-18,36.66667,2.8333435,,2024-10-18,22.228234819302035
2024-10-18,36.66667,2.9166718,,2024-10-18,15.782881420103022
2024-10-18,36.66667,3.0,,2024-10-18,10.698609465725811
2024-10-18,36.66667,3.0833435,,2024-10-18,9.496464669132697
2024-10-18,36.66667,3.1666718,,2024-10-18,13.276882967911245
2024-10-18,36.66667,3.25,,2024-10-18,19.306074472517334
2024-10-18,36.75,2.8333435,-0.117552,2024-10-18,20.194040166169533
2024-10-18,36.75,2.9166718,,2024-10-18,12.76987826840439
2024-10-18,36.75,3.0,,2024-10-18,5.345713953294998
2024-10-18,36.75,3.0833435,-0.11289663,2024-10-18,2.079801567910821
2024-10-18,36.75,3.1666718,-0.11141923,2024-10-18,9.50394748445699
2024-10-18,36.75,3.25,,2024-10-18,16.92811061876691
2024-10-18,36.833336,2.8333435,-0.11423759,2024-10-18,22.20863381656194
2024-10-18,36.833336,2.9166718,-0.11268203,2024-10-18,15.772124592603511
2024-10-18,36.833336,3.0,-0.11173407,2024-10-18,10.696398658202174
2024-10-18,36.833336,3.0833435,-0.111745246,2024-10-18,9.496747682395155
2024-10-18,36.833336,3.1666718,-0.11118593,2024-10-18,13.270048906298761
2024-10-18,36.833336,3.25,-0.11012012,2024-10-18,19.290330362086166
2024-10-18,36.91667,2.8333435,-0.11491606,2024-10-18,27.393082527538727
2024-10-18,36.91667,2.9166718,-0.12099039,2024-10-18,22.49852861582144
2024-10-18,36.91667,3.0,-0.124618344,2024-10-18,19.286865452625985
2024-10-18,36.91667,3.0833435,-0.12379441,2024-10-18,18.648990373299995
2024-10-18,36.91667,3.1666718,-0.119515896,2024-10-18,20.82299777897512
2024-10-18,36.91667,3.25,-0.114368595,2024-10-18,25.08797191414032
2024-10-19,36.583336,2.8333435,,2024-10-19,27.42486183499686
2024-10-19,36.583336,2.9166718,,2024-10-19,22.513610945271516
2024-10-19,36.583336,3.0,,2024-10-19,19.289317853545782
2024-10-19,36.583336,3.0833435,,2024-10-19,18.648702135525184
2024-10-19,36.583336,3.1666718,,2024-10-19,20.831708919035847
2024-10-19,36.583336,3.25,,2024-10-19,25.112182506309033
2024-10-19,36.66667,2.8333435,,2024-10-19,22.228234819302035
2024-10-19,36.66667,2.9166718,,2024-10-19,15.782881420103022
2024-10-19,36.66667,3.0,,2024-10-19,10.698609465725811
2024-10-19,36.66667,3.0833435,,2024-10-19,9.496464669132697
2024-10-19,36.66667,3.1666718,,2024-10-19,13.276882967911245
2024-10-19,36.66667,3.25,,2024-10-19,19.306074472517334
2024-10-19,36.75,2.8333435,-0.14945513,2024-10-19,20.194040166169533
2024-10-19,36.75,2.9166718,,2024-10-19,12.76987826840439
2024-10-19,36.75,3.0,,2024-10-19,5.345713953294998
2024-10-19,36.75,3.0833435,-0.14337502,2024-10-19,2.079801567910821
2024-10-19,36.75,3.1666718,-0.14205125,2024-10-19,9.50394748445699
2024-10-19,36.75,3.25,,2024-10-19,16.92811061876691
2024-10-19,36.833336,2.8333435,-0.1470921,2024-10-19,22.20863381656194
2024-10-19,36.833336,2.9166718,-0.14593446,2024-10-19,15.772124592603511
2024-10-19,36.833336,3.0,-0.14468454,2024-10-19,10.696398658202174
2024-10-19,36.833336,3.0833435,-0.14335054,2024-10-19,9.496747682395155
2024-10-19,36.833336,3.1666718,-0.14191197,2024-10-19,13.270048906298761
2024-10-19,36.833336,3.25,-0.13979578,2024-10-19,19.290330362086166
2024-10-19,36.91667,2.8333435,-0.1454697,2024-10-19,27.393082527538727
2024-10-19,36.91667,2.9166718,-0.1511728,2024-10-19,22.49852861582144
2024-10-19,36.91667,3.0,-0.15720358,2024-10-19,19.286865452625985
2024-10-19,36.91667,3.0833435,-0.16034605,2024-10-19,18.648990373299995
2024-10-19,36.91667,3.1666718,-0.15721378,2024-10-19,20.82299777897512
2024-10-19,36.91667,3.25,-0.14924818,2024-10-19,25.08797191414032
2024-10-20,36.583336,2.8333435,,2024-10-20,27.42486183499686
2024-10-20,36.583336,2.9166718,,2024-10-20,22.513610945271516
2024-10-20,36.583336,3.0,,2024-10-20,19.289317853545782
2024-10-20,36.583336,3.0833435,,2024-10-20,18.648702135525184
2024-10-20,36.583336,3.1666718,,2024-10-20,20.831708919035847
2024-10-20,36.583336,3.25,,2024-10-20,25.112182506309033
2024-10-20,36.66667,2.8333435,,2024-10-20,22.228234819302035
2024-10-20,36.66667,2.9166718,,2024-10-20,15.782881420103022
2024-10-20,36.66667,3.0,,2024-10-20,10.698609465725811
2024-10-20,36.66667,3.0833435,,2024-10-20,9.496464669132697
2024-10-20,36.66667,3.1666718,,2024-10-20,13.276882967911245
2024-10-20,36.66667,3.25,,2024-10-20,19.306074472517334
2024-10-20,36.75,2.8333435,-0.15559405,2024-10-20,20.194040166169533
2024-10-20,36.75,2.9166718,,2024-10-20,12.76987826840439
2024-10-20,36.75,3.0,,2024-10-20,5.345713953294998
2024-10-20,36.75,3.0833435,-0.15290636,2024-10-20,2.079801567910821
2024-10-20,36.75,3.1666718,-0.15250966,2024-10-20,9.50394748445699
2024-10-20,36.75,3.25,,2024-10-20,16.92811061876691
2024-10-20,36.833336,2.8333435,-0.15410581,2024-10-20,22.20863381656194
2024-10-20,36.833336,2.9166718,-0.15347914,2024-10-20,15.772124592603511
2024-10-20,36.833336,3.0,-0.15372804,2024-10-20,10.696398658202174
2024-10-20,36.833336,3.0833435,-0.15418549,2024-10-20,9.496747682395155
2024-10-20,36.833336,3.1666718,-0.15420598,2024-10-20,13.270048906298761
2024-10-20,36.833336,3.25,-0.15305434,2024-10-20,19.290330362086166
2024-10-20,36.91667,2.8333435,-0.15052976,2024-10-20,27.393082527538727
2024-10-20,36.91667,2.9166718,-0.15636459,2024-10-20,22.49852861582144
2024-10-20,36.91667,3.0,-0.16500887,2024-10-20,19.286865452625985
2024-10-20,36.91667,3.0833435,-0.1726985,2024-10-20,18.648990373299995
2024-10-20,36.91667,3.1666718,-0.17550163,2024-10-20,20.82299777897512
2024-10-20,36.91667,3.25,-0.16988458,2024-10-20,25.08797191414032
2024-10-21,36.583336,2.8333435,,2024-10-21,27.42486183499686
2024-10-21,36.583336,2.9166718,,2024-10-21,22.513610945271516
2024-10-21,36.583336,3.0,,2024-10-21,19.289317853545782
2024-10-21,36.583336,3.0833435,,2024-10-21,18.648702135525184
2024-10-21,36.583336,3.1666718,,2024-10-21,20.831708919035847
2024-10-21,36.583336,3.25,,2024-10-21,25.112182506309033
2024-10-21,36.66667,2.8333435,,2024-10-21,22.228234819302035
2024-10-21,36.66667,2.9166718,,2024-10-21,15.782881420103022
2024-10-21,36.66667,3.0,,2024-10-21,10.698609465725811
2024-10-21,36.66667,3.0833435,,2024-10-21,9.496464669132697
2024-10-21,36.66667,3.1666718,,2024-10-21,13.276882967911245
2024-10-21,36.66667,3.25,,2024-10-21,19.306074472517334
2024-10-21,36.75,2.8333435,-0.16368146,2024-10-21,20.194040166169533
2024-10-21,36.75,2.9166718,,2024-10-21,12.76987826840439
2024-10-21,36.75,3.0,,2024-10-21,5.345713953294998
2024-10-21,36.75,3.0833435,-0.15701455,2024-10-21,2.079801567910821
2024-10-21,36.75,3.1666718,-0.15625085,2024-10-21,9.50394748445699
2024-10-21,36.75,3.25,,2024-10-21,16.92811061876691
2024-10-21,36.833336,2.8333435,-0.1595047,2024-10-21,22.20863381656194
2024-10-21,36.833336,2.9166718,-0.15958488,2024-10-21,15.772124592603511
2024-10-21,36.833336,3.0,-0.15994245,2024-10-21,10.696398658202174
2024-10-21,36.833336,3.0833435,-0.16082853,2024-10-21,9.496747682395155
2024-10-21,36.833336,3.1666718,-0.16073327,2024-10-21,13.270048906298761
2024-10-21,36.833336,3.25,-0.15934874,2024-10-21,19.290330362086166
2024-10-21,36.91667,2.8333435,-0.15377018,2024-10-21,27.393082527538727
2024-10-21,36.91667,2.9166718,-0.15866604,2024-10-21,22.49852861582144
2024-10-21,36.91667,3.0,-0.16843127,2024-10-21,19.286865452625985
2024-10-21,36.91667,3.0833435,-0.1783286,2024-10-21,18.648990373299995
2024-10-21,36.91667,3.1666718,-0.18518613,2024-10-21,20.82299777897512
2024-10-21,36.91667,3.25,-0.18559068,2024-10-21,25.08797191414032
2024-10-22,36.583336,2.8333435,,2024-10-22,27.42486183499686
2024-10-22,36.583336,2.9166718,,2024-10-22,22.513610945271516
2024-10-22,36.583336,3.0,,2024-10-22,19.289317853545782
2024-10-22,36.583336,3.0833435,,2024-10-22,18.648702135525184
2024-10-22,36.583336,3.1666718,,2024-10-22,20.831708919035847
2024-10-22,36.583336,3.25,,2024-10-22,25.112182506309033
2024-10-22,36.66667,2.8333435,,2024-10-22,22.228234819302035
2024-10-22,36.66667,2.9166718,,2024-10-22,15.782881420103022
2024-10-22,36.66667,3.0,,2024-10-22,10.698609465725811
2024-10-22,36.66667,3.0833435,,2024-10-22,9.496464669132697
2024-10-22,36.66667,3.1666718,,2024-10-22,13.276882967911245
2024-10-22,36.66667,3.25,,2024-10-22,19.306074472517334
2024-10-22,36.75,2.8333435,-0.19942197,2024-10-22,20.194040166169533
2024-10-22,36.75,2.9166718,,2024-10-22,12.76987826840439
2024-10-22,36.75,3.0,,2024-10-22,5.345713953294998
2024-10-22,36.75,3.0833435,-0.18662411,2024-10-22,2.079801567910821
2024-10-22,36.75,3.1666718,-0.18594834,2024-10-22,9.50394748445699
2024-10-22,36.75,3.25,,2024-10-22,16.92811061876691
2024-10-22,36.833336,2.8333435,-0.1878349,2024-10-22,22.20863381656194
2024-10-22,36.833336,2.9166718,-0.18757233,2024-10-22,15.772124592603511
2024-10-22,36.833336,3.0,-0.18840452,2024-10-22,10.696398658202174
2024-10-22,36.833336,3.0833435,-0.18907605,2024-10-22,9.496747682395155
2024-10-22,36.833336,3.1666718,-0.18866071,2024-10-22,13.270048906298761
2024-10-22,36.833336,3.25,-0.18630889,2024-10-22,19.290330362086166
2024-10-22,36.91667,2.8333435,-0.17218758,2024-10-22,27.393082527538727
2024-10-22,36.91667,2.9166718,-0.17649539,2024-10-22,22.49852861582144
2024-10-22,36.91667,3.0,-0.18679623,2024-10-22,19.286865452625985
2024-10-22,36.91667,3.0833435,-0.19872826,2024-10-22,18.648990373299995
2024-10-22,36.91667,3.1666718,-0.20699172,2024-10-22,20.82299777897512
2024-10-22,36.91667,3.25,-0.2097464,2024-10-22,25.08797191414032
2024-10-23,36.583336,2.8333435,,2024-10-23,27.42486183499686
2024-10-23,36.583336,2.9166718,,2024-10-23,22.513610945271516
2024-10-23,36.583336,3.0,,2024-10-23,19.289317853545782
2024-10-23,36.583336,3.0833435,,2024-10-23,18.648702135525184
2024-10-23,36.583336,3.1666718,,2024-10-23,20.831708919035847
2024-10-23,36.583336,3.25,,2024-10-23,25.112182506309033
2024-10-23,36.66667,2.8333435,,2024-10-23,22.228234819302035
2024-10-23,36.66667,2.9166718,,2024-10-23,15.782881420103022
2024-10-23,36.66667,3.0,,2024-10-23,10.698609465725811
2024-10-23,36.66667,3.0833435,,2024-10-23,9.496464669132697
2024-10-23,36.66667,3.1666718,,2024-10-23,13.276882967911245
2024-10-23,36.66667,3.25,,2024-10-23,19.306074472517334
2024-10-23,36.75,2.8333435,-0.24559495,2024-10-23,20.194040166169533
2024-10-23,36.75,2.9166718,,2024-10-23,12.76987826840439
2024-10-23,36.75,3.0,,2024-10-23,5.345713953294998
2024-10-23,36.75,3.0833435,-0.23127545,2024-10-23,2.079801567910821
2024-10-23,36.75,3.1666718,-0.23152387,2024-10-23,9.50394748445699
2024-10-23,36.75,3.25,,2024-10-23,16.92811061876691
2024-10-23,36.833336,2.8333435,-0.22946945,2024-10-23,22.20863381656194
2024-10-23,36.833336,2.9166718,-0.23024708,2024-10-23,15.772124592603511
2024-10-23,36.833336,3.0,-0.23094058,2024-10-23,10.696398658202174
2024-10-23,36.833336,3.0833435,-0.23025252,2024-10-23,9.496747682395155
2024-10-23,36.833336,3.1666718,-0.22967763,2024-10-23,13.270048906298761
2024-10-23,36.833336,3.25,-0.22671127,2024-10-23,19.290330362086166
2024-10-23,36.91667,2.8333435,-0.20407754,2024-10-23,27.393082527538727
2024-10-23,36.91667,2.9166718,-0.20997006,2024-10-23,22.49852861582144
2024-10-23,36.91667,3.0,-0.21910284,2024-10-23,19.286865452625985
2024-10-23,36.91667,3.0833435,-0.22938445,2024-10-23,18.648990373299995
2024-10-23,36.91667,3.1666718,-0.23653339,2024-10-23,20.82299777897512
2024-10-23,36.91667,3.25,-0.23756279,2024-10-23,25.08797191414032
2024-10-24,36.583336,2.8333435,,2024-10-24,27.42486183499686
2024-10-24,36.583336,2.9166718,,2024-10-24,22.513610945271516
2024-10-24,36.583336,3.0,,2024-10-24,19.289317853545782
2024-10-24,36.583336,3.0833435,,2024-10-24,18.648702135525184
2024-10-24,36.583336,3.1666718,,2024-10-24,20.831708919035847
2024-10-24,36.583336,3.25,,2024-10-24,25.112182506309033
2024-10-24,36.66667,2.8333435,,2024-10-24,22.228234819302035
2024-10-24,36.66667,2.9166718,,2024-10-24,15.782881420103022
2024-10-24,36.66667,3.0,,2024-10-24,10.698609465725811
2024-10-24,36.66667,3.0833435,,2024-10-24,9.496464669132697
2024-10-24,36.66667,3.1666718,,2024-10-24,13.276882967911245
2024-10-24,36.66667,3.25,,2024-10-24,19.306074472517334
2024-10-24,36.75,2.8333435,-0.2722564,2024-10-24,20.194040166169533
2024-10-24,36.75,2.9166718,,2024-10-24,12.76987826840439
2024-10-24,36.75,3.0,,2024-10-24,5.345713953294998
2024-10-24,36.75,3.0833435,-0.26656863,2024-10-24,2.079801567910821
2024-10-24,36.75,3.1666718,-0.26762748,2024-10-24,9.50394748445699
2024-10-24,36.75,3.25,,2024-10-24,16.92811061876691
2024-10-24,36.833336,2.8333435,-0.26216534,2024-10-24,22.20863381656194
2024-10-24,36.833336,2.9166718,-0.2640209,2024-10-24,15.772124592603511
2024-10-24,36.833336,3.0,-0.26403186,2024-10-24,10.696398658202174
2024-10-24,36.833336,3.0833435,-0.26236972,2024-10-24,9.496747682395155
2024-10-24,36.833336,3.1666718,-0.26120567,2024-10-24,13.270048906298761
2024-10-24,36.833336,3.25,-0.2590607,2024-10-24,19.290330362086166
2024-10-24,36.91667,2.8333435,-0.23891023,2024-10-24,27.393082527538727
2024-10-24,36.91667,2.9166718,-0.24402413,2024-10-24,22.49852861582144
2024-10-24,36.91667,3.0,-0.24980585,2024-10-24,19.286865452625985
2024-10-24,36.91667,3.0833435,-0.2554526,2024-10-24,18.648990373299995
2024-10-24,36.91667,3.1666718,-0.25851324,2024-10-24,20.82299777897512
2024-10-24,36.91667,3.25,-0.25627264,2024-10-24,25.08797191414032
2024-10-25,36.583336,2.8333435,,2024-10-25,27.42486183499686
2024-10-25,36.583336,2.9166718,,2024-10-25,22.513610945271516
2024-10-25,36.583336,3.0,,2024-10-25,19.289317853545782
2024-10-25,36.583336,3.0833435,,2024-10-25,18.648702135525184
2024-10-25,36.583336,3.1666718,,2024-10-25,20.831708919035847
2024-10-25,36.583336,3.25,,2024-10-25,25.112182506309033
2024-10-25,36.66667,2.8333435,,2024-10-25,22.228234819302035
2024-10-25,36.66667,2.9166718,,2024-10-25,15.782881420103022
2024-10-25,36.66667,3.0,,2024-10-25,10.698609465725811
2024-10-25,36.66667,3.0833435,,2024-10-25,9.496464669132697
2024-10-25,36.66667,3.1666718,,2024-10-25,13.276882967911245
2024-10-25,36.66667,3.25,,2024-10-25,19.306074472517334
2024-10-25,36.75,2.8333435,-0.26783606,2024-10-25,20.194040166169533
2024-10-25,36.75,2.9166718,,2024-10-25,12.76987826840439
2024-10-25,36.75,3.0,,2024-10-25,5.345713953294998
2024-10-25,36.75,3.0833435,-0.26476523,2024-10-25,2.079801567910821
2024-10-25,36.75,3.1666718,-0.26500934,2024-10-25,9.50394748445699
2024-10-25,36.75,3.25,,2024-10-25,16.92811061876691
2024-10-25,36.833336,2.8333435,-0.2648846,2024-10-25,22.20863381656194
2024-10-25,36.833336,2.9166718,-0.2638012,2024-10-25,15.772124592603511
2024-10-25,36.833336,3.0,-0.2626618,2024-10-25,10.696398658202174
2024-10-25,36.833336,3.0833435,-0.26014498,2024-10-25,9.496747682395155
2024-10-25,36.833336,3.1666718,-0.2576221,2024-10-25,13.270048906298761
2024-10-25,36.833336,3.25,-0.25650316,2024-10-25,19.290330362086166
2024-10-25,36.91667,2.8333435,-0.25191388,2024-10-25,27.393082527538727
2024-10-25,36.91667,2.9166718,-0.25244454,2024-10-25,22.49852861582144
2024-10-25,36.91667,3.0,-0.25337097,2024-10-25,19.286865452625985
2024-10-25,36.91667,3.0833435,-0.25349227,2024-10-25,18.648990373299995
2024-10-25,36.91667,3.1666718,-0.25153267,2024-10-25,20.82299777897512
2024-10-25,36.91667,3.25,-0.24774677,2024-10-25,25.08797191414032
2024-10-26,36.583336,2.8333435,,2024-10-26,27.42486183499686
2024-10-26,36.583336,2.9166718,,2024-10-26,22.513610945271516
2024-10-26,36.583336,3.0,,2024-10-26,19.289317853545782
2024-10-26,36.583336,3.0833435,,2024-10-26,18.648702135525184
2024-10-26,36.583336,3.1666718,,2024-10-26,20.831708919035847
2024-10-26,36.583336,3.25,,2024-10-26,25.112182506309033
2024-10-26,36.66667,2.8333435,,2024-10-26,22.228234819302035
2024-10-26,36.66667,2.9166718,,2024-10-26,15.782881420103022
2024-10-26,36.66667,3.0,,2024-10-26,10.698609465725811
2024-10-26,36.66667,3.0833435,,2024-10-26,9.496464669132697
2024-10-26,36.66667,3.1666718,,2024-10-26,13.276882967911245
2024-10-26,36.66667,3.25,,2024-10-26,19.306074472517334
2024-10-26,36.75,2.8333435,-0.23802185,2024-10-26,20.194040166169533
2024-10-26,36.75,2.9166718,,2024-10-26,12.76987826840439
2024-10-26,36.75,3.0,,2024-10-26,5.345713953294998
2024-10-26,36.75,3.0833435,-0.23896603,2024-10-26,2.079801567910821
2024-10-26,36.75,3.1666718,-0.23796822,2024-10-26,9.50394748445699
2024-10-26,36.75,3.25,,2024-10-26,16.92811061876691
2024-10-26,36.833336,2.8333435,-0.24734278,2024-10-26,22.20863381656194
2024-10-26,36.833336,2.9166718,-0.24260646,2024-10-26,15.772124592603511
2024-10-26,36.833336,3.0,-0.23868659,2024-10-26,10.696398658202174
2024-10-26,36.833336,3.0833435,-0.23618622,2024-10-26,9.496747682395155
2024-10-26,36.833336,3.1666718,-0.2343331,2024-10-26,13.270048906298761
2024-10-26,36.833336,3.25,-0.2327394,2024-10-26,19.290330362086166
2024-10-26,36.91667,2.8333435,-0.24955918,2024-10-26,27.393082527538727
2024-10-26,36.91667,2.9166718,-0.24495865,2024-10-26,22.49852861582144
2024-10-26,36.91667,3.0,-0.24039462,2024-10-26,19.286865452625985
2024-10-26,36.91667,3.0833435,-0.23568825,2024-10-26,18.648990373299995
2024-10-26,36.91667,3.1666718,-0.23152798,2024-10-26,20.82299777897512
2024-10-26,36.91667,3.25,-0.22835751,2024-10-26,25.08797191414032
2024-10-27,36.583336,2.8333435,,2024-10-27,27.42486183499686
2024-10-27,36.583336,2.9166718,,2024-10-27,22.513610945271516
2024-10-27,36.583336,3.0,,2024-10-27,19.289317853545782
2024-10-27,36.583336,3.0833435,,2024-10-27,18.648702135525184
2024-10-27,36.583336,3.1666718,,2024-10-27,20.831708919035847
2024-10-27,36.583336,3.25,,2024-10-27,25.112182506309033
2024-10-27,36.66667,2.8333435,,2024-10-27,22.228234819302035
2024-10-27,36.66667,2.9166718,,2024-10-27,15.782881420103022
2024-10-27,36.66667,3.0,,2024-10-27,10.698609465725811
2024-10-27,36.66667,3.0833435,,2024-10-27,9.496464669132697
2024-10-27,36.66667,3.1666718,,2024-10-27,13.276882967911245
2024-10-27,36.66667,3.25,,2024-10-27,19.306074472517334
2024-10-27,36.75,2.8333435,-0.21363747,2024-10-27,20.194040166169533
2024-10-27,36.75,2.9166718,,2024-10-27,12.76987826840439
2024-10-27,36.75,3.0,,2024-10-27,5.345713953294998
2024-10-27,36.75,3.0833435,-0.21372885,2024-10-27,2.079801567910821
2024-10-27,36.75,3.1666718,-0.21345817,2024-10-27,9.50394748445699
2024-10-27,36.75,3.25,,2024-10-27,16.92811061876691
2024-10-27,36.833336,2.8333435,-0.23071595,2024-10-27,22.20863381656194
2024-10-27,36.833336,2.9166718,-0.22596908,2024-10-27,15.772124592603511
2024-10-27,36.833336,3.0,-0.2223091,2024-10-27,10.696398658202174
2024-10-27,36.833336,3.0833435,-0.21903709,2024-10-27,9.496747682395155
2024-10-27,36.833336,3.1666718,-0.21693508,2024-10-27,13.270048906298761
2024-10-27,36.833336,3.25,-0.21559715,2024-10-27,19.290330362086166
2024-10-27,36.91667,2.8333435,-0.24871622,2024-10-27,27.393082527538727
2024-10-27,36.91667,2.9166718,-0.24184938,2024-10-27,22.49852861582144
2024-10-27,36.91667,3.0,-0.23542035,2024-10-27,19.286865452625985
2024-10-27,36.91667,3.0833435,-0.22863638,2024-10-27,18.648990373299995
2024-10-27,36.91667,3.1666718,-0.22332287,2024-10-27,20.82299777897512
2024-10-27,36.91667,3.25,-0.22040723,2024-10-27,25.08797191414032
2024-10-28,36.583336,2.8333435,,2024-10-28,27.42486183499686
2024-10-28,36.583336,2.9166718,,2024-10-28,22.513610945271516
2024-10-28,36.583336,3.0,,2024-10-28,19.289317853545782
2024-10-28,36.583336,3.0833435,,2024-10-28,18.648702135525184
2024-10-28,36.583336,3.1666718,,2024-10-28,20.831708919035847
2024-10-28,36.583336,3.25,,2024-10-28,25.112182506309033
2024-10-28,36.66667,2.8333435,,2024-10-28,22.228234819302035
2024-10-28,36.66667,2.9166718,,2024-10-28,15.782881420103022
2024-10-28,36.66667,3.0,,2024-10-28,10.698609465725811
2024-10-28,36.66667,3.0833435,,2024-10-28,9.496464669132697
2024-10-28,36.66667,3.1666718,,2024-10-28,13.276882967911245
2024-10-28,36.66667,3.25,,2024-10-28,19.306074472517334
2024-10-28,36.75,2.8333435,-0.21191767,2024-10-28,20.194040166169533
2024-10-28,36.75,2.9166718,,2024-10-28,12.76987826840439
2024-10-28,36.75,3.0,,2024-10-28,5.345713953294998
2024-10-28,36.75,3.0833435,-0.20813915,2024-10-28,2.079801567910821
2024-10-28,36.75,3.1666718,-0.20721726,2024-10-28,9.50394748445699
2024-10-28,36.75,3.25,,2024-10-28,16.92811061876691
2024-10-28,36.833336,2.8333435,-0.22749399,2024-10-28,22.20863381656194
2024-10-28,36.833336,2.9166718,-0.22139889,2024-10-28,15.772124592603511
2024-10-28,36.833336,3.0,-0.21902724,2024-10-28,10.696398658202174
2024-10-28,36.833336,3.0833435,-0.21853767,2024-10-28,9.496747682395155
2024-10-28,36.833336,3.1666718,-0.21648373,2024-10-28,13.270048906298761
2024-10-28,36.833336,3.25,-0.21359576,2024-10-28,19.290330362086166
2024-10-28,36.91667,2.8333435,-0.2522895,2024-10-28,27.393082527538727
2024-10-28,36.91667,2.9166718,-0.24616285,2024-10-28,22.49852861582144
2024-10-28,36.91667,3.0,-0.24136367,2024-10-28,19.286865452625985
2024-10-28,36.91667,3.0833435,-0.23619138,2024-10-28,18.648990373299995
2024-10-28,36.91667,3.1666718,-0.22989658,2024-10-28,20.82299777897512
2024-10-28,36.91667,3.25,-0.22507167,2024-10-28,25.08797191414032
2024-10-29,36.583336,2.8333435,,2024-10-29,27.42486183499686
2024-10-29,36.583336,2.9166718,,2024-10-29,22.513610945271516
2024-10-29,36.583336,3.0,,2024-10-29,19.289317853545782
2024-10-29,36.583336,3.0833435,,2024-10-29,18.648702135525184
2024-10-29,36.583336,3.1666718,,2024-10-29,20.831708919035847
2024-10-29,36.583336,3.25,,2024-10-29,25.112182506309033
2024-10-29,36.66667,2.8333435,,2024-10-29,22.228234819302035
2024-10-29,36.66667,2.9166718,,2024-10-29,15.782881420103022
2024-10-29,36.66667,3.0,,2024-10-29,10.698609465725811
2024-10-29,36.66667,3.0833435,,2024-10-29,9.496464669132697
2024-10-29,36.66667,3.1666718,,2024-10-29,13.276882967911245
2024-10-29,36.66667,3.25,,2024-10-29,19.306074472517334
2024-10-29,36.75,2.8333435,-0.24202967,2024-10-29,20.194040166169533
2024-10-29,36.75,2.9166718,,2024-10-29,12.76987826840439
2024-10-29,36.75,3.0,,2024-10-29,5.345713953294998
2024-10-29,36.75,3.0833435,-0.23795572,2024-10-29,2.079801567910821
2024-10-29,36.75,3.1666718,-0.2380889,2024-10-29,9.50394748445699
2024-10-29,36.75,3.25,,2024-10-29,16.92811061876691
2024-10-29,36.833336,2.8333435,-0.25258788,2024-10-29,22.20863381656194
2024-10-29,36.833336,2.9166718,-0.24729869,2024-10-29,15.772124592603511
2024-10-29,36.833336,3.0,-0.24463627,2024-10-29,10.696398658202174
2024-10-29,36.833336,3.0833435,-0.24403252,2024-10-29,9.496747682395155
2024-10-29,36.833336,3.1666718,-0.24365152,2024-10-29,13.270048906298761
2024-10-29,36.833336,3.25,-0.24267267,2024-10-29,19.290330362086166
2024-10-29,36.91667,2.8333435,-0.27254003,2024-10-29,27.393082527538727
2024-10-29,36.91667,2.9166718,-0.26573202,2024-10-29,22.49852861582144
2024-10-29,36.91667,3.0,-0.2605525,2024-10-29,19.286865452625985
2024-10-29,36.91667,3.0833435,-0.2574647,2024-10-29,18.648990373299995
2024-10-29,36.91667,3.1666718,-0.25453633,2024-10-29,20.82299777897512
2024-10-29,36.91667,3.25,-0.25052947,2024-10-29,25.08797191414032
2024-10-30,36.583336,2.8333435,,2024-10-30,27.42486183499686
2024-10-30,36.583336,2.9166718,,2024-10-30,22.513610945271516
2024-10-30,36.583336,3.0,,2024-10-30,19.289317853545782
2024-10-30,36.583336,3.0833435,,2024-10-30,18.648702135525184
2024-10-30,36.583336,3.1666718,,2024-10-30,20.831708919035847
2024-10-30,36.583336,3.25,,2024-10-30,25.112182506309033
2024-10-30,36.66667,2.8333435,,2024-10-30,22.228234819302035
2024-10-30,36.66667,2.9166718,,2024-10-30,15.782881420103022
2024-10-30,36.66667,3.0,,2024-10-30,10.698609465725811
2024-10-30,36.66667,3.0833435,,2024-10-30,9.496464669132697
2024-10-30,36.66667,3.1666718,,2024-10-30,13.276882967911245
2024-10-30,36.66667,3.25,,2024-10-30,19.306074472517334
2024-10-30,36.75,2.8333435,-0.24274775,2024-10-30,20.194040166169533
2024-10-30,36.75,2.9166718,,2024-10-30,12.76987826840439
2024-10-30,36.75,3.0,,2024-10-30,5.345713953294998
2024-10-30,36.75,3.0833435,-0.24049863,2024-10-30,2.079801567910821
2024-10-30,36.75,3.1666718,-0.23994108,2024-10-30,9.50394748445699
2024-10-30,36.75,3.25,,2024-10-30,16.92811061876691
2024-10-30,36.833336,2.8333435,-0.25393006,2024-10-30,22.20863381656194
2024-10-30,36.833336,2.9166718,-0.24819818,2024-10-30,15.772124592603511
2024-10-30,36.833336,3.0,-0.24556269,2024-10-30,10.696398658202174
2024-10-30,36.833336,3.0833435,-0.24463576,2024-10-30,9.496747682395155
2024-10-30,36.833336,3.1666718,-0.24415906,2024-10-30,13.270048906298761
2024-10-30,36.833336,3.25,-0.24348907,2024-10-30,19.290330362086166
2024-10-30,36.91667,2.8333435,-0.2733184,2024-10-30,27.393082527538727
2024-10-30,36.91667,2.9166718,-0.26562107,2024-10-30,22.49852861582144
2024-10-30,36.91667,3.0,-0.259358,2024-10-30,19.286865452625985
2024-10-30,36.91667,3.0833435,-0.25479195,2024-10-30,18.648990373299995
2024-10-30,36.91667,3.1666718,-0.25232205,2024-10-30,20.82299777897512
2024-10-30,36.91667,3.25,-0.25023404,2024-10-30,25.08797191414032
2024-10-31,36.583336,2.8333435,,2024-10-31,27.42486183499686
2024-10-31,36.583336,2.9166718,,2024-10-31,22.513610945271516
2024-10-31,36.583336,3.0,,2024-10-31,19.289317853545782
2024-10-31,36.583336,3.0833435,,2024-10-31,18.648702135525184
2024-10-31,36.583336,3.1666718,,2024-10-31,20.831708919035847
2024-10-31,36.583336,3.25,,2024-10-31,25.112182506309033
2024-10-31,36.66667,2.8333435,,2024-10-31,22.228234819302035
2024-10-31,36.66667,2.9166718,,2024-10-31,15.782881420103022
2024-10-31,36.66667,3.0,,2024-10-31,10.698609465725811
2024-10-31,36.66667,3.0833435,,2024-10-31,9.496464669132697
2024-10-31,36.66667,3.1666718,,2024-10-31,13.276882967911245
2024-10-31,36.66667,3.25,,2024-10-31,19.306074472517334
2024-10-31,36.75,2.8333435,-0.2289503,2024-10-31,20.194040166169533
2024-10-31,36.75,2.9166718,,2024-10-31,12.76987826840439
2024-10-31,36.75,3.0,,2024-10-31,5.345713953294998
2024-10-31,36.75,3.0833435,-0.22545777,2024-10-31,2.079801567910821
2024-10-31,36.75,3.1666718,-0.22424549,2024-10-31,9.50394748445699
2024-10-31,36.75,3.25,,2024-10-31,16.92811061876691
2024-10-31,36.833336,2.8333435,-0.24343377,2024-10-31,22.20863381656194
2024-10-31,36.833336,2.9166718,-0.23666865,2024-10-31,15.772124592603511
2024-10-31,36.833336,3.0,-0.23296617,2024-10-31,10.696398658202174
2024-10-31,36.833336,3.0833435,-0.23143941,2024-10-31,9.496747682395155
2024-10-31,36.833336,3.1666718,-0.23026778,2024-10-31,13.270048906298761
2024-10-31,36.833336,3.25,-0.22946967,2024-10-31,19.290330362086166
2024-10-31,36.91667,2.8333435,-0.2649756,2024-10-31,27.393082527538727
2024-10-31,36.91667,2.9166718,-0.25708675,2024-10-31,22.49852861582144
2024-10-31,36.91667,3.0,-0.25064555,2024-10-31,19.286865452625985
2024-10-31,36.91667,3.0833435,-0.24538724,2024-10-31,18.648990373299995
2024-10-31,36.91667,3.1666718,-0.24156345,2024-10-31,20.82299777897512
2024-10-31,36.91667,3.25,-0.23923145,2024-10-31,25.08797191414032
2024-11-01,36.583336,2.8333435,,2024-11-01,27.42486183499686
2024-11-01,36.583336,2.9166718,,2024-11-01,22.513610945271516
2024-11-01,36.583336,3.0,,2024-11-01,19.289317853545782
2024-11-01,36.583336,3.0833435,,2024-11-01,18.648702135525184
2024-11-01,36.583336,3.1666718,,2024-11-01,20.831708919035847
2024-11-01,36.583336,3.25,,2024-11-01,25.112182506309033
2024-11-01,36.66667,2.8333435,,2024-11-01,22.228234819302035
2024-11-01,36.66667,2.9166718,,2024-11-01,15.782881420103022
2024-11-01,36.66667,3.0,,2024-11-01,10.698609465725811
2024-11-01,36.66667,3.0833435,,2024-11-01,9.496464669132697
2024-11-01,36.66667,3.1666718,,2024-11-01,13.276882967911245
2024-11-01,36.66667,3.25,,2024-11-01,19.306074472517334
2024-11-01,36.75,2.8333435,-0.22857964,2024-11-01,20.194040166169533
2024-11-01,36.75,2.9166718,,2024-11-01,12.76987826840439
2024-11-01,36.75,3.0,,2024-11-01,5.345713953294998
2024-11-01,36.75,3.0833435,-0.22233015,2024-11-01,2.079801567910821
2024-11-01,36.75,3.1666718,-0.22078913,2024-11-01,9.50394748445699
2024-11-01,36.75,3.25,,2024-11-01,16.92811061876691
2024-11-01,36.833336,2.8333435,-0.24266055,2024-11-01,22.20863381656194
2024-11-01,36.833336,2.9166718,-0.23567769,2024-11-01,15.772124592603511
2024-11-01,36.833336,3.0,-0.23152024,2024-11-01,10.696398658202174
2024-11-01,36.833336,3.0833435,-0.22874707,2024-11-01,9.496747682395155
2024-11-01,36.833336,3.1666718,-0.22638403,2024-11-01,13.270048906298761
2024-11-01,36.833336,3.25,-0.22472797,2024-11-01,19.290330362086166
2024-11-01,36.91667,2.8333435,-0.26543683,2024-11-01,27.393082527538727
2024-11-01,36.91667,2.9166718,-0.25719965,2024-11-01,22.49852861582144
2024-11-01,36.91667,3.0,-0.250001,2024-11-01,19.286865452625985
2024-11-01,36.91667,3.0833435,-0.24403793,2024-11-01,18.648990373299995
2024-11-01,36.91667,3.1666718,-0.23910695,2024-11-01,20.82299777897512
2024-11-01,36.91667,3.25,-0.23565714,2024-11-01,25.08797191414032
2024-11-02,36.583336,2.8333435,,2024-11-02,27.42486183499686
2024-11-02,36.583336,2.9166718,,2024-11-02,22.513610945271516
2024-11-02,36.583336,3.0,,2024-11-02,19.289317853545782
2024-11-02,36.583336,3.0833435,,2024-11-02,18.648702135525184
2024-11-02,36.583336,3.1666718,,2024-11-02,20.831708919035847
2024-11-02,36.583336,3.25,,2024-11-02,25.112182506309033
2024-11-02,36.66667,2.8333435,,2024-11-02,22.228234819302035
2024-11-02,36.66667,2.9166718,,2024-11-02,15.782881420103022
2024-11-02,36.66667,3.0,,2024-11-02,10.698609465725811
2024-11-02,36.66667,3.0833435,,2024-11-02,9.496464669132697
2024-11-02,36.66667,3.1666718,,2024-11-02,13.276882967911245
2024-11-02,36.66667,3.25,,2024-11-02,19.306074472517334
2024-11-02,36.75,2.8333435,-0.25763988,2024-11-02,20.194040166169533
2024-11-02,36.75,2.9166718,,2024-11-02,12.76987826840439
2024-11-02,36.75,3.0,,2024-11-02,5.345713953294998
2024-11-02,36.75,3.0833435,-0.25105652,2024-11-02,2.079801567910821
2024-11-02,36.75,3.1666718,-0.24975505,2024-11-02,9.50394748445699
2024-11-02,36.75,3.25,,2024-11-02,16.92811061876691
2024-11-02,36.833336,2.8333435,-0.2694034,2024-11-02,22.20863381656194
2024-11-02,36.833336,2.9166718,-0.26321676,2024-11-02,15.772124592603511
2024-11-02,36.833336,3.0,-0.25923193,2024-11-02,10.696398658202174
2024-11-02,36.833336,3.0833435,-0.25625393,2024-11-02,9.496747682395155
2024-11-02,36.833336,3.1666718,-0.25338244,2024-11-02,13.270048906298761
2024-11-02,36.833336,3.25,-0.2509646,2024-11-02,19.290330362086166
2024-11-02,36.91667,2.8333435,-0.2893539,2024-11-02,27.393082527538727
2024-11-02,36.91667,2.9166718,-0.28223154,2024-11-02,22.49852861582144
2024-11-02,36.91667,3.0,-0.27574086,2024-11-02,19.286865452625985
2024-11-02,36.91667,3.0833435,-0.26979628,2024-11-02,18.648990373299995
2024-11-02,36.91667,3.1666718,-0.2641428,2024-11-02,20.82299777897512
2024-11-02,36.91667,3.25,-0.25957504,2024-11-02,25.08797191414032
2024-11-03,36.583336,2.8333435,,2024-11-03,27.42486183499686
2024-11-03,36.583336,2.9166718,,2024-11-03,22.513610945271516
2024-11-03,36.583336,3.0,,2024-11-03,19.289317853545782
2024-11-03,36.583336,3.0833435,,2024-11-03,18.648702135525184
2024-11-03,36.583336,3.1666718,,2024-11-03,20.831708919035847
2024-11-03,36.583336,3.25,,2024-11-03,25.112182506309033
2024-11-03,36.66667,2.8333435,,2024-11-03,22.228234819302035
2024-11-03,36.66667,2.9166718,,2024-11-03,15.782881420103022
2024-11-03,36.66667,3.0,,2024-11-03,10.698609465725811
2024-11-03,36.66667,3.0833435,,2024-11-03,9.496464669132697
2024-11-03,36.66667,3.1666718,,2024-11-03,13.276882967911245
2024-11-03,36.66667,3.25,,2024-11-03,19.306074472517334
2024-11-03,36.75,2.8333435,-0.2783866,2024-11-03,20.194040166169533
2024-11-03,36.75,2.9166718,,2024-11-03,12.76987826840439
2024-11-03,36.75,3.0,,2024-11-03,5.345713953294998
2024-11-03,36.75,3.0833435,-0.27614936,2024-11-03,2.079801567910821
2024-11-03,36.75,3.1666718,-0.27507287,2024-11-03,9.50394748445699
2024-11-03,36.75,3.25,,2024-11-03,16.92811061876691
2024-11-03,36.833336,2.8333435,-0.29078037,2024-11-03,22.20863381656194
2024-11-03,36.833336,2.9166718,-0.28623348,2024-11-03,15.772124592603511
2024-11-03,36.833336,3.0,-0.2838438,2024-11-03,10.696398658202174
2024-11-03,36.833336,3.0833435,-0.28191602,2024-11-03,9.496747682395155
2024-11-03,36.833336,3.1666718,-0.27943072,2024-11-03,13.270048906298761
2024-11-03,36.833336,3.25,-0.2777401,2024-11-03,19.290330362086166
2024-11-03,36.91667,2.8333435,-0.31066415,2024-11-03,27.393082527538727
2024-11-03,36.91667,2.9166718,-0.3055586,2024-11-03,22.49852861582144
2024-11-03,36.91667,3.0,-0.3005246,2024-11-03,19.286865452625985
2024-11-03,36.91667,3.0833435,-0.29524907,2024-11-03,18.648990373299995
2024-11-03,36.91667,3.1666718,-0.28969142,2024-11-03,20.82299777897512
2024-11-03,36.91667,3.25,-0.2846969,2024-11-03,25.08797191414032
2024-11-04,36.583336,2.8333435,,2024-11-04,27.42486183499686
2024-11-04,36.583336,2.9166718,,2024-11-04,22.513610945271516
2024-11-04,36.583336,3.0,,2024-11-04,19.289317853545782
2024-11-04,36.583336,3.0833435,,2024-11-04,18.648702135525184
2024-11-04,36.583336,3.1666718,,2024-11-04,20.831708919035847
2024-11-04,36.583336,3.25,,2024-11-04,25.112182506309033
2024-11-04,36.66667,2.8333435,,2024-11-04,22.228234819302035
2024-11-04,36.66667,2.9166718,,2024-11-04,15.782881420103022
2024-11-04,36.66667,3.0,,2024-11-04,10.698609465725811
2024-11-04,36.66667,3.0833435,,2024-11-04,9.496464669132697
2024-11-04,36.66667,3.1666718,,2024-11-04,13.276882967911245
2024-11-04,36.66667,3.25,,2024-11-04,19.306074472517334
2024-11-04,36.75,2.8333435,-0.2668504,2024-11-04,20.194040166169533
2024-11-04,36.75,2.9166718,,2024-11-04,12.76987826840439
2024-11-04,36.75,3.0,,2024-11-04,5.345713953294998
2024-11-04,36.75,3.0833435,-0.26908773,2024-11-04,2.079801567910821
2024-11-04,36.75,3.1666718,-0.26723012,2024-11-04,9.50394748445699
2024-11-04,36.75,3.25,,2024-11-04,16.92811061876691
2024-11-04,36.833336,2.8333435,-0.2836158,2024-11-04,22.20863381656194
2024-11-04,36.833336,2.9166718,-0.27980715,2024-11-04,15.772124592603511
2024-11-04,36.833336,3.0,-0.27843606,2024-11-04,10.696398658202174
2024-11-04,36.833336,3.0833435,-0.27884382,2024-11-04,9.496747682395155
2024-11-04,36.833336,3.1666718,-0.27764145,2024-11-04,13.270048906298761
2024-11-04,36.833336,3.25,-0.2759417,2024-11-04,19.290330362086166
2024-11-04,36.91667,2.8333435,-0.30680653,2024-11-04,27.393082527538727
2024-11-04,36.91667,2.9166718,-0.30342495,2024-11-04,22.49852861582144
2024-11-04,36.91667,3.0,-0.3006396,2024-11-04,19.286865452625985
2024-11-04,36.91667,3.0833435,-0.29805034,2024-11-04,18.648990373299995
2024-11-04,36.91667,3.1666718,-0.29427186,2024-11-04,20.82299777897512
2024-11-04,36.91667,3.25,-0.2895594,2024-11-04,25.08797191414032
2024-11-05,36.583336,2.8333435,,2024-11-05,27.42486183499686
2024-11-05,36.583336,2.9166718,,2024-11-05,22.513610945271516
2024-11-05,36.583336,3.0,,2024-11-05,19.289317853545782
2024-11-05,36.583336,3.0833435,,2024-11-05,18.648702135525184
2024-11-05,36.583336,3.1666718,,2024-11-05,20.831708919035847
2024-11-05,36.583336,3.25,,2024-11-05,25.112182506309033
2024-11-05,36.66667,2.8333435,,2024-11-05,22.228234819302035
2024-11-05,36.66667,2.9166718,,2024-11-05,15.782881420103022
2024-11-05,36.66667,3.0,,2024-11-05,10.698609465725811
2024-11-05,36.66667,3.0833435,,2024-11-05,9.496464669132697
2024-11-05,36.66667,3.1666718,,2024-11-05,13.276882967911245
2024-11-05,36.66667,3.25,,2024-11-05,19.306074472517334
2024-11-05,36.75,2.8333435,-0.24739066,2024-11-05,20.194040166169533
2024-11-05,36.75,2.9166718,,2024-11-05,12.76987826840439
2024-11-05,36.75,3.0,,2024-11-05,5.345713953294998
2024-11-05,36.75,3.0833435,-0.24767718,2024-11-05,2.079801567910821
2024-11-05,36.75,3.1666718,-0.24489601,2024-11-05,9.50394748445699
2024-11-05,36.75,3.25,,2024-11-05,16.92811061876691
2024-11-05,36.833336,2.8333435,-0.26961145,2024-11-05,22.20863381656194
2024-11-05,36.833336,2.9166718,-0.26305667,2024-11-05,15.772124592603511
2024-11-05,36.833336,3.0,-0.2595165,2024-11-05,10.696398658202174
2024-11-05,36.833336,3.0833435,-0.2603233,2024-11-05,9.496747682395155
2024-11-05,36.833336,3.1666718,-0.26080647,2024-11-05,13.270048906298761
2024-11-05,36.833336,3.25,-0.2604102,2024-11-05,19.290330362086166
2024-11-05,36.91667,2.8333435,-0.29817462,2024-11-05,27.393082527538727
2024-11-05,36.91667,2.9166718,-0.29273707,2024-11-05,22.49852861582144
2024-11-05,36.91667,3.0,-0.28926617,2024-11-05,19.286865452625985
2024-11-05,36.91667,3.0833435,-0.28750998,2024-11-05,18.648990373299995
2024-11-05,36.91667,3.1666718,-0.28685015,2024-11-05,20.82299777897512
2024-11-05,36.91667,3.25,-0.28575698,2024-11-05,25.08797191414032
2024-11-06,36.583336,2.8333435,,2024-11-06,27.42486183499686
2024-11-06,36.583336,2.9166718,,2024-11-06,22.513610945271516
2024-11-06,36.583336,3.0,,2024-11-06,19.289317853545782
2024-11-06,36.583336,3.0833435,,2024-11-06,18.648702135525184
2024-11-06,36.583336,3.1666718,,2024-11-06,20.831708919035847
2024-11-06,36.583336,3.25,,2024-11-06,25.112182506309033
2024-11-06,36.66667,2.8333435,,2024-11-06,22.228234819302035
2024-11-06,36.66667,2.9166718,,2024-11-06,15.782881420103022
2024-11-06,36.66667,3.0,,2024-11-06,10.698609465725811
2024-11-06,36.66667,3.0833435,,2024-11-06,9.496464669132697
2024-11-06,36.66667,3.1666718,,2024-11-06,13.276882967911245
2024-11-06,36.66667,3.25,,2024-11-06,19.306074472517334
2024-11-06,36.75,2.8333435,-0.24718973,2024-11-06,20.194040166169533
2024-11-06,36.75,2.9166718,,2024-11-06,12.76987826840439
2024-11-06,36.75,3.0,,2024-11-06,5.345713953294998
2024-11-06,36.75,3.0833435,-0.24452394,2024-11-06,2.079801567910821
2024-11-06,36.75,3.1666718,-0.24160494,2024-11-06,9.50394748445699
2024-11-06,36.75,3.25,,2024-11-06,16.92811061876691
2024-11-06,36.833336,2.8333435,-0.27103317,2024-11-06,22.20863381656194
2024-11-06,36.833336,2.9166718,-0.26275674,2024-11-06,15.772124592603511
2024-11-06,36.833336,3.0,-0.25756505,2024-11-06,10.696398658202174
2024-11-06,36.833336,3.0833435,-0.25595647,2024-11-06,9.496747682395155
2024-11-06,36.833336,3.1666718,-0.2545534,2024-11-06,13.270048906298761
2024-11-06,36.833336,3.25,-0.25342858,2024-11-06,19.290330362086166
2024-11-06,36.91667,2.8333435,-0.3035962,2024-11-06,27.393082527538727
2024-11-06,36.91667,2.9166718,-0.29478213,2024-11-06,22.49852861582144
2024-11-06,36.91667,3.0,-0.28827575,2024-11-06,19.286865452625985
2024-11-06,36.91667,3.0833435,-0.28409994,2024-11-06,18.648990373299995
2024-11-06,36.91667,3.1666718,-0.2812396,2024-11-06,20.82299777897512
2024-11-06,36.91667,3.25,-0.2794519,2024-11-06,25.08797191414032
2024-11-07,36.583336,2.8333435,,2024-11-07,27.42486183499686
2024-11-07,36.583336,2.9166718,,2024-11-07,22.513610945271516
2024-11-07,36.583336,3.0,,2024-11-07,19.289317853545782
2024-11-07,36.583336,3.0833435,,2024-11-07,18.648702135525184
2024-11-07,36.583336,3.1666718,,2024-11-07,20.831708919035847
2024-11-07,36.583336,3.25,,2024-11-07,25.112182506309033
2024-11-07,36.66667,2.8333435,,2024-11-07,22.228234819302035
2024-11-07,36.66667,2.9166718,,2024-11-07,15.782881420103022
2024-11-07,36.66667,3.0,,2024-11-07,10.698609465725811
2024-11-07,36.66667,3.0833435,,2024-11-07,9.496464669132697
2024-11-07,36.66667,3.1666718,,2024-11-07,13.276882967911245
2024-11-07,36.66667,3.25,,2024-11-07,19.306074472517334
2024-11-07,36.75,2.8333435,-0.2579532,2024-11-07,20.194040166169533
2024-11-07,36.75,2.9166718,,2024-11-07,12.76987826840439
2024-11-07,36.75,3.0,,2024-11-07,5.345713953294998
2024-11-07,36.75,3.0833435,-0.2574166,2024-11-07,2.079801567910821
2024-11-07,36.75,3.1666718,-0.25539476,2024-11-07,9.50394748445699
2024-11-07,36.75,3.25,,2024-11-07,16.92811061876691
2024-11-07,36.833336,2.8333435,-0.2825574,2024-11-07,22.20863381656194
2024-11-07,36.833336,2.9166718,-0.27416867,2024-11-07,15.772124592603511
2024-11-07,36.833336,3.0,-0.268849,2024-11-07,10.696398658202174
2024-11-07,36.833336,3.0833435,-0.26747143,2024-11-07,9.496747682395155
2024-11-07,36.833336,3.1666718,-0.2666682,2024-11-07,13.270048906298761
2024-11-07,36.833336,3.25,-0.2651707,2024-11-07,19.290330362086166
2024-11-07,36.91667,2.8333435,-0.31877005,2024-11-07,27.393082527538727
2024-11-07,36.91667,2.9166718,-0.30964875,2024-11-07,22.49852861582144
2024-11-07,36.91667,3.0,-0.3021104,2024-11-07,19.286865452625985
2024-11-07,36.91667,3.0833435,-0.2965583,2024-11-07,18.648990373299995
2024-11-07,36.91667,3.1666718,-0.2925899,2024-11-07,20.82299777897512
2024-11-07,36.91667,3.25,-0.28974327,2024-11-07,25.08797191414032
2024-11-08,36.583336,2.8333435,,2024-11-08,27.42486183499686
2024-11-08,36.583336,2.9166718,,2024-11-08,22.513610945271516
2024-11-08,36.583336,3.0,,2024-11-08,19.289317853545782
2024-11-08,36.583336,3.0833435,,2024-11-08,18.648702135525184
2024-11-08,36.583336,3.1666718,,2024-11-08,20.831708919035847
2024-11-08,36.583336,3.25,,2024-11-08,25.112182506309033
2024-11-08,36.66667,2.8333435,,2024-11-08,22.228234819302035
2024-11-08,36.66667,2.9166718,,2024-11-08,15.782881420103022
2024-11-08,36.66667,3.0,,2024-11-08,10.698609465725811
2024-11-08,36.66667,3.0833435,,2024-11-08,9.496464669132697
2024-11-08,36.66667,3.1666718,,2024-11-08,13.276882967911245
2024-11-08,36.66667,3.25,,2024-11-08,19.306074472517334
2024-11-08,36.75,2.8333435,-0.25691533,2024-11-08,20.194040166169533
2024-11-08,36.75,2.9166718,,2024-11-08,12.76987826840439
2024-11-08,36.75,3.0,,2024-11-08,5.345713953294998
2024-11-08,36.75,3.0833435,-0.2560801,2024-11-08,2.079801567910821
2024-11-08,36.75,3.1666718,-0.25346813,2024-11-08,9.50394748445699
2024-11-08,36.75,3.25,,2024-11-08,16.92811061876691
2024-11-08,36.833336,2.8333435,-0.28453186,2024-11-08,22.20863381656194
2024-11-08,36.833336,2.9166718,-0.27632558,2024-11-08,15.772124592603511
2024-11-08,36.833336,3.0,-0.27022466,2024-11-08,10.696398658202174
2024-11-08,36.833336,3.0833435,-0.26803994,2024-11-08,9.496747682395155
2024-11-08,36.833336,3.1666718,-0.26670456,2024-11-08,13.270048906298761
2024-11-08,36.833336,3.25,-0.26539612,2024-11-08,19.290330362086166
2024-11-08,36.91667,2.8333435,-0.32347476,2024-11-08,27.393082527538727
2024-11-08,36.91667,2.9166718,-0.31605157,2024-11-08,22.49852861582144
2024-11-08,36.91667,3.0,-0.30889803,2024-11-08,19.286865452625985
2024-11-08,36.91667,3.0833435,-0.30270788,2024-11-08,18.648990373299995
2024-11-08,36.91667,3.1666718,-0.29741243,2024-11-08,20.82299777897512
2024-11-08,36.91667,3.25,-0.29310834,2024-11-08,25.08797191414032
2024-11-09,36.583336,2.8333435,,2024-11-09,27.42486183499686
2024-11-09,36.583336,2.9166718,,2024-11-09,22.513610945271516
2024-11-09,36.583336,3.0,,2024-11-09,19.289317853545782
2024-11-09,36.583336,3.0833435,,2024-11-09,18.648702135525184
2024-11-09,36.583336,3.1666718,,2024-11-09,20.831708919035847
2024-11-09,36.583336,3.25,,2024-11-09,25.112182506309033
2024-11-09,36.66667,2.8333435,,2024-11-09,22.228234819302035
2024-11-09,36.66667,2.9166718,,2024-11-09,15.782881420103022
2024-11-09,36.66667,3.0,,2024-11-09,10.698609465725811
2024-11-09,36.66667,3.0833435,,2024-11-09,9.496464669132697
2024-11-09,36.66667,3.1666718,,2024-11-09,13.276882967911245
2024-11-09,36.66667,3.25,,2024-11-09,19.306074472517334
2024-11-09,36.75,2.8333435,-0.25085858,2024-11-09,20.194040166169533
2024-11-09,36.75,2.9166718,,2024-11-09,12.76987826840439
2024-11-09,36.75,3.0,,2024-11-09,5.345713953294998
2024-11-09,36.75,3.0833435,-0.2524318,2024-11-09,2.079801567910821
2024-11-09,36.75,3.1666718,-0.24968478,2024-11-09,9.50394748445699
2024-11-09,36.75,3.25,,2024-11-09,16.92811061876691
2024-11-09,36.833336,2.8333435,-0.2820845,2024-11-09,22.20863381656194
2024-11-09,36.833336,2.9166718,-0.27460074,2024-11-09,15.772124592603511
2024-11-09,36.833336,3.0,-0.26864147,2024-11-09,10.696398658202174
2024-11-09,36.833336,3.0833435,-0.2666327,2024-11-09,9.496747682395155
2024-11-09,36.833336,3.1666718,-0.26516756,2024-11-09,13.270048906298761
2024-11-09,36.833336,3.25,-0.26321223,2024-11-09,19.290330362086166
2024-11-09,36.91667,2.8333435,-0.32353494,2024-11-09,27.393082527538727
2024-11-09,36.91667,2.9166718,-0.3180255,2024-11-09,22.49852861582144
2024-11-09,36.91667,3.0,-0.31230676,2024-11-09,19.286865452625985
2024-11-09,36.91667,3.0833435,-0.30716145,2024-11-09,18.648990373299995
2024-11-09,36.91667,3.1666718,-0.30231482,2024-11-09,20.82299777897512
2024-11-09,36.91667,3.25,-0.29765356,2024-11-09,25.08797191414032
2024-11-10,36.583336,2.8333435,,2024-11-10,27.42486183499686
2024-11-10,36.583336,2.9166718,,2024-11-10,22.513610945271516
2024-11-10,36.583336,3.0,,2024-11-10,19.289317853545782
2024-11-10,36.583336,3.0833435,,2024-11-10,18.648702135525184
2024-11-10,36.583336,3.1666718,,2024-11-10,20.831708919035847
2024-11-10,36.583336,3.25,,2024-11-10,25.112182506309033
2024-11-10,36.66667,2.8333435,,2024-11-10,22.228234819302035
2024-11-10,36.66667,2.9166718,,2024-11-10,15.782881420103022
2024-11-10,36.66667,3.0,,2024-11-10,10.698609465725811
2024-11-10,36.66667,3.0833435,,2024-11-10,9.496464669132697
2024-11-10,36.66667,3.1666718,,2024-11-10,13.276882967911245
2024-11-10,36.66667,3.25,,2024-11-10,19.306074472517334
2024-11-10,36.75,2.8333435,-0.24238211,2024-11-10,20.194040166169533
2024-11-10,36.75,2.9166718,,2024-11-10,12.76987826840439
2024-11-10,36.75,3.0,,2024-11-10,5.345713953294998
2024-11-10,36.75,3.0833435,-0.24432342,2024-11-10,2.079801567910821
2024-11-10,36.75,3.1666718,-0.24119526,2024-11-10,9.50394748445699
2024-11-10,36.75,3.25,,2024-11-10,16.92811061876691
2024-11-10,36.833336,2.8333435,-0.274782,2024-11-10,22.20863381656194
2024-11-10,36.833336,2.9166718,-0.2683895,2024-11-10,15.772124592603511
2024-11-10,36.833336,3.0,-0.26293793,2024-11-10,10.696398658202174
2024-11-10,36.833336,3.0833435,-0.26099494,2024-11-10,9.496747682395155
2024-11-10,36.833336,3.1666718,-0.25935662,2024-11-10,13.270048906298761
2024-11-10,36.833336,3.25,-0.25692102,2024-11-10,19.290330362086166
2024-11-10,36.91667,2.8333435,-0.31736144,2024-11-10,27.393082527538727
2024-11-10,36.91667,2.9166718,-0.31461382,2024-11-10,22.49852861582144
2024-11-10,36.91667,3.0,-0.31044587,2024-11-10,19.286865452625985
2024-11-10,36.91667,3.0833435,-0.30604044,2024-11-10,18.648990373299995
2024-11-10,36.91667,3.1666718,-0.3014297,2024-11-10,20.82299777897512
2024-11-10,36.91667,3.25,-0.2969429,2024-11-10,25.08797191414032
2024-11-11,36.583336,2.8333435,,2024-11-11,27.42486183499686
2024-11-11,36.583336,2.9166718,,2024-11-11,22.513610945271516
2024-11-11,36.583336,3.0,,2024-11-11,19.289317853545782
2024-11-11,36.583336,3.0833435,,2024-11-11,18.648702135525184
2024-11-11,36.583336,3.1666718,,2024-11-11,20.831708919035847
2024-11-11,36.583336,3.25,,2024-11-11,25.112182506309033
2024-11-11,36.66667,2.8333435,,2024-11-11,22.228234819302035
2024-11-11,36.66667,2.9166718,,2024-11-11,15.782881420103022
2024-11-11,36.66667,3.0,,2024-11-11,10.698609465725811
2024-11-11,36.66667,3.0833435,,2024-11-11,9.496464669132697
2024-11-11,36.66667,3.1666718,,2024-11-11,13.276882967911245
2024-11-11,36.66667,3.25,,2024-11-11,19.306074472517334
2024-11-11,36.75,2.8333435,-0.24896824,2024-11-11,20.194040166169533
2024-11-11,36.75,2.9166718,,2024-11-11,12.76987826840439
2024-11-11,36.75,3.0,,2024-11-11,5.345713953294998
2024-11-11,36.75,3.0833435,-0.2516633,2024-11-11,2.079801567910821
2024-11-11,36.75,3.1666718,-0.24900678,2024-11-11,9.50394748445699
2024-11-11,36.75,3.25,,2024-11-11,16.92811061876691
2024-11-11,36.833336,2.8333435,-0.27649456,2024-11-11,22.20863381656194
2024-11-11,36.833336,2.9166718,-0.27308282,2024-11-11,15.772124592603511
2024-11-11,36.833336,3.0,-0.2696898,2024-11-11,10.696398658202174
2024-11-11,36.833336,3.0833435,-0.2682288,2024-11-11,9.496747682395155
2024-11-11,36.833336,3.1666718,-0.26648912,2024-11-11,13.270048906298761
2024-11-11,36.833336,3.25,-0.2635021,2024-11-11,19.290330362086166
2024-11-11,36.91667,2.8333435,-0.31653586,2024-11-11,27.393082527538727
2024-11-11,36.91667,2.9166718,-0.3174219,2024-11-11,22.49852861582144
2024-11-11,36.91667,3.0,-0.31575507,2024-11-11,19.286865452625985
2024-11-11,36.91667,3.0833435,-0.31251833,2024-11-11,18.648990373299995
2024-11-11,36.91667,3.1666718,-0.30803162,2024-11-11,20.82299777897512
2024-11-11,36.91667,3.25,-0.30308622,2024-11-11,25.08797191414032
2024-11-12,36.583336,2.8333435,,2024-11-12,27.42486183499686
2024-11-12,36.583336,2.9166718,,2024-11-12,22.513610945271516
2024-11-12,36.583336,3.0,,2024-11-12,19.289317853545782
2024-11-12,36.583336,3.0833435,,2024-11-12,18.648702135525184
2024-11-12,36.583336,3.1666718,,2024-11-12,20.831708919035847
2024-11-12,36.583336,3.25,,2024-11-12,25.112182506309033
2024-11-12,36.66667,2.8333435,,2024-11-12,22.228234819302035
2024-11-12,36.66667,2.9166718,,2024-11-12,15.782881420103022
2024-11-12,36.66667,3.0,,2024-11-12,10.698609465725811
2024-11-12,36.66667,3.0833435,,2024-11-12,9.496464669132697
2024-11-12,36.66667,3.1666718,,2024-11-12,13.276882967911245
2024-11-12,36.66667,3.25,,2024-11-12,19.306074472517334
2024-11-12,36.75,2.8333435,-0.26418343,2024-11-12,20.194040166169533
2024-11-12,36.75,2.9166718,,2024-11-12,12.76987826840439
2024-11-12,36.75,3.0,,2024-11-12,5.345713953294998
2024-11-12,36.75,3.0833435,-0.27018186,2024-11-12,2.079801567910821
2024-11-12,36.75,3.1666718,-0.26813015,2024-11-12,9.50394748445699
2024-11-12,36.75,3.25,,2024-11-12,16.92811061876691
2024-11-12,36.833336,2.8333435,-0.28711426,2024-11-12,22.20863381656194
2024-11-12,36.833336,2.9166718,-0.28695065,2024-11-12,15.772124592603511
2024-11-12,36.833336,3.0,-0.28646356,2024-11-12,10.696398658202174
2024-11-12,36.833336,3.0833435,-0.28693056,2024-11-12,9.496747682395155
2024-11-12,36.833336,3.1666718,-0.28625017,2024-11-12,13.270048906298761
2024-11-12,36.833336,3.25,-0.28389132,2024-11-12,19.290330362086166
2024-11-12,36.91667,2.8333435,-0.32378453,2024-11-12,27.393082527538727
2024-11-12,36.91667,2.9166718,-0.32903373,2024-11-12,22.49852861582144
2024-11-12,36.91667,3.0,-0.33127776,2024-11-12,19.286865452625985
2024-11-12,36.91667,3.0833435,-0.33101112,2024-11-12,18.648990373299995
2024-11-12,36.91667,3.1666718,-0.32821527,2024-11-12,20.82299777897512
2024-11-12,36.91667,3.25,-0.3238473,2024-11-12,25.08797191414032
2024-11-13,36.583336,2.8333435,,2024-11-13,27.42486183499686
2024-11-13,36.583336,2.9166718,,2024-11-13,22.513610945271516
2024-11-13,36.583336,3.0,,2024-11-13,19.289317853545782
2024-11-13,36.583336,3.0833435,,2024-11-13,18.648702135525184
2024-11-13,36.583336,3.1666718,,2024-11-13,20.831708919035847
2024-11-13,36.583336,3.25,,2024-11-13,25.112182506309033
2024-11-13,36.66667,2.8333435,,2024-11-13,22.228234819302035
2024-11-13,36.66667,2.9166718,,2024-11-13,15.782881420103022
2024-11-13,36.66667,3.0,,2024-11-13,10.698609465725811
2024-11-13,36.66667,3.0833435,,2024-11-13,9.496464669132697
2024-11-13,36.66667,3.1666718,,2024-11-13,13.276882967911245
2024-11-13,36.66667,3.25,,2024-11-13,19.306074472517334
2024-11-13,36.75,2.8333435,-0.2663505,2024-11-13,20.194040166169533
2024-11-13,36.75,2.9166718,,2024-11-13,12.76987826840439
2024-11-13,36.75,3.0,,2024-11-13,5.345713953294998
2024-11-13,36.75,3.0833435,-0.27344137,2024-11-13,2.079801567910821
2024-11-13,36.75,3.1666718,-0.27168038,2024-11-13,9.50394748445699
2024-11-13,36.75,3.25,,2024-11-13,16.92811061876691
2024-11-13,36.833336,2.8333435,-0.28508312,2024-11-13,22.20863381656194
2024-11-13,36.833336,2.9166718,-0.28693187,2024-11-13,15.772124592603511
2024-11-13,36.833336,3.0,-0.2888034,2024-11-13,10.696398658202174
2024-11-13,36.833336,3.0833435,-0.29104993,2024-11-13,9.496747682395155
2024-11-13,36.833336,3.1666718,-0.2914629,2024-11-13,13.270048906298761
2024-11-13,36.833336,3.25,-0.28995672,2024-11-13,19.290330362086166
2024-11-13,36.91667,2.8333435,-0.3175458,2024-11-13,27.393082527538727
2024-11-13,36.91667,2.9166718,-0.3265991,2024-11-13,22.49852861582144
2024-11-13,36.91667,3.0,-0.3326424,2024-11-13,19.286865452625985
2024-11-13,36.91667,3.0833435,-0.33566937,2024-11-13,18.648990373299995
2024-11-13,36.91667,3.1666718,-0.3354328,2024-11-13,20.82299777897512
2024-11-13,36.91667,3.25,-0.33248827,2024-11-13,25.08797191414032
2024-11-14,36.583336,2.8333435,,2024-11-14,27.42486183499686
2024-11-14,36.583336,2.9166718,,2024-11-14,22.513610945271516
2024-11-14,36.583336,3.0,,2024-11-14,19.289317853545782
2024-11-14,36.583336,3.0833435,,2024-11-14,18.648702135525184
2024-11-14,36.583336,3.1666718,,2024-11-14,20.831708919035847
2024-11-14,36.583336,3.25,,2024-11-14,25.112182506309033
2024-11-14,36.66667,2.8333435,,2024-11-14,22.228234819302035
2024-11-14,36.66667,2.9166718,,2024-11-14,15.782881420103022
2024-11-14,36.66667,3.0,,2024-11-14,10.698609465725811
2024-11-14,36.66667,3.0833435,,2024-11-14,9.496464669132697
2024-11-14,36.66667,3.1666718,,2024-11-14,13.276882967911245
2024-11-14,36.66667,3.25,,2024-11-14,19.306074472517334
2024-11-14,36.75,2.8333435,-0.2618387,2024-11-14,20.194040166169533
2024-11-14,36.75,2.9166718,,2024-11-14,12.76987826840439
2024-11-14,36.75,3.0,,2024-11-14,5.345713953294998
2024-11-14,36.75,3.0833435,-0.2660816,2024-11-14,2.079801567910821
2024-11-14,36.75,3.1666718,-0.26465923,2024-11-14,9.50394748445699
2024-11-14,36.75,3.25,,2024-11-14,16.92811061876691
2024-11-14,36.833336,2.8333435,-0.2738011,2024-11-14,22.20863381656194
2024-11-14,36.833336,2.9166718,-0.27600858,2024-11-14,15.772124592603511
2024-11-14,36.833336,3.0,-0.27921754,2024-11-14,10.696398658202174
2024-11-14,36.833336,3.0833435,-0.28258264,2024-11-14,9.496747682395155
2024-11-14,36.833336,3.1666718,-0.28427777,2024-11-14,13.270048906298761
2024-11-14,36.833336,3.25,-0.28380013,2024-11-14,19.290330362086166
2024-11-14,36.91667,2.8333435,-0.29904178,2024-11-14,27.393082527538727
2024-11-14,36.91667,2.9166718,-0.3087632,2024-11-14,22.49852861582144
2024-11-14,36.91667,3.0,-0.31710586,2024-11-14,19.286865452625985
2024-11-14,36.91667,3.0833435,-0.3233835,2024-11-14,18.648990373299995
2024-11-14,36.91667,3.1666718,-0.32664785,2024-11-14,20.82299777897512
2024-11-14,36.91667,3.25,-0.32659853,2024-11-14,25.08797191414032
2024-11-15,36.583336,2.8333435,,2024-11-15,27.42486183499686
2024-11-15,36.583336,2.9166718,,2024-11-15,22.513610945271516
2024-11-15,36.583336,3.0,,2024-11-15,19.289317853545782
2024-11-15,36.583336,3.0833435,,2024-11-15,18.648702135525184
2024-11-15,36.583336,3.1666718,,2024-11-15,20.831708919035847
2024-11-15,36.583336,3.25,,2024-11-15,25.112182506309033
2024-11-15,36.66667,2.8333435,,2024-11-15,22.228234819302035
2024-11-15,36.66667,2.9166718,,2024-11-15,15.782881420103022
2024-11-15,36.66667,3.0,,2024-11-15,10.698609465725811
2024-11-15,36.66667,3.0833435,,2024-11-15,9.496464669132697
2024-11-15,36.66667,3.1666718,,2024-11-15,13.276882967911245
2024-11-15,36.66667,3.25,,2024-11-15,19.306074472517334
2024-11-15,36.75,2.8333435,-0.26891592,2024-11-15,20.194040166169533
2024-11-15,36.75,2.9166718,,2024-11-15,12.76987826840439
2024-11-15,36.75,3.0,,2024-11-15,5.345713953294998
2024-11-15,36.75,3.0833435,-0.27394706,2024-11-15,2.079801567910821
2024-11-15,36.75,3.1666718,-0.27478215,2024-11-15,9.50394748445699
2024-11-15,36.75,3.25,,2024-11-15,16.92811061876691
2024-11-15,36.833336,2.8333435,-0.27565107,2024-11-15,22.20863381656194
2024-11-15,36.833336,2.9166718,-0.27875978,2024-11-15,15.772124592603511
2024-11-15,36.833336,3.0,-0.28191155,2024-11-15,10.696398658202174
2024-11-15,36.833336,3.0833435,-0.28504503,2024-11-15,9.496747682395155
2024-11-15,36.833336,3.1666718,-0.28778255,2024-11-15,13.270048906298761
2024-11-15,36.833336,3.25,-0.2885963,2024-11-15,19.290330362086166
2024-11-15,36.91667,2.8333435,-0.29227892,2024-11-15,27.393082527538727
2024-11-15,36.91667,2.9166718,-0.30125752,2024-11-15,22.49852861582144
2024-11-15,36.91667,3.0,-0.30941007,2024-11-15,19.286865452625985
2024-11-15,36.91667,3.0833435,-0.31604573,2024-11-15,18.648990373299995
2024-11-15,36.91667,3.1666718,-0.3206982,2024-11-15,20.82299777897512
2024-11-15,36.91667,3.25,-0.32288817,2024-11-15,25.08797191414032
2024-11-16,36.583336,2.8333435,,2024-11-16,27.42486183499686
2024-11-16,36.583336,2.9166718,,2024-11-16,22.513610945271516
2024-11-16,36.583336,3.0,,2024-11-16,19.289317853545782
2024-11-16,36.583336,3.0833435,,2024-11-16,18.648702135525184
2024-11-16,36.583336,3.1666718,,2024-11-16,20.831708919035847
2024-11-16,36.583336,3.25,,2024-11-16,25.112182506309033
2024-11-16,36.66667,2.8333435,,2024-11-16,22.228234819302035
2024-11-16,36.66667,2.9166718,,2024-11-16,15.782881420103022
2024-11-16,36.66667,3.0,,2024-11-16,10.698609465725811
2024-11-16,36.66667,3.0833435,,2024-11-16,9.496464669132697
2024-11-16,36.66667,3.1666718,,2024-11-16,13.276882967911245
2024-11-16,36.66667,3.25,,2024-11-16,19.306074472517334
2024-11-16,36.75,2.8333435,-0.26624945,2024-11-16,20.194040166169533
2024-11-16,36.75,2.9166718,,2024-11-16,12.76987826840439
2024-11-16,36.75,3.0,,2024-11-16,5.345713953294998
2024-11-16,36.75,3.0833435,-0.27177015,2024-11-16,2.079801567910821
2024-11-16,36.75,3.1666718,-0.27110344,2024-11-16,9.50394748445699
2024-11-16,36.75,3.25,,2024-11-16,16.92811061876691
2024-11-16,36.833336,2.8333435,-0.27244535,2024-11-16,22.20863381656194
2024-11-16,36.833336,2.9166718,-0.2754051,2024-11-16,15.772124592603511
2024-11-16,36.833336,3.0,-0.27908787,2024-11-16,10.696398658202174
2024-11-16,36.833336,3.0833435,-0.28311145,2024-11-16,9.496747682395155
2024-11-16,36.833336,3.1666718,-0.28614873,2024-11-16,13.270048906298761
2024-11-16,36.833336,3.25,-0.28774902,2024-11-16,19.290330362086166
2024-11-16,36.91667,2.8333435,-0.28669894,2024-11-16,27.393082527538727
2024-11-16,36.91667,2.9166718,-0.29583755,2024-11-16,22.49852861582144
2024-11-16,36.91667,3.0,-0.30438223,2024-11-16,19.286865452625985
2024-11-16,36.91667,3.0833435,-0.31156504,2024-11-16,18.648990373299995
2024-11-16,36.91667,3.1666718,-0.31722984,2024-11-16,20.82299777897512
2024-11-16,36.91667,3.25,-0.3205175,2024-11-16,25.08797191414032
2024-11-17,36.583336,2.8333435,,2024-11-17,27.42486183499686
2024-11-17,36.583336,2.9166718,,2024-11-17,22.513610945271516
2024-11-17,36.583336,3.0,,2024-11-17,19.289317853545782
2024-11-17,36.583336,3.0833435,,2024-11-17,18.648702135525184
2024-11-17,36.583336,3.1666718,,2024-11-17,20.831708919035847
2024-11-17,36.583336,3.25,,2024-11-17,25.112182506309033
2024-11-17,36.66667,2.8333435,,2024-11-17,22.228234819302035
2024-11-17,36.66667,2.9166718,,2024-11-17,15.782881420103022
2024-11-17,36.66667,3.0,,2024-11-17,10.698609465725811
2024-11-17,36.66667,3.0833435,,2024-11-17,9.496464669132697
2024-11-17,36.66667,3.1666718,,2024-11-17,13.276882967911245
2024-11-17,36.66667,3.25,,2024-11-17,19.306074472517334
2024-11-17,36.75,2.8333435,-0.24565808,2024-11-17,20.194040166169533
2024-11-17,36.75,2.9166718,,2024-11-17,12.76987826840439
2024-11-17,36.75,3.0,,2024-11-17,5.345713953294998
2024-11-17,36.75,3.0833435,-0.2503029,2024-11-17,2.079801567910821
2024-11-17,36.75,3.1666718,-0.2492898,2024-11-17,9.50394748445699
2024-11-17,36.75,3.25,,2024-11-17,16.92811061876691
2024-11-17,36.833336,2.8333435,-0.2517869,2024-11-17,22.20863381656194
2024-11-17,36.833336,2.9166718,-0.2541798,2024-11-17,15.772124592603511
2024-11-17,36.833336,3.0,-0.25777718,2024-11-17,10.696398658202174
2024-11-17,36.833336,3.0833435,-0.2621511,2024-11-17,9.496747682395155
2024-11-17,36.833336,3.1666718,-0.2657641,2024-11-17,13.270048906298761
2024-11-17,36.833336,3.25,-0.2679111,2024-11-17,19.290330362086166
2024-11-17,36.91667,2.8333435,-0.2653145,2024-11-17,27.393082527538727
2024-11-17,36.91667,2.9166718,-0.27354643,2024-11-17,22.49852861582144
2024-11-17,36.91667,3.0,-0.28234285,2024-11-17,19.286865452625985
2024-11-17,36.91667,3.0833435,-0.29076788,2024-11-17,18.648990373299995
2024-11-17,36.91667,3.1666718,-0.2982597,2024-11-17,20.82299777897512
2024-11-17,36.91667,3.25,-0.30354333,2024-11-17,25.08797191414032
2024-11-18,36.583336,2.8333435,,2024-11-18,27.42486183499686
2024-11-18,36.583336,2.9166718,,2024-11-18,22.513610945271516
2024-11-18,36.583336,3.0,,2024-11-18,19.289317853545782
2024-11-18,36.583336,3.0833435,,2024-11-18,18.648702135525184
2024-11-18,36.583336,3.1666718,,2024-11-18,20.831708919035847
2024-11-18,36.583336,3.25,,2024-11-18,25.112182506309033
2024-11-18,36.66667,2.8333435,,2024-11-18,22.228234819302035
2024-11-18,36.66667,2.9166718,,2024-11-18,15.782881420103022
2024-11-18,36.66667,3.0,,2024-11-18,10.698609465725811
2024-11-18,36.66667,3.0833435,,2024-11-18,9.496464669132697
2024-11-18,36.66667,3.1666718,,2024-11-18,13.276882967911245
2024-11-18,36.66667,3.25,,2024-11-18,19.306074472517334
2024-11-18,36.75,2.8333435,-0.24497011,2024-11-18,20.194040166169533
2024-11-18,36.75,2.9166718,,2024-11-18,12.76987826840439
2024-11-18,36.75,3.0,,2024-11-18,5.345713953294998
2024-11-18,36.75,3.0833435,-0.2457151,2024-11-18,2.079801567910821
2024-11-18,36.75,3.1666718,-0.2448077,2024-11-18,9.50394748445699
2024-11-18,36.75,3.25,,2024-11-18,16.92811061876691
2024-11-18,36.833336,2.8333435,-0.24832302,2024-11-18,22.20863381656194
2024-11-18,36.833336,2.9166718,-0.24927963,2024-11-18,15.772124592603511
2024-11-18,36.833336,3.0,-0.25142133,2024-11-18,10.696398658202174
2024-11-18,36.833336,3.0833435,-0.25469851,2024-11-18,9.496747682395155
2024-11-18,36.833336,3.1666718,-0.2580152,2024-11-18,13.270048906298761
2024-11-18,36.833336,3.25,-0.26004013,2024-11-18,19.290330362086166
2024-11-18,36.91667,2.8333435,-0.25876114,2024-11-18,27.393082527538727
2024-11-18,36.91667,2.9166718,-0.2642624,2024-11-18,22.49852861582144
2024-11-18,36.91667,3.0,-0.27117977,2024-11-18,19.286865452625985
2024-11-18,36.91667,3.0833435,-0.27877602,2024-11-18,18.648990373299995
2024-11-18,36.91667,3.1666718,-0.2865799,2024-11-18,20.82299777897512
2024-11-18,36.91667,3.25,-0.29347682,2024-11-18,25.08797191414032
2024-11-19,36.583336,2.8333435,,2024-11-19,27.42486183499686
2024-11-19,36.583336,2.9166718,,2024-11-19,22.513610945271516
2024-11-19,36.583336,3.0,,2024-11-19,19.289317853545782
2024-11-19,36.583336,3.0833435,,2024-11-19,18.648702135525184
2024-11-19,36.583336,3.1666718,,2024-11-19,20.831708919035847
2024-11-19,36.583336,3.25,,2024-11-19,25.112182506309033
2024-11-19,36.66667,2.8333435,,2024-11-19,22.228234819302035
2024-11-19,36.66667,2.9166718,,2024-11-19,15.782881420103022
2024-11-19,36.66667,3.0,,2024-11-19,10.698609465725811
2024-11-19,36.66667,3.0833435,,2024-11-19,9.496464669132697
2024-11-19,36.66667,3.1666718,,2024-11-19,13.276882967911245
2024-11-19,36.66667,3.25,,2024-11-19,19.306074472517334
2024-11-19,36.75,2.8333435,-0.24075991,2024-11-19,20.194040166169533
2024-11-19,36.75,2.9166718,,2024-11-19,12.76987826840439
2024-11-19,36.75,3.0,,2024-11-19,5.345713953294998
2024-11-19,36.75,3.0833435,-0.24173656,2024-11-19,2.079801567910821
2024-11-19,36.75,3.1666718,-0.24126586,2024-11-19,9.50394748445699
2024-11-19,36.75,3.25,,2024-11-19,16.92811061876691
2024-11-19,36.833336,2.8333435,-0.24368024,2024-11-19,22.20863381656194
2024-11-19,36.833336,2.9166718,-0.24434021,2024-11-19,15.772124592603511
2024-11-19,36.833336,3.0,-0.24562347,2024-11-19,10.696398658202174
2024-11-19,36.833336,3.0833435,-0.24789055,2024-11-19,9.496747682395155
2024-11-19,36.833336,3.1666718,-0.25067565,2024-11-19,13.270048906298761
2024-11-19,36.833336,3.25,-0.2526169,2024-11-19,19.290330362086166
2024-11-19,36.91667,2.8333435,-0.25347286,2024-11-19,27.393082527538727
2024-11-19,36.91667,2.9166718,-0.25724688,2024-11-19,22.49852861582144
2024-11-19,36.91667,3.0,-0.2619472,2024-11-19,19.286865452625985
2024-11-19,36.91667,3.0833435,-0.26760018,2024-11-19,18.648990373299995
2024-11-19,36.91667,3.1666718,-0.274018,2024-11-19,20.82299777897512
2024-11-19,36.91667,3.25,-0.2805246,2024-11-19,25.08797191414032
2024-11-20,36.583336,2.8333435,,2024-11-20,27.42486183499686
2024-11-20,36.583336,2.9166718,,2024-11-20,22.513610945271516
2024-11-20,36.583336,3.0,,2024-11-20,19.289317853545782
2024-11-20,36.583336,3.0833435,,2024-11-20,18.648702135525184
2024-11-20,36.583336,3.1666718,,2024-11-20,20.831708919035847
2024-11-20,36.583336,3.25,,2024-11-20,25.112182506309033
2024-11-20,36.66667,2.8333435,,2024-11-20,22.228234819302035
2024-11-20,36.66667,2.9166718,,2024-11-20,15.782881420103022
2024-11-20,36.66667,3.0,,2024-11-20,10.698609465725811
2024-11-20,36.66667,3.0833435,,2024-11-20,9.496464669132697
2024-11-20,36.66667,3.1666718,,2024-11-20,13.276882967911245
2024-11-20,36.66667,3.25,,2024-11-20,19.306074472517334
2024-11-20,36.75,2.8333435,-0.2161432,2024-11-20,20.194040166169533
2024-11-20,36.75,2.9166718,,2024-11-20,12.76987826840439
2024-11-20,36.75,3.0,,2024-11-20,5.345713953294998
2024-11-20,36.75,3.0833435,-0.2195579,2024-11-20,2.079801567910821
2024-11-20,36.75,3.1666718,-0.21678548,2024-11-20,9.50394748445699
2024-11-20,36.75,3.25,,2024-11-20,16.92811061876691
2024-11-20,36.833336,2.8333435,-0.22620146,2024-11-20,22.20863381656194
2024-11-20,36.833336,2.9166718,-0.2257503,2024-11-20,15.772124592603511
2024-11-20,36.833336,3.0,-0.22617686,2024-11-20,10.696398658202174
2024-11-20,36.833336,3.0833435,-0.22751583,2024-11-20,9.496747682395155
2024-11-20,36.833336,3.1666718,-0.22930467,2024-11-20,13.270048906298761
2024-11-20,36.833336,3.25,-0.23054756,2024-11-20,19.290330362086166
2024-11-20,36.91667,2.8333435,-0.24241896,2024-11-20,27.393082527538727
2024-11-20,36.91667,2.9166718,-0.24507393,2024-11-20,22.49852861582144
2024-11-20,36.91667,3.0,-0.24830557,2024-11-20,19.286865452625985
2024-11-20,36.91667,3.0833435,-0.2519804,2024-11-20,18.648990373299995
2024-11-20,36.91667,3.1666718,-0.2560836,2024-11-20,20.82299777897512
2024-11-20,36.91667,3.25,-0.2606411,2024-11-20,25.08797191414032
2024-11-21,36.583336,2.8333435,,2024-11-21,27.42486183499686
2024-11-21,36.583336,2.9166718,,2024-11-21,22.513610945271516
2024-11-21,36.583336,3.0,,2024-11-21,19.289317853545782
2024-11-21,36.583336,3.0833435,,2024-11-21,18.648702135525184
2024-11-21,36.583336,3.1666718,,2024-11-21,20.831708919035847
2024-11-21,36.583336,3.25,,2024-11-21,25.112182506309033
2024-11-21,36.66667,2.8333435,,2024-11-21,22.228234819302035
2024-11-21,36.66667,2.9166718,,2024-11-21,15.782881420103022
2024-11-21,36.66667,3.0,,2024-11-21,10.698609465725811
2024-11-21,36.66667,3.0833435,,2024-11-21,9.496464669132697
2024-11-21,36.66667,3.1666718,,2024-11-21,13.276882967911245
2024-11-21,36.66667,3.25,,2024-11-21,19.306074472517334
2024-11-21,36.75,2.8333435,-0.17679012,2024-11-21,20.194040166169533
2024-11-21,36.75,2.9166718,,2024-11-21,12.76987826840439
2024-11-21,36.75,3.0,,2024-11-21,5.345713953294998
2024-11-21,36.75,3.0833435,-0.17881446,2024-11-21,2.079801567910821
2024-11-21,36.75,3.1666718,-0.17606008,2024-11-21,9.50394748445699
2024-11-21,36.75,3.25,,2024-11-21,16.92811061876691
2024-11-21,36.833336,2.8333435,-0.19170892,2024-11-21,22.20863381656194
2024-11-21,36.833336,2.9166718,-0.18961947,2024-11-21,15.772124592603511
2024-11-21,36.833336,3.0,-0.18933289,2024-11-21,10.696398658202174
2024-11-21,36.833336,3.0833435,-0.19032045,2024-11-21,9.496747682395155
2024-11-21,36.833336,3.1666718,-0.19129927,2024-11-21,13.270048906298761
2024-11-21,36.833336,3.25,-0.19106802,2024-11-21,19.290330362086166
2024-11-21,36.91667,2.8333435,-0.21394622,2024-11-21,27.393082527538727
2024-11-21,36.91667,2.9166718,-0.21566914,2024-11-21,22.49852861582144
2024-11-21,36.91667,3.0,-0.21816933,2024-11-21,19.286865452625985
2024-11-21,36.91667,3.0833435,-0.22103712,2024-11-21,18.648990373299995
2024-11-21,36.91667,3.1666718,-0.22388221,2024-11-21,20.82299777897512
2024-11-21,36.91667,3.25,-0.226303,2024-11-21,25.08797191414032
2024-11-22,36.583336,2.8333435,,2024-11-22,27.42486183499686
2024-11-22,36.583336,2.9166718,,2024-11-22,22.513610945271516
2024-11-22,36.583336,3.0,,2024-11-22,19.289317853545782
2024-11-22,36.583336,3.0833435,,2024-11-22,18.648702135525184
2024-11-22,36.583336,3.1666718,,2024-11-22,20.831708919035847
2024-11-22,36.583336,3.25,,2024-11-22,25.112182506309033
2024-11-22,36.66667,2.8333435,,2024-11-22,22.228234819302035
2024-11-22,36.66667,2.9166718,,2024-11-22,15.782881420103022
2024-11-22,36.66667,3.0,,2024-11-22,10.698609465725811
2024-11-22,36.66667,3.0833435,,2024-11-22,9.496464669132697
2024-11-22,36.66667,3.1666718,,2024-11-22,13.276882967911245
2024-11-22,36.66667,3.25,,2024-11-22,19.306074472517334
2024-11-22,36.75,2.8333435,-0.11798185,2024-11-22,20.194040166169533
2024-11-22,36.75,2.9166718,,2024-11-22,12.76987826840439
2024-11-22,36.75,3.0,,2024-11-22,5.345713953294998
2024-11-22,36.75,3.0833435,-0.12228917,2024-11-22,2.079801567910821
2024-11-22,36.75,3.1666718,-0.11852302,2024-11-22,9.50394748445699
2024-11-22,36.75,3.25,,2024-11-22,16.92811061876691
2024-11-22,36.833336,2.8333435,-0.14193736,2024-11-22,22.20863381656194
2024-11-22,36.833336,2.9166718,-0.13785237,2024-11-22,15.772124592603511
2024-11-22,36.833336,3.0,-0.13631302,2024-11-22,10.696398658202174
2024-11-22,36.833336,3.0833435,-0.1372011,2024-11-22,9.496747682395155
2024-11-22,36.833336,3.1666718,-0.13917853,2024-11-22,13.270048906298761
2024-11-22,36.833336,3.25,-0.13949919,2024-11-22,19.290330362086166
2024-11-22,36.91667,2.8333435,-0.17302786,2024-11-22,27.393082527538727
2024-11-22,36.91667,2.9166718,-0.17263043,2024-11-22,22.49852861582144
2024-11-22,36.91667,3.0,-0.17395744,2024-11-22,19.286865452625985
2024-11-22,36.91667,3.0833435,-0.17666478,2024-11-22,18.648990373299995
2024-11-22,36.91667,3.1666718,-0.17977054,2024-11-22,20.82299777897512
2024-11-22,36.91667,3.25,-0.18232042,2024-11-22,25.08797191414032
2024-11-23,36.583336,2.8333435,,2024-11-23,27.42486183499686
2024-11-23,36.583336,2.9166718,,2024-11-23,22.513610945271516
2024-11-23,36.583336,3.0,,2024-11-23,19.289317853545782
2024-11-23,36.583336,3.0833435,,2024-11-23,18.648702135525184
2024-11-23,36.583336,3.1666718,,2024-11-23,20.831708919035847
2024-11-23,36.583336,3.25,,2024-11-23,25.112182506309033
2024-11-23,36.66667,2.8333435,,2024-11-23,22.228234819302035
2024-11-23,36.66667,2.9166718,,2024-11-23,15.782881420103022
2024-11-23,36.66667,3.0,,2024-11-23,10.698609465725811
2024-11-23,36.66667,3.0833435,,2024-11-23,9.496464669132697
2024-11-23,36.66667,3.1666718,,2024-11-23,13.276882967911245
2024-11-23,36.66667,3.25,,2024-11-23,19.306074472517334
2024-11-23,36.75,2.8333435,-0.11526059,2024-11-23,20.194040166169533
2024-11-23,36.75,2.9166718,,2024-11-23,12.76987826840439
2024-11-23,36.75,3.0,,2024-11-23,5.345713953294998
2024-11-23,36.75,3.0833435,-0.11296312,2024-11-23,2.079801567910821
2024-11-23,36.75,3.1666718,-0.11233583,2024-11-23,9.50394748445699
2024-11-23,36.75,3.25,,2024-11-23,16.92811061876691
2024-11-23,36.833336,2.8333435,-0.13326135,2024-11-23,22.20863381656194
2024-11-23,36.833336,2.9166718,-0.1260478,2024-11-23,15.772124592603511
2024-11-23,36.833336,3.0,-0.12322781,2024-11-23,10.696398658202174
2024-11-23,36.833336,3.0833435,-0.12368024,2024-11-23,9.496747682395155
2024-11-23,36.833336,3.1666718,-0.12472206,2024-11-23,13.270048906298761
2024-11-23,36.833336,3.25,-0.12435592,2024-11-23,19.290330362086166
2024-11-23,36.91667,2.8333435,-0.16118203,2024-11-23,27.393082527538727
2024-11-23,36.91667,2.9166718,-0.15651423,2024-11-23,22.49852861582144
2024-11-23,36.91667,3.0,-0.15526488,2024-11-23,19.286865452625985
2024-11-23,36.91667,3.0833435,-0.15672125,2024-11-23,18.648990373299995
2024-11-23,36.91667,3.1666718,-0.15951587,2024-11-23,20.82299777897512
2024-11-23,36.91667,3.25,-0.1617153,2024-11-23,25.08797191414032
2024-11-24,36.583336,2.8333435,,2024-11-24,27.42486183499686
2024-11-24,36.583336,2.9166718,,2024-11-24,22.513610945271516
2024-11-24,36.583336,3.0,,2024-11-24,19.289317853545782
2024-11-24,36.583336,3.0833435,,2024-11-24,18.648702135525184
2024-11-24,36.583336,3.1666718,,2024-11-24,20.831708919035847
2024-11-24,36.583336,3.25,,2024-11-24,25.112182506309033
2024-11-24,36.66667,2.8333435,,2024-11-24,22.228234819302035
2024-11-24,36.66667,2.9166718,,2024-11-24,15.782881420103022
2024-11-24,36.66667,3.0,,2024-11-24,10.698609465725811
2024-11-24,36.66667,3.0833435,,2024-11-24,9.496464669132697
2024-11-24,36.66667,3.1666718,,2024-11-24,13.276882967911245
2024-11-24,36.66667,3.25,,2024-11-24,19.306074472517334
2024-11-24,36.75,2.8333435,-0.124261566,2024-11-24,20.194040166169533
2024-11-24,36.75,2.9166718,,2024-11-24,12.76987826840439
2024-11-24,36.75,3.0,,2024-11-24,5.345713953294998
2024-11-24,36.75,3.0833435,-0.124091834,2024-11-24,2.079801567910821
2024-11-24,36.75,3.1666718,-0.12355712,2024-11-24,9.50394748445699
2024-11-24,36.75,3.25,,2024-11-24,16.92811061876691
2024-11-24,36.833336,2.8333435,-0.14243394,2024-11-24,22.20863381656194
2024-11-24,36.833336,2.9166718,-0.13666482,2024-11-24,15.772124592603511
2024-11-24,36.833336,3.0,-0.13273296,2024-11-24,10.696398658202174
2024-11-24,36.833336,3.0833435,-0.13161372,2024-11-24,9.496747682395155
2024-11-24,36.833336,3.1666718,-0.13124889,2024-11-24,13.270048906298761
2024-11-24,36.833336,3.25,-0.13109142,2024-11-24,19.290330362086166
2024-11-24,36.91667,2.8333435,-0.16794652,2024-11-24,27.393082527538727
2024-11-24,36.91667,2.9166718,-0.16281292,2024-11-24,22.49852861582144
2024-11-24,36.91667,3.0,-0.15843478,2024-11-24,19.286865452625985
2024-11-24,36.91667,3.0833435,-0.15641151,2024-11-24,18.648990373299995
2024-11-24,36.91667,3.1666718,-0.15679131,2024-11-24,20.82299777897512
2024-11-24,36.91667,3.25,-0.15823166,2024-11-24,25.08797191414032
2024-11-25,36.583336,2.8333435,,2024-11-25,27.42486183499686
2024-11-25,36.583336,2.9166718,,2024-11-25,22.513610945271516
2024-11-25,36.583336,3.0,,2024-11-25,19.289317853545782
2024-11-25,36.583336,3.0833435,,2024-11-25,18.648702135525184
2024-11-25,36.583336,3.1666718,,2024-11-25,20.831708919035847
2024-11-25,36.583336,3.25,,2024-11-25,25.112182506309033
2024-11-25,36.66667,2.8333435,,2024-11-25,22.228234819302035
2024-11-25,36.66667,2.9166718,,2024-11-25,15.782881420103022
2024-11-25,36.66667,3.0,,2024-11-25,10.698609465725811
2024-11-25,36.66667,3.0833435,,2024-11-25,9.496464669132697
2024-11-25,36.66667,3.1666718,,2024-11-25,13.276882967911245
2024-11-25,36.66667,3.25,,2024-11-25,19.306074472517334
2024-11-25,36.75,2.8333435,-0.13695222,2024-11-25,20.194040166169533
2024-11-25,36.75,2.9166718,,2024-11-25,12.76987826840439
2024-11-25,36.75,3.0,,2024-11-25,5.345713953294998
2024-11-25,36.75,3.0833435,-0.13438159,2024-11-25,2.079801567910821
2024-11-25,36.75,3.1666718,-0.13311292,2024-11-25,9.50394748445699
2024-11-25,36.75,3.25,,2024-11-25,16.92811061876691
2024-11-25,36.833336,2.8333435,-0.14770474,2024-11-25,22.20863381656194
2024-11-25,36.833336,2.9166718,-0.14666265,2024-11-25,15.772124592603511
2024-11-25,36.833336,3.0,-0.1453879,2024-11-25,10.696398658202174
2024-11-25,36.833336,3.0833435,-0.1440072,2024-11-25,9.496747682395155
2024-11-25,36.833336,3.1666718,-0.14221802,2024-11-25,13.270048906298761
2024-11-25,36.833336,3.25,-0.14019008,2024-11-25,19.290330362086166
2024-11-25,36.91667,2.8333435,-0.16778979,2024-11-25,27.393082527538727
2024-11-25,36.91667,2.9166718,-0.16963649,2024-11-25,22.49852861582144
2024-11-25,36.91667,3.0,-0.16956177,2024-11-25,19.286865452625985
2024-11-25,36.91667,3.0833435,-0.16794193,2024-11-25,18.648990373299995
2024-11-25,36.91667,3.1666718,-0.16583937,2024-11-25,20.82299777897512
2024-11-25,36.91667,3.25,-0.16446218,2024-11-25,25.08797191414032
2024-11-26,36.583336,2.8333435,,2024-11-26,27.42486183499686
2024-11-26,36.583336,2.9166718,,2024-11-26,22.513610945271516
2024-11-26,36.583336,3.0,,2024-11-26,19.289317853545782
2024-11-26,36.583336,3.0833435,,2024-11-26,18.648702135525184
2024-11-26,36.583336,3.1666718,,2024-11-26,20.831708919035847
2024-11-26,36.583336,3.25,,2024-11-26,25.112182506309033
2024-11-26,36.66667,2.8333435,,2024-11-26,22.228234819302035
2024-11-26,36.66667,2.9166718,,2024-11-26,15.782881420103022
2024-11-26,36.66667,3.0,,2024-11-26,10.698609465725811
2024-11-26,36.66667,3.0833435,,2024-11-26,9.496464669132697
2024-11-26,36.66667,3.1666718,,2024-11-26,13.276882967911245
2024-11-26,36.66667,3.25,,2024-11-26,19.306074472517334
2024-11-26,36.75,2.8333435,-0.1480524,2024-11-26,20.194040166169533
2024-11-26,36.75,2.9166718,,2024-11-26,12.76987826840439
2024-11-26,36.75,3.0,,2024-11-26,5.345713953294998
2024-11-26,36.75,3.0833435,-0.14398861,2024-11-26,2.079801567910821
2024-11-26,36.75,3.1666718,-0.1429776,2024-11-26,9.50394748445699
2024-11-26,36.75,3.25,,2024-11-26,16.92811061876691
2024-11-26,36.833336,2.8333435,-0.14981702,2024-11-26,22.20863381656194
2024-11-26,36.833336,2.9166718,-0.1508337,2024-11-26,15.772124592603511
2024-11-26,36.833336,3.0,-0.1514993,2024-11-26,10.696398658202174
2024-11-26,36.833336,3.0833435,-0.15162633,2024-11-26,9.496747682395155
2024-11-26,36.833336,3.1666718,-0.15062948,2024-11-26,13.270048906298761
2024-11-26,36.833336,3.25,-0.14853089,2024-11-26,19.290330362086166
2024-11-26,36.91667,2.8333435,-0.15982682,2024-11-26,27.393082527538727
2024-11-26,36.91667,2.9166718,-0.1641898,2024-11-26,22.49852861582144
2024-11-26,36.91667,3.0,-0.16720933,2024-11-26,19.286865452625985
2024-11-26,36.91667,3.0833435,-0.16875452,2024-11-26,18.648990373299995
2024-11-26,36.91667,3.1666718,-0.16887803,2024-11-26,20.82299777897512
2024-11-26,36.91667,3.25,-0.16786513,2024-11-26,25.08797191414032
2024-11-27,36.583336,2.8333435,,2024-11-27,27.42486183499686
2024-11-27,36.583336,2.9166718,,2024-11-27,22.513610945271516
2024-11-27,36.583336,3.0,,2024-11-27,19.289317853545782
2024-11-27,36.583336,3.0833435,,2024-11-27,18.648702135525184
2024-11-27,36.583336,3.1666718,,2024-11-27,20.831708919035847
2024-11-27,36.583336,3.25,,2024-11-27,25.112182506309033
2024-11-27,36.66667,2.8333435,,2024-11-27,22.228234819302035
2024-11-27,36.66667,2.9166718,,2024-11-27,15.782881420103022
2024-11-27,36.66667,3.0,,2024-11-27,10.698609465725811
2024-11-27,36.66667,3.0833435,,2024-11-27,9.496464669132697
2024-11-27,36.66667,3.1666718,,2024-11-27,13.276882967911245
2024-11-27,36.66667,3.25,,2024-11-27,19.306074472517334
2024-11-27,36.75,2.8333435,-0.16615538,2024-11-27,20.194040166169533
2024-11-27,36.75,2.9166718,,2024-11-27,12.76987826840439
2024-11-27,36.75,3.0,,2024-11-27,5.345713953294998
2024-11-27,36.75,3.0833435,-0.16039103,2024-11-27,2.079801567910821
2024-11-27,36.75,3.1666718,-0.16014747,2024-11-27,9.50394748445699
2024-11-27,36.75,3.25,,2024-11-27,16.92811061876691
2024-11-27,36.833336,2.8333435,-0.1613755,2024-11-27,22.20863381656194
2024-11-27,36.833336,2.9166718,-0.16276103,2024-11-27,15.772124592603511
2024-11-27,36.833336,3.0,-0.16350618,2024-11-27,10.696398658202174
2024-11-27,36.833336,3.0833435,-0.16367766,2024-11-27,9.496747682395155
2024-11-27,36.833336,3.1666718,-0.16347922,2024-11-27,13.270048906298761
2024-11-27,36.833336,3.25,-0.16223533,2024-11-27,19.290330362086166
2024-11-27,36.91667,2.8333435,-0.1620978,2024-11-27,27.393082527538727
2024-11-27,36.91667,2.9166718,-0.16663203,2024-11-27,22.49852861582144
2024-11-27,36.91667,3.0,-0.17013143,2024-11-27,19.286865452625985
2024-11-27,36.91667,3.0833435,-0.17240185,2024-11-27,18.648990373299995
2024-11-27,36.91667,3.1666718,-0.17352904,2024-11-27,20.82299777897512
2024-11-27,36.91667,3.25,-0.17369118,2024-11-27,25.08797191414032
2024-11-28,36.583336,2.8333435,,2024-11-28,27.42486183499686
2024-11-28,36.583336,2.9166718,,2024-11-28,22.513610945271516
2024-11-28,36.583336,3.0,,2024-11-28,19.289317853545782
2024-11-28,36.583336,3.0833435,,2024-11-28,18.648702135525184
2024-11-28,36.583336,3.1666718,,2024-11-28,20.831708919035847
2024-11-28,36.583336,3.25,,2024-11-28,25.112182506309033
2024-11-28,36.66667,2.8333435,,2024-11-28,22.228234819302035
2024-11-28,36.66667,2.9166718,,2024-11-28,15.782881420103022
2024-11-28,36.66667,3.0,,2024-11-28,10.698609465725811
2024-11-28,36.66667,3.0833435,,2024-11-28,9.496464669132697
2024-11-28,36.66667,3.1666718,,2024-11-28,13.276882967911245
2024-11-28,36.66667,3.25,,2024-11-28,19.306074472517334
2024-11-28,36.75,2.8333435,-0.19078973,2024-11-28,20.194040166169533
2024-11-28,36.75,2.9166718,,2024-11-28,12.76987826840439
2024-11-28,36.75,3.0,,2024-11-28,5.345713953294998
2024-11-28,36.75,3.0833435,-0.18155883,2024-11-28,2.079801567910821
2024-11-28,36.75,3.1666718,-0.18191992,2024-11-28,9.50394748445699
2024-11-28,36.75,3.25,,2024-11-28,16.92811061876691
2024-11-28,36.833336,2.8333435,-0.18068554,2024-11-28,22.20863381656194
2024-11-28,36.833336,2.9166718,-0.18133765,2024-11-28,15.772124592603511
2024-11-28,36.833336,3.0,-0.1811699,2024-11-28,10.696398658202174
2024-11-28,36.833336,3.0833435,-0.1809262,2024-11-28,9.496747682395155
2024-11-28,36.833336,3.1666718,-0.18095298,2024-11-28,13.270048906298761
2024-11-28,36.833336,3.25,-0.18032862,2024-11-28,19.290330362086166
2024-11-28,36.91667,2.8333435,-0.17388909,2024-11-28,27.393082527538727
2024-11-28,36.91667,2.9166718,-0.17793497,2024-11-28,22.49852861582144
2024-11-28,36.91667,3.0,-0.1808496,2024-11-28,19.286865452625985
2024-11-28,36.91667,3.0833435,-0.18266332,2024-11-28,18.648990373299995
2024-11-28,36.91667,3.1666718,-0.18342522,2024-11-28,20.82299777897512
2024-11-28,36.91667,3.25,-0.1831136,2024-11-28,25.08797191414032
2024-11-29,36.583336,2.8333435,,2024-11-29,27.42486183499686
2024-11-29,36.583336,2.9166718,,2024-11-29,22.513610945271516
2024-11-29,36.583336,3.0,,2024-11-29,19.289317853545782
2024-11-29,36.583336,3.0833435,,2024-11-29,18.648702135525184
2024-11-29,36.583336,3.1666718,,2024-11-29,20.831708919035847
2024-11-29,36.583336,3.25,,2024-11-29,25.112182506309033
2024-11-29,36.66667,2.8333435,,2024-11-29,22.228234819302035
2024-11-29,36.66667,2.9166718,,2024-11-29,15.782881420103022
2024-11-29,36.66667,3.0,,2024-11-29,10.698609465725811
2024-11-29,36.66667,3.0833435,,2024-11-29,9.496464669132697
2024-11-29,36.66667,3.1666718,,2024-11-29,13.276882967911245
2024-11-29,36.66667,3.25,,2024-11-29,19.306074472517334
2024-11-29,36.75,2.8333435,-0.2040217,2024-11-29,20.194040166169533
2024-11-29,36.75,2.9166718,,2024-11-29,12.76987826840439
2024-11-29,36.75,3.0,,2024-11-29,5.345713953294998
2024-11-29,36.75,3.0833435,-0.19841763,2024-11-29,2.079801567910821
2024-11-29,36.75,3.1666718,-0.198766,2024-11-29,9.50394748445699
2024-11-29,36.75,3.25,,2024-11-29,16.92811061876691
2024-11-29,36.833336,2.8333435,-0.19582404,2024-11-29,22.20863381656194
2024-11-29,36.833336,2.9166718,-0.19667077,2024-11-29,15.772124592603511
2024-11-29,36.833336,3.0,-0.19605707,2024-11-29,10.696398658202174
2024-11-29,36.833336,3.0833435,-0.19550134,2024-11-29,9.496747682395155
2024-11-29,36.833336,3.1666718,-0.19562139,2024-11-29,13.270048906298761
2024-11-29,36.833336,3.25,-0.19538762,2024-11-29,19.290330362086166
2024-11-29,36.91667,2.8333435,-0.18740106,2024-11-29,27.393082527538727
2024-11-29,36.91667,2.9166718,-0.19050434,2024-11-29,22.49852861582144
2024-11-29,36.91667,3.0,-0.1924519,2024-11-29,19.286865452625985
2024-11-29,36.91667,3.0833435,-0.1934077,2024-11-29,18.648990373299995
2024-11-29,36.91667,3.1666718,-0.19354469,2024-11-29,20.82299777897512
2024-11-29,36.91667,3.25,-0.19281812,2024-11-29,25.08797191414032
2024-11-30,36.583336,2.8333435,,2024-11-30,27.42486183499686
2024-11-30,36.583336,2.9166718,,2024-11-30,22.513610945271516
2024-11-30,36.583336,3.0,,2024-11-30,19.289317853545782
2024-11-30,36.583336,3.0833435,,2024-11-30,18.648702135525184
2024-11-30,36.583336,3.1666718,,2024-11-30,20.831708919035847
2024-11-30,36.583336,3.25,,2024-11-30,25.112182506309033
2024-11-30,36.66667,2.8333435,,2024-11-30,22.228234819302035
2024-11-30,36.66667,2.9166718,,2024-11-30,15.782881420103022
2024-11-30,36.66667,3.0,,2024-11-30,10.698609465725811
2024-11-30,36.66667,3.0833435,,2024-11-30,9.496464669132697
2024-11-30,36.66667,3.1666718,,2024-11-30,13.276882967911245
2024-11-30,36.66667,3.25,,2024-11-30,19.306074472517334
2024-11-30,36.75,2.8333435,-0.19060984,2024-11-30,20.194040166169533
2024-11-30,36.75,2.9166718,,2024-11-30,12.76987826840439
2024-11-30,36.75,3.0,,2024-11-30,5.345713953294998
2024-11-30,36.75,3.0833435,-0.19265051,2024-11-30,2.079801567910821
2024-11-30,36.75,3.1666718,-0.19320196,2024-11-30,9.50394748445699
2024-11-30,36.75,3.25,,2024-11-30,16.92811061876691
2024-11-30,36.833336,2.8333435,-0.18829855,2024-11-30,22.20863381656194
2024-11-30,36.833336,2.9166718,-0.1890915,2024-11-30,15.772124592603511
2024-11-30,36.833336,3.0,-0.18982626,2024-11-30,10.696398658202174
2024-11-30,36.833336,3.0833435,-0.19025187,2024-11-30,9.496747682395155
2024-11-30,36.833336,3.1666718,-0.1908737,2024-11-30,13.270048906298761
2024-11-30,36.833336,3.25,-0.19088657,2024-11-30,19.290330362086166
2024-11-30,36.91667,2.8333435,-0.18453455,2024-11-30,27.393082527538727
2024-11-30,36.91667,2.9166718,-0.18827657,2024-11-30,22.49852861582144
2024-11-30,36.91667,3.0,-0.19017103,2024-11-30,19.286865452625985
2024-11-30,36.91667,3.0833435,-0.19049506,2024-11-30,18.648990373299995
2024-11-30,36.91667,3.1666718,-0.19004813,2024-11-30,20.82299777897512
2024-11-30,36.91667,3.25,-0.18918486,2024-11-30,25.08797191414032
2024-12-01,36.583336,2.8333435,,2024-12-01,27.42486183499686
2024-12-01,36.583336,2.9166718,,2024-12-01,22.513610945271516
2024-12-01,36.583336,3.0,,2024-12-01,19.289317853545782
2024-12-01,36.583336,3.0833435,,2024-12-01,18.648702135525184
2024-12-01,36.583336,3.1666718,,2024-12-01,20.831708919035847
2024-12-01,36.583336,3.25,,2024-12-01,25.112182506309033
2024-12-01,36.66667,2.8333435,,2024-12-01,22.228234819302035
2024-12-01,36.66667,2.9166718,,2024-12-01,15.782881420103022
2024-12-01,36.66667,3.0,,2024-12-01,10.698609465725811
2024-12-01,36.66667,3.0833435,,2024-12-01,9.496464669132697
2024-12-01,36.66667,3.1666718,,2024-12-01,13.276882967911245
2024-12-01,36.66667,3.25,,2024-12-01,19.306074472517334
2024-12-01,36.75,2.8333435,-0.18199469,2024-12-01,20.194040166169533
2024-12-01,36.75,2.9166718,,2024-12-01,12.76987826840439
2024-12-01,36.75,3.0,,2024-12-01,5.345713953294998
2024-12-01,36.75,3.0833435,-0.1814576,2024-12-01,2.079801567910821
2024-12-01,36.75,3.1666718,-0.1817787,2024-12-01,9.50394748445699
2024-12-01,36.75,3.25,,2024-12-01,16.92811061876691
2024-12-01,36.833336,2.8333435,-0.17958067,2024-12-01,22.20863381656194
2024-12-01,36.833336,2.9166718,-0.18022266,2024-12-01,15.772124592603511
2024-12-01,36.833336,3.0,-0.18070674,2024-12-01,10.696398658202174
2024-12-01,36.833336,3.0833435,-0.18117443,2024-12-01,9.496747682395155
2024-12-01,36.833336,3.1666718,-0.18173288,2024-12-01,13.270048906298761
2024-12-01,36.833336,3.25,-0.18172604,2024-12-01,19.290330362086166
2024-12-01,36.91667,2.8333435,-0.17460862,2024-12-01,27.393082527538727
2024-12-01,36.91667,2.9166718,-0.18099685,2024-12-01,22.49852861582144
2024-12-01,36.91667,3.0,-0.1846512,2024-12-01,19.286865452625985
2024-12-01,36.91667,3.0833435,-0.18525623,2024-12-01,18.648990373299995
2024-12-01,36.91667,3.1666718,-0.1839603,2024-12-01,20.82299777897512
2024-12-01,36.91667,3.25,-0.18211289,2024-12-01,25.08797191414032
2024-12-02,36.583336,2.8333435,,2024-12-02,27.42486183499686
2024-12-02,36.583336,2.9166718,,2024-12-02,22.513610945271516
2024-12-02,36.583336,3.0,,2024-12-02,19.289317853545782
2024-12-02,36.583336,3.0833435,,2024-12-02,18.648702135525184
2024-12-02,36.583336,3.1666718,,2024-12-02,20.831708919035847
2024-12-02,36.583336,3.25,,2024-12-02,25.112182506309033
2024-12-02,36.66667,2.8333435,,2024-12-02,22.228234819302035
2024-12-02,36.66667,2.9166718,,2024-12-02,15.782881420103022
2024-12-02,36.66667,3.0,,2024-12-02,10.698609465725811
2024-12-02,36.66667,3.0833435,,2024-12-02,9.496464669132697
2024-12-02,36.66667,3.1666718,,2024-12-02,13.276882967911245
2024-12-02,36.66667,3.25,,2024-12-02,19.306074472517334
2024-12-02,36.75,2.8333435,-0.18612994,2024-12-02,20.194040166169533
2024-12-02,36.75,2.9166718,,2024-12-02,12.76987826840439
2024-12-02,36.75,3.0,,2024-12-02,5.345713953294998
2024-12-02,36.75,3.0833435,-0.18138856,2024-12-02,2.079801567910821
2024-12-02,36.75,3.1666718,-0.18147041,2024-12-02,9.50394748445699
2024-12-02,36.75,3.25,,2024-12-02,16.92811061876691
2024-12-02,36.833336,2.8333435,-0.17961259,2024-12-02,22.20863381656194
2024-12-02,36.833336,2.9166718,-0.18089582,2024-12-02,15.772124592603511
2024-12-02,36.833336,3.0,-0.18095396,2024-12-02,10.696398658202174
2024-12-02,36.833336,3.0833435,-0.18065651,2024-12-02,9.496747682395155
2024-12-02,36.833336,3.1666718,-0.18052505,2024-12-02,13.270048906298761
2024-12-02,36.833336,3.25,-0.1801522,2024-12-02,19.290330362086166
2024-12-02,36.91667,2.8333435,-0.16621992,2024-12-02,27.393082527538727
2024-12-02,36.91667,2.9166718,-0.17456895,2024-12-02,22.49852861582144
2024-12-02,36.91667,3.0,-0.1808984,2024-12-02,19.286865452625985
2024-12-02,36.91667,3.0833435,-0.18358839,2024-12-02,18.648990373299995
2024-12-02,36.91667,3.1666718,-0.18266828,2024-12-02,20.82299777897512
2024-12-02,36.91667,3.25,-0.1803527,2024-12-02,25.08797191414032
2024-12-03,36.583336,2.8333435,,2024-12-03,27.42486183499686
2024-12-03,36.583336,2.9166718,,2024-12-03,22.513610945271516
2024-12-03,36.583336,3.0,,2024-12-03,19.289317853545782
2024-12-03,36.583336,3.0833435,,2024-12-03,18.648702135525184
2024-12-03,36.583336,3.1666718,,2024-12-03,20.831708919035847
2024-12-03,36.583336,3.25,,2024-12-03,25.112182506309033
2024-12-03,36.66667,2.8333435,,2024-12-03,22.228234819302035
2024-12-03,36.66667,2.9166718,,2024-12-03,15.782881420103022
2024-12-03,36.66667,3.0,,2024-12-03,10.698609465725811
2024-12-03,36.66667,3.0833435,,2024-12-03,9.496464669132697
2024-12-03,36.66667,3.1666718,,2024-12-03,13.276882967911245
2024-12-03,36.66667,3.25,,2024-12-03,19.306074472517334
2024-12-03,36.75,2.8333435,-0.18675901,2024-12-03,20.194040166169533
2024-12-03,36.75,2.9166718,,2024-12-03,12.76987826840439
2024-12-03,36.75,3.0,,2024-12-03,5.345713953294998
2024-12-03,36.75,3.0833435,-0.18463244,2024-12-03,2.079801567910821
2024-12-03,36.75,3.1666718,-0.18487841,2024-12-03,9.50394748445699
2024-12-03,36.75,3.25,,2024-12-03,16.92811061876691
2024-12-03,36.833336,2.8333435,-0.17923763,2024-12-03,22.20863381656194
2024-12-03,36.833336,2.9166718,-0.18121035,2024-12-03,15.772124592603511
2024-12-03,36.833336,3.0,-0.18232794,2024-12-03,10.696398658202174
2024-12-03,36.833336,3.0833435,-0.18230584,2024-12-03,9.496747682395155
2024-12-03,36.833336,3.1666718,-0.18222962,2024-12-03,13.270048906298761
2024-12-03,36.833336,3.25,-0.18216762,2024-12-03,19.290330362086166
2024-12-03,36.91667,2.8333435,-0.16096471,2024-12-03,27.393082527538727
2024-12-03,36.91667,2.9166718,-0.1696622,2024-12-03,22.49852861582144
2024-12-03,36.91667,3.0,-0.1774257,2024-12-03,19.286865452625985
2024-12-03,36.91667,3.0833435,-0.1824374,2024-12-03,18.648990373299995
2024-12-03,36.91667,3.1666718,-0.18289647,2024-12-03,20.82299777897512
2024-12-03,36.91667,3.25,-0.18063493,2024-12-03,25.08797191414032
2024-12-04,36.583336,2.8333435,,2024-12-04,27.42486183499686
2024-12-04,36.583336,2.9166718,,2024-12-04,22.513610945271516
2024-12-04,36.583336,3.0,,2024-12-04,19.289317853545782
2024-12-04,36.583336,3.0833435,,2024-12-04,18.648702135525184
2024-12-04,36.583336,3.1666718,,2024-12-04,20.831708919035847
2024-12-04,36.583336,3.25,,2024-12-04,25.112182506309033
2024-12-04,36.66667,2.8333435,,2024-12-04,22.228234819302035
2024-12-04,36.66667,2.9166718,,2024-12-04,15.782881420103022
2024-12-04,36.66667,3.0,,2024-12-04,10.698609465725811
2024-12-04,36.66667,3.0833435,,2024-12-04,9.496464669132697
2024-12-04,36.66667,3.1666718,,2024-12-04,13.276882967911245
2024-12-04,36.66667,3.25,,2024-12-04,19.306074472517334
2024-12-04,36.75,2.8333435,-0.16643685,2024-12-04,20.194040166169533
2024-12-04,36.75,2.9166718,,2024-12-04,12.76987826840439
2024-12-04,36.75,3.0,,2024-12-04,5.345713953294998
2024-12-04,36.75,3.0833435,-0.16863513,2024-12-04,2.079801567910821
2024-12-04,36.75,3.1666718,-0.16788545,2024-12-04,9.50394748445699
2024-12-04,36.75,3.25,,2024-12-04,16.92811061876691
2024-12-04,36.833336,2.8333435,-0.16400398,2024-12-04,22.20863381656194
2024-12-04,36.833336,2.9166718,-0.16546983,2024-12-04,15.772124592603511
2024-12-04,36.833336,3.0,-0.16755332,2024-12-04,10.696398658202174
2024-12-04,36.833336,3.0833435,-0.16915415,2024-12-04,9.496747682395155
2024-12-04,36.833336,3.1666718,-0.1700373,2024-12-04,13.270048906298761
2024-12-04,36.833336,3.25,-0.16988337,2024-12-04,19.290330362086166
2024-12-04,36.91667,2.8333435,-0.15173057,2024-12-04,27.393082527538727
2024-12-04,36.91667,2.9166718,-0.15921772,2024-12-04,22.49852861582144
2024-12-04,36.91667,3.0,-0.16694698,2024-12-04,19.286865452625985
2024-12-04,36.91667,3.0833435,-0.17313853,2024-12-04,18.648990373299995
2024-12-04,36.91667,3.1666718,-0.17564328,2024-12-04,20.82299777897512
2024-12-04,36.91667,3.25,-0.17454457,2024-12-04,25.08797191414032
2024-12-05,36.583336,2.8333435,,2024-12-05,27.42486183499686
2024-12-05,36.583336,2.9166718,,2024-12-05,22.513610945271516
2024-12-05,36.583336,3.0,,2024-12-05,19.289317853545782
2024-12-05,36.583336,3.0833435,,2024-12-05,18.648702135525184
2024-12-05,36.583336,3.1666718,,2024-12-05,20.831708919035847
2024-12-05,36.583336,3.25,,2024-12-05,25.112182506309033
2024-12-05,36.66667,2.8333435,,2024-12-05,22.228234819302035
2024-12-05,36.66667,2.9166718,,2024-12-05,15.782881420103022
2024-12-05,36.66667,3.0,,2024-12-05,10.698609465725811
2024-12-05,36.66667,3.0833435,,2024-12-05,9.496464669132697
2024-12-05,36.66667,3.1666718,,2024-12-05,13.276882967911245
2024-12-05,36.66667,3.25,,2024-12-05,19.306074472517334
2024-12-05,36.75,2.8333435,-0.19797204,2024-12-05,20.194040166169533
2024-12-05,36.75,2.9166718,,2024-12-05,12.76987826840439
2024-12-05,36.75,3.0,,2024-12-05,5.345713953294998
2024-12-05,36.75,3.0833435,-0.20000698,2024-12-05,2.079801567910821
2024-12-05,36.75,3.1666718,-0.19941166,2024-12-05,9.50394748445699
2024-12-05,36.75,3.25,,2024-12-05,16.92811061876691
2024-12-05,36.833336,2.8333435,-0.19634981,2024-12-05,22.20863381656194
2024-12-05,36.833336,2.9166718,-0.1976021,2024-12-05,15.772124592603511
2024-12-05,36.833336,3.0,-0.19931363,2024-12-05,10.696398658202174
2024-12-05,36.833336,3.0833435,-0.20111872,2024-12-05,9.496747682395155
2024-12-05,36.833336,3.1666718,-0.20241435,2024-12-05,13.270048906298761
2024-12-05,36.833336,3.25,-0.20304255,2024-12-05,19.290330362086166
2024-12-05,36.91667,2.8333435,-0.18773466,2024-12-05,27.393082527538727
2024-12-05,36.91667,2.9166718,-0.19338042,2024-12-05,22.49852861582144
2024-12-05,36.91667,3.0,-0.20040432,2024-12-05,19.286865452625985
2024-12-05,36.91667,3.0833435,-0.20671174,2024-12-05,18.648990373299995
2024-12-05,36.91667,3.1666718,-0.2104974,2024-12-05,20.82299777897512
2024-12-05,36.91667,3.25,-0.21081264,2024-12-05,25.08797191414032
2024-12-06,36.583336,2.8333435,,2024-12-06,27.42486183499686
2024-12-06,36.583336,2.9166718,,2024-12-06,22.513610945271516
2024-12-06,36.583336,3.0,,2024-12-06,19.289317853545782
2024-12-06,36.583336,3.0833435,,2024-12-06,18.648702135525184
2024-12-06,36.583336,3.1666718,,2024-12-06,20.831708919035847
2024-12-06,36.583336,3.25,,2024-12-06,25.112182506309033
2024-12-06,36.66667,2.8333435,,2024-12-06,22.228234819302035
2024-12-06,36.66667,2.9166718,,2024-12-06,15.782881420103022
2024-12-06,36.66667,3.0,,2024-12-06,10.698609465725811
2024-12-06,36.66667,3.0833435,,2024-12-06,9.496464669132697
2024-12-06,36.66667,3.1666718,,2024-12-06,13.276882967911245
2024-12-06,36.66667,3.25,,2024-12-06,19.306074472517334
2024-12-06,36.75,2.8333435,-0.18253289,2024-12-06,20.194040166169533
2024-12-06,36.75,2.9166718,,2024-12-06,12.76987826840439
2024-12-06,36.75,3.0,,2024-12-06,5.345713953294998
2024-12-06,36.75,3.0833435,-0.18765685,2024-12-06,2.079801567910821
2024-12-06,36.75,3.1666718,-0.1870324,2024-12-06,9.50394748445699
2024-12-06,36.75,3.25,,2024-12-06,16.92811061876691
2024-12-06,36.833336,2.8333435,-0.18634212,2024-12-06,22.20863381656194
2024-12-06,36.833336,2.9166718,-0.18635952,2024-12-06,15.772124592603511
2024-12-06,36.833336,3.0,-0.18825758,2024-12-06,10.696398658202174
2024-12-06,36.833336,3.0833435,-0.19103885,2024-12-06,9.496747682395155
2024-12-06,36.833336,3.1666718,-0.19307809,2024-12-06,13.270048906298761
2024-12-06,36.833336,3.25,-0.19400498,2024-12-06,19.290330362086166
2024-12-06,36.91667,2.8333435,-0.18492782,2024-12-06,27.393082527538727
2024-12-06,36.91667,2.9166718,-0.18889748,2024-12-06,22.49852861582144
2024-12-06,36.91667,3.0,-0.19557805,2024-12-06,19.286865452625985
2024-12-06,36.91667,3.0833435,-0.20229918,2024-12-06,18.648990373299995
2024-12-06,36.91667,3.1666718,-0.20693639,2024-12-06,20.82299777897512
2024-12-06,36.91667,3.25,-0.20892146,2024-12-06,25.08797191414032
2024-12-07,36.583336,2.8333435,,2024-12-07,27.42486183499686
2024-12-07,36.583336,2.9166718,,2024-12-07,22.513610945271516
2024-12-07,36.583336,3.0,,2024-12-07,19.289317853545782
2024-12-07,36.583336,3.0833435,,2024-12-07,18.648702135525184
2024-12-07,36.583336,3.1666718,,2024-12-07,20.831708919035847
2024-12-07,36.583336,3.25,,2024-12-07,25.112182506309033
2024-12-07,36.66667,2.8333435,,2024-12-07,22.228234819302035
2024-12-07,36.66667,2.9166718,,2024-12-07,15.782881420103022
2024-12-07,36.66667,3.0,,2024-12-07,10.698609465725811
2024-12-07,36.66667,3.0833435,,2024-12-07,9.496464669132697
2024-12-07,36.66667,3.1666718,,2024-12-07,13.276882967911245
2024-12-07,36.66667,3.25,,2024-12-07,19.306074472517334
2024-12-07,36.75,2.8333435,-0.19512337,2024-12-07,20.194040166169533
2024-12-07,36.75,2.9166718,,2024-12-07,12.76987826840439
2024-12-07,36.75,3.0,,2024-12-07,5.345713953294998
2024-12-07,36.75,3.0833435,-0.19798319,2024-12-07,2.079801567910821
2024-12-07,36.75,3.1666718,-0.19651535,2024-12-07,9.50394748445699
2024-12-07,36.75,3.25,,2024-12-07,16.92811061876691
2024-12-07,36.833336,2.8333435,-0.20165381,2024-12-07,22.20863381656194
2024-12-07,36.833336,2.9166718,-0.20027287,2024-12-07,15.772124592603511
2024-12-07,36.833336,3.0,-0.20171219,2024-12-07,10.696398658202174
2024-12-07,36.833336,3.0833435,-0.20453173,2024-12-07,9.496747682395155
2024-12-07,36.833336,3.1666718,-0.20697333,2024-12-07,13.270048906298761
2024-12-07,36.833336,3.25,-0.20794141,2024-12-07,19.290330362086166
2024-12-07,36.91667,2.8333435,-0.2059344,2024-12-07,27.393082527538727
2024-12-07,36.91667,2.9166718,-0.20665762,2024-12-07,22.49852861582144
2024-12-07,36.91667,3.0,-0.21192521,2024-12-07,19.286865452625985
2024-12-07,36.91667,3.0833435,-0.21933562,2024-12-07,18.648990373299995
2024-12-07,36.91667,3.1666718,-0.22615837,2024-12-07,20.82299777897512
2024-12-07,36.91667,3.25,-0.23016217,2024-12-07,25.08797191414032
2024-12-08,36.583336,2.8333435,,2024-12-08,27.42486183499686
2024-12-08,36.583336,2.9166718,,2024-12-08,22.513610945271516
2024-12-08,36.583336,3.0,,2024-12-08,19.289317853545782
2024-12-08,36.583336,3.0833435,,2024-12-08,18.648702135525184
2024-12-08,36.583336,3.1666718,,2024-12-08,20.831708919035847
2024-12-08,36.583336,3.25,,2024-12-08,25.112182506309033
2024-12-08,36.66667,2.8333435,,2024-12-08,22.228234819302035
2024-12-08,36.66667,2.9166718,,2024-12-08,15.782881420103022
2024-12-08,36.66667,3.0,,2024-12-08,10.698609465725811
2024-12-08,36.66667,3.0833435,,2024-12-08,9.496464669132697
2024-12-08,36.66667,3.1666718,,2024-12-08,13.276882967911245
2024-12-08,36.66667,3.25,,2024-12-08,19.306074472517334
2024-12-08,36.75,2.8333435,-0.22173989,2024-12-08,20.194040166169533
2024-12-08,36.75,2.9166718,,2024-12-08,12.76987826840439
2024-12-08,36.75,3.0,,2024-12-08,5.345713953294998
2024-12-08,36.75,3.0833435,-0.21843666,2024-12-08,2.079801567910821
2024-12-08,36.75,3.1666718,-0.21323416,2024-12-08,9.50394748445699
2024-12-08,36.75,3.25,,2024-12-08,16.92811061876691
2024-12-08,36.833336,2.8333435,-0.2274482,2024-12-08,22.20863381656194
2024-12-08,36.833336,2.9166718,-0.22445165,2024-12-08,15.772124592603511
2024-12-08,36.833336,3.0,-0.22344904,2024-12-08,10.696398658202174
2024-12-08,36.833336,3.0833435,-0.2242292,2024-12-08,9.496747682395155
2024-12-08,36.833336,3.1666718,-0.22548066,2024-12-08,13.270048906298761
2024-12-08,36.833336,3.25,-0.22582193,2024-12-08,19.290330362086166
2024-12-08,36.91667,2.8333435,-0.2311818,2024-12-08,27.393082527538727
2024-12-08,36.91667,2.9166718,-0.22737136,2024-12-08,22.49852861582144
2024-12-08,36.91667,3.0,-0.22892506,2024-12-08,19.286865452625985
2024-12-08,36.91667,3.0833435,-0.23482987,2024-12-08,18.648990373299995
2024-12-08,36.91667,3.1666718,-0.24268535,2024-12-08,20.82299777897512
2024-12-08,36.91667,3.25,-0.24971601,2024-12-08,25.08797191414032
2024-12-09,36.583336,2.8333435,,2024-12-09,27.42486183499686
2024-12-09,36.583336,2.9166718,,2024-12-09,22.513610945271516
2024-12-09,36.583336,3.0,,2024-12-09,19.289317853545782
2024-12-09,36.583336,3.0833435,,2024-12-09,18.648702135525184
2024-12-09,36.583336,3.1666718,,2024-12-09,20.831708919035847
2024-12-09,36.583336,3.25,,2024-12-09,25.112182506309033
2024-12-09,36.66667,2.8333435,,2024-12-09,22.228234819302035
2024-12-09,36.66667,2.9166718,,2024-12-09,15.782881420103022
2024-12-09,36.66667,3.0,,2024-12-09,10.698609465725811
2024-12-09,36.66667,3.0833435,,2024-12-09,9.496464669132697
2024-12-09,36.66667,3.1666718,,2024-12-09,13.276882967911245
2024-12-09,36.66667,3.25,,2024-12-09,19.306074472517334
2024-12-09,36.75,2.8333435,-0.23500331,2024-12-09,20.194040166169533
2024-12-09,36.75,2.9166718,,2024-12-09,12.76987826840439
2024-12-09,36.75,3.0,,2024-12-09,5.345713953294998
2024-12-09,36.75,3.0833435,-0.2367954,2024-12-09,2.079801567910821
2024-12-09,36.75,3.1666718,-0.23512377,2024-12-09,9.50394748445699
2024-12-09,36.75,3.25,,2024-12-09,16.92811061876691
2024-12-09,36.833336,2.8333435,-0.23968333,2024-12-09,22.20863381656194
2024-12-09,36.833336,2.9166718,-0.23690382,2024-12-09,15.772124592603511
2024-12-09,36.833336,3.0,-0.23550633,2024-12-09,10.696398658202174
2024-12-09,36.833336,3.0833435,-0.23634416,2024-12-09,9.496747682395155
2024-12-09,36.833336,3.1666718,-0.23808867,2024-12-09,13.270048906298761
2024-12-09,36.833336,3.25,-0.23906697,2024-12-09,19.290330362086166
2024-12-09,36.91667,2.8333435,-0.24161331,2024-12-09,27.393082527538727
2024-12-09,36.91667,2.9166718,-0.23636249,2024-12-09,22.49852861582144
2024-12-09,36.91667,3.0,-0.23597288,2024-12-09,19.286865452625985
2024-12-09,36.91667,3.0833435,-0.24046928,2024-12-09,18.648990373299995
2024-12-09,36.91667,3.1666718,-0.24774191,2024-12-09,20.82299777897512
2024-12-09,36.91667,3.25,-0.25548035,2024-12-09,25.08797191414032
2024-12-10,36.583336,2.8333435,,2024-12-10,27.42486183499686
2024-12-10,36.583336,2.9166718,,2024-12-10,22.513610945271516
2024-12-10,36.583336,3.0,,2024-12-10,19.289317853545782
2024-12-10,36.583336,3.0833435,,2024-12-10,18.648702135525184
2024-12-10,36.583336,3.1666718,,2024-12-10,20.831708919035847
2024-12-10,36.583336,3.25,,2024-12-10,25.112182506309033
2024-12-10,36.66667,2.8333435,,2024-12-10,22.228234819302035
2024-12-10,36.66667,2.9166718,,2024-12-10,15.782881420103022
2024-12-10,36.66667,3.0,,2024-12-10,10.698609465725811
2024-12-10,36.66667,3.0833435,,2024-12-10,9.496464669132697
2024-12-10,36.66667,3.1666718,,2024-12-10,13.276882967911245
2024-12-10,36.66667,3.25,,2024-12-10,19.306074472517334
2024-12-10,36.75,2.8333435,-0.24989772,2024-12-10,20.194040166169533
2024-12-10,36.75,2.9166718,,2024-12-10,12.76987826840439
2024-12-10,36.75,3.0,,2024-12-10,5.345713953294998
2024-12-10,36.75,3.0833435,-0.25248635,2024-12-10,2.079801567910821
2024-12-10,36.75,3.1666718,-0.252304,2024-12-10,9.50394748445699
2024-12-10,36.75,3.25,,2024-12-10,16.92811061876691
2024-12-10,36.833336,2.8333435,-0.25454304,2024-12-10,22.20863381656194
2024-12-10,36.833336,2.9166718,-0.25196907,2024-12-10,15.772124592603511
2024-12-10,36.833336,3.0,-0.2510885,2024-12-10,10.696398658202174
2024-12-10,36.833336,3.0833435,-0.2525071,2024-12-10,9.496747682395155
2024-12-10,36.833336,3.1666718,-0.25486714,2024-12-10,13.270048906298761
2024-12-10,36.833336,3.25,-0.25632146,2024-12-10,19.290330362086166
2024-12-10,36.91667,2.8333435,-0.25974828,2024-12-10,27.393082527538727
2024-12-10,36.91667,2.9166718,-0.2542971,2024-12-10,22.49852861582144
2024-12-10,36.91667,3.0,-0.25324592,2024-12-10,19.286865452625985
2024-12-10,36.91667,3.0833435,-0.25666466,2024-12-10,18.648990373299995
2024-12-10,36.91667,3.1666718,-0.26296684,2024-12-10,20.82299777897512
2024-12-10,36.91667,3.25,-0.27043265,2024-12-10,25.08797191414032
2024-12-11,36.583336,2.8333435,,2024-12-11,27.42486183499686
2024-12-11,36.583336,2.9166718,,2024-12-11,22.513610945271516
2024-12-11,36.583336,3.0,,2024-12-11,19.289317853545782
2024-12-11,36.583336,3.0833435,,2024-12-11,18.648702135525184
2024-12-11,36.583336,3.1666718,,2024-12-11,20.831708919035847
2024-12-11,36.583336,3.25,,2024-12-11,25.112182506309033
2024-12-11,36.66667,2.8333435,,2024-12-11,22.228234819302035
2024-12-11,36.66667,2.9166718,,2024-12-11,15.782881420103022
2024-12-11,36.66667,3.0,,2024-12-11,10.698609465725811
2024-12-11,36.66667,3.0833435,,2024-12-11,9.496464669132697
2024-12-11,36.66667,3.1666718,,2024-12-11,13.276882967911245
2024-12-11,36.66667,3.25,,2024-12-11,19.306074472517334
2024-12-11,36.75,2.8333435,-0.24917296,2024-12-11,20.194040166169533
2024-12-11,36.75,2.9166718,,2024-12-11,12.76987826840439
2024-12-11,36.75,3.0,,2024-12-11,5.345713953294998
2024-12-11,36.75,3.0833435,-0.25017372,2024-12-11,2.079801567910821
2024-12-11,36.75,3.1666718,-0.25156587,2024-12-11,9.50394748445699
2024-12-11,36.75,3.25,,2024-12-11,16.92811061876691
2024-12-11,36.833336,2.8333435,-0.25037423,2024-12-11,22.20863381656194
2024-12-11,36.833336,2.9166718,-0.24890766,2024-12-11,15.772124592603511
2024-12-11,36.833336,3.0,-0.24880159,2024-12-11,10.696398658202174
2024-12-11,36.833336,3.0833435,-0.25037718,2024-12-11,9.496747682395155
2024-12-11,36.833336,3.1666718,-0.25313634,2024-12-11,13.270048906298761
2024-12-11,36.833336,3.25,-0.25507194,2024-12-11,19.290330362086166
2024-12-11,36.91667,2.8333435,-0.25590813,2024-12-11,27.393082527538727
2024-12-11,36.91667,2.9166718,-0.25055587,2024-12-11,22.49852861582144
2024-12-11,36.91667,3.0,-0.2500693,2024-12-11,19.286865452625985
2024-12-11,36.91667,3.0833435,-0.25331023,2024-12-11,18.648990373299995
2024-12-11,36.91667,3.1666718,-0.25885847,2024-12-11,20.82299777897512
2024-12-11,36.91667,3.25,-0.26590785,2024-12-11,25.08797191414032
2024-12-12,36.583336,2.8333435,,2024-12-12,27.42486183499686
2024-12-12,36.583336,2.9166718,,2024-12-12,22.513610945271516
2024-12-12,36.583336,3.0,,2024-12-12,19.289317853545782
2024-12-12,36.583336,3.0833435,,2024-12-12,18.648702135525184
2024-12-12,36.583336,3.1666718,,2024-12-12,20.831708919035847
2024-12-12,36.583336,3.25,,2024-12-12,25.112182506309033
2024-12-12,36.66667,2.8333435,,2024-12-12,22.228234819302035
2024-12-12,36.66667,2.9166718,,2024-12-12,15.782881420103022
2024-12-12,36.66667,3.0,,2024-12-12,10.698609465725811
2024-12-12,36.66667,3.0833435,,2024-12-12,9.496464669132697
2024-12-12,36.66667,3.1666718,,2024-12-12,13.276882967911245
2024-12-12,36.66667,3.25,,2024-12-12,19.306074472517334
2024-12-12,36.75,2.8333435,-0.23064852,2024-12-12,20.194040166169533
2024-12-12,36.75,2.9166718,,2024-12-12,12.76987826840439
2024-12-12,36.75,3.0,,2024-12-12,5.345713953294998
2024-12-12,36.75,3.0833435,-0.23460831,2024-12-12,2.079801567910821
2024-12-12,36.75,3.1666718,-0.2355625,2024-12-12,9.50394748445699
2024-12-12,36.75,3.25,,2024-12-12,16.92811061876691
2024-12-12,36.833336,2.8333435,-0.2329738,2024-12-12,22.20863381656194
2024-12-12,36.833336,2.9166718,-0.2325992,2024-12-12,15.772124592603511
2024-12-12,36.833336,3.0,-0.2335673,2024-12-12,10.696398658202174
2024-12-12,36.833336,3.0833435,-0.23590903,2024-12-12,9.496747682395155
2024-12-12,36.833336,3.1666718,-0.23906453,2024-12-12,13.270048906298761
2024-12-12,36.833336,3.25,-0.2421171,2024-12-12,19.290330362086166
2024-12-12,36.91667,2.8333435,-0.24030168,2024-12-12,27.393082527538727
2024-12-12,36.91667,2.9166718,-0.23561426,2024-12-12,22.49852861582144
2024-12-12,36.91667,3.0,-0.23615257,2024-12-12,19.286865452625985
2024-12-12,36.91667,3.0833435,-0.24009304,2024-12-12,18.648990373299995
2024-12-12,36.91667,3.1666718,-0.24552473,2024-12-12,20.82299777897512
2024-12-12,36.91667,3.25,-0.2526408,2024-12-12,25.08797191414032
2024-12-13,36.583336,2.8333435,,2024-12-13,27.42486183499686
2024-12-13,36.583336,2.9166718,,2024-12-13,22.513610945271516
2024-12-13,36.583336,3.0,,2024-12-13,19.289317853545782
2024-12-13,36.583336,3.0833435,,2024-12-13,18.648702135525184
2024-12-13,36.583336,3.1666718,,2024-12-13,20.831708919035847
2024-12-13,36.583336,3.25,,2024-12-13,25.112182506309033
2024-12-13,36.66667,2.8333435,,2024-12-13,22.228234819302035
2024-12-13,36.66667,2.9166718,,2024-12-13,15.782881420103022
2024-12-13,36.66667,3.0,,2024-12-13,10.698609465725811
2024-12-13,36.66667,3.0833435,,2024-12-13,9.496464669132697
2024-12-13,36.66667,3.1666718,,2024-12-13,13.276882967911245
2024-12-13,36.66667,3.25,,2024-12-13,19.306074472517334
2024-12-13,36.75,2.8333435,-0.2438682,2024-12-13,20.194040166169533
2024-12-13,36.75,2.9166718,,2024-12-13,12.76987826840439
2024-12-13,36.75,3.0,,2024-12-13,5.345713953294998
2024-12-13,36.75,3.0833435,-0.24423891,2024-12-13,2.079801567910821
2024-12-13,36.75,3.1666718,-0.24502344,2024-12-13,9.50394748445699
2024-12-13,36.75,3.25,,2024-12-13,16.92811061876691
2024-12-13,36.833336,2.8333435,-0.24507001,2024-12-13,22.20863381656194
2024-12-13,36.833336,2.9166718,-0.24366894,2024-12-13,15.772124592603511
2024-12-13,36.833336,3.0,-0.24403137,2024-12-13,10.696398658202174
2024-12-13,36.833336,3.0833435,-0.2457692,2024-12-13,9.496747682395155
2024-12-13,36.833336,3.1666718,-0.24825865,2024-12-13,13.270048906298761
2024-12-13,36.833336,3.25,-0.25063857,2024-12-13,19.290330362086166
2024-12-13,36.91667,2.8333435,-0.2521146,2024-12-13,27.393082527538727
2024-12-13,36.91667,2.9166718,-0.24641742,2024-12-13,22.49852861582144
2024-12-13,36.91667,3.0,-0.24652302,2024-12-13,19.286865452625985
2024-12-13,36.91667,3.0833435,-0.2502817,2024-12-13,18.648990373299995
2024-12-13,36.91667,3.1666718,-0.25482833,2024-12-13,20.82299777897512
2024-12-13,36.91667,3.25,-0.2608295,2024-12-13,25.08797191414032
2024-12-14,36.583336,2.8333435,,2024-12-14,27.42486183499686
2024-12-14,36.583336,2.9166718,,2024-12-14,22.513610945271516
2024-12-14,36.583336,3.0,,2024-12-14,19.289317853545782
2024-12-14,36.583336,3.0833435,,2024-12-14,18.648702135525184
2024-12-14,36.583336,3.1666718,,2024-12-14,20.831708919035847
2024-12-14,36.583336,3.25,,2024-12-14,25.112182506309033
2024-12-14,36.66667,2.8333435,,2024-12-14,22.228234819302035
2024-12-14,36.66667,2.9166718,,2024-12-14,15.782881420103022
2024-12-14,36.66667,3.0,,2024-12-14,10.698609465725811
2024-12-14,36.66667,3.0833435,,2024-12-14,9.496464669132697
2024-12-14,36.66667,3.1666718,,2024-12-14,13.276882967911245
2024-12-14,36.66667,3.25,,2024-12-14,19.306074472517334
2024-12-14,36.75,2.8333435,-0.26154634,2024-12-14,20.194040166169533
2024-12-14,36.75,2.9166718,,2024-12-14,12.76987826840439
2024-12-14,36.75,3.0,,2024-12-14,5.345713953294998
2024-12-14,36.75,3.0833435,-0.2625049,2024-12-14,2.079801567910821
2024-12-14,36.75,3.1666718,-0.26321048,2024-12-14,9.50394748445699
2024-12-14,36.75,3.25,,2024-12-14,16.92811061876691
2024-12-14,36.833336,2.8333435,-0.26191053,2024-12-14,22.20863381656194
2024-12-14,36.833336,2.9166718,-0.26077855,2024-12-14,15.772124592603511
2024-12-14,36.833336,3.0,-0.2612218,2024-12-14,10.696398658202174
2024-12-14,36.833336,3.0833435,-0.2629191,2024-12-14,9.496747682395155
2024-12-14,36.833336,3.1666718,-0.26527262,2024-12-14,13.270048906298761
2024-12-14,36.833336,3.25,-0.26756638,2024-12-14,19.290330362086166
2024-12-14,36.91667,2.8333435,-0.26844144,2024-12-14,27.393082527538727
2024-12-14,36.91667,2.9166718,-0.2620921,2024-12-14,22.49852861582144
2024-12-14,36.91667,3.0,-0.26174712,2024-12-14,19.286865452625985
2024-12-14,36.91667,3.0833435,-0.2655934,2024-12-14,18.648990373299995
2024-12-14,36.91667,3.1666718,-0.27006513,2024-12-14,20.82299777897512
2024-12-14,36.91667,3.25,-0.27528673,2024-12-14,25.08797191414032
2024-12-15,36.583336,2.8333435,,2024-12-15,27.42486183499686
2024-12-15,36.583336,2.9166718,,2024-12-15,22.513610945271516
2024-12-15,36.583336,3.0,,2024-12-15,19.289317853545782
2024-12-15,36.583336,3.0833435,,2024-12-15,18.648702135525184
2024-12-15,36.583336,3.1666718,,2024-12-15,20.831708919035847
2024-12-15,36.583336,3.25,,2024-12-15,25.112182506309033
2024-12-15,36.66667,2.8333435,,2024-12-15,22.228234819302035
2024-12-15,36.66667,2.9166718,,2024-12-15,15.782881420103022
2024-12-15,36.66667,3.0,,2024-12-15,10.698609465725811
2024-12-15,36.66667,3.0833435,,2024-12-15,9.496464669132697
2024-12-15,36.66667,3.1666718,,2024-12-15,13.276882967911245
2024-12-15,36.66667,3.25,,2024-12-15,19.306074472517334
2024-12-15,36.75,2.8333435,-0.2830725,2024-12-15,20.194040166169533
2024-12-15,36.75,2.9166718,,2024-12-15,12.76987826840439
2024-12-15,36.75,3.0,,2024-12-15,5.345713953294998
2024-12-15,36.75,3.0833435,-0.28610495,2024-12-15,2.079801567910821
2024-12-15,36.75,3.1666718,-0.2867177,2024-12-15,9.50394748445699
2024-12-15,36.75,3.25,,2024-12-15,16.92811061876691
2024-12-15,36.833336,2.8333435,-0.28450257,2024-12-15,22.20863381656194
2024-12-15,36.833336,2.9166718,-0.2836572,2024-12-15,15.772124592603511
2024-12-15,36.833336,3.0,-0.28436807,2024-12-15,10.696398658202174
2024-12-15,36.833336,3.0833435,-0.28640878,2024-12-15,9.496747682395155
2024-12-15,36.833336,3.1666718,-0.28879353,2024-12-15,13.270048906298761
2024-12-15,36.833336,3.25,-0.29082742,2024-12-15,19.290330362086166
2024-12-15,36.91667,2.8333435,-0.29296896,2024-12-15,27.393082527538727
2024-12-15,36.91667,2.9166718,-0.28635946,2024-12-15,22.49852861582144
2024-12-15,36.91667,3.0,-0.2855167,2024-12-15,19.286865452625985
2024-12-15,36.91667,3.0833435,-0.2892045,2024-12-15,18.648990373299995
2024-12-15,36.91667,3.1666718,-0.29346654,2024-12-15,20.82299777897512
2024-12-15,36.91667,3.25,-0.29808617,2024-12-15,25.08797191414032
2024-12-16,36.583336,2.8333435,,2024-12-16,27.42486183499686
2024-12-16,36.583336,2.9166718,,2024-12-16,22.513610945271516
2024-12-16,36.583336,3.0,,2024-12-16,19.289317853545782
2024-12-16,36.583336,3.0833435,,2024-12-16,18.648702135525184
2024-12-16,36.583336,3.1666718,,2024-12-16,20.831708919035847
2024-12-16,36.583336,3.25,,2024-12-16,25.112182506309033
2024-12-16,36.66667,2.8333435,,2024-12-16,22.228234819302035
2024-12-16,36.66667,2.9166718,,2024-12-16,15.782881420103022
2024-12-16,36.66667,3.0,,2024-12-16,10.698609465725811
2024-12-16,36.66667,3.0833435,,2024-12-16,9.496464669132697
2024-12-16,36.66667,3.1666718,,2024-12-16,13.276882967911245
2024-12-16,36.66667,3.25,,2024-12-16,19.306074472517334
2024-12-16,36.75,2.8333435,-0.2838226,2024-12-16,20.194040166169533
2024-12-16,36.75,2.9166718,,2024-12-16,12.76987826840439
2024-12-16,36.75,3.0,,2024-12-16,5.345713953294998
2024-12-16,36.75,3.0833435,-0.28549984,2024-12-16,2.079801567910821
2024-12-16,36.75,3.1666718,-0.2863396,2024-12-16,9.50394748445699
2024-12-16,36.75,3.25,,2024-12-16,16.92811061876691
2024-12-16,36.833336,2.8333435,-0.28593656,2024-12-16,22.20863381656194
2024-12-16,36.833336,2.9166718,-0.2845326,2024-12-16,15.772124592603511
2024-12-16,36.833336,3.0,-0.28488216,2024-12-16,10.696398658202174
2024-12-16,36.833336,3.0833435,-0.28668964,2024-12-16,9.496747682395155
2024-12-16,36.833336,3.1666718,-0.28905356,2024-12-16,13.270048906298761
2024-12-16,36.833336,3.25,-0.291051,2024-12-16,19.290330362086166
2024-12-16,36.91667,2.8333435,-0.29753062,2024-12-16,27.393082527538727
2024-12-16,36.91667,2.9166718,-0.29053098,2024-12-16,22.49852861582144
2024-12-16,36.91667,3.0,-0.28846103,2024-12-16,19.286865452625985
2024-12-16,36.91667,3.0833435,-0.2912177,2024-12-16,18.648990373299995
2024-12-16,36.91667,3.1666718,-0.29538792,2024-12-16,20.82299777897512
2024-12-16,36.91667,3.25,-0.30003184,2024-12-16,25.08797191414032
2024-12-17,36.583336,2.8333435,,2024-12-17,27.42486183499686
2024-12-17,36.583336,2.9166718,,2024-12-17,22.513610945271516
2024-12-17,36.583336,3.0,,2024-12-17,19.289317853545782
2024-12-17,36.583336,3.0833435,,2024-12-17,18.648702135525184
2024-12-17,36.583336,3.1666718,,2024-12-17,20.831708919035847
2024-12-17,36.583336,3.25,,2024-12-17,25.112182506309033
2024-12-17,36.66667,2.8333435,,2024-12-17,22.228234819302035
2024-12-17,36.66667,2.9166718,,2024-12-17,15.782881420103022
2024-12-17,36.66667,3.0,,2024-12-17,10.698609465725811
2024-12-17,36.66667,3.0833435,,2024-12-17,9.496464669132697
2024-12-17,36.66667,3.1666718,,2024-12-17,13.276882967911245
2024-12-17,36.66667,3.25,,2024-12-17,19.306074472517334
2024-12-17,36.75,2.8333435,-0.30304232,2024-12-17,20.194040166169533
2024-12-17,36.75,2.9166718,,2024-12-17,12.76987826840439
2024-12-17,36.75,3.0,,2024-12-17,5.345713953294998
2024-12-17,36.75,3.0833435,-0.30384594,2024-12-17,2.079801567910821
2024-12-17,36.75,3.1666718,-0.30447087,2024-12-17,9.50394748445699
2024-12-17,36.75,3.25,,2024-12-17,16.92811061876691
2024-12-17,36.833336,2.8333435,-0.30410185,2024-12-17,22.20863381656194
2024-12-17,36.833336,2.9166718,-0.3031239,2024-12-17,15.772124592603511
2024-12-17,36.833336,3.0,-0.30346116,2024-12-17,10.696398658202174
2024-12-17,36.833336,3.0833435,-0.30493382,2024-12-17,9.496747682395155
2024-12-17,36.833336,3.1666718,-0.30701515,2024-12-17,13.270048906298761
2024-12-17,36.833336,3.25,-0.3089169,2024-12-17,19.290330362086166
2024-12-17,36.91667,2.8333435,-0.31584558,2024-12-17,27.393082527538727
2024-12-17,36.91667,2.9166718,-0.31002104,2024-12-17,22.49852861582144
2024-12-17,36.91667,3.0,-0.3071931,2024-12-17,19.286865452625985
2024-12-17,36.91667,3.0833435,-0.30889046,2024-12-17,18.648990373299995
2024-12-17,36.91667,3.1666718,-0.31298518,2024-12-17,20.82299777897512
2024-12-17,36.91667,3.25,-0.31773248,2024-12-17,25.08797191414032
2024-12-18,36.583336,2.8333435,,2024-12-18,27.42486183499686
2024-12-18,36.583336,2.9166718,,2024-12-18,22.513610945271516
2024-12-18,36.583336,3.0,,2024-12-18,19.289317853545782
2024-12-18,36.583336,3.0833435,,2024-12-18,18.648702135525184
2024-12-18,36.583336,3.1666718,,2024-12-18,20.831708919035847
2024-12-18,36.583336,3.25,,2024-12-18,25.112182506309033
2024-12-18,36.66667,2.8333435,,2024-12-18,22.228234819302035
2024-12-18,36.66667,2.9166718,,2024-12-18,15.782881420103022
2024-12-18,36.66667,3.0,,2024-12-18,10.698609465725811
2024-12-18,36.66667,3.0833435,,2024-12-18,9.496464669132697
2024-12-18,36.66667,3.1666718,,2024-12-18,13.276882967911245
2024-12-18,36.66667,3.25,,2024-12-18,19.306074472517334
2024-12-18,36.75,2.8333435,-0.3074452,2024-12-18,20.194040166169533
2024-12-18,36.75,2.9166718,,2024-12-18,12.76987826840439
2024-12-18,36.75,3.0,,2024-12-18,5.345713953294998
2024-12-18,36.75,3.0833435,-0.30652422,2024-12-18,2.079801567910821
2024-12-18,36.75,3.1666718,-0.30712384,2024-12-18,9.50394748445699
2024-12-18,36.75,3.25,,2024-12-18,16.92811061876691
2024-12-18,36.833336,2.8333435,-0.30660996,2024-12-18,22.20863381656194
2024-12-18,36.833336,2.9166718,-0.3057607,2024-12-18,15.772124592603511
2024-12-18,36.833336,3.0,-0.30576056,2024-12-18,10.696398658202174
2024-12-18,36.833336,3.0833435,-0.307065,2024-12-18,9.496747682395155
2024-12-18,36.833336,3.1666718,-0.30896163,2024-12-18,13.270048906298761
2024-12-18,36.833336,3.25,-0.31064266,2024-12-18,19.290330362086166
2024-12-18,36.91667,2.8333435,-0.31631553,2024-12-18,27.393082527538727
2024-12-18,36.91667,2.9166718,-0.3127642,2024-12-18,22.49852861582144
2024-12-18,36.91667,3.0,-0.31005168,2024-12-18,19.286865452625985
2024-12-18,36.91667,3.0833435,-0.31057408,2024-12-18,18.648990373299995
2024-12-18,36.91667,3.1666718,-0.3140857,2024-12-18,20.82299777897512
2024-12-18,36.91667,3.25,-0.3191057,2024-12-18,25.08797191414032
2024-12-19,36.583336,2.8333435,,2024-12-19,27.42486183499686
2024-12-19,36.583336,2.9166718,,2024-12-19,22.513610945271516
2024-12-19,36.583336,3.0,,2024-12-19,19.289317853545782
2024-12-19,36.583336,3.0833435,,2024-12-19,18.648702135525184
2024-12-19,36.583336,3.1666718,,2024-12-19,20.831708919035847
2024-12-19,36.583336,3.25,,2024-12-19,25.112182506309033
2024-12-19,36.66667,2.8333435,,2024-12-19,22.228234819302035
2024-12-19,36.66667,2.9166718,,2024-12-19,15.782881420103022
2024-12-19,36.66667,3.0,,2024-12-19,10.698609465725811
2024-12-19,36.66667,3.0833435,,2024-12-19,9.496464669132697
2024-12-19,36.66667,3.1666718,,2024-12-19,13.276882967911245
2024-12-19,36.66667,3.25,,2024-12-19,19.306074472517334
2024-12-19,36.75,2.8333435,-0.31306952,2024-12-19,20.194040166169533
2024-12-19,36.75,2.9166718,,2024-12-19,12.76987826840439
2024-12-19,36.75,3.0,,2024-12-19,5.345713953294998
2024-12-19,36.75,3.0833435,-0.31269944,2024-12-19,2.079801567910821
2024-12-19,36.75,3.1666718,-0.31298247,2024-12-19,9.50394748445699
2024-12-19,36.75,3.25,,2024-12-19,16.92811061876691
2024-12-19,36.833336,2.8333435,-0.3106073,2024-12-19,22.20863381656194
2024-12-19,36.833336,2.9166718,-0.31028548,2024-12-19,15.772124592603511
2024-12-19,36.833336,3.0,-0.3102028,2024-12-19,10.696398658202174
2024-12-19,36.833336,3.0833435,-0.3111431,2024-12-19,9.496747682395155
2024-12-19,36.833336,3.1666718,-0.31259808,2024-12-19,13.270048906298761
2024-12-19,36.833336,3.25,-0.31393284,2024-12-19,19.290330362086166
2024-12-19,36.91667,2.8333435,-0.31487253,2024-12-19,27.393082527538727
2024-12-19,36.91667,2.9166718,-0.31268355,2024-12-19,22.49852861582144
2024-12-19,36.91667,3.0,-0.31089598,2024-12-19,19.286865452625985
2024-12-19,36.91667,3.0833435,-0.31095913,2024-12-19,18.648990373299995
2024-12-19,36.91667,3.1666718,-0.31356072,2024-12-19,20.82299777897512
2024-12-19,36.91667,3.25,-0.31819573,2024-12-19,25.08797191414032
2024-12-20,36.583336,2.8333435,,2024-12-20,27.42486183499686
2024-12-20,36.583336,2.9166718,,2024-12-20,22.513610945271516
2024-12-20,36.583336,3.0,,2024-12-20,19.289317853545782
2024-12-20,36.583336,3.0833435,,2024-12-20,18.648702135525184
2024-12-20,36.583336,3.1666718,,2024-12-20,20.831708919035847
2024-12-20,36.583336,3.25,,2024-12-20,25.112182506309033
2024-12-20,36.66667,2.8333435,,2024-12-20,22.228234819302035
2024-12-20,36.66667,2.9166718,,2024-12-20,15.782881420103022
2024-12-20,36.66667,3.0,,2024-12-20,10.698609465725811
2024-12-20,36.66667,3.0833435,,2024-12-20,9.496464669132697
2024-12-20,36.66667,3.1666718,,2024-12-20,13.276882967911245
2024-12-20,36.66667,3.25,,2024-12-20,19.306074472517334
2024-12-20,36.75,2.8333435,-0.33559725,2024-12-20,20.194040166169533
2024-12-20,36.75,2.9166718,,2024-12-20,12.76987826840439
2024-12-20,36.75,3.0,,2024-12-20,5.345713953294998
2024-12-20,36.75,3.0833435,-0.3373447,2024-12-20,2.079801567910821
2024-12-20,36.75,3.1666718,-0.33770397,2024-12-20,9.50394748445699
2024-12-20,36.75,3.25,,2024-12-20,16.92811061876691
2024-12-20,36.833336,2.8333435,-0.33494925,2024-12-20,22.20863381656194
2024-12-20,36.833336,2.9166718,-0.3343322,2024-12-20,15.772124592603511
2024-12-20,36.833336,3.0,-0.33415526,2024-12-20,10.696398658202174
2024-12-20,36.833336,3.0833435,-0.33504814,2024-12-20,9.496747682395155
2024-12-20,36.833336,3.1666718,-0.3361988,2024-12-20,13.270048906298761
2024-12-20,36.833336,3.25,-0.336814,2024-12-20,19.290330362086166
2024-12-20,36.91667,2.8333435,-0.3395077,2024-12-20,27.393082527538727
2024-12-20,36.91667,2.9166718,-0.33625054,2024-12-20,22.49852861582144
2024-12-20,36.91667,3.0,-0.33413193,2024-12-20,19.286865452625985
2024-12-20,36.91667,3.0833435,-0.3336223,2024-12-20,18.648990373299995
2024-12-20,36.91667,3.1666718,-0.33526173,2024-12-20,20.82299777897512
2024-12-20,36.91667,3.25,-0.3393563,2024-12-20,25.08797191414032
2024-12-21,36.583336,2.8333435,,2024-12-21,27.42486183499686
2024-12-21,36.583336,2.9166718,,2024-12-21,22.513610945271516
2024-12-21,36.583336,3.0,,2024-12-21,19.289317853545782
2024-12-21,36.583336,3.0833435,,2024-12-21,18.648702135525184
2024-12-21,36.583336,3.1666718,,2024-12-21,20.831708919035847
2024-12-21,36.583336,3.25,,2024-12-21,25.112182506309033
2024-12-21,36.66667,2.8333435,,2024-12-21,22.228234819302035
2024-12-21,36.66667,2.9166718,,2024-12-21,15.782881420103022
2024-12-21,36.66667,3.0,,2024-12-21,10.698609465725811
2024-12-21,36.66667,3.0833435,,2024-12-21,9.496464669132697
2024-12-21,36.66667,3.1666718,,2024-12-21,13.276882967911245
2024-12-21,36.66667,3.25,,2024-12-21,19.306074472517334
2024-12-21,36.75,2.8333435,-0.3257457,2024-12-21,20.194040166169533
2024-12-21,36.75,2.9166718,,2024-12-21,12.76987826840439
2024-12-21,36.75,3.0,,2024-12-21,5.345713953294998
2024-12-21,36.75,3.0833435,-0.3307939,2024-12-21,2.079801567910821
2024-12-21,36.75,3.1666718,-0.33176613,2024-12-21,9.50394748445699
2024-12-21,36.75,3.25,,2024-12-21,16.92811061876691
2024-12-21,36.833336,2.8333435,-0.3278567,2024-12-21,22.20863381656194
2024-12-21,36.833336,2.9166718,-0.32706597,2024-12-21,15.772124592603511
2024-12-21,36.833336,3.0,-0.32696947,2024-12-21,10.696398658202174
2024-12-21,36.833336,3.0833435,-0.32794693,2024-12-21,9.496747682395155
2024-12-21,36.833336,3.1666718,-0.32911935,2024-12-21,13.270048906298761
2024-12-21,36.833336,3.25,-0.32955158,2024-12-21,19.290330362086166
2024-12-21,36.91667,2.8333435,-0.33331153,2024-12-21,27.393082527538727
2024-12-21,36.91667,2.9166718,-0.32886395,2024-12-21,22.49852861582144
2024-12-21,36.91667,3.0,-0.32578385,2024-12-21,19.286865452625985
2024-12-21,36.91667,3.0833435,-0.3246043,2024-12-21,18.648990373299995
2024-12-21,36.91667,3.1666718,-0.32536018,2024-12-21,20.82299777897512
2024-12-21,36.91667,3.25,-0.328264,2024-12-21,25.08797191414032
2024-12-22,36.583336,2.8333435,,2024-12-22,27.42486183499686
2024-12-22,36.583336,2.9166718,,2024-12-22,22.513610945271516
2024-12-22,36.583336,3.0,,2024-12-22,19.289317853545782
2024-12-22,36.583336,3.0833435,,2024-12-22,18.648702135525184
2024-12-22,36.583336,3.1666718,,2024-12-22,20.831708919035847
2024-12-22,36.583336,3.25,,2024-12-22,25.112182506309033
2024-12-22,36.66667,2.8333435,,2024-12-22,22.228234819302035
2024-12-22,36.66667,2.9166718,,2024-12-22,15.782881420103022
2024-12-22,36.66667,3.0,,2024-12-22,10.698609465725811
2024-12-22,36.66667,3.0833435,,2024-12-22,9.496464669132697
2024-12-22,36.66667,3.1666718,,2024-12-22,13.276882967911245
2024-12-22,36.66667,3.25,,2024-12-22,19.306074472517334
2024-12-22,36.75,2.8333435,-0.3191623,2024-12-22,20.194040166169533
2024-12-22,36.75,2.9166718,,2024-12-22,12.76987826840439
2024-12-22,36.75,3.0,,2024-12-22,5.345713953294998
2024-12-22,36.75,3.0833435,-0.32537794,2024-12-22,2.079801567910821
2024-12-22,36.75,3.1666718,-0.3258044,2024-12-22,9.50394748445699
2024-12-22,36.75,3.25,,2024-12-22,16.92811061876691
2024-12-22,36.833336,2.8333435,-0.3261381,2024-12-22,22.20863381656194
2024-12-22,36.833336,2.9166718,-0.32467934,2024-12-22,15.772124592603511
2024-12-22,36.833336,3.0,-0.3244277,2024-12-22,10.696398658202174
2024-12-22,36.833336,3.0833435,-0.32529137,2024-12-22,9.496747682395155
2024-12-22,36.833336,3.1666718,-0.3261965,2024-12-22,13.270048906298761
2024-12-22,36.833336,3.25,-0.32641318,2024-12-22,19.290330362086166
2024-12-22,36.91667,2.8333435,-0.3370625,2024-12-22,27.393082527538727
2024-12-22,36.91667,2.9166718,-0.33144173,2024-12-22,22.49852861582144
2024-12-22,36.91667,3.0,-0.32746997,2024-12-22,19.286865452625985
2024-12-22,36.91667,3.0833435,-0.32485607,2024-12-22,18.648990373299995
2024-12-22,36.91667,3.1666718,-0.32399052,2024-12-22,20.82299777897512
2024-12-22,36.91667,3.25,-0.32532156,2024-12-22,25.08797191414032
2024-12-23,36.583336,2.8333435,,2024-12-23,27.42486183499686
2024-12-23,36.583336,2.9166718,,2024-12-23,22.513610945271516
2024-12-23,36.583336,3.0,,2024-12-23,19.289317853545782
2024-12-23,36.583336,3.0833435,,2024-12-23,18.648702135525184
2024-12-23,36.583336,3.1666718,,2024-12-23,20.831708919035847
2024-12-23,36.583336,3.25,,2024-12-23,25.112182506309033
2024-12-23,36.66667,2.8333435,,2024-12-23,22.228234819302035
2024-12-23,36.66667,2.9166718,,2024-12-23,15.782881420103022
2024-12-23,36.66667,3.0,,2024-12-23,10.698609465725811
2024-12-23,36.66667,3.0833435,,2024-12-23,9.496464669132697
2024-12-23,36.66667,3.1666718,,2024-12-23,13.276882967911245
2024-12-23,36.66667,3.25,,2024-12-23,19.306074472517334
2024-12-23,36.75,2.8333435,-0.32561395,2024-12-23,20.194040166169533
2024-12-23,36.75,2.9166718,,2024-12-23,12.76987826840439
2024-12-23,36.75,3.0,,2024-12-23,5.345713953294998
2024-12-23,36.75,3.0833435,-0.32863954,2024-12-23,2.079801567910821
2024-12-23,36.75,3.1666718,-0.3270746,2024-12-23,9.50394748445699
2024-12-23,36.75,3.25,,2024-12-23,16.92811061876691
2024-12-23,36.833336,2.8333435,-0.33915997,2024-12-23,22.20863381656194
2024-12-23,36.833336,2.9166718,-0.3349735,2024-12-23,15.772124592603511
2024-12-23,36.833336,3.0,-0.33349314,2024-12-23,10.696398658202174
2024-12-23,36.833336,3.0833435,-0.33363226,2024-12-23,9.496747682395155
2024-12-23,36.833336,3.1666718,-0.33431602,2024-12-23,13.270048906298761
2024-12-23,36.833336,3.25,-0.3336236,2024-12-23,19.290330362086166
2024-12-23,36.91667,2.8333435,-0.35975796,2024-12-23,27.393082527538727
2024-12-23,36.91667,2.9166718,-0.35019073,2024-12-23,22.49852861582144
2024-12-23,36.91667,3.0,-0.3446087,2024-12-23,19.286865452625985
2024-12-23,36.91667,3.0833435,-0.3410266,2024-12-23,18.648990373299995
2024-12-23,36.91667,3.1666718,-0.33832657,2024-12-23,20.82299777897512
2024-12-23,36.91667,3.25,-0.33705443,2024-12-23,25.08797191414032
2024-12-24,36.583336,2.8333435,,2024-12-24,27.42486183499686
2024-12-24,36.583336,2.9166718,,2024-12-24,22.513610945271516
2024-12-24,36.583336,3.0,,2024-12-24,19.289317853545782
2024-12-24,36.583336,3.0833435,,2024-12-24,18.648702135525184
2024-12-24,36.583336,3.1666718,,2024-12-24,20.831708919035847
2024-12-24,36.583336,3.25,,2024-12-24,25.112182506309033
2024-12-24,36.66667,2.8333435,,2024-12-24,22.228234819302035
2024-12-24,36.66667,2.9166718,,2024-12-24,15.782881420103022
2024-12-24,36.66667,3.0,,2024-12-24,10.698609465725811
2024-12-24,36.66667,3.0833435,,2024-12-24,9.496464669132697
2024-12-24,36.66667,3.1666718,,2024-12-24,13.276882967911245
2024-12-24,36.66667,3.25,,2024-12-24,19.306074472517334
2024-12-24,36.75,2.8333435,-0.30455723,2024-12-24,20.194040166169533
2024-12-24,36.75,2.9166718,,2024-12-24,12.76987826840439
2024-12-24,36.75,3.0,,2024-12-24,5.345713953294998
2024-12-24,36.75,3.0833435,-0.30044708,2024-12-24,2.079801567910821
2024-12-24,36.75,3.1666718,-0.29972088,2024-12-24,9.50394748445699
2024-12-24,36.75,3.25,,2024-12-24,16.92811061876691
2024-12-24,36.833336,2.8333435,-0.31603697,2024-12-24,22.20863381656194
2024-12-24,36.833336,2.9166718,-0.3084731,2024-12-24,15.772124592603511
2024-12-24,36.833336,3.0,-0.30495486,2024-12-24,10.696398658202174
2024-12-24,36.833336,3.0833435,-0.3034079,2024-12-24,9.496747682395155
2024-12-24,36.833336,3.1666718,-0.30362436,2024-12-24,13.270048906298761
2024-12-24,36.833336,3.25,-0.3026211,2024-12-24,19.290330362086166
2024-12-24,36.91667,2.8333435,-0.33951914,2024-12-24,27.393082527538727
2024-12-24,36.91667,2.9166718,-0.3247297,2024-12-24,22.49852861582144
2024-12-24,36.91667,3.0,-0.31499916,2024-12-24,19.286865452625985
2024-12-24,36.91667,3.0833435,-0.30982777,2024-12-24,18.648990373299995
2024-12-24,36.91667,3.1666718,-0.30659744,2024-12-24,20.82299777897512
2024-12-24,36.91667,3.25,-0.30360642,2024-12-24,25.08797191414032
2024-12-25,36.583336,2.8333435,,2024-12-25,27.42486183499686
2024-12-25,36.583336,2.9166718,,2024-12-25,22.513610945271516
2024-12-25,36.583336,3.0,,2024-12-25,19.289317853545782
2024-12-25,36.583336,3.0833435,,2024-12-25,18.648702135525184
2024-12-25,36.583336,3.1666718,,2024-12-25,20.831708919035847
2024-12-25,36.583336,3.25,,2024-12-25,25.112182506309033
2024-12-25,36.66667,2.8333435,,2024-12-25,22.228234819302035
2024-12-25,36.66667,2.9166718,,2024-12-25,15.782881420103022
2024-12-25,36.66667,3.0,,2024-12-25,10.698609465725811
2024-12-25,36.66667,3.0833435,,2024-12-25,9.496464669132697
2024-12-25,36.66667,3.1666718,,2024-12-25,13.276882967911245
2024-12-25,36.66667,3.25,,2024-12-25,19.306074472517334
2024-12-25,36.75,2.8333435,-0.28902036,2024-12-25,20.194040166169533
2024-12-25,36.75,2.9166718,,2024-12-25,12.76987826840439
2024-12-25,36.75,3.0,,2024-12-25,5.345713953294998
2024-12-25,36.75,3.0833435,-0.28685284,2024-12-25,2.079801567910821
2024-12-25,36.75,3.1666718,-0.28719383,2024-12-25,9.50394748445699
2024-12-25,36.75,3.25,,2024-12-25,16.92811061876691
2024-12-25,36.833336,2.8333435,-0.30325028,2024-12-25,22.20863381656194
2024-12-25,36.833336,2.9166718,-0.29474625,2024-12-25,15.772124592603511
2024-12-25,36.833336,3.0,-0.2896881,2024-12-25,10.696398658202174
2024-12-25,36.833336,3.0833435,-0.28765067,2024-12-25,9.496747682395155
2024-12-25,36.833336,3.1666718,-0.28804958,2024-12-25,13.270048906298761
2024-12-25,36.833336,3.25,-0.28754598,2024-12-25,19.290330362086166
2024-12-25,36.91667,2.8333435,-0.32895753,2024-12-25,27.393082527538727
2024-12-25,36.91667,2.9166718,-0.31287044,2024-12-25,22.49852861582144
2024-12-25,36.91667,3.0,-0.29972517,2024-12-25,19.286865452625985
2024-12-25,36.91667,3.0833435,-0.2919998,2024-12-25,18.648990373299995
2024-12-25,36.91667,3.1666718,-0.28836843,2024-12-25,20.82299777897512
2024-12-25,36.91667,3.25,-0.285231,2024-12-25,25.08797191414032
2024-12-26,36.583336,2.8333435,,2024-12-26,27.42486183499686
2024-12-26,36.583336,2.9166718,,2024-12-26,22.513610945271516
2024-12-26,36.583336,3.0,,2024-12-26,19.289317853545782
2024-12-26,36.583336,3.0833435,,2024-12-26,18.648702135525184
2024-12-26,36.583336,3.1666718,,2024-12-26,20.831708919035847
2024-12-26,36.583336,3.25,,2024-12-26,25.112182506309033
2024-12-26,36.66667,2.8333435,,2024-12-26,22.228234819302035
2024-12-26,36.66667,2.9166718,,2024-12-26,15.782881420103022
2024-12-26,36.66667,3.0,,2024-12-26,10.698609465725811
2024-12-26,36.66667,3.0833435,,2024-12-26,9.496464669132697
2024-12-26,36.66667,3.1666718,,2024-12-26,13.276882967911245
2024-12-26,36.66667,3.25,,2024-12-26,19.306074472517334
2024-12-26,36.75,2.8333435,-0.28795764,2024-12-26,20.194040166169533
2024-12-26,36.75,2.9166718,,2024-12-26,12.76987826840439
2024-12-26,36.75,3.0,,2024-12-26,5.345713953294998
2024-12-26,36.75,3.0833435,-0.28504506,2024-12-26,2.079801567910821
2024-12-26,36.75,3.1666718,-0.2848466,2024-12-26,9.50394748445699
2024-12-26,36.75,3.25,,2024-12-26,16.92811061876691
2024-12-26,36.833336,2.8333435,-0.30346724,2024-12-26,22.20863381656194
2024-12-26,36.833336,2.9166718,-0.29625586,2024-12-26,15.772124592603511
2024-12-26,36.833336,3.0,-0.29091424,2024-12-26,10.696398658202174
2024-12-26,36.833336,3.0833435,-0.28794825,2024-12-26,9.496747682395155
2024-12-26,36.833336,3.1666718,-0.2877088,2024-12-26,13.270048906298761
2024-12-26,36.833336,3.25,-0.28765494,2024-12-26,19.290330362086166
2024-12-26,36.91667,2.8333435,-0.3323616,2024-12-26,27.393082527538727
2024-12-26,36.91667,2.9166718,-0.3188984,2024-12-26,22.49852861582144
2024-12-26,36.91667,3.0,-0.30596727,2024-12-26,19.286865452625985
2024-12-26,36.91667,3.0833435,-0.29624656,2024-12-26,18.648990373299995
2024-12-26,36.91667,3.1666718,-0.29127192,2024-12-26,20.82299777897512
2024-12-26,36.91667,3.25,-0.2880046,2024-12-26,25.08797191414032
2024-12-27,36.583336,2.8333435,,2024-12-27,27.42486183499686
2024-12-27,36.583336,2.9166718,,2024-12-27,22.513610945271516
2024-12-27,36.583336,3.0,,2024-12-27,19.289317853545782
2024-12-27,36.583336,3.0833435,,2024-12-27,18.648702135525184
2024-12-27,36.583336,3.1666718,,2024-12-27,20.831708919035847
2024-12-27,36.583336,3.25,,2024-12-27,25.112182506309033
2024-12-27,36.66667,2.8333435,,2024-12-27,22.228234819302035
2024-12-27,36.66667,2.9166718,,2024-12-27,15.782881420103022
2024-12-27,36.66667,3.0,,2024-12-27,10.698609465725811
2024-12-27,36.66667,3.0833435,,2024-12-27,9.496464669132697
2024-12-27,36.66667,3.1666718,,2024-12-27,13.276882967911245
2024-12-27,36.66667,3.25,,2024-12-27,19.306074472517334
2024-12-27,36.75,2.8333435,-0.30208442,2024-12-27,20.194040166169533
2024-12-27,36.75,2.9166718,,2024-12-27,12.76987826840439
2024-12-27,36.75,3.0,,2024-12-27,5.345713953294998
2024-12-27,36.75,3.0833435,-0.29952967,2024-12-27,2.079801567910821
2024-12-27,36.75,3.1666718,-0.29928607,2024-12-27,9.50394748445699
2024-12-27,36.75,3.25,,2024-12-27,16.92811061876691
2024-12-27,36.833336,2.8333435,-0.31331947,2024-12-27,22.20863381656194
2024-12-27,36.833336,2.9166718,-0.30826592,2024-12-27,15.772124592603511
2024-12-27,36.833336,3.0,-0.30455586,2024-12-27,10.696398658202174
2024-12-27,36.833336,3.0833435,-0.30137035,2024-12-27,9.496747682395155
2024-12-27,36.833336,3.1666718,-0.29974514,2024-12-27,13.270048906298761
2024-12-27,36.833336,3.25,-0.2992032,2024-12-27,19.290330362086166
2024-12-27,36.91667,2.8333435,-0.33995774,2024-12-27,27.393082527538727
2024-12-27,36.91667,2.9166718,-0.32844,2024-12-27,22.49852861582144
2024-12-27,36.91667,3.0,-0.31784466,2024-12-27,19.286865452625985
2024-12-27,36.91667,3.0833435,-0.30861002,2024-12-27,18.648990373299995
2024-12-27,36.91667,3.1666718,-0.30271164,2024-12-27,20.82299777897512
2024-12-27,36.91667,3.25,-0.2989312,2024-12-27,25.08797191414032
2024-12-28,36.583336,2.8333435,,2024-12-28,27.42486183499686
2024-12-28,36.583336,2.9166718,,2024-12-28,22.513610945271516
2024-12-28,36.583336,3.0,,2024-12-28,19.289317853545782
2024-12-28,36.583336,3.0833435,,2024-12-28,18.648702135525184
2024-12-28,36.583336,3.1666718,,2024-12-28,20.831708919035847
2024-12-28,36.583336,3.25,,2024-12-28,25.112182506309033
2024-12-28,36.66667,2.8333435,,2024-12-28,22.228234819302035
2024-12-28,36.66667,2.9166718,,2024-12-28,15.782881420103022
2024-12-28,36.66667,3.0,,2024-12-28,10.698609465725811
2024-12-28,36.66667,3.0833435,,2024-12-28,9.496464669132697
2024-12-28,36.66667,3.1666718,,2024-12-28,13.276882967911245
2024-12-28,36.66667,3.25,,2024-12-28,19.306074472517334
2024-12-28,36.75,2.8333435,-0.3210174,2024-12-28,20.194040166169533
2024-12-28,36.75,2.9166718,,2024-12-28,12.76987826840439
2024-12-28,36.75,3.0,,2024-12-28,5.345713953294998
2024-12-28,36.75,3.0833435,-0.32011333,2024-12-28,2.079801567910821
2024-12-28,36.75,3.1666718,-0.3199248,2024-12-28,9.50394748445699
2024-12-28,36.75,3.25,,2024-12-28,16.92811061876691
2024-12-28,36.833336,2.8333435,-0.3312589,2024-12-28,22.20863381656194
2024-12-28,36.833336,2.9166718,-0.32660234,2024-12-28,15.772124592603511
2024-12-28,36.833336,3.0,-0.32433248,2024-12-28,10.696398658202174
2024-12-28,36.833336,3.0833435,-0.32229283,2024-12-28,9.496747682395155
2024-12-28,36.833336,3.1666718,-0.32046312,2024-12-28,13.270048906298761
2024-12-28,36.833336,3.25,-0.31983107,2024-12-28,19.290330362086166
2024-12-28,36.91667,2.8333435,-0.35907272,2024-12-28,27.393082527538727
2024-12-28,36.91667,2.9166718,-0.34766805,2024-12-28,22.49852861582144
2024-12-28,36.91667,3.0,-0.33773267,2024-12-28,19.286865452625985
2024-12-28,36.91667,3.0833435,-0.32968816,2024-12-28,18.648990373299995
2024-12-28,36.91667,3.1666718,-0.32409954,2024-12-28,20.82299777897512
2024-12-28,36.91667,3.25,-0.32089996,2024-12-28,25.08797191414032
2024-12-29,36.583336,2.8333435,,2024-12-29,27.42486183499686
2024-12-29,36.583336,2.9166718,,2024-12-29,22.513610945271516
2024-12-29,36.583336,3.0,,2024-12-29,19.289317853545782
2024-12-29,36.583336,3.0833435,,2024-12-29,18.648702135525184
2024-12-29,36.583336,3.1666718,,2024-12-29,20.831708919035847
2024-12-29,36.583336,3.25,,2024-12-29,25.112182506309033
2024-12-29,36.66667,2.8333435,,2024-12-29,22.228234819302035
2024-12-29,36.66667,2.9166718,,2024-12-29,15.782881420103022
2024-12-29,36.66667,3.0,,2024-12-29,10.698609465725811
2024-12-29,36.66667,3.0833435,,2024-12-29,9.496464669132697
2024-12-29,36.66667,3.1666718,,2024-12-29,13.276882967911245
2024-12-29,36.66667,3.25,,2024-12-29,19.306074472517334
2024-12-29,36.75,2.8333435,-0.33534476,2024-12-29,20.194040166169533
2024-12-29,36.75,2.9166718,,2024-12-29,12.76987826840439
2024-12-29,36.75,3.0,,2024-12-29,5.345713953294998
2024-12-29,36.75,3.0833435,-0.33397764,2024-12-29,2.079801567910821
2024-12-29,36.75,3.1666718,-0.3339919,2024-12-29,9.50394748445699
2024-12-29,36.75,3.25,,2024-12-29,16.92811061876691
2024-12-29,36.833336,2.8333435,-0.3426725,2024-12-29,22.20863381656194
2024-12-29,36.833336,2.9166718,-0.33843946,2024-12-29,15.772124592603511
2024-12-29,36.833336,3.0,-0.33631355,2024-12-29,10.696398658202174
2024-12-29,36.833336,3.0833435,-0.33524638,2024-12-29,9.496747682395155
2024-12-29,36.833336,3.1666718,-0.3336004,2024-12-29,13.270048906298761
2024-12-29,36.833336,3.25,-0.33231315,2024-12-29,19.290330362086166
2024-12-29,36.91667,2.8333435,-0.3665228,2024-12-29,27.393082527538727
2024-12-29,36.91667,2.9166718,-0.35603115,2024-12-29,22.49852861582144
2024-12-29,36.91667,3.0,-0.3467782,2024-12-29,19.286865452625985
2024-12-29,36.91667,3.0833435,-0.3400171,2024-12-29,18.648990373299995
2024-12-29,36.91667,3.1666718,-0.3348842,2024-12-29,20.82299777897512
2024-12-29,36.91667,3.25,-0.33130974,2024-12-29,25.08797191414032
2024-12-30,36.583336,2.8333435,,2024-12-30,27.42486183499686
2024-12-30,36.583336,2.9166718,,2024-12-30,22.513610945271516
2024-12-30,36.583336,3.0,,2024-12-30,19.289317853545782
2024-12-30,36.583336,3.0833435,,2024-12-30,18.648702135525184
2024-12-30,36.583336,3.1666718,,2024-12-30,20.831708919035847
2024-12-30,36.583336,3.25,,2024-12-30,25.112182506309033
2024-12-30,36.66667,2.8333435,,2024-12-30,22.228234819302035
2024-12-30,36.66667,2.9166718,,2024-12-30,15.782881420103022
2024-12-30,36.66667,3.0,,2024-12-30,10.698609465725811
2024-12-30,36.66667,3.0833435,,2024-12-30,9.496464669132697
2024-12-30,36.66667,3.1666718,,2024-12-30,13.276882967911245
2024-12-30,36.66667,3.25,,2024-12-30,19.306074472517334
2024-12-30,36.75,2.8333435,-0.3470451,2024-12-30,20.194040166169533
2024-12-30,36.75,2.9166718,,2024-12-30,12.76987826840439
2024-12-30,36.75,3.0,,2024-12-30,5.345713953294998
2024-12-30,36.75,3.0833435,-0.3451459,2024-12-30,2.079801567910821
2024-12-30,36.75,3.1666718,-0.34521386,2024-12-30,9.50394748445699
2024-12-30,36.75,3.25,,2024-12-30,16.92811061876691
2024-12-30,36.833336,2.8333435,-0.35144523,2024-12-30,22.20863381656194
2024-12-30,36.833336,2.9166718,-0.34776315,2024-12-30,15.772124592603511
2024-12-30,36.833336,3.0,-0.34586096,2024-12-30,10.696398658202174
2024-12-30,36.833336,3.0833435,-0.3451693,2024-12-30,9.496747682395155
2024-12-30,36.833336,3.1666718,-0.3441806,2024-12-30,13.270048906298761
2024-12-30,36.833336,3.25,-0.34320024,2024-12-30,19.290330362086166
2024-12-30,36.91667,2.8333435,-0.3710607,2024-12-30,27.393082527538727
2024-12-30,36.91667,2.9166718,-0.36113757,2024-12-30,22.49852861582144
2024-12-30,36.91667,3.0,-0.352428,2024-12-30,19.286865452625985
2024-12-30,36.91667,3.0833435,-0.34674826,2024-12-30,18.648990373299995
2024-12-30,36.91667,3.1666718,-0.34262657,2024-12-30,20.82299777897512
2024-12-30,36.91667,3.25,-0.33951125,2024-12-30,25.08797191414032
2024-12-31,36.583336,2.8333435,,2024-12-31,27.42486183499686
2024-12-31,36.583336,2.9166718,,2024-12-31,22.513610945271516
2024-12-31,36.583336,3.0,,2024-12-31,19.289317853545782
2024-12-31,36.583336,3.0833435,,2024-12-31,18.648702135525184
2024-12-31,36.583336,3.1666718,,2024-12-31,20.831708919035847
2024-12-31,36.583336,3.25,,2024-12-31,25.112182506309033
2024-12-31,36.66667,2.8333435,,2024-12-31,22.228234819302035
2024-12-31,36.66667,2.9166718,,2024-12-31,15.782881420103022
2024-12-31,36.66667,3.0,,2024-12-31,10.698609465725811
2024-12-31,36.66667,3.0833435,,2024-12-31,9.496464669132697
2024-12-31,36.66667,3.1666718,,2024-12-31,13.276882967911245
2024-12-31,36.66667,3.25,,2024-12-31,19.306074472517334
2024-12-31,36.75,2.8333435,-0.35205737,2024-12-31,20.194040166169533
2024-12-31,36.75,2.9166718,,2024-12-31,12.76987826840439
2024-12-31,36.75,3.0,,2024-12-31,5.345713953294998
2024-12-31,36.75,3.0833435,-0.35178667,2024-12-31,2.079801567910821
2024-12-31,36.75,3.1666718,-0.35212728,2024-12-31,9.50394748445699
2024-12-31,36.75,3.25,,2024-12-31,16.92811061876691
2024-12-31,36.833336,2.8333435,-0.355059,2024-12-31,22.20863381656194
2024-12-31,36.833336,2.9166718,-0.35241058,2024-12-31,15.772124592603511
2024-12-31,36.833336,3.0,-0.35104108,2024-12-31,10.696398658202174
2024-12-31,36.833336,3.0833435,-0.35073233,2024-12-31,9.496747682395155
2024-12-31,36.833336,3.1666718,-0.35001466,2024-12-31,13.270048906298761
2024-12-31,36.833336,3.25,-0.34906957,2024-12-31,19.290330362086166
2024-12-31,36.91667,2.8333435,-0.3708847,2024-12-31,27.393082527538727
2024-12-31,36.91667,2.9166718,-0.36166474,2024-12-31,22.49852861582144
2024-12-31,36.91667,3.0,-0.35391337,2024-12-31,19.286865452625985
2024-12-31,36.91667,3.0833435,-0.34924737,2024-12-31,18.648990373299995
2024-12-31,36.91667,3.1666718,-0.34589902,2024-12-31,20.82299777897512
2024-12-31,36.91667,3.25,-0.34309992,2024-12-31,25.08797191414032
2025-01-01,36.583336,2.8333435,,2025-01-01,27.42486183499686
2025-01-01,36.583336,2.9166718,,2025-01-01,22.513610945271516
2025-01-01,36.583336,3.0,,2025-01-01,19.289317853545782
2025-01-01,36.583336,3.0833435,,2025-01-01,18.648702135525184
2025-01-01,36.583336,3.1666718,,2025-01-01,20.831708919035847
2025-01-01,36.583336,3.25,,2025-01-01,25.112182506309033
2025-01-01,36.66667,2.8333435,,2025-01-01,22.228234819302035
2025-01-01,36.66667,2.9166718,,2025-01-01,15.782881420103022
2025-01-01,36.66667,3.0,,2025-01-01,10.698609465725811
2025-01-01,36.66667,3.0833435,,2025-01-01,9.496464669132697
2025-01-01,36.66667,3.1666718,,2025-01-01,13.276882967911245
2025-01-01,36.66667,3.25,,2025-01-01,19.306074472517334
2025-01-01,36.75,2.8333435,-0.35293174,2025-01-01,20.194040166169533
2025-01-01,36.75,2.9166718,,2025-01-01,12.76987826840439
2025-01-01,36.75,3.0,,2025-01-01,5.345713953294998
2025-01-01,36.75,3.0833435,-0.35514793,2025-01-01,2.079801567910821
2025-01-01,36.75,3.1666718,-0.35536417,2025-01-01,9.50394748445699
2025-01-01,36.75,3.25,,2025-01-01,16.92811061876691
2025-01-01,36.833336,2.8333435,-0.358236,2025-01-01,22.20863381656194
2025-01-01,36.833336,2.9166718,-0.35583702,2025-01-01,15.772124592603511
2025-01-01,36.833336,3.0,-0.35491142,2025-01-01,10.696398658202174
2025-01-01,36.833336,3.0833435,-0.35524017,2025-01-01,9.496747682395155
2025-01-01,36.833336,3.1666718,-0.35514376,2025-01-01,13.270048906298761
2025-01-01,36.833336,3.25,-0.3544354,2025-01-01,19.290330362086166
2025-01-01,36.91667,2.8333435,-0.3735671,2025-01-01,27.393082527538727
2025-01-01,36.91667,2.9166718,-0.36518312,2025-01-01,22.49852861582144
2025-01-01,36.91667,3.0,-0.35848358,2025-01-01,19.286865452625985
2025-01-01,36.91667,3.0833435,-0.35463881,2025-01-01,18.648990373299995
2025-01-01,36.91667,3.1666718,-0.35181198,2025-01-01,20.82299777897512
2025-01-01,36.91667,3.25,-0.34941256,2025-01-01,25.08797191414032
2025-01-02,36.583336,2.8333435,,2025-01-02,27.42486183499686
2025-01-02,36.583336,2.9166718,,2025-01-02,22.513610945271516
2025-01-02,36.583336,3.0,,2025-01-02,19.289317853545782
2025-01-02,36.583336,3.0833435,,2025-01-02,18.648702135525184
2025-01-02,36.583336,3.1666718,,2025-01-02,20.831708919035847
2025-01-02,36.583336,3.25,,2025-01-02,25.112182506309033
2025-01-02,36.66667,2.8333435,,2025-01-02,22.228234819302035
2025-01-02,36.66667,2.9166718,,2025-01-02,15.782881420103022
2025-01-02,36.66667,3.0,,2025-01-02,10.698609465725811
2025-01-02,36.66667,3.0833435,,2025-01-02,9.496464669132697
2025-01-02,36.66667,3.1666718,,2025-01-02,13.276882967911245
2025-01-02,36.66667,3.25,,2025-01-02,19.306074472517334
2025-01-02,36.75,2.8333435,-0.34894085,2025-01-02,20.194040166169533
2025-01-02,36.75,2.9166718,,2025-01-02,12.76987826840439
2025-01-02,36.75,3.0,,2025-01-02,5.345713953294998
2025-01-02,36.75,3.0833435,-0.35393348,2025-01-02,2.079801567910821
2025-01-02,36.75,3.1666718,-0.35385147,2025-01-02,9.50394748445699
2025-01-02,36.75,3.25,,2025-01-02,16.92811061876691
2025-01-02,36.833336,2.8333435,-0.35886693,2025-01-02,22.20863381656194
2025-01-02,36.833336,2.9166718,-0.35641524,2025-01-02,15.772124592603511
2025-01-02,36.833336,3.0,-0.35566157,2025-01-02,10.696398658202174
2025-01-02,36.833336,3.0833435,-0.35677624,2025-01-02,9.496747682395155
2025-01-02,36.833336,3.1666718,-0.3578349,2025-01-02,13.270048906298761
2025-01-02,36.833336,3.25,-0.35792488,2025-01-02,19.290330362086166
2025-01-02,36.91667,2.8333435,-0.3771394,2025-01-02,27.393082527538727
2025-01-02,36.91667,2.9166718,-0.36979052,2025-01-02,22.49852861582144
2025-01-02,36.91667,3.0,-0.36395508,2025-01-02,19.286865452625985
2025-01-02,36.91667,3.0833435,-0.360914,2025-01-02,18.648990373299995
2025-01-02,36.91667,3.1666718,-0.3588992,2025-01-02,20.82299777897512
2025-01-02,36.91667,3.25,-0.357226,2025-01-02,25.08797191414032
2025-01-03,36.583336,2.8333435,,2025-01-03,27.42486183499686
2025-01-03,36.583336,2.9166718,,2025-01-03,22.513610945271516
2025-01-03,36.583336,3.0,,2025-01-03,19.289317853545782
2025-01-03,36.583336,3.0833435,,2025-01-03,18.648702135525184
2025-01-03,36.583336,3.1666718,,2025-01-03,20.831708919035847
2025-01-03,36.583336,3.25,,2025-01-03,25.112182506309033
2025-01-03,36.66667,2.8333435,,2025-01-03,22.228234819302035
2025-01-03,36.66667,2.9166718,,2025-01-03,15.782881420103022
2025-01-03,36.66667,3.0,,2025-01-03,10.698609465725811
2025-01-03,36.66667,3.0833435,,2025-01-03,9.496464669132697
2025-01-03,36.66667,3.1666718,,2025-01-03,13.276882967911245
2025-01-03,36.66667,3.25,,2025-01-03,19.306074472517334
2025-01-03,36.75,2.8333435,-0.3378131,2025-01-03,20.194040166169533
2025-01-03,36.75,2.9166718,,2025-01-03,12.76987826840439
2025-01-03,36.75,3.0,,2025-01-03,5.345713953294998
2025-01-03,36.75,3.0833435,-0.34166127,2025-01-03,2.079801567910821
2025-01-03,36.75,3.1666718,-0.34069705,2025-01-03,9.50394748445699
2025-01-03,36.75,3.25,,2025-01-03,16.92811061876691
2025-01-03,36.833336,2.8333435,-0.35275874,2025-01-03,22.20863381656194
2025-01-03,36.833336,2.9166718,-0.34908837,2025-01-03,15.772124592603511
2025-01-03,36.833336,3.0,-0.3475938,2025-01-03,10.696398658202174
2025-01-03,36.833336,3.0833435,-0.34826177,2025-01-03,9.496747682395155
2025-01-03,36.833336,3.1666718,-0.3497128,2025-01-03,13.270048906298761
2025-01-03,36.833336,3.25,-0.350962,2025-01-03,19.290330362086166
2025-01-03,36.91667,2.8333435,-0.37811443,2025-01-03,27.393082527538727
2025-01-03,36.91667,2.9166718,-0.37150398,2025-01-03,22.49852861582144
2025-01-03,36.91667,3.0,-0.36547908,2025-01-03,19.286865452625985
2025-01-03,36.91667,3.0833435,-0.36164847,2025-01-03,18.648990373299995
2025-01-03,36.91667,3.1666718,-0.3599045,2025-01-03,20.82299777897512
2025-01-03,36.91667,3.25,-0.35924953,2025-01-03,25.08797191414032
2025-01-04,36.583336,2.8333435,,2025-01-04,27.42486183499686
2025-01-04,36.583336,2.9166718,,2025-01-04,22.513610945271516
2025-01-04,36.583336,3.0,,2025-01-04,19.289317853545782
2025-01-04,36.583336,3.0833435,,2025-01-04,18.648702135525184
2025-01-04,36.583336,3.1666718,,2025-01-04,20.831708919035847
2025-01-04,36.583336,3.25,,2025-01-04,25.112182506309033
2025-01-04,36.66667,2.8333435,,2025-01-04,22.228234819302035
2025-01-04,36.66667,2.9166718,,2025-01-04,15.782881420103022
2025-01-04,36.66667,3.0,,2025-01-04,10.698609465725811
2025-01-04,36.66667,3.0833435,,2025-01-04,9.496464669132697
2025-01-04,36.66667,3.1666718,,2025-01-04,13.276882967911245
2025-01-04,36.66667,3.25,,2025-01-04,19.306074472517334
2025-01-04,36.75,2.8333435,-0.31697294,2025-01-04,20.194040166169533
2025-01-04,36.75,2.9166718,,2025-01-04,12.76987826840439
2025-01-04,36.75,3.0,,2025-01-04,5.345713953294998
2025-01-04,36.75,3.0833435,-0.3191937,2025-01-04,2.079801567910821
2025-01-04,36.75,3.1666718,-0.3182283,2025-01-04,9.50394748445699
2025-01-04,36.75,3.25,,2025-01-04,16.92811061876691
2025-01-04,36.833336,2.8333435,-0.3350274,2025-01-04,22.20863381656194
2025-01-04,36.833336,2.9166718,-0.3300144,2025-01-04,15.772124592603511
2025-01-04,36.833336,3.0,-0.3274315,2025-01-04,10.696398658202174
2025-01-04,36.833336,3.0833435,-0.32687035,2025-01-04,9.496747682395155
2025-01-04,36.833336,3.1666718,-0.32759354,2025-01-04,13.270048906298761
2025-01-04,36.833336,3.25,-0.32904646,2025-01-04,19.290330362086166
2025-01-04,36.91667,2.8333435,-0.3653628,2025-01-04,27.393082527538727
2025-01-04,36.91667,2.9166718,-0.35876742,2025-01-04,22.49852861582144
2025-01-04,36.91667,3.0,-0.3527812,2025-01-04,19.286865452625985
2025-01-04,36.91667,3.0833435,-0.34764686,2025-01-04,18.648990373299995
2025-01-04,36.91667,3.1666718,-0.34471205,2025-01-04,20.82299777897512
2025-01-04,36.91667,3.25,-0.34437114,2025-01-04,25.08797191414032
2025-01-05,36.583336,2.8333435,,2025-01-05,27.42486183499686
2025-01-05,36.583336,2.9166718,,2025-01-05,22.513610945271516
2025-01-05,36.583336,3.0,,2025-01-05,19.289317853545782
2025-01-05,36.583336,3.0833435,,2025-01-05,18.648702135525184
2025-01-05,36.583336,3.1666718,,2025-01-05,20.831708919035847
2025-01-05,36.583336,3.25,,2025-01-05,25.112182506309033
2025-01-05,36.66667,2.8333435,,2025-01-05,22.228234819302035
2025-01-05,36.66667,2.9166718,,2025-01-05,15.782881420103022
2025-01-05,36.66667,3.0,,2025-01-05,10.698609465725811
2025-01-05,36.66667,3.0833435,,2025-01-05,9.496464669132697
2025-01-05,36.66667,3.1666718,,2025-01-05,13.276882967911245
2025-01-05,36.66667,3.25,,2025-01-05,19.306074472517334
2025-01-05,36.75,2.8333435,-0.28699675,2025-01-05,20.194040166169533
2025-01-05,36.75,2.9166718,,2025-01-05,12.76987826840439
2025-01-05,36.75,3.0,,2025-01-05,5.345713953294998
2025-01-05,36.75,3.0833435,-0.28849602,2025-01-05,2.079801567910821
2025-01-05,36.75,3.1666718,-0.28777015,2025-01-05,9.50394748445699
2025-01-05,36.75,3.25,,2025-01-05,16.92811061876691
2025-01-05,36.833336,2.8333435,-0.3066725,2025-01-05,22.20863381656194
2025-01-05,36.833336,2.9166718,-0.30054396,2025-01-05,15.772124592603511
2025-01-05,36.833336,3.0,-0.29740685,2025-01-05,10.696398658202174
2025-01-05,36.833336,3.0833435,-0.29596886,2025-01-05,9.496747682395155
2025-01-05,36.833336,3.1666718,-0.29609552,2025-01-05,13.270048906298761
2025-01-05,36.833336,3.25,-0.29685602,2025-01-05,19.290330362086166
2025-01-05,36.91667,2.8333435,-0.3396698,2025-01-05,27.393082527538727
2025-01-05,36.91667,2.9166718,-0.33286935,2025-01-05,22.49852861582144
2025-01-05,36.91667,3.0,-0.32654613,2025-01-05,19.286865452625985
2025-01-05,36.91667,3.0833435,-0.32095325,2025-01-05,18.648990373299995
2025-01-05,36.91667,3.1666718,-0.3171265,2025-01-05,20.82299777897512
2025-01-05,36.91667,3.25,-0.3157522,2025-01-05,25.08797191414032
2025-01-06,36.583336,2.8333435,,2025-01-06,27.42486183499686
2025-01-06,36.583336,2.9166718,,2025-01-06,22.513610945271516
2025-01-06,36.583336,3.0,,2025-01-06,19.289317853545782
2025-01-06,36.583336,3.0833435,,2025-01-06,18.648702135525184
2025-01-06,36.583336,3.1666718,,2025-01-06,20.831708919035847
2025-01-06,36.583336,3.25,,2025-01-06,25.112182506309033
2025-01-06,36.66667,2.8333435,,2025-01-06,22.228234819302035
2025-01-06,36.66667,2.9166718,,2025-01-06,15.782881420103022
2025-01-06,36.66667,3.0,,2025-01-06,10.698609465725811
2025-01-06,36.66667,3.0833435,,2025-01-06,9.496464669132697
2025-01-06,36.66667,3.1666718,,2025-01-06,13.276882967911245
2025-01-06,36.66667,3.25,,2025-01-06,19.306074472517334
2025-01-06,36.75,2.8333435,-0.25702807,2025-01-06,20.194040166169533
2025-01-06,36.75,2.9166718,,2025-01-06,12.76987826840439
2025-01-06,36.75,3.0,,2025-01-06,5.345713953294998
2025-01-06,36.75,3.0833435,-0.25952485,2025-01-06,2.079801567910821
2025-01-06,36.75,3.1666718,-0.25831607,2025-01-06,9.50394748445699
2025-01-06,36.75,3.25,,2025-01-06,16.92811061876691
2025-01-06,36.833336,2.8333435,-0.28074506,2025-01-06,22.20863381656194
2025-01-06,36.833336,2.9166718,-0.27264762,2025-01-06,15.772124592603511
2025-01-06,36.833336,3.0,-0.26847395,2025-01-06,10.696398658202174
2025-01-06,36.833336,3.0833435,-0.26665947,2025-01-06,9.496747682395155
2025-01-06,36.833336,3.1666718,-0.26646954,2025-01-06,13.270048906298761
2025-01-06,36.833336,3.25,-0.26693612,2025-01-06,19.290330362086166
2025-01-06,36.91667,2.8333435,-0.31587282,2025-01-06,27.393082527538727
2025-01-06,36.91667,2.9166718,-0.30734673,2025-01-06,22.49852861582144
2025-01-06,36.91667,3.0,-0.30045184,2025-01-06,19.286865452625985
2025-01-06,36.91667,3.0833435,-0.29466492,2025-01-06,18.648990373299995
2025-01-06,36.91667,3.1666718,-0.2905598,2025-01-06,20.82299777897512
2025-01-06,36.91667,3.25,-0.28851354,2025-01-06,25.08797191414032
2025-01-07,36.583336,2.8333435,,2025-01-07,27.42486183499686
2025-01-07,36.583336,2.9166718,,2025-01-07,22.513610945271516
2025-01-07,36.583336,3.0,,2025-01-07,19.289317853545782
2025-01-07,36.583336,3.0833435,,2025-01-07,18.648702135525184
2025-01-07,36.583336,3.1666718,,2025-01-07,20.831708919035847
2025-01-07,36.583336,3.25,,2025-01-07,25.112182506309033
2025-01-07,36.66667,2.8333435,,2025-01-07,22.228234819302035
2025-01-07,36.66667,2.9166718,,2025-01-07,15.782881420103022
2025-01-07,36.66667,3.0,,2025-01-07,10.698609465725811
2025-01-07,36.66667,3.0833435,,2025-01-07,9.496464669132697
2025-01-07,36.66667,3.1666718,,2025-01-07,13.276882967911245
2025-01-07,36.66667,3.25,,2025-01-07,19.306074472517334
2025-01-07,36.75,2.8333435,-0.24155849,2025-01-07,20.194040166169533
2025-01-07,36.75,2.9166718,,2025-01-07,12.76987826840439
2025-01-07,36.75,3.0,,2025-01-07,5.345713953294998
2025-01-07,36.75,3.0833435,-0.24348842,2025-01-07,2.079801567910821
2025-01-07,36.75,3.1666718,-0.2406492,2025-01-07,9.50394748445699
2025-01-07,36.75,3.25,,2025-01-07,16.92811061876691
2025-01-07,36.833336,2.8333435,-0.27473232,2025-01-07,22.20863381656194
2025-01-07,36.833336,2.9166718,-0.26539227,2025-01-07,15.772124592603511
2025-01-07,36.833336,3.0,-0.25873607,2025-01-07,10.696398658202174
2025-01-07,36.833336,3.0833435,-0.25483662,2025-01-07,9.496747682395155
2025-01-07,36.833336,3.1666718,-0.25346667,2025-01-07,13.270048906298761
2025-01-07,36.833336,3.25,-0.2523357,2025-01-07,19.290330362086166
2025-01-07,36.91667,2.8333435,-0.31765333,2025-01-07,27.393082527538727
2025-01-07,36.91667,2.9166718,-0.31099904,2025-01-07,22.49852861582144
2025-01-07,36.91667,3.0,-0.30276892,2025-01-07,19.286865452625985
2025-01-07,36.91667,3.0833435,-0.2934379,2025-01-07,18.648990373299995
2025-01-07,36.91667,3.1666718,-0.2853049,2025-01-07,20.82299777897512
2025-01-07,36.91667,3.25,-0.2800014,2025-01-07,25.08797191414032
2025-01-08,36.583336,2.8333435,,2025-01-08,27.42486183499686
2025-01-08,36.583336,2.9166718,,2025-01-08,22.513610945271516
2025-01-08,36.583336,3.0,,2025-01-08,19.289317853545782
2025-01-08,36.583336,3.0833435,,2025-01-08,18.648702135525184
2025-01-08,36.583336,3.1666718,,2025-01-08,20.831708919035847
2025-01-08,36.583336,3.25,,2025-01-08,25.112182506309033
2025-01-08,36.66667,2.8333435,,2025-01-08,22.228234819302035
2025-01-08,36.66667,2.9166718,,2025-01-08,15.782881420103022
2025-01-08,36.66667,3.0,,2025-01-08,10.698609465725811
2025-01-08,36.66667,3.0833435,,2025-01-08,9.496464669132697
2025-01-08,36.66667,3.1666718,,2025-01-08,13.276882967911245
2025-01-08,36.66667,3.25,,2025-01-08,19.306074472517334
2025-01-08,36.75,2.8333435,-0.24344116,2025-01-08,20.194040166169533
2025-01-08,36.75,2.9166718,,2025-01-08,12.76987826840439
2025-01-08,36.75,3.0,,2025-01-08,5.345713953294998
2025-01-08,36.75,3.0833435,-0.24454722,2025-01-08,2.079801567910821
2025-01-08,36.75,3.1666718,-0.24285643,2025-01-08,9.50394748445699
2025-01-08,36.75,3.25,,2025-01-08,16.92811061876691
2025-01-08,36.833336,2.8333435,-0.27131465,2025-01-08,22.20863381656194
2025-01-08,36.833336,2.9166718,-0.2653533,2025-01-08,15.772124592603511
2025-01-08,36.833336,3.0,-0.2619711,2025-01-08,10.696398658202174
2025-01-08,36.833336,3.0833435,-0.2581856,2025-01-08,9.496747682395155
2025-01-08,36.833336,3.1666718,-0.25636634,2025-01-08,13.270048906298761
2025-01-08,36.833336,3.25,-0.253613,2025-01-08,19.290330362086166
2025-01-08,36.91667,2.8333435,-0.31145325,2025-01-08,27.393082527538727
2025-01-08,36.91667,2.9166718,-0.30974343,2025-01-08,22.49852861582144
2025-01-08,36.91667,3.0,-0.3072893,2025-01-08,19.286865452625985
2025-01-08,36.91667,3.0833435,-0.30193815,2025-01-08,18.648990373299995
2025-01-08,36.91667,3.1666718,-0.2941501,2025-01-08,20.82299777897512
2025-01-08,36.91667,3.25,-0.2852249,2025-01-08,25.08797191414032
2025-01-09,36.583336,2.8333435,,2025-01-09,27.42486183499686
2025-01-09,36.583336,2.9166718,,2025-01-09,22.513610945271516
2025-01-09,36.583336,3.0,,2025-01-09,19.289317853545782
2025-01-09,36.583336,3.0833435,,2025-01-09,18.648702135525184
2025-01-09,36.583336,3.1666718,,2025-01-09,20.831708919035847
2025-01-09,36.583336,3.25,,2025-01-09,25.112182506309033
2025-01-09,36.66667,2.8333435,,2025-01-09,22.228234819302035
2025-01-09,36.66667,2.9166718,,2025-01-09,15.782881420103022
2025-01-09,36.66667,3.0,,2025-01-09,10.698609465725811
2025-01-09,36.66667,3.0833435,,2025-01-09,9.496464669132697
2025-01-09,36.66667,3.1666718,,2025-01-09,13.276882967911245
2025-01-09,36.66667,3.25,,2025-01-09,19.306074472517334
2025-01-09,36.75,2.8333435,-0.21870664,2025-01-09,20.194040166169533
2025-01-09,36.75,2.9166718,,2025-01-09,12.76987826840439
2025-01-09,36.75,3.0,,2025-01-09,5.345713953294998
2025-01-09,36.75,3.0833435,-0.22289504,2025-01-09,2.079801567910821
2025-01-09,36.75,3.1666718,-0.22065473,2025-01-09,9.50394748445699
2025-01-09,36.75,3.25,,2025-01-09,16.92811061876691
2025-01-09,36.833336,2.8333435,-0.2454706,2025-01-09,22.20863381656194
2025-01-09,36.833336,2.9166718,-0.24012735,2025-01-09,15.772124592603511
2025-01-09,36.833336,3.0,-0.2380259,2025-01-09,10.696398658202174
2025-01-09,36.833336,3.0833435,-0.23726006,2025-01-09,9.496747682395155
2025-01-09,36.833336,3.1666718,-0.2377196,2025-01-09,13.270048906298761
2025-01-09,36.833336,3.25,-0.23649648,2025-01-09,19.290330362086166
2025-01-09,36.91667,2.8333435,-0.2838027,2025-01-09,27.393082527538727
2025-01-09,36.91667,2.9166718,-0.28184593,2025-01-09,22.49852861582144
2025-01-09,36.91667,3.0,-0.28134668,2025-01-09,19.286865452625985
2025-01-09,36.91667,3.0833435,-0.28016168,2025-01-09,18.648990373299995
2025-01-09,36.91667,3.1666718,-0.27763593,2025-01-09,20.82299777897512
2025-01-09,36.91667,3.25,-0.27275607,2025-01-09,25.08797191414032
2025-01-10,36.583336,2.8333435,,2025-01-10,27.42486183499686
2025-01-10,36.583336,2.9166718,,2025-01-10,22.513610945271516
2025-01-10,36.583336,3.0,,2025-01-10,19.289317853545782
2025-01-10,36.583336,3.0833435,,2025-01-10,18.648702135525184
2025-01-10,36.583336,3.1666718,,2025-01-10,20.831708919035847
2025-01-10,36.583336,3.25,,2025-01-10,25.112182506309033
2025-01-10,36.66667,2.8333435,,2025-01-10,22.228234819302035
2025-01-10,36.66667,2.9166718,,2025-01-10,15.782881420103022
2025-01-10,36.66667,3.0,,2025-01-10,10.698609465725811
2025-01-10,36.66667,3.0833435,,2025-01-10,9.496464669132697
2025-01-10,36.66667,3.1666718,,2025-01-10,13.276882967911245
2025-01-10,36.66667,3.25,,2025-01-10,19.306074472517334
2025-01-10,36.75,2.8333435,-0.23399885,2025-01-10,20.194040166169533
2025-01-10,36.75,2.9166718,,2025-01-10,12.76987826840439
2025-01-10,36.75,3.0,,2025-01-10,5.345713953294998
2025-01-10,36.75,3.0833435,-0.23367801,2025-01-10,2.079801567910821
2025-01-10,36.75,3.1666718,-0.23193163,2025-01-10,9.50394748445699
2025-01-10,36.75,3.25,,2025-01-10,16.92811061876691
2025-01-10,36.833336,2.8333435,-0.2547168,2025-01-10,22.20863381656194
2025-01-10,36.833336,2.9166718,-0.24929684,2025-01-10,15.772124592603511
2025-01-10,36.833336,3.0,-0.24687847,2025-01-10,10.696398658202174
2025-01-10,36.833336,3.0833435,-0.2457674,2025-01-10,9.496747682395155
2025-01-10,36.833336,3.1666718,-0.2463271,2025-01-10,13.270048906298761
2025-01-10,36.833336,3.25,-0.24590154,2025-01-10,19.290330362086166
2025-01-10,36.91667,2.8333435,-0.29073057,2025-01-10,27.393082527538727
2025-01-10,36.91667,2.9166718,-0.2875038,2025-01-10,22.49852861582144
2025-01-10,36.91667,3.0,-0.28534934,2025-01-10,19.286865452625985
2025-01-10,36.91667,3.0833435,-0.28342885,2025-01-10,18.648990373299995
2025-01-10,36.91667,3.1666718,-0.28210276,2025-01-10,20.82299777897512
2025-01-10,36.91667,3.25,-0.27998257,2025-01-10,25.08797191414032
2025-01-11,36.583336,2.8333435,,2025-01-11,27.42486183499686
2025-01-11,36.583336,2.9166718,,2025-01-11,22.513610945271516
2025-01-11,36.583336,3.0,,2025-01-11,19.289317853545782
2025-01-11,36.583336,3.0833435,,2025-01-11,18.648702135525184
2025-01-11,36.583336,3.1666718,,2025-01-11,20.831708919035847
2025-01-11,36.583336,3.25,,2025-01-11,25.112182506309033
2025-01-11,36.66667,2.8333435,,2025-01-11,22.228234819302035
2025-01-11,36.66667,2.9166718,,2025-01-11,15.782881420103022
2025-01-11,36.66667,3.0,,2025-01-11,10.698609465725811
2025-01-11,36.66667,3.0833435,,2025-01-11,9.496464669132697
2025-01-11,36.66667,3.1666718,,2025-01-11,13.276882967911245
2025-01-11,36.66667,3.25,,2025-01-11,19.306074472517334
2025-01-11,36.75,2.8333435,-0.23324575,2025-01-11,20.194040166169533
2025-01-11,36.75,2.9166718,,2025-01-11,12.76987826840439
2025-01-11,36.75,3.0,,2025-01-11,5.345713953294998
2025-01-11,36.75,3.0833435,-0.2336564,2025-01-11,2.079801567910821
2025-01-11,36.75,3.1666718,-0.23107438,2025-01-11,9.50394748445699
2025-01-11,36.75,3.25,,2025-01-11,16.92811061876691
2025-01-11,36.833336,2.8333435,-0.2504039,2025-01-11,22.20863381656194
2025-01-11,36.833336,2.9166718,-0.24598038,2025-01-11,15.772124592603511
2025-01-11,36.833336,3.0,-0.24359521,2025-01-11,10.696398658202174
2025-01-11,36.833336,3.0833435,-0.24227141,2025-01-11,9.496747682395155
2025-01-11,36.833336,3.1666718,-0.24181172,2025-01-11,13.270048906298761
2025-01-11,36.833336,3.25,-0.24147385,2025-01-11,19.290330362086166
2025-01-11,36.91667,2.8333435,-0.28086022,2025-01-11,27.393082527538727
2025-01-11,36.91667,2.9166718,-0.27768645,2025-01-11,22.49852861582144
2025-01-11,36.91667,3.0,-0.27514994,2025-01-11,19.286865452625985
2025-01-11,36.91667,3.0833435,-0.27283514,2025-01-11,18.648990373299995
2025-01-11,36.91667,3.1666718,-0.2707862,2025-01-11,20.82299777897512
2025-01-11,36.91667,3.25,-0.26870942,2025-01-11,25.08797191414032
2025-01-12,36.583336,2.8333435,,2025-01-12,27.42486183499686
2025-01-12,36.583336,2.9166718,,2025-01-12,22.513610945271516
2025-01-12,36.583336,3.0,,2025-01-12,19.289317853545782
2025-01-12,36.583336,3.0833435,,2025-01-12,18.648702135525184
2025-01-12,36.583336,3.1666718,,2025-01-12,20.831708919035847
2025-01-12,36.583336,3.25,,2025-01-12,25.112182506309033
2025-01-12,36.66667,2.8333435,,2025-01-12,22.228234819302035
2025-01-12,36.66667,2.9166718,,2025-01-12,15.782881420103022
2025-01-12,36.66667,3.0,,2025-01-12,10.698609465725811
2025-01-12,36.66667,3.0833435,,2025-01-12,9.496464669132697
2025-01-12,36.66667,3.1666718,,2025-01-12,13.276882967911245
2025-01-12,36.66667,3.25,,2025-01-12,19.306074472517334
2025-01-12,36.75,2.8333435,-0.25750756,2025-01-12,20.194040166169533
2025-01-12,36.75,2.9166718,,2025-01-12,12.76987826840439
2025-01-12,36.75,3.0,,2025-01-12,5.345713953294998
2025-01-12,36.75,3.0833435,-0.2532136,2025-01-12,2.079801567910821
2025-01-12,36.75,3.1666718,-0.25207987,2025-01-12,9.50394748445699
2025-01-12,36.75,3.25,,2025-01-12,16.92811061876691
2025-01-12,36.833336,2.8333435,-0.26770476,2025-01-12,22.20863381656194
2025-01-12,36.833336,2.9166718,-0.264073,2025-01-12,15.772124592603511
2025-01-12,36.833336,3.0,-0.26172122,2025-01-12,10.696398658202174
2025-01-12,36.833336,3.0833435,-0.25973076,2025-01-12,9.496747682395155
2025-01-12,36.833336,3.1666718,-0.258317,2025-01-12,13.270048906298761
2025-01-12,36.833336,3.25,-0.25719485,2025-01-12,19.290330362086166
2025-01-12,36.91667,2.8333435,-0.2931174,2025-01-12,27.393082527538727
2025-01-12,36.91667,2.9166718,-0.28942224,2025-01-12,22.49852861582144
2025-01-12,36.91667,3.0,-0.28592122,2025-01-12,19.286865452625985
2025-01-12,36.91667,3.0833435,-0.28277704,2025-01-12,18.648990373299995
2025-01-12,36.91667,3.1666718,-0.27978903,2025-01-12,20.82299777897512
2025-01-12,36.91667,3.25,-0.27689567,2025-01-12,25.08797191414032
2025-01-13,36.583336,2.8333435,,2025-01-13,27.42486183499686
2025-01-13,36.583336,2.9166718,,2025-01-13,22.513610945271516
2025-01-13,36.583336,3.0,,2025-01-13,19.289317853545782
2025-01-13,36.583336,3.0833435,,2025-01-13,18.648702135525184
2025-01-13,36.583336,3.1666718,,2025-01-13,20.831708919035847
2025-01-13,36.583336,3.25,,2025-01-13,25.112182506309033
2025-01-13,36.66667,2.8333435,,2025-01-13,22.228234819302035
2025-01-13,36.66667,2.9166718,,2025-01-13,15.782881420103022
2025-01-13,36.66667,3.0,,2025-01-13,10.698609465725811
2025-01-13,36.66667,3.0833435,,2025-01-13,9.496464669132697
2025-01-13,36.66667,3.1666718,,2025-01-13,13.276882967911245
2025-01-13,36.66667,3.25,,2025-01-13,19.306074472517334
2025-01-13,36.75,2.8333435,-0.2606564,2025-01-13,20.194040166169533
2025-01-13,36.75,2.9166718,,2025-01-13,12.76987826840439
2025-01-13,36.75,3.0,,2025-01-13,5.345713953294998
2025-01-13,36.75,3.0833435,-0.25668418,2025-01-13,2.079801567910821
2025-01-13,36.75,3.1666718,-0.25640318,2025-01-13,9.50394748445699
2025-01-13,36.75,3.25,,2025-01-13,16.92811061876691
2025-01-13,36.833336,2.8333435,-0.26456395,2025-01-13,22.20863381656194
2025-01-13,36.833336,2.9166718,-0.263046,2025-01-13,15.772124592603511
2025-01-13,36.833336,3.0,-0.26152372,2025-01-13,10.696398658202174
2025-01-13,36.833336,3.0833435,-0.25991464,2025-01-13,9.496747682395155
2025-01-13,36.833336,3.1666718,-0.25856322,2025-01-13,13.270048906298761
2025-01-13,36.833336,3.25,-0.25796142,2025-01-13,19.290330362086166
2025-01-13,36.91667,2.8333435,-0.2846907,2025-01-13,27.393082527538727
2025-01-13,36.91667,2.9166718,-0.28173485,2025-01-13,22.49852861582144
2025-01-13,36.91667,3.0,-0.2783644,2025-01-13,19.286865452625985
2025-01-13,36.91667,3.0833435,-0.2747426,2025-01-13,18.648990373299995
2025-01-13,36.91667,3.1666718,-0.27108938,2025-01-13,20.82299777897512
2025-01-13,36.91667,3.25,-0.2675274,2025-01-13,25.08797191414032
2025-01-14,36.583336,2.8333435,,2025-01-14,27.42486183499686
2025-01-14,36.583336,2.9166718,,2025-01-14,22.513610945271516
2025-01-14,36.583336,3.0,,2025-01-14,19.289317853545782
2025-01-14,36.583336,3.0833435,,2025-01-14,18.648702135525184
2025-01-14,36.583336,3.1666718,,2025-01-14,20.831708919035847
2025-01-14,36.583336,3.25,,2025-01-14,25.112182506309033
2025-01-14,36.66667,2.8333435,,2025-01-14,22.228234819302035
2025-01-14,36.66667,2.9166718,,2025-01-14,15.782881420103022
2025-01-14,36.66667,3.0,,2025-01-14,10.698609465725811
2025-01-14,36.66667,3.0833435,,2025-01-14,9.496464669132697
2025-01-14,36.66667,3.1666718,,2025-01-14,13.276882967911245
2025-01-14,36.66667,3.25,,2025-01-14,19.306074472517334
2025-01-14,36.75,2.8333435,-0.2947789,2025-01-14,20.194040166169533
2025-01-14,36.75,2.9166718,,2025-01-14,12.76987826840439
2025-01-14,36.75,3.0,,2025-01-14,5.345713953294998
2025-01-14,36.75,3.0833435,-0.29320502,2025-01-14,2.079801567910821
2025-01-14,36.75,3.1666718,-0.2928603,2025-01-14,9.50394748445699
2025-01-14,36.75,3.25,,2025-01-14,16.92811061876691
2025-01-14,36.833336,2.8333435,-0.29609182,2025-01-14,22.20863381656194
2025-01-14,36.833336,2.9166718,-0.29540873,2025-01-14,15.772124592603511
2025-01-14,36.833336,3.0,-0.29420385,2025-01-14,10.696398658202174
2025-01-14,36.833336,3.0833435,-0.29296395,2025-01-14,9.496747682395155
2025-01-14,36.833336,3.1666718,-0.29166567,2025-01-14,13.270048906298761
2025-01-14,36.833336,3.25,-0.29113063,2025-01-14,19.290330362086166
2025-01-14,36.91667,2.8333435,-0.31157726,2025-01-14,27.393082527538727
2025-01-14,36.91667,2.9166718,-0.30901238,2025-01-14,22.49852861582144
2025-01-14,36.91667,3.0,-0.3060296,2025-01-14,19.286865452625985
2025-01-14,36.91667,3.0833435,-0.30247572,2025-01-14,18.648990373299995
2025-01-14,36.91667,3.1666718,-0.29849243,2025-01-14,20.82299777897512
2025-01-14,36.91667,3.25,-0.29441744,2025-01-14,25.08797191414032
2025-01-15,36.583336,2.8333435,,2025-01-15,27.42486183499686
2025-01-15,36.583336,2.9166718,,2025-01-15,22.513610945271516
2025-01-15,36.583336,3.0,,2025-01-15,19.289317853545782
2025-01-15,36.583336,3.0833435,,2025-01-15,18.648702135525184
2025-01-15,36.583336,3.1666718,,2025-01-15,20.831708919035847
2025-01-15,36.583336,3.25,,2025-01-15,25.112182506309033
2025-01-15,36.66667,2.8333435,,2025-01-15,22.228234819302035
2025-01-15,36.66667,2.9166718,,2025-01-15,15.782881420103022
2025-01-15,36.66667,3.0,,2025-01-15,10.698609465725811
2025-01-15,36.66667,3.0833435,,2025-01-15,9.496464669132697
2025-01-15,36.66667,3.1666718,,2025-01-15,13.276882967911245
2025-01-15,36.66667,3.25,,2025-01-15,19.306074472517334
2025-01-15,36.75,2.8333435,-0.31464234,2025-01-15,20.194040166169533
2025-01-15,36.75,2.9166718,,2025-01-15,12.76987826840439
2025-01-15,36.75,3.0,,2025-01-15,5.345713953294998
2025-01-15,36.75,3.0833435,-0.31173965,2025-01-15,2.079801567910821
2025-01-15,36.75,3.1666718,-0.31127936,2025-01-15,9.50394748445699
2025-01-15,36.75,3.25,,2025-01-15,16.92811061876691
2025-01-15,36.833336,2.8333435,-0.31272364,2025-01-15,22.20863381656194
2025-01-15,36.833336,2.9166718,-0.31192562,2025-01-15,15.772124592603511
2025-01-15,36.833336,3.0,-0.3107383,2025-01-15,10.696398658202174
2025-01-15,36.833336,3.0833435,-0.30971685,2025-01-15,9.496747682395155
2025-01-15,36.833336,3.1666718,-0.3084491,2025-01-15,13.270048906298761
2025-01-15,36.833336,3.25,-0.30810273,2025-01-15,19.290330362086166
2025-01-15,36.91667,2.8333435,-0.32381245,2025-01-15,27.393082527538727
2025-01-15,36.91667,2.9166718,-0.32074016,2025-01-15,22.49852861582144
2025-01-15,36.91667,3.0,-0.31744224,2025-01-15,19.286865452625985
2025-01-15,36.91667,3.0833435,-0.3138284,2025-01-15,18.648990373299995
2025-01-15,36.91667,3.1666718,-0.30997556,2025-01-15,20.82299777897512
2025-01-15,36.91667,3.25,-0.30623803,2025-01-15,25.08797191414032
2025-01-16,36.583336,2.8333435,,2025-01-16,27.42486183499686
2025-01-16,36.583336,2.9166718,,2025-01-16,22.513610945271516
2025-01-16,36.583336,3.0,,2025-01-16,19.289317853545782
2025-01-16,36.583336,3.0833435,,2025-01-16,18.648702135525184
2025-01-16,36.583336,3.1666718,,2025-01-16,20.831708919035847
2025-01-16,36.583336,3.25,,2025-01-16,25.112182506309033
2025-01-16,36.66667,2.8333435,,2025-01-16,22.228234819302035
2025-01-16,36.66667,2.9166718,,2025-01-16,15.782881420103022
2025-01-16,36.66667,3.0,,2025-01-16,10.698609465725811
2025-01-16,36.66667,3.0833435,,2025-01-16,9.496464669132697
2025-01-16,36.66667,3.1666718,,2025-01-16,13.276882967911245
2025-01-16,36.66667,3.25,,2025-01-16,19.306074472517334
2025-01-16,36.75,2.8333435,-0.32395655,2025-01-16,20.194040166169533
2025-01-16,36.75,2.9166718,,2025-01-16,12.76987826840439
2025-01-16,36.75,3.0,,2025-01-16,5.345713953294998
2025-01-16,36.75,3.0833435,-0.3223054,2025-01-16,2.079801567910821
2025-01-16,36.75,3.1666718,-0.32199597,2025-01-16,9.50394748445699
2025-01-16,36.75,3.25,,2025-01-16,16.92811061876691
2025-01-16,36.833336,2.8333435,-0.32115936,2025-01-16,22.20863381656194
2025-01-16,36.833336,2.9166718,-0.3205245,2025-01-16,15.772124592603511
2025-01-16,36.833336,3.0,-0.31954744,2025-01-16,10.696398658202174
2025-01-16,36.833336,3.0833435,-0.318852,2025-01-16,9.496747682395155
2025-01-16,36.833336,3.1666718,-0.31813422,2025-01-16,13.270048906298761
2025-01-16,36.833336,3.25,-0.31794408,2025-01-16,19.290330362086166
2025-01-16,36.91667,2.8333435,-0.32898426,2025-01-16,27.393082527538727
2025-01-16,36.91667,2.9166718,-0.32559496,2025-01-16,22.49852861582144
2025-01-16,36.91667,3.0,-0.32207486,2025-01-16,19.286865452625985
2025-01-16,36.91667,3.0833435,-0.31871647,2025-01-16,18.648990373299995
2025-01-16,36.91667,3.1666718,-0.31555873,2025-01-16,20.82299777897512
2025-01-16,36.91667,3.25,-0.31250083,2025-01-16,25.08797191414032
2025-01-17,36.583336,2.8333435,,2025-01-17,27.42486183499686
2025-01-17,36.583336,2.9166718,,2025-01-17,22.513610945271516
2025-01-17,36.583336,3.0,,2025-01-17,19.289317853545782
2025-01-17,36.583336,3.0833435,,2025-01-17,18.648702135525184
2025-01-17,36.583336,3.1666718,,2025-01-17,20.831708919035847
2025-01-17,36.583336,3.25,,2025-01-17,25.112182506309033
2025-01-17,36.66667,2.8333435,,2025-01-17,22.228234819302035
2025-01-17,36.66667,2.9166718,,2025-01-17,15.782881420103022
2025-01-17,36.66667,3.0,,2025-01-17,10.698609465725811
2025-01-17,36.66667,3.0833435,,2025-01-17,9.496464669132697
2025-01-17,36.66667,3.1666718,,2025-01-17,13.276882967911245
2025-01-17,36.66667,3.25,,2025-01-17,19.306074472517334
2025-01-17,36.75,2.8333435,-0.30437905,2025-01-17,20.194040166169533
2025-01-17,36.75,2.9166718,,2025-01-17,12.76987826840439
2025-01-17,36.75,3.0,,2025-01-17,5.345713953294998
2025-01-17,36.75,3.0833435,-0.30310363,2025-01-17,2.079801567910821
2025-01-17,36.75,3.1666718,-0.30280378,2025-01-17,9.50394748445699
2025-01-17,36.75,3.25,,2025-01-17,16.92811061876691
2025-01-17,36.833336,2.8333435,-0.3016387,2025-01-17,22.20863381656194
2025-01-17,36.833336,2.9166718,-0.30115178,2025-01-17,15.772124592603511
2025-01-17,36.833336,3.0,-0.30024347,2025-01-17,10.696398658202174
2025-01-17,36.833336,3.0833435,-0.2998173,2025-01-17,9.496747682395155
2025-01-17,36.833336,3.1666718,-0.29976395,2025-01-17,13.270048906298761
2025-01-17,36.833336,3.25,-0.2993459,2025-01-17,19.290330362086166
2025-01-17,36.91667,2.8333435,-0.30759913,2025-01-17,27.393082527538727
2025-01-17,36.91667,2.9166718,-0.30394256,2025-01-17,22.49852861582144
2025-01-17,36.91667,3.0,-0.30012456,2025-01-17,19.286865452625985
2025-01-17,36.91667,3.0833435,-0.2969489,2025-01-17,18.648990373299995
2025-01-17,36.91667,3.1666718,-0.2946453,2025-01-17,20.82299777897512
2025-01-17,36.91667,3.25,-0.29201797,2025-01-17,25.08797191414032
2025-01-18,36.583336,2.8333435,,2025-01-18,27.42486183499686
2025-01-18,36.583336,2.9166718,,2025-01-18,22.513610945271516
2025-01-18,36.583336,3.0,,2025-01-18,19.289317853545782
2025-01-18,36.583336,3.0833435,,2025-01-18,18.648702135525184
2025-01-18,36.583336,3.1666718,,2025-01-18,20.831708919035847
2025-01-18,36.583336,3.25,,2025-01-18,25.112182506309033
2025-01-18,36.66667,2.8333435,,2025-01-18,22.228234819302035
2025-01-18,36.66667,2.9166718,,2025-01-18,15.782881420103022
2025-01-18,36.66667,3.0,,2025-01-18,10.698609465725811
2025-01-18,36.66667,3.0833435,,2025-01-18,9.496464669132697
2025-01-18,36.66667,3.1666718,,2025-01-18,13.276882967911245
2025-01-18,36.66667,3.25,,2025-01-18,19.306074472517334
2025-01-18,36.75,2.8333435,-0.3467377,2025-01-18,20.194040166169533
2025-01-18,36.75,2.9166718,,2025-01-18,12.76987826840439
2025-01-18,36.75,3.0,,2025-01-18,5.345713953294998
2025-01-18,36.75,3.0833435,-0.344876,2025-01-18,2.079801567910821
2025-01-18,36.75,3.1666718,-0.34448177,2025-01-18,9.50394748445699
2025-01-18,36.75,3.25,,2025-01-18,16.92811061876691
2025-01-18,36.833336,2.8333435,-0.34347618,2025-01-18,22.20863381656194
2025-01-18,36.833336,2.9166718,-0.34355083,2025-01-18,15.772124592603511
2025-01-18,36.833336,3.0,-0.34241414,2025-01-18,10.696398658202174
2025-01-18,36.833336,3.0833435,-0.34241238,2025-01-18,9.496747682395155
2025-01-18,36.833336,3.1666718,-0.3427765,2025-01-18,13.270048906298761
2025-01-18,36.833336,3.25,-0.34204602,2025-01-18,19.290330362086166
2025-01-18,36.91667,2.8333435,-0.34655005,2025-01-18,27.393082527538727
2025-01-18,36.91667,2.9166718,-0.34244463,2025-01-18,22.49852861582144
2025-01-18,36.91667,3.0,-0.33871287,2025-01-18,19.286865452625985
2025-01-18,36.91667,3.0833435,-0.33659193,2025-01-18,18.648990373299995
2025-01-18,36.91667,3.1666718,-0.33546555,2025-01-18,20.82299777897512
2025-01-18,36.91667,3.25,-0.33319378,2025-01-18,25.08797191414032
2025-01-19,36.583336,2.8333435,,2025-01-19,27.42486183499686
2025-01-19,36.583336,2.9166718,,2025-01-19,22.513610945271516
2025-01-19,36.583336,3.0,,2025-01-19,19.289317853545782
2025-01-19,36.583336,3.0833435,,2025-01-19,18.648702135525184
2025-01-19,36.583336,3.1666718,,2025-01-19,20.831708919035847
2025-01-19,36.583336,3.25,,2025-01-19,25.112182506309033
2025-01-19,36.66667,2.8333435,,2025-01-19,22.228234819302035
2025-01-19,36.66667,2.9166718,,2025-01-19,15.782881420103022
2025-01-19,36.66667,3.0,,2025-01-19,10.698609465725811
2025-01-19,36.66667,3.0833435,,2025-01-19,9.496464669132697
2025-01-19,36.66667,3.1666718,,2025-01-19,13.276882967911245
2025-01-19,36.66667,3.25,,2025-01-19,19.306074472517334
2025-01-19,36.75,2.8333435,-0.35483518,2025-01-19,20.194040166169533
2025-01-19,36.75,2.9166718,,2025-01-19,12.76987826840439
2025-01-19,36.75,3.0,,2025-01-19,5.345713953294998
2025-01-19,36.75,3.0833435,-0.35607466,2025-01-19,2.079801567910821
2025-01-19,36.75,3.1666718,-0.35468557,2025-01-19,9.50394748445699
2025-01-19,36.75,3.25,,2025-01-19,16.92811061876691
2025-01-19,36.833336,2.8333435,-0.3546865,2025-01-19,22.20863381656194
2025-01-19,36.833336,2.9166718,-0.35403326,2025-01-19,15.772124592603511
2025-01-19,36.833336,3.0,-0.35325313,2025-01-19,10.696398658202174
2025-01-19,36.833336,3.0833435,-0.35383356,2025-01-19,9.496747682395155
2025-01-19,36.833336,3.1666718,-0.35408896,2025-01-19,13.270048906298761
2025-01-19,36.833336,3.25,-0.3535552,2025-01-19,19.290330362086166
2025-01-19,36.91667,2.8333435,-0.3582198,2025-01-19,27.393082527538727
2025-01-19,36.91667,2.9166718,-0.3534591,2025-01-19,22.49852861582144
2025-01-19,36.91667,3.0,-0.35000134,2025-01-19,19.286865452625985
2025-01-19,36.91667,3.0833435,-0.34910288,2025-01-19,18.648990373299995
2025-01-19,36.91667,3.1666718,-0.34910098,2025-01-19,20.82299777897512
2025-01-19,36.91667,3.25,-0.34809077,2025-01-19,25.08797191414032
2025-01-20,36.583336,2.8333435,,2025-01-20,27.42486183499686
2025-01-20,36.583336,2.9166718,,2025-01-20,22.513610945271516
2025-01-20,36.583336,3.0,,2025-01-20,19.289317853545782
2025-01-20,36.583336,3.0833435,,2025-01-20,18.648702135525184
2025-01-20,36.583336,3.1666718,,2025-01-20,20.831708919035847
2025-01-20,36.583336,3.25,,2025-01-20,25.112182506309033
2025-01-20,36.66667,2.8333435,,2025-01-20,22.228234819302035
2025-01-20,36.66667,2.9166718,,2025-01-20,15.782881420103022
2025-01-20,36.66667,3.0,,2025-01-20,10.698609465725811
2025-01-20,36.66667,3.0833435,,2025-01-20,9.496464669132697
2025-01-20,36.66667,3.1666718,,2025-01-20,13.276882967911245
2025-01-20,36.66667,3.25,,2025-01-20,19.306074472517334
2025-01-20,36.75,2.8333435,-0.35312432,2025-01-20,20.194040166169533
2025-01-20,36.75,2.9166718,,2025-01-20,12.76987826840439
2025-01-20,36.75,3.0,,2025-01-20,5.345713953294998
2025-01-20,36.75,3.0833435,-0.35614875,2025-01-20,2.079801567910821
2025-01-20,36.75,3.1666718,-0.35651773,2025-01-20,9.50394748445699
2025-01-20,36.75,3.25,,2025-01-20,16.92811061876691
2025-01-20,36.833336,2.8333435,-0.35412285,2025-01-20,22.20863381656194
2025-01-20,36.833336,2.9166718,-0.35348904,2025-01-20,15.772124592603511
2025-01-20,36.833336,3.0,-0.35298893,2025-01-20,10.696398658202174
2025-01-20,36.833336,3.0833435,-0.3540135,2025-01-20,9.496747682395155
2025-01-20,36.833336,3.1666718,-0.35474816,2025-01-20,13.270048906298761
2025-01-20,36.833336,3.25,-0.35464492,2025-01-20,19.290330362086166
2025-01-20,36.91667,2.8333435,-0.35895485,2025-01-20,27.393082527538727
2025-01-20,36.91667,2.9166718,-0.35408676,2025-01-20,22.49852861582144
2025-01-20,36.91667,3.0,-0.3508413,2025-01-20,19.286865452625985
2025-01-20,36.91667,3.0833435,-0.3505818,2025-01-20,18.648990373299995
2025-01-20,36.91667,3.1666718,-0.3512468,2025-01-20,20.82299777897512
2025-01-20,36.91667,3.25,-0.3507116,2025-01-20,25.08797191414032
2025-01-21,36.583336,2.8333435,,2025-01-21,27.42486183499686
2025-01-21,36.583336,2.9166718,,2025-01-21,22.513610945271516
2025-01-21,36.583336,3.0,,2025-01-21,19.289317853545782
2025-01-21,36.583336,3.0833435,,2025-01-21,18.648702135525184
2025-01-21,36.583336,3.1666718,,2025-01-21,20.831708919035847
2025-01-21,36.583336,3.25,,2025-01-21,25.112182506309033
2025-01-21,36.66667,2.8333435,,2025-01-21,22.228234819302035
2025-01-21,36.66667,2.9166718,,2025-01-21,15.782881420103022
2025-01-21,36.66667,3.0,,2025-01-21,10.698609465725811
2025-01-21,36.66667,3.0833435,,2025-01-21,9.496464669132697
2025-01-21,36.66667,3.1666718,,2025-01-21,13.276882967911245
2025-01-21,36.66667,3.25,,2025-01-21,19.306074472517334
2025-01-21,36.75,2.8333435,-0.33286738,2025-01-21,20.194040166169533
2025-01-21,36.75,2.9166718,,2025-01-21,12.76987826840439
2025-01-21,36.75,3.0,,2025-01-21,5.345713953294998
2025-01-21,36.75,3.0833435,-0.3376359,2025-01-21,2.079801567910821
2025-01-21,36.75,3.1666718,-0.3376964,2025-01-21,9.50394748445699
2025-01-21,36.75,3.25,,2025-01-21,16.92811061876691
2025-01-21,36.833336,2.8333435,-0.33932522,2025-01-21,22.20863381656194
2025-01-21,36.833336,2.9166718,-0.33811486,2025-01-21,15.772124592603511
2025-01-21,36.833336,3.0,-0.33787522,2025-01-21,10.696398658202174
2025-01-21,36.833336,3.0833435,-0.33912665,2025-01-21,9.496747682395155
2025-01-21,36.833336,3.1666718,-0.34055692,2025-01-21,13.270048906298761
2025-01-21,36.833336,3.25,-0.34168404,2025-01-21,19.290330362086166
2025-01-21,36.91667,2.8333435,-0.35027167,2025-01-21,27.393082527538727
2025-01-21,36.91667,2.9166718,-0.34522566,2025-01-21,22.49852861582144
2025-01-21,36.91667,3.0,-0.3419659,2025-01-21,19.286865452625985
2025-01-21,36.91667,3.0833435,-0.3419929,2025-01-21,18.648990373299995
2025-01-21,36.91667,3.1666718,-0.34301794,2025-01-21,20.82299777897512
2025-01-21,36.91667,3.25,-0.34257844,2025-01-21,25.08797191414032
2025-01-22,36.583336,2.8333435,,2025-01-22,27.42486183499686
2025-01-22,36.583336,2.9166718,,2025-01-22,22.513610945271516
2025-01-22,36.583336,3.0,,2025-01-22,19.289317853545782
2025-01-22,36.583336,3.0833435,,2025-01-22,18.648702135525184
2025-01-22,36.583336,3.1666718,,2025-01-22,20.831708919035847
2025-01-22,36.583336,3.25,,2025-01-22,25.112182506309033
2025-01-22,36.66667,2.8333435,,2025-01-22,22.228234819302035
2025-01-22,36.66667,2.9166718,,2025-01-22,15.782881420103022
2025-01-22,36.66667,3.0,,2025-01-22,10.698609465725811
2025-01-22,36.66667,3.0833435,,2025-01-22,9.496464669132697
2025-01-22,36.66667,3.1666718,,2025-01-22,13.276882967911245
2025-01-22,36.66667,3.25,,2025-01-22,19.306074472517334
2025-01-22,36.75,2.8333435,-0.30940276,2025-01-22,20.194040166169533
2025-01-22,36.75,2.9166718,,2025-01-22,12.76987826840439
2025-01-22,36.75,3.0,,2025-01-22,5.345713953294998
2025-01-22,36.75,3.0833435,-0.3117348,2025-01-22,2.079801567910821
2025-01-22,36.75,3.1666718,-0.31136644,2025-01-22,9.50394748445699
2025-01-22,36.75,3.25,,2025-01-22,16.92811061876691
2025-01-22,36.833336,2.8333435,-0.31792974,2025-01-22,22.20863381656194
2025-01-22,36.833336,2.9166718,-0.31633425,2025-01-22,15.772124592603511
2025-01-22,36.833336,3.0,-0.31562653,2025-01-22,10.696398658202174
2025-01-22,36.833336,3.0833435,-0.3159118,2025-01-22,9.496747682395155
2025-01-22,36.833336,3.1666718,-0.31684047,2025-01-22,13.270048906298761
2025-01-22,36.833336,3.25,-0.31797504,2025-01-22,19.290330362086166
2025-01-22,36.91667,2.8333435,-0.3341204,2025-01-22,27.393082527538727
2025-01-22,36.91667,2.9166718,-0.32951987,2025-01-22,22.49852861582144
2025-01-22,36.91667,3.0,-0.3255265,2025-01-22,19.286865452625985
2025-01-22,36.91667,3.0833435,-0.3242175,2025-01-22,18.648990373299995
2025-01-22,36.91667,3.1666718,-0.32464936,2025-01-22,20.82299777897512
2025-01-22,36.91667,3.25,-0.32481453,2025-01-22,25.08797191414032
2025-01-23,36.583336,2.8333435,,2025-01-23,27.42486183499686
2025-01-23,36.583336,2.9166718,,2025-01-23,22.513610945271516
2025-01-23,36.583336,3.0,,2025-01-23,19.289317853545782
2025-01-23,36.583336,3.0833435,,2025-01-23,18.648702135525184
2025-01-23,36.583336,3.1666718,,2025-01-23,20.831708919035847
2025-01-23,36.583336,3.25,,2025-01-23,25.112182506309033
2025-01-23,36.66667,2.8333435,,2025-01-23,22.228234819302035
2025-01-23,36.66667,2.9166718,,2025-01-23,15.782881420103022
2025-01-23,36.66667,3.0,,2025-01-23,10.698609465725811
2025-01-23,36.66667,3.0833435,,2025-01-23,9.496464669132697
2025-01-23,36.66667,3.1666718,,2025-01-23,13.276882967911245
2025-01-23,36.66667,3.25,,2025-01-23,19.306074472517334
2025-01-23,36.75,2.8333435,-0.29511905,2025-01-23,20.194040166169533
2025-01-23,36.75,2.9166718,,2025-01-23,12.76987826840439
2025-01-23,36.75,3.0,,2025-01-23,5.345713953294998
2025-01-23,36.75,3.0833435,-0.29918677,2025-01-23,2.079801567910821
2025-01-23,36.75,3.1666718,-0.29855713,2025-01-23,9.50394748445699
2025-01-23,36.75,3.25,,2025-01-23,16.92811061876691
2025-01-23,36.833336,2.8333435,-0.3061312,2025-01-23,22.20863381656194
2025-01-23,36.833336,2.9166718,-0.3055602,2025-01-23,15.772124592603511
2025-01-23,36.833336,3.0,-0.30503216,2025-01-23,10.696398658202174
2025-01-23,36.833336,3.0833435,-0.3048842,2025-01-23,9.496747682395155
2025-01-23,36.833336,3.1666718,-0.30570218,2025-01-23,13.270048906298761
2025-01-23,36.833336,3.25,-0.3070553,2025-01-23,19.290330362086166
2025-01-23,36.91667,2.8333435,-0.32596454,2025-01-23,27.393082527538727
2025-01-23,36.91667,2.9166718,-0.32432792,2025-01-23,22.49852861582144
2025-01-23,36.91667,3.0,-0.32081637,2025-01-23,19.286865452625985
2025-01-23,36.91667,3.0833435,-0.317835,2025-01-23,18.648990373299995
2025-01-23,36.91667,3.1666718,-0.31735942,2025-01-23,20.82299777897512
2025-01-23,36.91667,3.25,-0.31829438,2025-01-23,25.08797191414032
2025-01-24,36.583336,2.8333435,,2025-01-24,27.42486183499686
2025-01-24,36.583336,2.9166718,,2025-01-24,22.513610945271516
2025-01-24,36.583336,3.0,,2025-01-24,19.289317853545782
2025-01-24,36.583336,3.0833435,,2025-01-24,18.648702135525184
2025-01-24,36.583336,3.1666718,,2025-01-24,20.831708919035847
2025-01-24,36.583336,3.25,,2025-01-24,25.112182506309033
2025-01-24,36.66667,2.8333435,,2025-01-24,22.228234819302035
2025-01-24,36.66667,2.9166718,,2025-01-24,15.782881420103022
2025-01-24,36.66667,3.0,,2025-01-24,10.698609465725811
2025-01-24,36.66667,3.0833435,,2025-01-24,9.496464669132697
2025-01-24,36.66667,3.1666718,,2025-01-24,13.276882967911245
2025-01-24,36.66667,3.25,,2025-01-24,19.306074472517334
2025-01-24,36.75,2.8333435,-0.29317307,2025-01-24,20.194040166169533
2025-01-24,36.75,2.9166718,,2025-01-24,12.76987826840439
2025-01-24,36.75,3.0,,2025-01-24,5.345713953294998
2025-01-24,36.75,3.0833435,-0.2969576,2025-01-24,2.079801567910821
2025-01-24,36.75,3.1666718,-0.29625472,2025-01-24,9.50394748445699
2025-01-24,36.75,3.25,,2025-01-24,16.92811061876691
2025-01-24,36.833336,2.8333435,-0.30460355,2025-01-24,22.20863381656194
2025-01-24,36.833336,2.9166718,-0.3038473,2025-01-24,15.772124592603511
2025-01-24,36.833336,3.0,-0.3042236,2025-01-24,10.696398658202174
2025-01-24,36.833336,3.0833435,-0.304338,2025-01-24,9.496747682395155
2025-01-24,36.833336,3.1666718,-0.30482838,2025-01-24,13.270048906298761
2025-01-24,36.833336,3.25,-0.3058883,2025-01-24,19.290330362086166
2025-01-24,36.91667,2.8333435,-0.32591215,2025-01-24,27.393082527538727
2025-01-24,36.91667,2.9166718,-0.32679218,2025-01-24,22.49852861582144
2025-01-24,36.91667,3.0,-0.3266404,2025-01-24,19.286865452625985
2025-01-24,36.91667,3.0833435,-0.3239412,2025-01-24,18.648990373299995
2025-01-24,36.91667,3.1666718,-0.32135764,2025-01-24,20.82299777897512
2025-01-24,36.91667,3.25,-0.32148,2025-01-24,25.08797191414032
2025-01-25,36.583336,2.8333435,,2025-01-25,27.42486183499686
2025-01-25,36.583336,2.9166718,,2025-01-25,22.513610945271516
2025-01-25,36.583336,3.0,,2025-01-25,19.289317853545782
2025-01-25,36.583336,3.0833435,,2025-01-25,18.648702135525184
2025-01-25,36.583336,3.1666718,,2025-01-25,20.831708919035847
2025-01-25,36.583336,3.25,,2025-01-25,25.112182506309033
2025-01-25,36.66667,2.8333435,,2025-01-25,22.228234819302035
2025-01-25,36.66667,2.9166718,,2025-01-25,15.782881420103022
2025-01-25,36.66667,3.0,,2025-01-25,10.698609465725811
2025-01-25,36.66667,3.0833435,,2025-01-25,9.496464669132697
2025-01-25,36.66667,3.1666718,,2025-01-25,13.276882967911245
2025-01-25,36.66667,3.25,,2025-01-25,19.306074472517334
2025-01-25,36.75,2.8333435,-0.27735204,2025-01-25,20.194040166169533
2025-01-25,36.75,2.9166718,,2025-01-25,12.76987826840439
2025-01-25,36.75,3.0,,2025-01-25,5.345713953294998
2025-01-25,36.75,3.0833435,-0.28053743,2025-01-25,2.079801567910821
2025-01-25,36.75,3.1666718,-0.27964517,2025-01-25,9.50394748445699
2025-01-25,36.75,3.25,,2025-01-25,16.92811061876691
2025-01-25,36.833336,2.8333435,-0.28923175,2025-01-25,22.20863381656194
2025-01-25,36.833336,2.9166718,-0.28693074,2025-01-25,15.772124592603511
2025-01-25,36.833336,3.0,-0.28729683,2025-01-25,10.696398658202174
2025-01-25,36.833336,3.0833435,-0.2883171,2025-01-25,9.496747682395155
2025-01-25,36.833336,3.1666718,-0.28967568,2025-01-25,13.270048906298761
2025-01-25,36.833336,3.25,-0.29007268,2025-01-25,19.290330362086166
2025-01-25,36.91667,2.8333435,-0.3093237,2025-01-25,27.393082527538727
2025-01-25,36.91667,2.9166718,-0.30862582,2025-01-25,22.49852861582144
2025-01-25,36.91667,3.0,-0.31031168,2025-01-25,19.286865452625985
2025-01-25,36.91667,3.0833435,-0.31173274,2025-01-25,18.648990373299995
2025-01-25,36.91667,3.1666718,-0.31142807,2025-01-25,20.82299777897512
2025-01-25,36.91667,3.25,-0.31010914,2025-01-25,25.08797191414032
2025-01-26,36.583336,2.8333435,,2025-01-26,27.42486183499686
2025-01-26,36.583336,2.9166718,,2025-01-26,22.513610945271516
2025-01-26,36.583336,3.0,,2025-01-26,19.289317853545782
2025-01-26,36.583336,3.0833435,,2025-01-26,18.648702135525184
2025-01-26,36.583336,3.1666718,,2025-01-26,20.831708919035847
2025-01-26,36.583336,3.25,,2025-01-26,25.112182506309033
2025-01-26,36.66667,2.8333435,,2025-01-26,22.228234819302035
2025-01-26,36.66667,2.9166718,,2025-01-26,15.782881420103022
2025-01-26,36.66667,3.0,,2025-01-26,10.698609465725811
2025-01-26,36.66667,3.0833435,,2025-01-26,9.496464669132697
2025-01-26,36.66667,3.1666718,,2025-01-26,13.276882967911245
2025-01-26,36.66667,3.25,,2025-01-26,19.306074472517334
2025-01-26,36.75,2.8333435,-0.27608112,2025-01-26,20.194040166169533
2025-01-26,36.75,2.9166718,,2025-01-26,12.76987826840439
2025-01-26,36.75,3.0,,2025-01-26,5.345713953294998
2025-01-26,36.75,3.0833435,-0.27907687,2025-01-26,2.079801567910821
2025-01-26,36.75,3.1666718,-0.27820712,2025-01-26,9.50394748445699
2025-01-26,36.75,3.25,,2025-01-26,16.92811061876691
2025-01-26,36.833336,2.8333435,-0.29230064,2025-01-26,22.20863381656194
2025-01-26,36.833336,2.9166718,-0.28779492,2025-01-26,15.772124592603511
2025-01-26,36.833336,3.0,-0.2861342,2025-01-26,10.696398658202174
2025-01-26,36.833336,3.0833435,-0.28645417,2025-01-26,9.496747682395155
2025-01-26,36.833336,3.1666718,-0.2883761,2025-01-26,13.270048906298761
2025-01-26,36.833336,3.25,-0.29002675,2025-01-26,19.290330362086166
2025-01-26,36.91667,2.8333435,-0.31537396,2025-01-26,27.393082527538727
2025-01-26,36.91667,2.9166718,-0.31053215,2025-01-26,22.49852861582144
2025-01-26,36.91667,3.0,-0.30866888,2025-01-26,19.286865452625985
2025-01-26,36.91667,3.0833435,-0.30925956,2025-01-26,18.648990373299995
2025-01-26,36.91667,3.1666718,-0.31193057,2025-01-26,20.82299777897512
2025-01-26,36.91667,3.25,-0.31427068,2025-01-26,25.08797191414032
2025-01-27,36.583336,2.8333435,,2025-01-27,27.42486183499686
2025-01-27,36.583336,2.9166718,,2025-01-27,22.513610945271516
2025-01-27,36.583336,3.0,,2025-01-27,19.289317853545782
2025-01-27,36.583336,3.0833435,,2025-01-27,18.648702135525184
2025-01-27,36.583336,3.1666718,,2025-01-27,20.831708919035847
2025-01-27,36.583336,3.25,,2025-01-27,25.112182506309033
2025-01-27,36.66667,2.8333435,,2025-01-27,22.228234819302035
2025-01-27,36.66667,2.9166718,,2025-01-27,15.782881420103022
2025-01-27,36.66667,3.0,,2025-01-27,10.698609465725811
2025-01-27,36.66667,3.0833435,,2025-01-27,9.496464669132697
2025-01-27,36.66667,3.1666718,,2025-01-27,13.276882967911245
2025-01-27,36.66667,3.25,,2025-01-27,19.306074472517334
2025-01-27,36.75,2.8333435,-0.25824407,2025-01-27,20.194040166169533
2025-01-27,36.75,2.9166718,,2025-01-27,12.76987826840439
2025-01-27,36.75,3.0,,2025-01-27,5.345713953294998
2025-01-27,36.75,3.0833435,-0.25962168,2025-01-27,2.079801567910821
2025-01-27,36.75,3.1666718,-0.25827515,2025-01-27,9.50394748445699
2025-01-27,36.75,3.25,,2025-01-27,16.92811061876691
2025-01-27,36.833336,2.8333435,-0.27709502,2025-01-27,22.20863381656194
2025-01-27,36.833336,2.9166718,-0.27210912,2025-01-27,15.772124592603511
2025-01-27,36.833336,3.0,-0.26910737,2025-01-27,10.696398658202174
2025-01-27,36.833336,3.0833435,-0.26780906,2025-01-27,9.496747682395155
2025-01-27,36.833336,3.1666718,-0.26814142,2025-01-27,13.270048906298761
2025-01-27,36.833336,3.25,-0.2689829,2025-01-27,19.290330362086166
2025-01-27,36.91667,2.8333435,-0.30519933,2025-01-27,27.393082527538727
2025-01-27,36.91667,2.9166718,-0.29989356,2025-01-27,22.49852861582144
2025-01-27,36.91667,3.0,-0.29535013,2025-01-27,19.286865452625985
2025-01-27,36.91667,3.0833435,-0.29176942,2025-01-27,18.648990373299995
2025-01-27,36.91667,3.1666718,-0.29039192,2025-01-27,20.82299777897512
2025-01-27,36.91667,3.25,-0.29181862,2025-01-27,25.08797191414032
2025-01-28,36.583336,2.8333435,,2025-01-28,27.42486183499686
2025-01-28,36.583336,2.9166718,,2025-01-28,22.513610945271516
2025-01-28,36.583336,3.0,,2025-01-28,19.289317853545782
2025-01-28,36.583336,3.0833435,,2025-01-28,18.648702135525184
2025-01-28,36.583336,3.1666718,,2025-01-28,20.831708919035847
2025-01-28,36.583336,3.25,,2025-01-28,25.112182506309033
2025-01-28,36.66667,2.8333435,,2025-01-28,22.228234819302035
2025-01-28,36.66667,2.9166718,,2025-01-28,15.782881420103022
2025-01-28,36.66667,3.0,,2025-01-28,10.698609465725811
2025-01-28,36.66667,3.0833435,,2025-01-28,9.496464669132697
2025-01-28,36.66667,3.1666718,,2025-01-28,13.276882967911245
2025-01-28,36.66667,3.25,,2025-01-28,19.306074472517334
2025-01-28,36.75,2.8333435,-0.23790722,2025-01-28,20.194040166169533
2025-01-28,36.75,2.9166718,,2025-01-28,12.76987826840439
2025-01-28,36.75,3.0,,2025-01-28,5.345713953294998
2025-01-28,36.75,3.0833435,-0.24196558,2025-01-28,2.079801567910821
2025-01-28,36.75,3.1666718,-0.23728038,2025-01-28,9.50394748445699
2025-01-28,36.75,3.25,,2025-01-28,16.92811061876691
2025-01-28,36.833336,2.8333435,-0.26491162,2025-01-28,22.20863381656194
2025-01-28,36.833336,2.9166718,-0.2582046,2025-01-28,15.772124592603511
2025-01-28,36.833336,3.0,-0.25501928,2025-01-28,10.696398658202174
2025-01-28,36.833336,3.0833435,-0.25367743,2025-01-28,9.496747682395155
2025-01-28,36.833336,3.1666718,-0.2541646,2025-01-28,13.270048906298761
2025-01-28,36.833336,3.25,-0.25373656,2025-01-28,19.290330362086166
2025-01-28,36.91667,2.8333435,-0.29904228,2025-01-28,27.393082527538727
2025-01-28,36.91667,2.9166718,-0.29409152,2025-01-28,22.49852861582144
2025-01-28,36.91667,3.0,-0.29099783,2025-01-28,19.286865452625985
2025-01-28,36.91667,3.0833435,-0.28839293,2025-01-28,18.648990373299995
2025-01-28,36.91667,3.1666718,-0.2863045,2025-01-28,20.82299777897512
2025-01-28,36.91667,3.25,-0.28450525,2025-01-28,25.08797191414032
2025-01-29,36.583336,2.8333435,,2025-01-29,27.42486183499686
2025-01-29,36.583336,2.9166718,,2025-01-29,22.513610945271516
2025-01-29,36.583336,3.0,,2025-01-29,19.289317853545782
2025-01-29,36.583336,3.0833435,,2025-01-29,18.648702135525184
2025-01-29,36.583336,3.1666718,,2025-01-29,20.831708919035847
2025-01-29,36.583336,3.25,,2025-01-29,25.112182506309033
2025-01-29,36.66667,2.8333435,,2025-01-29,22.228234819302035
2025-01-29,36.66667,2.9166718,,2025-01-29,15.782881420103022
2025-01-29,36.66667,3.0,,2025-01-29,10.698609465725811
2025-01-29,36.66667,3.0833435,,2025-01-29,9.496464669132697
2025-01-29,36.66667,3.1666718,,2025-01-29,13.276882967911245
2025-01-29,36.66667,3.25,,2025-01-29,19.306074472517334
2025-01-29,36.75,2.8333435,-0.24641518,2025-01-29,20.194040166169533
2025-01-29,36.75,2.9166718,,2025-01-29,12.76987826840439
2025-01-29,36.75,3.0,,2025-01-29,5.345713953294998
2025-01-29,36.75,3.0833435,-0.24346554,2025-01-29,2.079801567910821
2025-01-29,36.75,3.1666718,-0.24055292,2025-01-29,9.50394748445699
2025-01-29,36.75,3.25,,2025-01-29,16.92811061876691
2025-01-29,36.833336,2.8333435,-0.2701332,2025-01-29,22.20863381656194
2025-01-29,36.833336,2.9166718,-0.26179275,2025-01-29,15.772124592603511
2025-01-29,36.833336,3.0,-0.25773787,2025-01-29,10.696398658202174
2025-01-29,36.833336,3.0833435,-0.254877,2025-01-29,9.496747682395155
2025-01-29,36.833336,3.1666718,-0.2543694,2025-01-29,13.270048906298761
2025-01-29,36.833336,3.25,-0.2529588,2025-01-29,19.290330362086166
2025-01-29,36.91667,2.8333435,-0.3072856,2025-01-29,27.393082527538727
2025-01-29,36.91667,2.9166718,-0.29824993,2025-01-29,22.49852861582144
2025-01-29,36.91667,3.0,-0.2928335,2025-01-29,19.286865452625985
2025-01-29,36.91667,3.0833435,-0.2896645,2025-01-29,18.648990373299995
2025-01-29,36.91667,3.1666718,-0.2885757,2025-01-29,20.82299777897512
2025-01-29,36.91667,3.25,-0.2889103,2025-01-29,25.08797191414032
2025-01-30,36.583336,2.8333435,,2025-01-30,27.42486183499686
2025-01-30,36.583336,2.9166718,,2025-01-30,22.513610945271516
2025-01-30,36.583336,3.0,,2025-01-30,19.289317853545782
2025-01-30,36.583336,3.0833435,,2025-01-30,18.648702135525184
2025-01-30,36.583336,3.1666718,,2025-01-30,20.831708919035847
2025-01-30,36.583336,3.25,,2025-01-30,25.112182506309033
2025-01-30,36.66667,2.8333435,,2025-01-30,22.228234819302035
2025-01-30,36.66667,2.9166718,,2025-01-30,15.782881420103022
2025-01-30,36.66667,3.0,,2025-01-30,10.698609465725811
2025-01-30,36.66667,3.0833435,,2025-01-30,9.496464669132697
2025-01-30,36.66667,3.1666718,,2025-01-30,13.276882967911245
2025-01-30,36.66667,3.25,,2025-01-30,19.306074472517334
2025-01-30,36.75,2.8333435,-0.256809,2025-01-30,20.194040166169533
2025-01-30,36.75,2.9166718,,2025-01-30,12.76987826840439
2025-01-30,36.75,3.0,,2025-01-30,5.345713953294998
2025-01-30,36.75,3.0833435,-0.25752258,2025-01-30,2.079801567910821
2025-01-30,36.75,3.1666718,-0.25590357,2025-01-30,9.50394748445699
2025-01-30,36.75,3.25,,2025-01-30,16.92811061876691
2025-01-30,36.833336,2.8333435,-0.2775088,2025-01-30,22.20863381656194
2025-01-30,36.833336,2.9166718,-0.2708626,2025-01-30,15.772124592603511
2025-01-30,36.833336,3.0,-0.2677366,2025-01-30,10.696398658202174
2025-01-30,36.833336,3.0833435,-0.26587763,2025-01-30,9.496747682395155
2025-01-30,36.833336,3.1666718,-0.26546246,2025-01-30,13.270048906298761
2025-01-30,36.833336,3.25,-0.26527143,2025-01-30,19.290330362086166
2025-01-30,36.91667,2.8333435,-0.3161359,2025-01-30,27.393082527538727
2025-01-30,36.91667,2.9166718,-0.3067953,2025-01-30,22.49852861582144
2025-01-30,36.91667,3.0,-0.29967672,2025-01-30,19.286865452625985
2025-01-30,36.91667,3.0833435,-0.29469815,2025-01-30,18.648990373299995
2025-01-30,36.91667,3.1666718,-0.29212618,2025-01-30,20.82299777897512
2025-01-30,36.91667,3.25,-0.29163313,2025-01-30,25.08797191414032
2025-01-31,36.583336,2.8333435,,2025-01-31,27.42486183499686
2025-01-31,36.583336,2.9166718,,2025-01-31,22.513610945271516
2025-01-31,36.583336,3.0,,2025-01-31,19.289317853545782
2025-01-31,36.583336,3.0833435,,2025-01-31,18.648702135525184
2025-01-31,36.583336,3.1666718,,2025-01-31,20.831708919035847
2025-01-31,36.583336,3.25,,2025-01-31,25.112182506309033
2025-01-31,36.66667,2.8333435,,2025-01-31,22.228234819302035
2025-01-31,36.66667,2.9166718,,2025-01-31,15.782881420103022
2025-01-31,36.66667,3.0,,2025-01-31,10.698609465725811
2025-01-31,36.66667,3.0833435,,2025-01-31,9.496464669132697
2025-01-31,36.66667,3.1666718,,2025-01-31,13.276882967911245
2025-01-31,36.66667,3.25,,2025-01-31,19.306074472517334
2025-01-31,36.75,2.8333435,-0.2790748,2025-01-31,20.194040166169533
2025-01-31,36.75,2.9166718,,2025-01-31,12.76987826840439
2025-01-31,36.75,3.0,,2025-01-31,5.345713953294998
2025-01-31,36.75,3.0833435,-0.27840593,2025-01-31,2.079801567910821
2025-01-31,36.75,3.1666718,-0.2769684,2025-01-31,9.50394748445699
2025-01-31,36.75,3.25,,2025-01-31,16.92811061876691
2025-01-31,36.833336,2.8333435,-0.29848686,2025-01-31,22.20863381656194
2025-01-31,36.833336,2.9166718,-0.2920505,2025-01-31,15.772124592603511
2025-01-31,36.833336,3.0,-0.2888898,2025-01-31,10.696398658202174
2025-01-31,36.833336,3.0833435,-0.28745484,2025-01-31,9.496747682395155
2025-01-31,36.833336,3.1666718,-0.28728497,2025-01-31,13.270048906298761
2025-01-31,36.833336,3.25,-0.2878242,2025-01-31,19.290330362086166
2025-01-31,36.91667,2.8333435,-0.3371386,2025-01-31,27.393082527538727
2025-01-31,36.91667,2.9166718,-0.32921624,2025-01-31,22.49852861582144
2025-01-31,36.91667,3.0,-0.323701,2025-01-31,19.286865452625985
2025-01-31,36.91667,3.0833435,-0.31910324,2025-01-31,18.648990373299995
2025-01-31,36.91667,3.1666718,-0.31561092,2025-01-31,20.82299777897512
2025-01-31,36.91667,3.25,-0.31395975,2025-01-31,25.08797191414032
2025-02-01,36.583336,2.8333435,,2025-02-01,27.42486183499686
2025-02-01,36.583336,2.9166718,,2025-02-01,22.513610945271516
2025-02-01,36.583336,3.0,,2025-02-01,19.289317853545782
2025-02-01,36.583336,3.0833435,,2025-02-01,18.648702135525184
2025-02-01,36.583336,3.1666718,,2025-02-01,20.831708919035847
2025-02-01,36.583336,3.25,,2025-02-01,25.112182506309033
2025-02-01,36.66667,2.8333435,,2025-02-01,22.228234819302035
2025-02-01,36.66667,2.9166718,,2025-02-01,15.782881420103022
2025-02-01,36.66667,3.0,,2025-02-01,10.698609465725811
2025-02-01,36.66667,3.0833435,,2025-02-01,9.496464669132697
2025-02-01,36.66667,3.1666718,,2025-02-01,13.276882967911245
2025-02-01,36.66667,3.25,,2025-02-01,19.306074472517334
2025-02-01,36.75,2.8333435,-0.30742854,2025-02-01,20.194040166169533
2025-02-01,36.75,2.9166718,,2025-02-01,12.76987826840439
2025-02-01,36.75,3.0,,2025-02-01,5.345713953294998
2025-02-01,36.75,3.0833435,-0.30551323,2025-02-01,2.079801567910821
2025-02-01,36.75,3.1666718,-0.3043601,2025-02-01,9.50394748445699
2025-02-01,36.75,3.25,,2025-02-01,16.92811061876691
2025-02-01,36.833336,2.8333435,-0.32237327,2025-02-01,22.20863381656194
2025-02-01,36.833336,2.9166718,-0.3157417,2025-02-01,15.772124592603511
2025-02-01,36.833336,3.0,-0.31249872,2025-02-01,10.696398658202174
2025-02-01,36.833336,3.0833435,-0.31090012,2025-02-01,9.496747682395155
2025-02-01,36.833336,3.1666718,-0.309983,2025-02-01,13.270048906298761
2025-02-01,36.833336,3.25,-0.3096088,2025-02-01,19.290330362086166
2025-02-01,36.91667,2.8333435,-0.35513455,2025-02-01,27.393082527538727
2025-02-01,36.91667,2.9166718,-0.34614182,2025-02-01,22.49852861582144
2025-02-01,36.91667,3.0,-0.33938825,2025-02-01,19.286865452625985
2025-02-01,36.91667,3.0833435,-0.3349456,2025-02-01,18.648990373299995
2025-02-01,36.91667,3.1666718,-0.33201513,2025-02-01,20.82299777897512
2025-02-01,36.91667,3.25,-0.33045614,2025-02-01,25.08797191414032
2025-02-02,36.583336,2.8333435,,2025-02-02,27.42486183499686
2025-02-02,36.583336,2.9166718,,2025-02-02,22.513610945271516
2025-02-02,36.583336,3.0,,2025-02-02,19.289317853545782
2025-02-02,36.583336,3.0833435,,2025-02-02,18.648702135525184
2025-02-02,36.583336,3.1666718,,2025-02-02,20.831708919035847
2025-02-02,36.583336,3.25,,2025-02-02,25.112182506309033
2025-02-02,36.66667,2.8333435,,2025-02-02,22.228234819302035
2025-02-02,36.66667,2.9166718,,2025-02-02,15.782881420103022
2025-02-02,36.66667,3.0,,2025-02-02,10.698609465725811
2025-02-02,36.66667,3.0833435,,2025-02-02,9.496464669132697
2025-02-02,36.66667,3.1666718,,2025-02-02,13.276882967911245
2025-02-02,36.66667,3.25,,2025-02-02,19.306074472517334
2025-02-02,36.75,2.8333435,-0.34182867,2025-02-02,20.194040166169533
2025-02-02,36.75,2.9166718,,2025-02-02,12.76987826840439
2025-02-02,36.75,3.0,,2025-02-02,5.345713953294998
2025-02-02,36.75,3.0833435,-0.34238455,2025-02-02,2.079801567910821
2025-02-02,36.75,3.1666718,-0.34057453,2025-02-02,9.50394748445699
2025-02-02,36.75,3.25,,2025-02-02,16.92811061876691
2025-02-02,36.833336,2.8333435,-0.35933542,2025-02-02,22.20863381656194
2025-02-02,36.833336,2.9166718,-0.35296047,2025-02-02,15.772124592603511
2025-02-02,36.833336,3.0,-0.34908843,2025-02-02,10.696398658202174
2025-02-02,36.833336,3.0833435,-0.34710163,2025-02-02,9.496747682395155
2025-02-02,36.833336,3.1666718,-0.34617743,2025-02-02,13.270048906298761
2025-02-02,36.833336,3.25,-0.34614462,2025-02-02,19.290330362086166
2025-02-02,36.91667,2.8333435,-0.3917502,2025-02-02,27.393082527538727
2025-02-02,36.91667,2.9166718,-0.38304913,2025-02-02,22.49852861582144
2025-02-02,36.91667,3.0,-0.37510154,2025-02-02,19.286865452625985
2025-02-02,36.91667,3.0833435,-0.3686671,2025-02-02,18.648990373299995
2025-02-02,36.91667,3.1666718,-0.36436912,2025-02-02,20.82299777897512
2025-02-02,36.91667,3.25,-0.3621003,2025-02-02,25.08797191414032
2025-02-03,36.583336,2.8333435,,2025-02-03,27.42486183499686
2025-02-03,36.583336,2.9166718,,2025-02-03,22.513610945271516
2025-02-03,36.583336,3.0,,2025-02-03,19.289317853545782
2025-02-03,36.583336,3.0833435,,2025-02-03,18.648702135525184
2025-02-03,36.583336,3.1666718,,2025-02-03,20.831708919035847
2025-02-03,36.583336,3.25,,2025-02-03,25.112182506309033
2025-02-03,36.66667,2.8333435,,2025-02-03,22.228234819302035
2025-02-03,36.66667,2.9166718,,2025-02-03,15.782881420103022
2025-02-03,36.66667,3.0,,2025-02-03,10.698609465725811
2025-02-03,36.66667,3.0833435,,2025-02-03,9.496464669132697
2025-02-03,36.66667,3.1666718,,2025-02-03,13.276882967911245
2025-02-03,36.66667,3.25,,2025-02-03,19.306074472517334
2025-02-03,36.75,2.8333435,-0.35859576,2025-02-03,20.194040166169533
2025-02-03,36.75,2.9166718,,2025-02-03,12.76987826840439
2025-02-03,36.75,3.0,,2025-02-03,5.345713953294998
2025-02-03,36.75,3.0833435,-0.35740155,2025-02-03,2.079801567910821
2025-02-03,36.75,3.1666718,-0.35625374,2025-02-03,9.50394748445699
2025-02-03,36.75,3.25,,2025-02-03,16.92811061876691
2025-02-03,36.833336,2.8333435,-0.37262842,2025-02-03,22.20863381656194
2025-02-03,36.833336,2.9166718,-0.36792374,2025-02-03,15.772124592603511
2025-02-03,36.833336,3.0,-0.3647025,2025-02-03,10.696398658202174
2025-02-03,36.833336,3.0833435,-0.3622295,2025-02-03,9.496747682395155
2025-02-03,36.833336,3.1666718,-0.3607777,2025-02-03,13.270048906298761
2025-02-03,36.833336,3.25,-0.36007676,2025-02-03,19.290330362086166
2025-02-03,36.91667,2.8333435,-0.40215078,2025-02-03,27.393082527538727
2025-02-03,36.91667,2.9166718,-0.39536503,2025-02-03,22.49852861582144
2025-02-03,36.91667,3.0,-0.38952237,2025-02-03,19.286865452625985
2025-02-03,36.91667,3.0833435,-0.38352826,2025-02-03,18.648990373299995
2025-02-03,36.91667,3.1666718,-0.3779179,2025-02-03,20.82299777897512
2025-02-03,36.91667,3.25,-0.37355372,2025-02-03,25.08797191414032
2025-02-04,36.583336,2.8333435,,2025-02-04,27.42486183499686
2025-02-04,36.583336,2.9166718,,2025-02-04,22.513610945271516
2025-02-04,36.583336,3.0,,2025-02-04,19.289317853545782
2025-02-04,36.583336,3.0833435,,2025-02-04,18.648702135525184
2025-02-04,36.583336,3.1666718,,2025-02-04,20.831708919035847
2025-02-04,36.583336,3.25,,2025-02-04,25.112182506309033
2025-02-04,36.66667,2.8333435,,2025-02-04,22.228234819302035
2025-02-04,36.66667,2.9166718,,2025-02-04,15.782881420103022
2025-02-04,36.66667,3.0,,2025-02-04,10.698609465725811
2025-02-04,36.66667,3.0833435,,2025-02-04,9.496464669132697
2025-02-04,36.66667,3.1666718,,2025-02-04,13.276882967911245
2025-02-04,36.66667,3.25,,2025-02-04,19.306074472517334
2025-02-04,36.75,2.8333435,-0.3848031,2025-02-04,20.194040166169533
2025-02-04,36.75,2.9166718,,2025-02-04,12.76987826840439
2025-02-04,36.75,3.0,,2025-02-04,5.345713953294998
2025-02-04,36.75,3.0833435,-0.38262063,2025-02-04,2.079801567910821
2025-02-04,36.75,3.1666718,-0.3822462,2025-02-04,9.50394748445699
2025-02-04,36.75,3.25,,2025-02-04,16.92811061876691
2025-02-04,36.833336,2.8333435,-0.39269832,2025-02-04,22.20863381656194
2025-02-04,36.833336,2.9166718,-0.38920262,2025-02-04,15.772124592603511
2025-02-04,36.833336,3.0,-0.38727698,2025-02-04,10.696398658202174
2025-02-04,36.833336,3.0833435,-0.3854338,2025-02-04,9.496747682395155
2025-02-04,36.833336,3.1666718,-0.3840467,2025-02-04,13.270048906298761
2025-02-04,36.833336,3.25,-0.38328212,2025-02-04,19.290330362086166
2025-02-04,36.91667,2.8333435,-0.41716233,2025-02-04,27.393082527538727
2025-02-04,36.91667,2.9166718,-0.410208,2025-02-04,22.49852861582144
2025-02-04,36.91667,3.0,-0.40527713,2025-02-04,19.286865452625985
2025-02-04,36.91667,3.0833435,-0.40129495,2025-02-04,18.648990373299995
2025-02-04,36.91667,3.1666718,-0.39738494,2025-02-04,20.82299777897512
2025-02-04,36.91667,3.25,-0.39331198,2025-02-04,25.08797191414032
2025-02-05,36.583336,2.8333435,,2025-02-05,27.42486183499686
2025-02-05,36.583336,2.9166718,,2025-02-05,22.513610945271516
2025-02-05,36.583336,3.0,,2025-02-05,19.289317853545782
2025-02-05,36.583336,3.0833435,,2025-02-05,18.648702135525184
2025-02-05,36.583336,3.1666718,,2025-02-05,20.831708919035847
2025-02-05,36.583336,3.25,,2025-02-05,25.112182506309033
2025-02-05,36.66667,2.8333435,,2025-02-05,22.228234819302035
2025-02-05,36.66667,2.9166718,,2025-02-05,15.782881420103022
2025-02-05,36.66667,3.0,,2025-02-05,10.698609465725811
2025-02-05,36.66667,3.0833435,,2025-02-05,9.496464669132697
2025-02-05,36.66667,3.1666718,,2025-02-05,13.276882967911245
2025-02-05,36.66667,3.25,,2025-02-05,19.306074472517334
2025-02-05,36.75,2.8333435,-0.40838522,2025-02-05,20.194040166169533
2025-02-05,36.75,2.9166718,,2025-02-05,12.76987826840439
2025-02-05,36.75,3.0,,2025-02-05,5.345713953294998
2025-02-05,36.75,3.0833435,-0.4070626,2025-02-05,2.079801567910821
2025-02-05,36.75,3.1666718,-0.40715894,2025-02-05,9.50394748445699
2025-02-05,36.75,3.25,,2025-02-05,16.92811061876691
2025-02-05,36.833336,2.8333435,-0.41240248,2025-02-05,22.20863381656194
2025-02-05,36.833336,2.9166718,-0.40951553,2025-02-05,15.772124592603511
2025-02-05,36.833336,3.0,-0.40827325,2025-02-05,10.696398658202174
2025-02-05,36.833336,3.0833435,-0.407147,2025-02-05,9.496747682395155
2025-02-05,36.833336,3.1666718,-0.40597126,2025-02-05,13.270048906298761
2025-02-05,36.833336,3.25,-0.40496036,2025-02-05,19.290330362086166
2025-02-05,36.91667,2.8333435,-0.43201274,2025-02-05,27.393082527538727
2025-02-05,36.91667,2.9166718,-0.4248024,2025-02-05,22.49852861582144
2025-02-05,36.91667,3.0,-0.41959295,2025-02-05,19.286865452625985
2025-02-05,36.91667,3.0833435,-0.41597456,2025-02-05,18.648990373299995
2025-02-05,36.91667,3.1666718,-0.4132159,2025-02-05,20.82299777897512
2025-02-05,36.91667,3.25,-0.41046992,2025-02-05,25.08797191414032
2025-02-06,36.583336,2.8333435,,2025-02-06,27.42486183499686
2025-02-06,36.583336,2.9166718,,2025-02-06,22.513610945271516
2025-02-06,36.583336,3.0,,2025-02-06,19.289317853545782
2025-02-06,36.583336,3.0833435,,2025-02-06,18.648702135525184
2025-02-06,36.583336,3.1666718,,2025-02-06,20.831708919035847
2025-02-06,36.583336,3.25,,2025-02-06,25.112182506309033
2025-02-06,36.66667,2.8333435,,2025-02-06,22.228234819302035
2025-02-06,36.66667,2.9166718,,2025-02-06,15.782881420103022
2025-02-06,36.66667,3.0,,2025-02-06,10.698609465725811
2025-02-06,36.66667,3.0833435,,2025-02-06,9.496464669132697
2025-02-06,36.66667,3.1666718,,2025-02-06,13.276882967911245
2025-02-06,36.66667,3.25,,2025-02-06,19.306074472517334
2025-02-06,36.75,2.8333435,-0.42803398,2025-02-06,20.194040166169533
2025-02-06,36.75,2.9166718,,2025-02-06,12.76987826840439
2025-02-06,36.75,3.0,,2025-02-06,5.345713953294998
2025-02-06,36.75,3.0833435,-0.43027663,2025-02-06,2.079801567910821
2025-02-06,36.75,3.1666718,-0.43028912,2025-02-06,9.50394748445699
2025-02-06,36.75,3.25,,2025-02-06,16.92811061876691
2025-02-06,36.833336,2.8333435,-0.43300298,2025-02-06,22.20863381656194
2025-02-06,36.833336,2.9166718,-0.43076238,2025-02-06,15.772124592603511
2025-02-06,36.833336,3.0,-0.4298264,2025-02-06,10.696398658202174
2025-02-06,36.833336,3.0833435,-0.42934242,2025-02-06,9.496747682395155
2025-02-06,36.833336,3.1666718,-0.42884237,2025-02-06,13.270048906298761
2025-02-06,36.833336,3.25,-0.42827523,2025-02-06,19.290330362086166
2025-02-06,36.91667,2.8333435,-0.4497358,2025-02-06,27.393082527538727
2025-02-06,36.91667,2.9166718,-0.4423812,2025-02-06,22.49852861582144
2025-02-06,36.91667,3.0,-0.43728805,2025-02-06,19.286865452625985
2025-02-06,36.91667,3.0833435,-0.4340007,2025-02-06,18.648990373299995
2025-02-06,36.91667,3.1666718,-0.43173704,2025-02-06,20.82299777897512
2025-02-06,36.91667,3.25,-0.42978927,2025-02-06,25.08797191414032
2025-02-07,36.583336,2.8333435,,2025-02-07,27.42486183499686
2025-02-07,36.583336,2.9166718,,2025-02-07,22.513610945271516
2025-02-07,36.583336,3.0,,2025-02-07,19.289317853545782
2025-02-07,36.583336,3.0833435,,2025-02-07,18.648702135525184
2025-02-07,36.583336,3.1666718,,2025-02-07,20.831708919035847
2025-02-07,36.583336,3.25,,2025-02-07,25.112182506309033
2025-02-07,36.66667,2.8333435,,2025-02-07,22.228234819302035
2025-02-07,36.66667,2.9166718,,2025-02-07,15.782881420103022
2025-02-07,36.66667,3.0,,2025-02-07,10.698609465725811
2025-02-07,36.66667,3.0833435,,2025-02-07,9.496464669132697
2025-02-07,36.66667,3.1666718,,2025-02-07,13.276882967911245
2025-02-07,36.66667,3.25,,2025-02-07,19.306074472517334
2025-02-07,36.75,2.8333435,-0.42595363,2025-02-07,20.194040166169533
2025-02-07,36.75,2.9166718,,2025-02-07,12.76987826840439
2025-02-07,36.75,3.0,,2025-02-07,5.345713953294998
2025-02-07,36.75,3.0833435,-0.42802498,2025-02-07,2.079801567910821
2025-02-07,36.75,3.1666718,-0.42804447,2025-02-07,9.50394748445699
2025-02-07,36.75,3.25,,2025-02-07,16.92811061876691
2025-02-07,36.833336,2.8333435,-0.43347967,2025-02-07,22.20863381656194
2025-02-07,36.833336,2.9166718,-0.4299437,2025-02-07,15.772124592603511
2025-02-07,36.833336,3.0,-0.42877328,2025-02-07,10.696398658202174
2025-02-07,36.833336,3.0833435,-0.42846575,2025-02-07,9.496747682395155
2025-02-07,36.833336,3.1666718,-0.42830068,2025-02-07,13.270048906298761
2025-02-07,36.833336,3.25,-0.42800474,2025-02-07,19.290330362086166
2025-02-07,36.91667,2.8333435,-0.45136222,2025-02-07,27.393082527538727
2025-02-07,36.91667,2.9166718,-0.4428011,2025-02-07,22.49852861582144
2025-02-07,36.91667,3.0,-0.4368922,2025-02-07,19.286865452625985
2025-02-07,36.91667,3.0833435,-0.4332266,2025-02-07,18.648990373299995
2025-02-07,36.91667,3.1666718,-0.43103635,2025-02-07,20.82299777897512
2025-02-07,36.91667,3.25,-0.42942473,2025-02-07,25.08797191414032
2025-02-08,36.583336,2.8333435,,2025-02-08,27.42486183499686
2025-02-08,36.583336,2.9166718,,2025-02-08,22.513610945271516
2025-02-08,36.583336,3.0,,2025-02-08,19.289317853545782
2025-02-08,36.583336,3.0833435,,2025-02-08,18.648702135525184
2025-02-08,36.583336,3.1666718,,2025-02-08,20.831708919035847
2025-02-08,36.583336,3.25,,2025-02-08,25.112182506309033
2025-02-08,36.66667,2.8333435,,2025-02-08,22.228234819302035
2025-02-08,36.66667,2.9166718,,2025-02-08,15.782881420103022
2025-02-08,36.66667,3.0,,2025-02-08,10.698609465725811
2025-02-08,36.66667,3.0833435,,2025-02-08,9.496464669132697
2025-02-08,36.66667,3.1666718,,2025-02-08,13.276882967911245
2025-02-08,36.66667,3.25,,2025-02-08,19.306074472517334
2025-02-08,36.75,2.8333435,-0.4067885,2025-02-08,20.194040166169533
2025-02-08,36.75,2.9166718,,2025-02-08,12.76987826840439
2025-02-08,36.75,3.0,,2025-02-08,5.345713953294998
2025-02-08,36.75,3.0833435,-0.40704924,2025-02-08,2.079801567910821
2025-02-08,36.75,3.1666718,-0.40630817,2025-02-08,9.50394748445699
2025-02-08,36.75,3.25,,2025-02-08,16.92811061876691
2025-02-08,36.833336,2.8333435,-0.41617197,2025-02-08,22.20863381656194
2025-02-08,36.833336,2.9166718,-0.41123334,2025-02-08,15.772124592603511
2025-02-08,36.833336,3.0,-0.4093562,2025-02-08,10.696398658202174
2025-02-08,36.833336,3.0833435,-0.40876427,2025-02-08,9.496747682395155
2025-02-08,36.833336,3.1666718,-0.40833434,2025-02-08,13.270048906298761
2025-02-08,36.833336,3.25,-0.4077956,2025-02-08,19.290330362086166
2025-02-08,36.91667,2.8333435,-0.43508863,2025-02-08,27.393082527538727
2025-02-08,36.91667,2.9166718,-0.42531672,2025-02-08,22.49852861582144
2025-02-08,36.91667,3.0,-0.418233,2025-02-08,19.286865452625985
2025-02-08,36.91667,3.0833435,-0.41373068,2025-02-08,18.648990373299995
2025-02-08,36.91667,3.1666718,-0.41110393,2025-02-08,20.82299777897512
2025-02-08,36.91667,3.25,-0.4092677,2025-02-08,25.08797191414032
2025-02-09,36.583336,2.8333435,,2025-02-09,27.42486183499686
2025-02-09,36.583336,2.9166718,,2025-02-09,22.513610945271516
2025-02-09,36.583336,3.0,,2025-02-09,19.289317853545782
2025-02-09,36.583336,3.0833435,,2025-02-09,18.648702135525184
2025-02-09,36.583336,3.1666718,,2025-02-09,20.831708919035847
2025-02-09,36.583336,3.25,,2025-02-09,25.112182506309033
2025-02-09,36.66667,2.8333435,,2025-02-09,22.228234819302035
2025-02-09,36.66667,2.9166718,,2025-02-09,15.782881420103022
2025-02-09,36.66667,3.0,,2025-02-09,10.698609465725811
2025-02-09,36.66667,3.0833435,,2025-02-09,9.496464669132697
2025-02-09,36.66667,3.1666718,,2025-02-09,13.276882967911245
2025-02-09,36.66667,3.25,,2025-02-09,19.306074472517334
2025-02-09,36.75,2.8333435,-0.4179353,2025-02-09,20.194040166169533
2025-02-09,36.75,2.9166718,,2025-02-09,12.76987826840439
2025-02-09,36.75,3.0,,2025-02-09,5.345713953294998
2025-02-09,36.75,3.0833435,-0.41774598,2025-02-09,2.079801567910821
2025-02-09,36.75,3.1666718,-0.41768178,2025-02-09,9.50394748445699
2025-02-09,36.75,3.25,,2025-02-09,16.92811061876691
2025-02-09,36.833336,2.8333435,-0.43019578,2025-02-09,22.20863381656194
2025-02-09,36.833336,2.9166718,-0.4237804,2025-02-09,15.772124592603511
2025-02-09,36.833336,3.0,-0.42070508,2025-02-09,10.696398658202174
2025-02-09,36.833336,3.0833435,-0.41962618,2025-02-09,9.496747682395155
2025-02-09,36.833336,3.1666718,-0.4191817,2025-02-09,13.270048906298761
2025-02-09,36.833336,3.25,-0.41864964,2025-02-09,19.290330362086166
2025-02-09,36.91667,2.8333435,-0.4515018,2025-02-09,27.393082527538727
2025-02-09,36.91667,2.9166718,-0.44049355,2025-02-09,22.49852861582144
2025-02-09,36.91667,3.0,-0.43188187,2025-02-09,19.286865452625985
2025-02-09,36.91667,3.0833435,-0.42608783,2025-02-09,18.648990373299995
2025-02-09,36.91667,3.1666718,-0.42259303,2025-02-09,20.82299777897512
2025-02-09,36.91667,3.25,-0.42037943,2025-02-09,25.08797191414032
2025-02-10,36.583336,2.8333435,,2025-02-10,27.42486183499686
2025-02-10,36.583336,2.9166718,,2025-02-10,22.513610945271516
2025-02-10,36.583336,3.0,,2025-02-10,19.289317853545782
2025-02-10,36.583336,3.0833435,,2025-02-10,18.648702135525184
2025-02-10,36.583336,3.1666718,,2025-02-10,20.831708919035847
2025-02-10,36.583336,3.25,,2025-02-10,25.112182506309033
2025-02-10,36.66667,2.8333435,,2025-02-10,22.228234819302035
2025-02-10,36.66667,2.9166718,,2025-02-10,15.782881420103022
2025-02-10,36.66667,3.0,,2025-02-10,10.698609465725811
2025-02-10,36.66667,3.0833435,,2025-02-10,9.496464669132697
2025-02-10,36.66667,3.1666718,,2025-02-10,13.276882967911245
2025-02-10,36.66667,3.25,,2025-02-10,19.306074472517334
2025-02-10,36.75,2.8333435,-0.4013948,2025-02-10,20.194040166169533
2025-02-10,36.75,2.9166718,,2025-02-10,12.76987826840439
2025-02-10,36.75,3.0,,2025-02-10,5.345713953294998
2025-02-10,36.75,3.0833435,-0.40157458,2025-02-10,2.079801567910821
2025-02-10,36.75,3.1666718,-0.40161237,2025-02-10,9.50394748445699
2025-02-10,36.75,3.25,,2025-02-10,16.92811061876691
2025-02-10,36.833336,2.8333435,-0.41717368,2025-02-10,22.20863381656194
2025-02-10,36.833336,2.9166718,-0.41081363,2025-02-10,15.772124592603511
2025-02-10,36.833336,3.0,-0.40690947,2025-02-10,10.696398658202174
2025-02-10,36.833336,3.0833435,-0.4052792,2025-02-10,9.496747682395155
2025-02-10,36.833336,3.1666718,-0.40497527,2025-02-10,13.270048906298761
2025-02-10,36.833336,3.25,-0.40523723,2025-02-10,19.290330362086166
2025-02-10,36.91667,2.8333435,-0.44135955,2025-02-10,27.393082527538727
2025-02-10,36.91667,2.9166718,-0.4315327,2025-02-10,22.49852861582144
2025-02-10,36.91667,3.0,-0.42225674,2025-02-10,19.286865452625985
2025-02-10,36.91667,3.0833435,-0.41510692,2025-02-10,18.648990373299995
2025-02-10,36.91667,3.1666718,-0.41096342,2025-02-10,20.82299777897512
2025-02-10,36.91667,3.25,-0.40885225,2025-02-10,25.08797191414032
2025-02-11,36.583336,2.8333435,,2025-02-11,27.42486183499686
2025-02-11,36.583336,2.9166718,,2025-02-11,22.513610945271516
2025-02-11,36.583336,3.0,,2025-02-11,19.289317853545782
2025-02-11,36.583336,3.0833435,,2025-02-11,18.648702135525184
2025-02-11,36.583336,3.1666718,,2025-02-11,20.831708919035847
2025-02-11,36.583336,3.25,,2025-02-11,25.112182506309033
2025-02-11,36.66667,2.8333435,,2025-02-11,22.228234819302035
2025-02-11,36.66667,2.9166718,,2025-02-11,15.782881420103022
2025-02-11,36.66667,3.0,,2025-02-11,10.698609465725811
2025-02-11,36.66667,3.0833435,,2025-02-11,9.496464669132697
2025-02-11,36.66667,3.1666718,,2025-02-11,13.276882967911245
2025-02-11,36.66667,3.25,,2025-02-11,19.306074472517334
2025-02-11,36.75,2.8333435,-0.39847136,2025-02-11,20.194040166169533
2025-02-11,36.75,2.9166718,,2025-02-11,12.76987826840439
2025-02-11,36.75,3.0,,2025-02-11,5.345713953294998
2025-02-11,36.75,3.0833435,-0.39688948,2025-02-11,2.079801567910821
2025-02-11,36.75,3.1666718,-0.39589372,2025-02-11,9.50394748445699
2025-02-11,36.75,3.25,,2025-02-11,16.92811061876691
2025-02-11,36.833336,2.8333435,-0.4140757,2025-02-11,22.20863381656194
2025-02-11,36.833336,2.9166718,-0.40803018,2025-02-11,15.772124592603511
2025-02-11,36.833336,3.0,-0.40434545,2025-02-11,10.696398658202174
2025-02-11,36.833336,3.0833435,-0.4018818,2025-02-11,9.496747682395155
2025-02-11,36.833336,3.1666718,-0.40009776,2025-02-11,13.270048906298761
2025-02-11,36.833336,3.25,-0.39941087,2025-02-11,19.290330362086166
2025-02-11,36.91667,2.8333435,-0.43853757,2025-02-11,27.393082527538727
2025-02-11,36.91667,2.9166718,-0.43140262,2025-02-11,22.49852861582144
2025-02-11,36.91667,3.0,-0.42418224,2025-02-11,19.286865452625985
2025-02-11,36.91667,3.0833435,-0.4163835,2025-02-11,18.648990373299995
2025-02-11,36.91667,3.1666718,-0.4100631,2025-02-11,20.82299777897512
2025-02-11,36.91667,3.25,-0.40639195,2025-02-11,25.08797191414032
2025-02-12,36.583336,2.8333435,,2025-02-12,27.42486183499686
2025-02-12,36.583336,2.9166718,,2025-02-12,22.513610945271516
2025-02-12,36.583336,3.0,,2025-02-12,19.289317853545782
2025-02-12,36.583336,3.0833435,,2025-02-12,18.648702135525184
2025-02-12,36.583336,3.1666718,,2025-02-12,20.831708919035847
2025-02-12,36.583336,3.25,,2025-02-12,25.112182506309033
2025-02-12,36.66667,2.8333435,,2025-02-12,22.228234819302035
2025-02-12,36.66667,2.9166718,,2025-02-12,15.782881420103022
2025-02-12,36.66667,3.0,,2025-02-12,10.698609465725811
2025-02-12,36.66667,3.0833435,,2025-02-12,9.496464669132697
2025-02-12,36.66667,3.1666718,,2025-02-12,13.276882967911245
2025-02-12,36.66667,3.25,,2025-02-12,19.306074472517334
2025-02-12,36.75,2.8333435,-0.38398987,2025-02-12,20.194040166169533
2025-02-12,36.75,2.9166718,,2025-02-12,12.76987826840439
2025-02-12,36.75,3.0,,2025-02-12,5.345713953294998
2025-02-12,36.75,3.0833435,-0.38537675,2025-02-12,2.079801567910821
2025-02-12,36.75,3.1666718,-0.38412997,2025-02-12,9.50394748445699
2025-02-12,36.75,3.25,,2025-02-12,16.92811061876691
2025-02-12,36.833336,2.8333435,-0.40208527,2025-02-12,22.20863381656194
2025-02-12,36.833336,2.9166718,-0.3965273,2025-02-12,15.772124592603511
2025-02-12,36.833336,3.0,-0.39376593,2025-02-12,10.696398658202174
2025-02-12,36.833336,3.0833435,-0.39223105,2025-02-12,9.496747682395155
2025-02-12,36.833336,3.1666718,-0.3905833,2025-02-12,13.270048906298761
2025-02-12,36.833336,3.25,-0.3892469,2025-02-12,19.290330362086166
2025-02-12,36.91667,2.8333435,-0.42768177,2025-02-12,27.393082527538727
2025-02-12,36.91667,2.9166718,-0.42129457,2025-02-12,22.49852861582144
2025-02-12,36.91667,3.0,-0.41650248,2025-02-12,19.286865452625985
2025-02-12,36.91667,3.0833435,-0.41155195,2025-02-12,18.648990373299995
2025-02-12,36.91667,3.1666718,-0.4057799,2025-02-12,20.82299777897512
2025-02-12,36.91667,3.25,-0.4005477,2025-02-12,25.08797191414032
2025-02-13,36.583336,2.8333435,,2025-02-13,27.42486183499686
2025-02-13,36.583336,2.9166718,,2025-02-13,22.513610945271516
2025-02-13,36.583336,3.0,,2025-02-13,19.289317853545782
2025-02-13,36.583336,3.0833435,,2025-02-13,18.648702135525184
2025-02-13,36.583336,3.1666718,,2025-02-13,20.831708919035847
2025-02-13,36.583336,3.25,,2025-02-13,25.112182506309033
2025-02-13,36.66667,2.8333435,,2025-02-13,22.228234819302035
2025-02-13,36.66667,2.9166718,,2025-02-13,15.782881420103022
2025-02-13,36.66667,3.0,,2025-02-13,10.698609465725811
2025-02-13,36.66667,3.0833435,,2025-02-13,9.496464669132697
2025-02-13,36.66667,3.1666718,,2025-02-13,13.276882967911245
2025-02-13,36.66667,3.25,,2025-02-13,19.306074472517334
2025-02-13,36.75,2.8333435,-0.366372,2025-02-13,20.194040166169533
2025-02-13,36.75,2.9166718,,2025-02-13,12.76987826840439
2025-02-13,36.75,3.0,,2025-02-13,5.345713953294998
2025-02-13,36.75,3.0833435,-0.36814162,2025-02-13,2.079801567910821
2025-02-13,36.75,3.1666718,-0.36543444,2025-02-13,9.50394748445699
2025-02-13,36.75,3.25,,2025-02-13,16.92811061876691
2025-02-13,36.833336,2.8333435,-0.38936442,2025-02-13,22.20863381656194
2025-02-13,36.833336,2.9166718,-0.38249832,2025-02-13,15.772124592603511
2025-02-13,36.833336,3.0,-0.37946662,2025-02-13,10.696398658202174
2025-02-13,36.833336,3.0833435,-0.37871638,2025-02-13,9.496747682395155
2025-02-13,36.833336,3.1666718,-0.37819856,2025-02-13,13.270048906298761
2025-02-13,36.833336,3.25,-0.37661165,2025-02-13,19.290330362086166
2025-02-13,36.91667,2.8333435,-0.41997588,2025-02-13,27.393082527538727
2025-02-13,36.91667,2.9166718,-0.41293955,2025-02-13,22.49852861582144
2025-02-13,36.91667,3.0,-0.4077866,2025-02-13,19.286865452625985
2025-02-13,36.91667,3.0833435,-0.4039815,2025-02-13,18.648990373299995
2025-02-13,36.91667,3.1666718,-0.4010233,2025-02-13,20.82299777897512
2025-02-13,36.91667,3.25,-0.3973488,2025-02-13,25.08797191414032
2025-02-14,36.583336,2.8333435,,2025-02-14,27.42486183499686
2025-02-14,36.583336,2.9166718,,2025-02-14,22.513610945271516
2025-02-14,36.583336,3.0,,2025-02-14,19.289317853545782
2025-02-14,36.583336,3.0833435,,2025-02-14,18.648702135525184
2025-02-14,36.583336,3.1666718,,2025-02-14,20.831708919035847
2025-02-14,36.583336,3.25,,2025-02-14,25.112182506309033
2025-02-14,36.66667,2.8333435,,2025-02-14,22.228234819302035
2025-02-14,36.66667,2.9166718,,2025-02-14,15.782881420103022
2025-02-14,36.66667,3.0,,2025-02-14,10.698609465725811
2025-02-14,36.66667,3.0833435,,2025-02-14,9.496464669132697
2025-02-14,36.66667,3.1666718,,2025-02-14,13.276882967911245
2025-02-14,36.66667,3.25,,2025-02-14,19.306074472517334
2025-02-14,36.75,2.8333435,-0.37508386,2025-02-14,20.194040166169533
2025-02-14,36.75,2.9166718,,2025-02-14,12.76987826840439
2025-02-14,36.75,3.0,,2025-02-14,5.345713953294998
2025-02-14,36.75,3.0833435,-0.37400404,2025-02-14,2.079801567910821
2025-02-14,36.75,3.1666718,-0.37216812,2025-02-14,9.50394748445699
2025-02-14,36.75,3.25,,2025-02-14,16.92811061876691
2025-02-14,36.833336,2.8333435,-0.3991318,2025-02-14,22.20863381656194
2025-02-14,36.833336,2.9166718,-0.39021906,2025-02-14,15.772124592603511
2025-02-14,36.833336,3.0,-0.38537425,2025-02-14,10.696398658202174
2025-02-14,36.833336,3.0833435,-0.38346922,2025-02-14,9.496747682395155
2025-02-14,36.833336,3.1666718,-0.38340512,2025-02-14,13.270048906298761
2025-02-14,36.833336,3.25,-0.38325292,2025-02-14,19.290330362086166
2025-02-14,36.91667,2.8333435,-0.43343255,2025-02-14,27.393082527538727
2025-02-14,36.91667,2.9166718,-0.42303738,2025-02-14,22.49852861582144
2025-02-14,36.91667,3.0,-0.41568244,2025-02-14,19.286865452625985
2025-02-14,36.91667,3.0833435,-0.41036567,2025-02-14,18.648990373299995
2025-02-14,36.91667,3.1666718,-0.40737867,2025-02-14,20.82299777897512
2025-02-14,36.91667,3.25,-0.40632525,2025-02-14,25.08797191414032
2025-02-15,36.583336,2.8333435,,2025-02-15,27.42486183499686
2025-02-15,36.583336,2.9166718,,2025-02-15,22.513610945271516
2025-02-15,36.583336,3.0,,2025-02-15,19.289317853545782
2025-02-15,36.583336,3.0833435,,2025-02-15,18.648702135525184
2025-02-15,36.583336,3.1666718,,2025-02-15,20.831708919035847
2025-02-15,36.583336,3.25,,2025-02-15,25.112182506309033
2025-02-15,36.66667,2.8333435,,2025-02-15,22.228234819302035
2025-02-15,36.66667,2.9166718,,2025-02-15,15.782881420103022
2025-02-15,36.66667,3.0,,2025-02-15,10.698609465725811
2025-02-15,36.66667,3.0833435,,2025-02-15,9.496464669132697
2025-02-15,36.66667,3.1666718,,2025-02-15,13.276882967911245
2025-02-15,36.66667,3.25,,2025-02-15,19.306074472517334
2025-02-15,36.75,2.8333435,-0.38325667,2025-02-15,20.194040166169533
2025-02-15,36.75,2.9166718,,2025-02-15,12.76987826840439
2025-02-15,36.75,3.0,,2025-02-15,5.345713953294998
2025-02-15,36.75,3.0833435,-0.3832109,2025-02-15,2.079801567910821
2025-02-15,36.75,3.1666718,-0.3817879,2025-02-15,9.50394748445699
2025-02-15,36.75,3.25,,2025-02-15,16.92811061876691
2025-02-15,36.833336,2.8333435,-0.40805507,2025-02-15,22.20863381656194
2025-02-15,36.833336,2.9166718,-0.39909658,2025-02-15,15.772124592603511
2025-02-15,36.833336,3.0,-0.3943512,2025-02-15,10.696398658202174
2025-02-15,36.833336,3.0833435,-0.3924454,2025-02-15,9.496747682395155
2025-02-15,36.833336,3.1666718,-0.39171654,2025-02-15,13.270048906298761
2025-02-15,36.833336,3.25,-0.39118105,2025-02-15,19.290330362086166
2025-02-15,36.91667,2.8333435,-0.4463684,2025-02-15,27.393082527538727
2025-02-15,36.91667,2.9166718,-0.43565112,2025-02-15,22.49852861582144
2025-02-15,36.91667,3.0,-0.4278196,2025-02-15,19.286865452625985
2025-02-15,36.91667,3.0833435,-0.42167035,2025-02-15,18.648990373299995
2025-02-15,36.91667,3.1666718,-0.4170781,2025-02-15,20.82299777897512
2025-02-15,36.91667,3.25,-0.41359088,2025-02-15,25.08797191414032
2025-02-16,36.583336,2.8333435,,2025-02-16,27.42486183499686
2025-02-16,36.583336,2.9166718,,2025-02-16,22.513610945271516
2025-02-16,36.583336,3.0,,2025-02-16,19.289317853545782
2025-02-16,36.583336,3.0833435,,2025-02-16,18.648702135525184
2025-02-16,36.583336,3.1666718,,2025-02-16,20.831708919035847
2025-02-16,36.583336,3.25,,2025-02-16,25.112182506309033
2025-02-16,36.66667,2.8333435,,2025-02-16,22.228234819302035
2025-02-16,36.66667,2.9166718,,2025-02-16,15.782881420103022
2025-02-16,36.66667,3.0,,2025-02-16,10.698609465725811
2025-02-16,36.66667,3.0833435,,2025-02-16,9.496464669132697
2025-02-16,36.66667,3.1666718,,2025-02-16,13.276882967911245
2025-02-16,36.66667,3.25,,2025-02-16,19.306074472517334
2025-02-16,36.75,2.8333435,-0.36438665,2025-02-16,20.194040166169533
2025-02-16,36.75,2.9166718,,2025-02-16,12.76987826840439
2025-02-16,36.75,3.0,,2025-02-16,5.345713953294998
2025-02-16,36.75,3.0833435,-0.3639415,2025-02-16,2.079801567910821
2025-02-16,36.75,3.1666718,-0.3626969,2025-02-16,9.50394748445699
2025-02-16,36.75,3.25,,2025-02-16,16.92811061876691
2025-02-16,36.833336,2.8333435,-0.38967898,2025-02-16,22.20863381656194
2025-02-16,36.833336,2.9166718,-0.38013434,2025-02-16,15.772124592603511
2025-02-16,36.833336,3.0,-0.37418228,2025-02-16,10.696398658202174
2025-02-16,36.833336,3.0833435,-0.3722347,2025-02-16,9.496747682395155
2025-02-16,36.833336,3.1666718,-0.3720077,2025-02-16,13.270048906298761
2025-02-16,36.833336,3.25,-0.37128302,2025-02-16,19.290330362086166
2025-02-16,36.91667,2.8333435,-0.42937505,2025-02-16,27.393082527538727
2025-02-16,36.91667,2.9166718,-0.4174547,2025-02-16,22.49852861582144
2025-02-16,36.91667,3.0,-0.40809056,2025-02-16,19.286865452625985
2025-02-16,36.91667,3.0833435,-0.4010036,2025-02-16,18.648990373299995
2025-02-16,36.91667,3.1666718,-0.39661473,2025-02-16,20.82299777897512
2025-02-16,36.91667,3.25,-0.39366275,2025-02-16,25.08797191414032
2025-02-17,36.583336,2.8333435,,2025-02-17,27.42486183499686
2025-02-17,36.583336,2.9166718,,2025-02-17,22.513610945271516
2025-02-17,36.583336,3.0,,2025-02-17,19.289317853545782
2025-02-17,36.583336,3.0833435,,2025-02-17,18.648702135525184
2025-02-17,36.583336,3.1666718,,2025-02-17,20.831708919035847
2025-02-17,36.583336,3.25,,2025-02-17,25.112182506309033
2025-02-17,36.66667,2.8333435,,2025-02-17,22.228234819302035
2025-02-17,36.66667,2.9166718,,2025-02-17,15.782881420103022
2025-02-17,36.66667,3.0,,2025-02-17,10.698609465725811
2025-02-17,36.66667,3.0833435,,2025-02-17,9.496464669132697
2025-02-17,36.66667,3.1666718,,2025-02-17,13.276882967911245
2025-02-17,36.66667,3.25,,2025-02-17,19.306074472517334
2025-02-17,36.75,2.8333435,-0.35312858,2025-02-17,20.194040166169533
2025-02-17,36.75,2.9166718,,2025-02-17,12.76987826840439
2025-02-17,36.75,3.0,,2025-02-17,5.345713953294998
2025-02-17,36.75,3.0833435,-0.35205144,2025-02-17,2.079801567910821
2025-02-17,36.75,3.1666718,-0.35057992,2025-02-17,9.50394748445699
2025-02-17,36.75,3.25,,2025-02-17,16.92811061876691
2025-02-17,36.833336,2.8333435,-0.37920174,2025-02-17,22.20863381656194
2025-02-17,36.833336,2.9166718,-0.36986545,2025-02-17,15.772124592603511
2025-02-17,36.833336,3.0,-0.3635143,2025-02-17,10.696398658202174
2025-02-17,36.833336,3.0833435,-0.36110082,2025-02-17,9.496747682395155
2025-02-17,36.833336,3.1666718,-0.3608248,2025-02-17,13.270048906298761
2025-02-17,36.833336,3.25,-0.36060503,2025-02-17,19.290330362086166
2025-02-17,36.91667,2.8333435,-0.42011902,2025-02-17,27.393082527538727
2025-02-17,36.91667,2.9166718,-0.40935725,2025-02-17,22.49852861582144
2025-02-17,36.91667,3.0,-0.400504,2025-02-17,19.286865452625985
2025-02-17,36.91667,3.0833435,-0.39266753,2025-02-17,18.648990373299995
2025-02-17,36.91667,3.1666718,-0.38679987,2025-02-17,20.82299777897512
2025-02-17,36.91667,3.25,-0.38239655,2025-02-17,25.08797191414032
2025-02-18,36.583336,2.8333435,,2025-02-18,27.42486183499686
2025-02-18,36.583336,2.9166718,,2025-02-18,22.513610945271516
2025-02-18,36.583336,3.0,,2025-02-18,19.289317853545782
2025-02-18,36.583336,3.0833435,,2025-02-18,18.648702135525184
2025-02-18,36.583336,3.1666718,,2025-02-18,20.831708919035847
2025-02-18,36.583336,3.25,,2025-02-18,25.112182506309033
2025-02-18,36.66667,2.8333435,,2025-02-18,22.228234819302035
2025-02-18,36.66667,2.9166718,,2025-02-18,15.782881420103022
2025-02-18,36.66667,3.0,,2025-02-18,10.698609465725811
2025-02-18,36.66667,3.0833435,,2025-02-18,9.496464669132697
2025-02-18,36.66667,3.1666718,,2025-02-18,13.276882967911245
2025-02-18,36.66667,3.25,,2025-02-18,19.306074472517334
2025-02-18,36.75,2.8333435,-0.35320216,2025-02-18,20.194040166169533
2025-02-18,36.75,2.9166718,,2025-02-18,12.76987826840439
2025-02-18,36.75,3.0,,2025-02-18,5.345713953294998
2025-02-18,36.75,3.0833435,-0.3508855,2025-02-18,2.079801567910821
2025-02-18,36.75,3.1666718,-0.3495157,2025-02-18,9.50394748445699
2025-02-18,36.75,3.25,,2025-02-18,16.92811061876691
2025-02-18,36.833336,2.8333435,-0.37827703,2025-02-18,22.20863381656194
2025-02-18,36.833336,2.9166718,-0.3693199,2025-02-18,15.772124592603511
2025-02-18,36.833336,3.0,-0.36274168,2025-02-18,10.696398658202174
2025-02-18,36.833336,3.0833435,-0.35996,2025-02-18,9.496747682395155
2025-02-18,36.833336,3.1666718,-0.35919777,2025-02-18,13.270048906298761
2025-02-18,36.833336,3.25,-0.35855484,2025-02-18,19.290330362086166
2025-02-18,36.91667,2.8333435,-0.41920656,2025-02-18,27.393082527538727
2025-02-18,36.91667,2.9166718,-0.40894383,2025-02-18,22.49852861582144
2025-02-18,36.91667,3.0,-0.39997908,2025-02-18,19.286865452625985
2025-02-18,36.91667,3.0833435,-0.39201665,2025-02-18,18.648990373299995
2025-02-18,36.91667,3.1666718,-0.385917,2025-02-18,20.82299777897512
2025-02-18,36.91667,3.25,-0.38104218,2025-02-18,25.08797191414032
2025-02-19,36.583336,2.8333435,,2025-02-19,27.42486183499686
2025-02-19,36.583336,2.9166718,,2025-02-19,22.513610945271516
2025-02-19,36.583336,3.0,,2025-02-19,19.289317853545782
2025-02-19,36.583336,3.0833435,,2025-02-19,18.648702135525184
2025-02-19,36.583336,3.1666718,,2025-02-19,20.831708919035847
2025-02-19,36.583336,3.25,,2025-02-19,25.112182506309033
2025-02-19,36.66667,2.8333435,,2025-02-19,22.228234819302035
2025-02-19,36.66667,2.9166718,,2025-02-19,15.782881420103022
2025-02-19,36.66667,3.0,,2025-02-19,10.698609465725811
2025-02-19,36.66667,3.0833435,,2025-02-19,9.496464669132697
2025-02-19,36.66667,3.1666718,,2025-02-19,13.276882967911245
2025-02-19,36.66667,3.25,,2025-02-19,19.306074472517334
2025-02-19,36.75,2.8333435,-0.341617,2025-02-19,20.194040166169533
2025-02-19,36.75,2.9166718,,2025-02-19,12.76987826840439
2025-02-19,36.75,3.0,,2025-02-19,5.345713953294998
2025-02-19,36.75,3.0833435,-0.33907193,2025-02-19,2.079801567910821
2025-02-19,36.75,3.1666718,-0.33749565,2025-02-19,9.50394748445699
2025-02-19,36.75,3.25,,2025-02-19,16.92811061876691
2025-02-19,36.833336,2.8333435,-0.36538067,2025-02-19,22.20863381656194
2025-02-19,36.833336,2.9166718,-0.3574582,2025-02-19,15.772124592603511
2025-02-19,36.833336,3.0,-0.35157788,2025-02-19,10.696398658202174
2025-02-19,36.833336,3.0833435,-0.34883246,2025-02-19,9.496747682395155
2025-02-19,36.833336,3.1666718,-0.34769404,2025-02-19,13.270048906298761
2025-02-19,36.833336,3.25,-0.34622893,2025-02-19,19.290330362086166
2025-02-19,36.91667,2.8333435,-0.4054991,2025-02-19,27.393082527538727
2025-02-19,36.91667,2.9166718,-0.39751542,2025-02-19,22.49852861582144
2025-02-19,36.91667,3.0,-0.3900668,2025-02-19,19.286865452625985
2025-02-19,36.91667,3.0833435,-0.3828623,2025-02-19,18.648990373299995
2025-02-19,36.91667,3.1666718,-0.37661865,2025-02-19,20.82299777897512
2025-02-19,36.91667,3.25,-0.3707945,2025-02-19,25.08797191414032
2025-02-20,36.583336,2.8333435,,2025-02-20,27.42486183499686
2025-02-20,36.583336,2.9166718,,2025-02-20,22.513610945271516
2025-02-20,36.583336,3.0,,2025-02-20,19.289317853545782
2025-02-20,36.583336,3.0833435,,2025-02-20,18.648702135525184
2025-02-20,36.583336,3.1666718,,2025-02-20,20.831708919035847
2025-02-20,36.583336,3.25,,2025-02-20,25.112182506309033
2025-02-20,36.66667,2.8333435,,2025-02-20,22.228234819302035
2025-02-20,36.66667,2.9166718,,2025-02-20,15.782881420103022
2025-02-20,36.66667,3.0,,2025-02-20,10.698609465725811
2025-02-20,36.66667,3.0833435,,2025-02-20,9.496464669132697
2025-02-20,36.66667,3.1666718,,2025-02-20,13.276882967911245
2025-02-20,36.66667,3.25,,2025-02-20,19.306074472517334
2025-02-20,36.75,2.8333435,-0.33092058,2025-02-20,20.194040166169533
2025-02-20,36.75,2.9166718,,2025-02-20,12.76987826840439
2025-02-20,36.75,3.0,,2025-02-20,5.345713953294998
2025-02-20,36.75,3.0833435,-0.32867938,2025-02-20,2.079801567910821
2025-02-20,36.75,3.1666718,-0.32673767,2025-02-20,9.50394748445699
2025-02-20,36.75,3.25,,2025-02-20,16.92811061876691
2025-02-20,36.833336,2.8333435,-0.3542444,2025-02-20,22.20863381656194
2025-02-20,36.833336,2.9166718,-0.34685388,2025-02-20,15.772124592603511
2025-02-20,36.833336,3.0,-0.3415864,2025-02-20,10.696398658202174
2025-02-20,36.833336,3.0833435,-0.33919016,2025-02-20,9.496747682395155
2025-02-20,36.833336,3.1666718,-0.33808097,2025-02-20,13.270048906298761
2025-02-20,36.833336,3.25,-0.33635268,2025-02-20,19.290330362086166
2025-02-20,36.91667,2.8333435,-0.3928778,2025-02-20,27.393082527538727
2025-02-20,36.91667,2.9166718,-0.38582548,2025-02-20,22.49852861582144
2025-02-20,36.91667,3.0,-0.3795033,2025-02-20,19.286865452625985
2025-02-20,36.91667,3.0833435,-0.37365142,2025-02-20,18.648990373299995
2025-02-20,36.91667,3.1666718,-0.3684414,2025-02-20,20.82299777897512
2025-02-20,36.91667,3.25,-0.36312562,2025-02-20,25.08797191414032
2025-02-21,36.583336,2.8333435,,2025-02-21,27.42486183499686
2025-02-21,36.583336,2.9166718,,2025-02-21,22.513610945271516
2025-02-21,36.583336,3.0,,2025-02-21,19.289317853545782
2025-02-21,36.583336,3.0833435,,2025-02-21,18.648702135525184
2025-02-21,36.583336,3.1666718,,2025-02-21,20.831708919035847
2025-02-21,36.583336,3.25,,2025-02-21,25.112182506309033
2025-02-21,36.66667,2.8333435,,2025-02-21,22.228234819302035
2025-02-21,36.66667,2.9166718,,2025-02-21,15.782881420103022
2025-02-21,36.66667,3.0,,2025-02-21,10.698609465725811
2025-02-21,36.66667,3.0833435,,2025-02-21,9.496464669132697
2025-02-21,36.66667,3.1666718,,2025-02-21,13.276882967911245
2025-02-21,36.66667,3.25,,2025-02-21,19.306074472517334
2025-02-21,36.75,2.8333435,-0.34088778,2025-02-21,20.194040166169533
2025-02-21,36.75,2.9166718,,2025-02-21,12.76987826840439
2025-02-21,36.75,3.0,,2025-02-21,5.345713953294998
2025-02-21,36.75,3.0833435,-0.33693442,2025-02-21,2.079801567910821
2025-02-21,36.75,3.1666718,-0.33541352,2025-02-21,9.50394748445699
2025-02-21,36.75,3.25,,2025-02-21,16.92811061876691
2025-02-21,36.833336,2.8333435,-0.36136726,2025-02-21,22.20863381656194
2025-02-21,36.833336,2.9166718,-0.35451376,2025-02-21,15.772124592603511
2025-02-21,36.833336,3.0,-0.34935203,2025-02-21,10.696398658202174
2025-02-21,36.833336,3.0833435,-0.34679326,2025-02-21,9.496747682395155
2025-02-21,36.833336,3.1666718,-0.34520018,2025-02-21,13.270048906298761
2025-02-21,36.833336,3.25,-0.34291875,2025-02-21,19.290330362086166
2025-02-21,36.91667,2.8333435,-0.39698854,2025-02-21,27.393082527538727
2025-02-21,36.91667,2.9166718,-0.3903704,2025-02-21,22.49852861582144
2025-02-21,36.91667,3.0,-0.38407227,2025-02-21,19.286865452625985
2025-02-21,36.91667,3.0833435,-0.37838924,2025-02-21,18.648990373299995
2025-02-21,36.91667,3.1666718,-0.3735054,2025-02-21,20.82299777897512
2025-02-21,36.91667,3.25,-0.36865872,2025-02-21,25.08797191414032
2025-02-22,36.583336,2.8333435,,2025-02-22,27.42486183499686
2025-02-22,36.583336,2.9166718,,2025-02-22,22.513610945271516
2025-02-22,36.583336,3.0,,2025-02-22,19.289317853545782
2025-02-22,36.583336,3.0833435,,2025-02-22,18.648702135525184
2025-02-22,36.583336,3.1666718,,2025-02-22,20.831708919035847
2025-02-22,36.583336,3.25,,2025-02-22,25.112182506309033
2025-02-22,36.66667,2.8333435,,2025-02-22,22.228234819302035
2025-02-22,36.66667,2.9166718,,2025-02-22,15.782881420103022
2025-02-22,36.66667,3.0,,2025-02-22,10.698609465725811
2025-02-22,36.66667,3.0833435,,2025-02-22,9.496464669132697
2025-02-22,36.66667,3.1666718,,2025-02-22,13.276882967911245
2025-02-22,36.66667,3.25,,2025-02-22,19.306074472517334
2025-02-22,36.75,2.8333435,-0.33590257,2025-02-22,20.194040166169533
2025-02-22,36.75,2.9166718,,2025-02-22,12.76987826840439
2025-02-22,36.75,3.0,,2025-02-22,5.345713953294998
2025-02-22,36.75,3.0833435,-0.33249733,2025-02-22,2.079801567910821
2025-02-22,36.75,3.1666718,-0.3308172,2025-02-22,9.50394748445699
2025-02-22,36.75,3.25,,2025-02-22,16.92811061876691
2025-02-22,36.833336,2.8333435,-0.35432154,2025-02-22,22.20863381656194
2025-02-22,36.833336,2.9166718,-0.34772658,2025-02-22,15.772124592603511
2025-02-22,36.833336,3.0,-0.3432637,2025-02-22,10.696398658202174
2025-02-22,36.833336,3.0833435,-0.34122285,2025-02-22,9.496747682395155
2025-02-22,36.833336,3.1666718,-0.33968315,2025-02-22,13.270048906298761
2025-02-22,36.833336,3.25,-0.33780056,2025-02-22,19.290330362086166
2025-02-22,36.91667,2.8333435,-0.386599,2025-02-22,27.393082527538727
2025-02-22,36.91667,2.9166718,-0.38026935,2025-02-22,22.49852861582144
2025-02-22,36.91667,3.0,-0.37433624,2025-02-22,19.286865452625985
2025-02-22,36.91667,3.0833435,-0.36920765,2025-02-22,18.648990373299995
2025-02-22,36.91667,3.1666718,-0.36490571,2025-02-22,20.82299777897512
2025-02-22,36.91667,3.25,-0.36071935,2025-02-22,25.08797191414032
2025-02-23,36.583336,2.8333435,,2025-02-23,27.42486183499686
2025-02-23,36.583336,2.9166718,,2025-02-23,22.513610945271516
2025-02-23,36.583336,3.0,,2025-02-23,19.289317853545782
2025-02-23,36.583336,3.0833435,,2025-02-23,18.648702135525184
2025-02-23,36.583336,3.1666718,,2025-02-23,20.831708919035847
2025-02-23,36.583336,3.25,,2025-02-23,25.112182506309033
2025-02-23,36.66667,2.8333435,,2025-02-23,22.228234819302035
2025-02-23,36.66667,2.9166718,,2025-02-23,15.782881420103022
2025-02-23,36.66667,3.0,,2025-02-23,10.698609465725811
2025-02-23,36.66667,3.0833435,,2025-02-23,9.496464669132697
2025-02-23,36.66667,3.1666718,,2025-02-23,13.276882967911245
2025-02-23,36.66667,3.25,,2025-02-23,19.306074472517334
2025-02-23,36.75,2.8333435,-0.34171,2025-02-23,20.194040166169533
2025-02-23,36.75,2.9166718,,2025-02-23,12.76987826840439
2025-02-23,36.75,3.0,,2025-02-23,5.345713953294998
2025-02-23,36.75,3.0833435,-0.33809096,2025-02-23,2.079801567910821
2025-02-23,36.75,3.1666718,-0.33641702,2025-02-23,9.50394748445699
2025-02-23,36.75,3.25,,2025-02-23,16.92811061876691
2025-02-23,36.833336,2.8333435,-0.35876453,2025-02-23,22.20863381656194
2025-02-23,36.833336,2.9166718,-0.35280326,2025-02-23,15.772124592603511
2025-02-23,36.833336,3.0,-0.34857336,2025-02-23,10.696398658202174
2025-02-23,36.833336,3.0833435,-0.34639013,2025-02-23,9.496747682395155
2025-02-23,36.833336,3.1666718,-0.34449843,2025-02-23,13.270048906298761
2025-02-23,36.833336,3.25,-0.3421434,2025-02-23,19.290330362086166
2025-02-23,36.91667,2.8333435,-0.38928744,2025-02-23,27.393082527538727
2025-02-23,36.91667,2.9166718,-0.38332313,2025-02-23,22.49852861582144
2025-02-23,36.91667,3.0,-0.37753475,2025-02-23,19.286865452625985
2025-02-23,36.91667,3.0833435,-0.37240434,2025-02-23,18.648990373299995
2025-02-23,36.91667,3.1666718,-0.367818,2025-02-23,20.82299777897512
2025-02-23,36.91667,3.25,-0.36333907,2025-02-23,25.08797191414032
2025-02-24,36.583336,2.8333435,,2025-02-24,27.42486183499686
2025-02-24,36.583336,2.9166718,,2025-02-24,22.513610945271516
2025-02-24,36.583336,3.0,,2025-02-24,19.289317853545782
2025-02-24,36.583336,3.0833435,,2025-02-24,18.648702135525184
2025-02-24,36.583336,3.1666718,,2025-02-24,20.831708919035847
2025-02-24,36.583336,3.25,,2025-02-24,25.112182506309033
2025-02-24,36.66667,2.8333435,,2025-02-24,22.228234819302035
2025-02-24,36.66667,2.9166718,,2025-02-24,15.782881420103022
2025-02-24,36.66667,3.0,,2025-02-24,10.698609465725811
2025-02-24,36.66667,3.0833435,,2025-02-24,9.496464669132697
2025-02-24,36.66667,3.1666718,,2025-02-24,13.276882967911245
2025-02-24,36.66667,3.25,,2025-02-24,19.306074472517334
2025-02-24,36.75,2.8333435,-0.35464096,2025-02-24,20.194040166169533
2025-02-24,36.75,2.9166718,,2025-02-24,12.76987826840439
2025-02-24,36.75,3.0,,2025-02-24,5.345713953294998
2025-02-24,36.75,3.0833435,-0.3520051,2025-02-24,2.079801567910821
2025-02-24,36.75,3.1666718,-0.3504831,2025-02-24,9.50394748445699
2025-02-24,36.75,3.25,,2025-02-24,16.92811061876691
2025-02-24,36.833336,2.8333435,-0.37023985,2025-02-24,22.20863381656194
2025-02-24,36.833336,2.9166718,-0.36523002,2025-02-24,15.772124592603511
2025-02-24,36.833336,3.0,-0.36162752,2025-02-24,10.696398658202174
2025-02-24,36.833336,3.0833435,-0.3597652,2025-02-24,9.496747682395155
2025-02-24,36.833336,3.1666718,-0.3580093,2025-02-24,13.270048906298761
2025-02-24,36.833336,3.25,-0.3559431,2025-02-24,19.290330362086166
2025-02-24,36.91667,2.8333435,-0.39890343,2025-02-24,27.393082527538727
2025-02-24,36.91667,2.9166718,-0.3938041,2025-02-24,22.49852861582144
2025-02-24,36.91667,3.0,-0.38842916,2025-02-24,19.286865452625985
2025-02-24,36.91667,3.0833435,-0.38337326,2025-02-24,18.648990373299995
2025-02-24,36.91667,3.1666718,-0.3786876,2025-02-24,20.82299777897512
2025-02-24,36.91667,3.25,-0.3742976,2025-02-24,25.08797191414032
2025-02-25,36.583336,2.8333435,,2025-02-25,27.42486183499686
2025-02-25,36.583336,2.9166718,,2025-02-25,22.513610945271516
2025-02-25,36.583336,3.0,,2025-02-25,19.289317853545782
2025-02-25,36.583336,3.0833435,,2025-02-25,18.648702135525184
2025-02-25,36.583336,3.1666718,,2025-02-25,20.831708919035847
2025-02-25,36.583336,3.25,,2025-02-25,25.112182506309033
2025-02-25,36.66667,2.8333435,,2025-02-25,22.228234819302035
2025-02-25,36.66667,2.9166718,,2025-02-25,15.782881420103022
2025-02-25,36.66667,3.0,,2025-02-25,10.698609465725811
2025-02-25,36.66667,3.0833435,,2025-02-25,9.496464669132697
2025-02-25,36.66667,3.1666718,,2025-02-25,13.276882967911245
2025-02-25,36.66667,3.25,,2025-02-25,19.306074472517334
2025-02-25,36.75,2.8333435,-0.35331225,2025-02-25,20.194040166169533
2025-02-25,36.75,2.9166718,,2025-02-25,12.76987826840439
2025-02-25,36.75,3.0,,2025-02-25,5.345713953294998
2025-02-25,36.75,3.0833435,-0.35339883,2025-02-25,2.079801567910821
2025-02-25,36.75,3.1666718,-0.35131028,2025-02-25,9.50394748445699
2025-02-25,36.75,3.25,,2025-02-25,16.92811061876691
2025-02-25,36.833336,2.8333435,-0.3712685,2025-02-25,22.20863381656194
2025-02-25,36.833336,2.9166718,-0.3665159,2025-02-25,15.772124592603511
2025-02-25,36.833336,3.0,-0.36322796,2025-02-25,10.696398658202174
2025-02-25,36.833336,3.0833435,-0.361947,2025-02-25,9.496747682395155
2025-02-25,36.833336,3.1666718,-0.3608282,2025-02-25,13.270048906298761
2025-02-25,36.833336,3.25,-0.35917965,2025-02-25,19.290330362086166
2025-02-25,36.91667,2.8333435,-0.4004881,2025-02-25,27.393082527538727
2025-02-25,36.91667,2.9166718,-0.39592317,2025-02-25,22.49852861582144
2025-02-25,36.91667,3.0,-0.3910828,2025-02-25,19.286865452625985
2025-02-25,36.91667,3.0833435,-0.38655218,2025-02-25,18.648990373299995
2025-02-25,36.91667,3.1666718,-0.38235644,2025-02-25,20.82299777897512
2025-02-25,36.91667,3.25,-0.37816468,2025-02-25,25.08797191414032
2025-02-26,36.583336,2.8333435,,2025-02-26,27.42486183499686
2025-02-26,36.583336,2.9166718,,2025-02-26,22.513610945271516
2025-02-26,36.583336,3.0,,2025-02-26,19.289317853545782
2025-02-26,36.583336,3.0833435,,2025-02-26,18.648702135525184
2025-02-26,36.583336,3.1666718,,2025-02-26,20.831708919035847
2025-02-26,36.583336,3.25,,2025-02-26,25.112182506309033
2025-02-26,36.66667,2.8333435,,2025-02-26,22.228234819302035
2025-02-26,36.66667,2.9166718,,2025-02-26,15.782881420103022
2025-02-26,36.66667,3.0,,2025-02-26,10.698609465725811
2025-02-26,36.66667,3.0833435,,2025-02-26,9.496464669132697
2025-02-26,36.66667,3.1666718,,2025-02-26,13.276882967911245
2025-02-26,36.66667,3.25,,2025-02-26,19.306074472517334
2025-02-26,36.75,2.8333435,-0.3534105,2025-02-26,20.194040166169533
2025-02-26,36.75,2.9166718,,2025-02-26,12.76987826840439
2025-02-26,36.75,3.0,,2025-02-26,5.345713953294998
2025-02-26,36.75,3.0833435,-0.34921122,2025-02-26,2.079801567910821
2025-02-26,36.75,3.1666718,-0.34724852,2025-02-26,9.50394748445699
2025-02-26,36.75,3.25,,2025-02-26,16.92811061876691
2025-02-26,36.833336,2.8333435,-0.36972833,2025-02-26,22.20863381656194
2025-02-26,36.833336,2.9166718,-0.36463347,2025-02-26,15.772124592603511
2025-02-26,36.833336,3.0,-0.36094913,2025-02-26,10.696398658202174
2025-02-26,36.833336,3.0833435,-0.35932434,2025-02-26,9.496747682395155
2025-02-26,36.833336,3.1666718,-0.35779956,2025-02-26,13.270048906298761
2025-02-26,36.833336,3.25,-0.355596,2025-02-26,19.290330362086166
2025-02-26,36.91667,2.8333435,-0.39955947,2025-02-26,27.393082527538727
2025-02-26,36.91667,2.9166718,-0.3953454,2025-02-26,22.49852861582144
2025-02-26,36.91667,3.0,-0.39077398,2025-02-26,19.286865452625985
2025-02-26,36.91667,3.0833435,-0.38626888,2025-02-26,18.648990373299995
2025-02-26,36.91667,3.1666718,-0.38199884,2025-02-26,20.82299777897512
2025-02-26,36.91667,3.25,-0.3777856,2025-02-26,25.08797191414032
2025-02-27,36.583336,2.8333435,,2025-02-27,27.42486183499686
2025-02-27,36.583336,2.9166718,,2025-02-27,22.513610945271516
2025-02-27,36.583336,3.0,,2025-02-27,19.289317853545782
2025-02-27,36.583336,3.0833435,,2025-02-27,18.648702135525184
2025-02-27,36.583336,3.1666718,,2025-02-27,20.831708919035847
2025-02-27,36.583336,3.25,,2025-02-27,25.112182506309033
2025-02-27,36.66667,2.8333435,,2025-02-27,22.228234819302035
2025-02-27,36.66667,2.9166718,,2025-02-27,15.782881420103022
2025-02-27,36.66667,3.0,,2025-02-27,10.698609465725811
2025-02-27,36.66667,3.0833435,,2025-02-27,9.496464669132697
2025-02-27,36.66667,3.1666718,,2025-02-27,13.276882967911245
2025-02-27,36.66667,3.25,,2025-02-27,19.306074472517334
2025-02-27,36.75,2.8333435,-0.37490287,2025-02-27,20.194040166169533
2025-02-27,36.75,2.9166718,,2025-02-27,12.76987826840439
2025-02-27,36.75,3.0,,2025-02-27,5.345713953294998
2025-02-27,36.75,3.0833435,-0.370901,2025-02-27,2.079801567910821
2025-02-27,36.75,3.1666718,-0.36971343,2025-02-27,9.50394748445699
2025-02-27,36.75,3.25,,2025-02-27,16.92811061876691
2025-02-27,36.833336,2.8333435,-0.38775468,2025-02-27,22.20863381656194
2025-02-27,36.833336,2.9166718,-0.38346964,2025-02-27,15.772124592603511
2025-02-27,36.833336,3.0,-0.3803321,2025-02-27,10.696398658202174
2025-02-27,36.833336,3.0833435,-0.37873784,2025-02-27,9.496747682395155
2025-02-27,36.833336,3.1666718,-0.37712353,2025-02-27,13.270048906298761
2025-02-27,36.833336,3.25,-0.37520748,2025-02-27,19.290330362086166
2025-02-27,36.91667,2.8333435,-0.4141455,2025-02-27,27.393082527538727
2025-02-27,36.91667,2.9166718,-0.41008818,2025-02-27,22.49852861582144
2025-02-27,36.91667,3.0,-0.4059259,2025-02-27,19.286865452625985
2025-02-27,36.91667,3.0833435,-0.40200806,2025-02-27,18.648990373299995
2025-02-27,36.91667,3.1666718,-0.3981455,2025-02-27,20.82299777897512
2025-02-27,36.91667,3.25,-0.39428097,2025-02-27,25.08797191414032
2025-02-28,36.583336,2.8333435,,2025-02-28,27.42486183499686
2025-02-28,36.583336,2.9166718,,2025-02-28,22.513610945271516
2025-02-28,36.583336,3.0,,2025-02-28,19.289317853545782
2025-02-28,36.583336,3.0833435,,2025-02-28,18.648702135525184
2025-02-28,36.583336,3.1666718,,2025-02-28,20.831708919035847
2025-02-28,36.583336,3.25,,2025-02-28,25.112182506309033
2025-02-28,36.66667,2.8333435,,2025-02-28,22.228234819302035
2025-02-28,36.66667,2.9166718,,2025-02-28,15.782881420103022
2025-02-28,36.66667,3.0,,2025-02-28,10.698609465725811
2025-02-28,36.66667,3.0833435,,2025-02-28,9.496464669132697
2025-02-28,36.66667,3.1666718,,2025-02-28,13.276882967911245
2025-02-28,36.66667,3.25,,2025-02-28,19.306074472517334
2025-02-28,36.75,2.8333435,-0.34427753,2025-02-28,20.194040166169533
2025-02-28,36.75,2.9166718,,2025-02-28,12.76987826840439
2025-02-28,36.75,3.0,,2025-02-28,5.345713953294998
2025-02-28,36.75,3.0833435,-0.3422921,2025-02-28,2.079801567910821
2025-02-28,36.75,3.1666718,-0.3413056,2025-02-28,9.50394748445699
2025-02-28,36.75,3.25,,2025-02-28,16.92811061876691
2025-02-28,36.833336,2.8333435,-0.35744423,2025-02-28,22.20863381656194
2025-02-28,36.833336,2.9166718,-0.3536025,2025-02-28,15.772124592603511
2025-02-28,36.833336,3.0,-0.35093674,2025-02-28,10.696398658202174
2025-02-28,36.833336,3.0833435,-0.34954652,2025-02-28,9.496747682395155
2025-02-28,36.833336,3.1666718,-0.3483554,2025-02-28,13.270048906298761
2025-02-28,36.833336,3.25,-0.3469409,2025-02-28,19.290330362086166
2025-02-28,36.91667,2.8333435,-0.3828311,2025-02-28,27.393082527538727
2025-02-28,36.91667,2.9166718,-0.37892398,2025-02-28,22.49852861582144
2025-02-28,36.91667,3.0,-0.37467346,2025-02-28,19.286865452625985
2025-02-28,36.91667,3.0833435,-0.37067106,2025-02-28,18.648990373299995
2025-02-28,36.91667,3.1666718,-0.36708394,2025-02-28,20.82299777897512
2025-02-28,36.91667,3.25,-0.36367854,2025-02-28,25.08797191414032
