DATE,HEURE,pH_BC,Température_BC,Conductivité_BC,TDS_BC,Turbidité_BC,Ph_O_DE_A,Température_O_DE_A,Conductivité_O_DE_A,TDS_O_DE_A,Turbidité_O_DE_A,Ph_O_DE_B,Température_O_DE_B,Conductivité_O_DE_B,TDS_O_DE_B,Turbidité_O_DE_B,Ph_O_SF_A,Température_O_SF_A,Conductivité_O_SF_A,TDS_O_SF_A,Turbidité_O_SF_A,Ph_O_SF_B,Température_O_SF_B,Conductivité_O_SF_B,TDS_O_SF_B,Turbidité_O_SF_B,Ph_O_CF_A,Température_O_CF_A,Conductivité_O_CF_A,TDS_O_CF_A,Turbidité_O_CF_A,Ph_O_CF_B,Température_O_CF_B,Conductivité_O_CF_B,TDS_O_CF_B,Turbidité_O_CF_B,Ph_O_RO,Température_O_RO,Conductivité_O_RO,TDS_O_RO,Turbidité_O_RO,Ph_O_EX,Température_O_EX,Conductivité_O_EX,TDS_O_EX,Chlore libre_O_EX,Turbidité_O_EX
1/01/2024,8h00,8.27,16.7,55,33,0.57,8.22,16.9,55,33,0.13,8.22,16.9,55,3,0.16,8.12,17,55,33,0.03,8.17,17,55,33,0.04,8.1,17.9,55,33,0.02,8.1,17.9,55,33,0.03,6.8,18,244,122,0.01,7,18.6,290,145,1.1,0.01
1/01/2024,10h30,8.25,16.5,55.1,33.06,0.36,8.21,16.6,55.1,33.06,0.12,8.21,16.5,55.1,33.06,0.17,8.12,16.9,55,33,0.01,8.12,16.9,55,33,0.02,8.1,17.2,55,33,0.01,8.1,17.2,55,33,0.02,6.88,17.9,240,120,0.01,7.05,18.6,287,143.5,,0.01
1/01/2024,15h00,8.26,17.3,55,33,0.28,8.2,17.4,55,33,0.1,8.2,17.4,55,33,0.09,8.12,17.8,55,33,0.01,8.12,17.8,55,33,0.01,8.1,17.9,55,33,0.01,8.1,17.9,55,33,0.01,6.88,18.2,245,122.5,0.01,7.07,19.2,290,145,1.1,0.01
2/01/2024,8h00,8.27,16,55,33,0.71,8.17,16.3,55,33,0.16,8.17,16,55,33,0.13,8.11,16.5,55,33,0.01,8.11,16.5,55,33,0.01,8.09,16.7,55,33,0.01,8.09,16.7,55,33,0.01,,,,,,6.99,17.7,309,154.5,1,0.01
2/01/2024,10h30,8.24,16.8,55,33,0.98,8.2,17,55,33,0.49,8.2,17,55,33,0.25,8.17,17.2,55,33,0.01,8.17,17.2,55,33,0.01,8.09,17.6,55,33,0.01,8.09,17.6,55,33,0.01,,,,,,6.99,18.2,269,134.5,1,0.01
2/01/2024,15h00,8.23,16.1,55,33,1.23,8.23,16.3,55,33,0.4,8.23,16.3,55,33,0.44,8.11,17,55,33,0.01,8.11,17,55,33,0.02,8.08,17.3,55,33,0.01,8.08,17.3,55,33,0.01,,,,,,6.94,18.9,278,139,1,0.01
3/01/2024,8h00,8.24,16.8,54.7,32.82,0.98,8.17,16.9,54.7,32.82,0.2,8.24,16.8,54.7,32.82,0.18,8.17,17,54.7,32.82,0.01,8.24,17,54.7,32.82,0.01,8.05,18,54.7,32.82,0.01,8.05,18,54.7,32.82,0.01,,,,,,6.99,19,267,133.5,1,0.01
3/01/2024,10h30,8.23,17.8,54.8,32.88,0.67,8.16,17.9,54.8,32.88,0.19,8.16,17.9,54.8,32.88,0.16,8.17,18,54.7,32.82,0.01,8.17,18,54.7,32.82,0.01,8.12,16.6,55.3,33.18,0.01,8.12,16.6,55.3,33.18,0.01,6.32,17.3,191.6,95.8,0.01,6.94,17.7,268,134,,0.01
3/01/2024,15h00,8.21,16.6,54.6,32.76,1.14,8.16,17.7,55,33,0.25,8.16,17.7,55,33,0.2,8.17,17.4,55,33,0.01,8.17,17,55,33,0.01,8.15,17.2,55,33,0.01,8.15,17.2,55,33,0.01,6.23,17.6,238,119,0.01,6.9,18.2,268,133,1,0.01
4/01/2024,8h00,8.21,16,55.1,33.06,0.45,8.18,16,55.1,33.06,0.21,8.16,16.1,55.1,33.06,0.01,8.16,16.1,55.1,33.06,0.01,8.12,16.2,55.1,33.06,0.01,8.16,16.2,55.1,33.06,0.01,6.29,16.9,253,126.5,0.01,6.29,16.9,253,126.5,0.01,6.96,17.6,276,138,1,0.01
4/01/2024,10h30,8.21,17.6,54.7,32.82,0.33,8.18,16.5,55.1,33.06,0.26,8.19,16.4,55.1,33.06,0.28,8.18,16.3,55.1,33.06,0.01,16.3,55.1,33.06,,,8.17,16.4,55.2,33.12,0.01,8.17,16.3,55.2,33.12,0.01,6.6,17.1,205,102.5,0.01,7.08,17.3,310,155,,0.01
4/01/2024,15h00,8.2,17.2,55,33,0.2,8.2,17,55,33,0.36,8.2,17,55,33,0.28,8.2,17,55,33,0.05,8.2,17,55,33,0.02,8.2,17,55,33,0.01,8.2,17,55,33,0.01,6.2,17,192.3,96.15,0.01,,17.5,367,183.5,1,0.01
5/01/2024,,,,,,,,,,,,,,,,,,,,,,,,,,,,,,,,,,,,,,,,,,,,,,,
5/01/2024,,,,,,,,,,,,,,,,,,,,,,,,,,,,,,,,,,,,,,,,,,,,,,,
5/01/2024,,,,,,,,,,,,,,,,,,,,,,,,,,,,,,,,,,,,,,,,,,,,,,,
6/01/2024,,,,,,,,,,,,,,,,,,,,,,,,,,,,,,,,,,,,,,,,,,,,,,,
6/01/2024,,,,,,,,,,,,,,,,,,,,,,,,,,,,,,,,,,,,,,,,,,,,,,,
6/01/2024,,,,,,,,,,,,,,,,,,,,,,,,,,,,,,,,,,,,,,,,,,,,,,,
7/01/2024,8h00,8.18,16.3,55.1,33.06,1.98,8.19,15.8,55.1,33.06,1.63,8.19,15.8,55.1,33.06,1.63,8.15,15.8,55.1,33.06,0.01,8.15,15.8,55.1,33.06,0.02,8.1,16,55.1,33.06,0.01,810,16,55.1,33.06,0.01,,,,,,,,,,,
7/01/2024,10h30,8.22,15.9,55,33,3.41,8.19,15.8,55,33,1.91,8.19,15.8,55,33,1.81,8.17,16,55,33,0.01,8.17,16,55,33,0.02,8.1,16.3,55.2,33.12,0.01,8.1,16.3,55.2,33.12,0.01,,,,,,,,,,,
7/01/2024,15h00,8.19,17.3,55,33,5.87,8.18,15.6,55.1,33.06,2.79,8.18,15.6,55.1,33.06,2.79,8.17,15.9,55.1,33.06,0.01,8.17,15.9,55.1,33.06,0.01,8.1,16,55,33,0.01,8.1,16,55,33,0.01,6.98,16.9,213,106.5,0.01,7.17,17.2,413,206.5,1.4,0.01
8/01/2024,8h00,8.23,16.2,55,33,3.25,8.13,16.3,55,33,1.25,8.13,16.3,55,33,1.35,8.1,16.5,54.9,32.94,0.01,8.09,16.9,54.9,32.94,0.01,8.05,17,54.9,32.94,0.01,8.05,17,54.9,32.94,0.01,5.84,16.5,228,114,0.01,7.05,16.8,265,132.5,,0.01
8/01/2024,10h30,8.11,16.2,55,33,5.13,8.1,16.3,55,33,2.57,8.1,16.3,55,33,2.15,8,16.5,54.9,32.94,0.01,8,16.5,54.9,32.94,0.02,8.04,16.8,54.9,32.94,0.01,8.04,16.8,54.9,32.94,0.01,6,16.9,233,116.5,0.01,7.12,17,288,144,1.2,0.01
8/01/2024,15h00,8.21,16.2,55.1,33.06,3.98,8.13,16,55.1,33.06,4.06,8.13,16,55.1,33.06,4.11,8.11,16,55,33,0.01,8.11,16,55,33,0.02,8.11,16,55,33,0.01,8.11,16,55,33,0.01,6.8,16.8,199,99.5,0.01,7.02,17,278,139,1.5,0.01
9/01/2024,8h00,8.23,15,55,33,3.01,8.22,15.2,55,33,3.01,8.22,15.2,55,33,3.02,8.2,15.5,54.9,32.94,0.01,8.2,15.5,54.9,32.94,0.01,8.13,15.5,54.9,32.94,0.01,8.11,15.5,54.9,32.94,0.01,6.46,16.1,236,118,0.01,7.1,16.5,260,130,0.8,0.01
9/01/2024,10h30,8.21,15.4,55.1,33.06,2.39,8.18,15.4,55.2,33.12,2.84,8.18,15.4,55.2,33.12,2.79,8.16,15.5,55.2,33.12,0.02,8.16,15.5,55.2,33.12,0.01,8.13,15.6,55.2,33.12,0.01,8.13,15.6,55.2,33.12,0.01,6.23,15.8,246,123,0.01,7.09,16.1,253,126.5,,0.01
9/01/2024,15h00,8.22,16.2,55.4,33.24,5.6,8.19,16.5,55.2,33.12,3.9,8.19,16.5,55.2,33.12,3.88,8.12,16.6,55,33,0.01,8.12,16.6,55,33,0.01,8.1,17,55,33,0.01,8.1,17,55,33,0.01,6.98,17.6,199.6,99.8,0.01,7.12,18,609,304.5,0.8,0.01
10/01/2024,8h00,8.23,16.2,55,33,0.77,8.17,16.4,55,33,0.64,8.17,16.4,55,33,0.63,8.11,16.8,54.9,32.94,0,8.11,16.8,54.9,32.94,0,8.09,17,54.9,32.94,0,8.09,17,54.9,32.94,0,6.94,17.2,197.6,98.8,0,7.12,18.6,267.9,133.95,1,0
10/01/2024,10h30,8.19,16.1,54.9,32.94,0.89,8.17,15.7,55,33,0.58,8.17,15.7,55,33,0.58,8.18,15.7,54.9,32.94,0,8.18,15.7,54.9,32.94,0,8.15,16.4,54.9,32.94,0,8.15,16.4,54.9,32.94,0,6.01,16.7,187.7,93.85,0,7.1,16.8,257,128.5,,0
10/01/2024,15h00,8.17,16,55.1,33.06,0.78,8.15,16.2,55.1,33.06,0.63,8.15,16.2,55.1,33.06,0.63,8.11,16.8,54.9,32.94,0,8.11,16.8,54.9,32.94,0,8.09,17,54.9,32.94,0,8.09,17,54.9,32.94,0,6.06,17,202,101,0,7.1,17.2,281,140.5,0.8,0
11/01/2024,8h00,8.23,15,55,33,2.75,8.17,15,55,33,0.79,8.17,15,55,33,0.75,8.11,15.2,54.9,32.94,0,8.09,15.4,54.9,32.94,0,8.09,15.4,54.9,32.94,0,8.09,15.4,54.9,32.94,0,6.01,15.7,189.2,94.6,0,7.08,15.7,252,126,0.8,0
11/01/2024,10h30,8.22,15.5,55.1,33.06,1.23,8.16,15.7,51.1,30.66,0.57,8.16,15.7,51.1,30.66,0.51,8.18,15.9,55.1,30.66,0,8.18,15.9,55.1,30.66,0,8.13,16.4,54.9,30.66,0,8.13,16.4,54.9,32.94,0,6.02,16.7,204,102,0,7.06,16.8,252,126,,0
11/01/2024,15h00,8.23,15,55,33,2,8.17,15,55,33,1.19,8.16,15,51.1,30.66,1.29,8.11,15.2,54.9,32.94,0,8.11,15.2,54.9,32.94,0,8.13,16.4,54.9,30.66,0,8.13,16.4,54.9,30.66,0,6.04,17,215,107.5,0,7.09,17.3,254,127,0.9,0
12/01/2024,8h00,8.23,15.2,55,33,1.31,8.17,15.4,55,33,1.02,8.17,15.4,55,33,1.01,8.11,15.6,54.9,32.94,0,8.11,15.6,54.9,32.94,0,8.09,15.8,54.9,32.94,0,8.09,15.8,54.9,32.94,0,6.01,16.2,201,100.5,0,7.08,15.7,262,131,0.8,0
12/01/2024,10h30,8.23,15.2,55,33,1,8.17,15.4,55,33,1.23,8.17,15.4,55,33,1.01,8.11,15.6,54.9,32.94,0,8.11,15.6,54.9,32.94,0,8.09,15.8,54.9,32.94,0,8.09,15.8,54.9,32.94,0,6.01,16.2,211,105.5,0,7.08,15.7,262,131,0.8,0
12/01/2024,15h00,,,,,,,,,,,,,,,,,,,,,,,,,,,,,,,,,,,,,,,,,,,,,,
13/01/2024,8h00,8.23,16.2,55,33,1.12,8.17,16.3,55,33,0.41,8.17,16.3,55,33,0.45,8.11,16.8,54.9,32.94,0,8.11,16.8,54.9,32.94,0,8.09,17,54.9,32.94,0,8.09,17,54.9,32.94,0,6.01,17.2,202,101,0,7.08,18.2,269,134.5,0.8,0
13/01/2024,10h30,8.22,16,55,33,1.09,8.17,16.2,55,33,0.39,8.17,16.2,55,33,0.38,8.09,16.4,49.9,29.94,0,8.09,16.4,49.9,29.94,0,8.08,16.6,54.9,32.94,0,8.08,16.6,54.9,32.94,0,6.01,17,211,105.5,0,7.09,17.6,259,129.5,,0
13/01/2024,15h00,8.21,16.5,55,33,1.33,8.17,16.6,55,33,0.76,8.17,16.6,55,33,0.73,8.11,16.8,54.9,32.94,0.02,8.11,16.8,54.9,32.94,0.02,8.09,17,54.9,32.94,0.01,8.09,17,54.9,32.94,0.01,6.01,17.4,211,105.5,0,7.08,18,259,129.5,0.8,0
14/01/2024,8h00,8.23,15.5,55,33,0.59,8.17,15.6,55,33,0.41,8.17,15.6,55,33,0.39,8.11,15.8,54.9,32.94,0,8.11,15.6,54.9,32.94,0,8.09,17,54.9,32.94,0,8.09,17,54.9,32.94,0,6.12,17.2,212,106,0,7.18,18,312,156,0.8,0
14/01/2024,10h30,,,,,,,,,,,,,,,,,,,,,,,,,,,,,,,,,,,,,,,,,,,,,,
14/01/2024,15h00,,,,,,,,,,,,,,,,,,,,,,,,,,,,,,,,,,,,,,,,,,,,,,
15/01/2024,8h00,8.22,16.3,55.2,33.12,1.01,8.17,16.4,55.2,33.12,0.71,8.17,16.4,55.1,33.06,0.65,8.11,16.6,54.9,32.94,0,8.11,16.4,54.9,32.94,0,8.09,17,54.9,32.94,0,8.09,17,54.9,32.94,0,,,,,,,,,,,
15/01/2024,10h30,8.22,16.5,55.2,33.12,0.98,8.17,16.6,55.2,33.12,0.59,8.17,16.6,55.1,33.06,0.66,8.11,16.8,54.9,32.94,0,8.11,16.8,54.9,32.94,0,8.09,17.2,54.9,32.94,0,8.09,17.2,54.9,32.94,0,,,,,,,,,,,
15/01/2024,15h00,8.21,17.9,55.1,33.06,1.63,8.18,16.4,55.2,33.12,0.63,8.18,16.4,55.2,33.12,0.67,8.17,16.4,55.2,33.12,0,8.17,16.4,55.2,33.12,0,8.09,17.2,54.9,32.94,0,8.09,17.2,54.9,32.94,0,6.2,16,221,110.5,0,7.25,17.3,570,285,2.15,0
16/01/2024,8h00,8.19,17.00,55.00,33.00,0.73,8.17,16.40,55.10,33.06,1.51,8.18,16.30,55.10,33.06,1.63,8.18,16.20,55.00,33.00,0.00,8.18,16.10,55.20,33.12,0.00,8.16,16.40,55.10,33.06,0.00,8.16,16.40,55.10,33.06,0.00,6.28,16.90,208.00,104.00,0.00,7.12,17.30,328.00,164.00,0.80,0.00
16/01/2024,10h30,8.20,18.10,54.80,32.88,0.47,8.20,16.40,55.10,33.06,1.61,8.20,16.30,55.20,33.12,0.65,8.20,16.60,55.20,33.12,0.00,8.20,16.50,55.20,33.12,0.00,8.11,16.40,55.10,33.06,0.00,8.11,16.40,55.10,33.06,0.00,6.4,17.00,186.30,93.15,0.00,7.02,17.50,263.00,131.50,,0.00
16/01/2024,15h00,8.21,19.80,55.10,33.06,0.30,8.18,18.60,55.10,33.06,0.54,8.18,18.60,55.10,33.06,0.50,8.17,17.60,55.10,33.06,0.00,8.17,17.60,55.10,33.06,0.00,8.15,17.10,55.10,33.06,0.00,8.15,17.10,55.10,33.06,0.00,6.38,17.70,199.00,99.50,0.00,6.93,18.20,265.00,132.50,0.80,0.00
17/01/2024,8h00,8.19,17.90,55.50,33.30,0.32,8.17,18.00,55.50,33.30,0.58,8.18,18.00,55.50,33.30,0.58,8.18,17.50,55.20,33.12,0.00,8.18,17.50,55.20,33.12,0.00,8.16,17.30,55.10,33.06,0.00,8.16,17.30,55.10,33.06,0.00,6.33,17.30,264.00,132.00,0.00,7.12,18.0,301.00,150.50,0.8,0.00
17/01/2024,10h30,8.09,18.70,54.90,32.94,0.49,8.05,17.20,55.10,33.06,1.09,8.05,17.20,55.10,33.06,1.09,8.03,17.40,55.10,33.06,0.00,8.03,17.40,55.10,33.06,0.00,8.03,17.30,55.10,33.06,0.00,8.03,17.30,55.10,33.06,0.00,6.36,17.60,217.00,108.50,0.00,6.88,17.70,268.00,134.00,,0.00
17/01/2024,15h00,8.09,21.30,55.10,33.06,0.39,8.07,21.00,55.10,33.06,0.58,8.07,21.00,55.10,33.06,0.58,8.05,19.00,55.10,33.06,0.00,8.05,19.00,55.10,33.06,0.00,8.04,18.40,55.10,33.06,0.00,8.04,18.40,55.10,33.06,0.00,6.31,18.30,193.30,96.65,0.00,6.85,18.1,265.00,132.50,0.8,0.00
18/01/2024,8h00,8.09,19.80,54.90,32.94,0.55,8.08,18.20,54.90,32.94,0.80,8.08,18.20,54.90,32.94,0.80,8.06,18.00,54.90,32.94,0.02,8.06,18.00,54.90,32.94,0.02,8.01,17.80,54.90,32.94,0.01,8.01,17.80,54.90,32.94,0.01,6.36,18.00,223.00,111.50,0.00,7.03,18.60,300.00,150.00,0.6,0.00
18/01/2024,10h30,8.07,17.90,55.10,33.06,0.23,8.06,17.00,55.10,33.06,0.52,8.06,17.00,55.10,33.06,0.52,8.03,16.90,55.10,33.06,0.00,8.03,16.90,55.10,33.06,0.00,8.03,17.00,55.10,33.06,0.00,8.03,17.00,55.10,33.06,0.00,6.25,17.20,208.00,104.0,0.00,6.95,17.40,441.00,220.5,0.86,0.00
18/01/2024,15h00,8.08,20.70,54.80,32.88,0.34,8.05,18.20,54.70,32.82,0.78,8.05,18.20,54.70,32.82,0.78,8.04,20.50,54.70,32.82,0.00,8.04,20.50,54.70,32.82,0.00,8.02,20.10,54.70,32.82,0.00,8.02,20.10,54.70,32.82,0.00,5.93,17.70,202.00,101.0,0.00,6.84,17.80,264.00,132.0,0.70,0.00
19/01/2024,8h00,,,,,,,,,,,,,,,,,,,,,,,,,,,,,,,,,,,,,,,,,,,,,,
19/01/2024,10h30,,,,,,,,,,,,,,,,,,,,,,,,,,,,,,,,,,,,,,,,,,,,,,
19/01/2024,15h00,,,,,,,,,,,,,,,,,,,,,,,,,,,,,,,,,,,,,,,,,,,,,,
20/01/2024,8h00,8.09,17.60,55.20,33.12,0.19,8.08,17.60,55.10,33.06,0.59,8.08,17.60,55.10,33.06,0.59,8.06,17.30,54.90,32.94,0.00,8.06,17.30,54.90,32.94,0.00,8.01,17.10,54.90,32.94,0.00,8.01,17.10,54.90,32.94,0.00,6.36,17.10,223.00,111.50,0.00,7.03,18.60,276.00,138.00,,0.00
20/01/2024,10h30,8.03,17.00,54.20,32.52,0.54,8.02,17.20,54.20,32.52,0.54,8.02,17.20,54.20,32.52,0.54,8.00,17.10,54.10,32.46,0.00,8.00,17.10,54.10,32.46,0.00,7.99,17.00,54.10,32.46,0.00,7.99,17.00,54.10,32.46,0.00,6.09,17.10,193.00,96.5,0.00,7.08,17.10,516.00,258.0,,0.00
20/01/2024,15h00,8.09,17.70,54.90,32.94,0.30,8.09,17.70,54.90,32.94,0.47,8.09,17.70,54.90,32.94,0.47,8.07,17.10,54.10,32.46,0.00,8.07,17.10,54.10,32.46,0.00,8.05,17.00,54.70,32.82,0.00,8.05,17.00,54.70,32.82,0.00,6.08,17.50,199.00,99.5,0.00,7.09,18.00,467.00,233.5,0.92,0.00
21/01/2024,8h00,8.09,16.70,55.10,33.06,0.97,8.08,16.60,55.10,33.06,1.45,8.08,16.60,55.10,33.06,1.45,8.02,16.90,54.90,32.94,0.00,8.02,16.90,54.90,32.94,0.00,8.02,16.90,54.90,32.94,0.00,8.02,16.90,54.90,32.94,0.00,6.35,16.60,222.00,111.00,0.00,6.86,17.10,264.00,132.00,0.84,0.00
21/01/2024,10h30,8.07,16.70,55.10,33.06,0.41,8.04,16.30,55.20,33.12,1.05,8.04,16.30,55.20,33.12,1.05,8.04,16.20,55.20,33.12,0.00,8.04,16.30,55.20,33.12,0.00,8.04,16.40,55.20,33.12,0.00,8.04,16.40,55.20,33.12,0.00,6.31,16.70,230.00,115.0,0.00,6.83,17.10,264.00,132.0,,0.00
21/01/2024,15h00,8.07,17.30,55.10,33.06,0.38,8.04,17.00,55.10,33.06,0.99,8.04,17.00,55.10,33.06,0.99,8.02,16.90,49.90,29.94,0.00,8.02,16.90,49.90,29.94,0.00,8.00,16.40,49.90,29.94,0.00,8.00,16.40,49.90,29.94,0.00,6.25,16.90,199.00,99.5,0.00,6.77,17.20,267.00,133.5,0.99,0.00
22/01/2024,8h00,8.10,15.4,55.10,33.06,0.64,8.09,15.4,55.10,33.06,0.77,8.09,15.4,55.10,33.06,0.77,8.05,15.9,55.10,33.06,0.00,8.05,16,55.10,33.06,0.00,8.02,16.1,55.10,33.06,0.00,8.02,16.1,55.10,33.06,0.00,6.42,16.7,203.00,101.50,0.00,6.76,16.9,277.00,138.50,0.86,0.00
22/01/2024,10h30,8.07,16.60,55.10,33.06,0.97,8.05,16.80,55.10,33.06,0.79,8.05,16.80,55.10,33.06,0.79,8.03,17.00,54.90,32.94,0.00,8.03,17.00,54.90,32.94,0.00,8.00,17.20,54.90,32.94,0.00,8.00,17.20,54.90,32.94,0.00,6.17,16.70,196.30,98.2,0.00,6.90,17.40,260.00,130.0,0.85,0.00
22/01/2024,15h00,8.08,17.10,55.00,33.00,0.44,8.04,17.10,55.00,33.00,0.69,8.04,17.10,55.00,33.00,0.69,8.04,17.00,54.90,32.94,0.00,8.04,17.00,54.90,32.94,0.00,8.00,17.10,54.60,32.76,0.00,8.00,17.10,54.60,32.76,0.00,5.97,16.90,178.30,89.2,0.00,6.71,17.10,260.00,130.0,,0.00
23/01/2024,8h00,2.00,15.8,55.00,33.00,0.40,8.12,15.8,55.00,33.00,0.77,8.12,15.8,55.00,33.00,0.77,8.10,16,55.00,33.00,0.00,8.10,16,55.00,33.00,0.00,8.09,16.7,49.90,29.94,0.00,8.09,16.7,49.90,29.94,0.00,6.19,16.2,199.00,99.50,0.00,7.06,16.6,263.00,131.50,0.83,0.00
23/01/2024,10h30,8.06,16.8,55.20,33.12,0.35,7.97,16.3,55.10,33.06,0.79,7.97,16.3,55.10,33.06,0.79,7.98,15.9,55.20,33.12,0.00,7.98,15.9,55.20,33.12,0.00,7.94,15.6,55.30,33.18,0.00,7.94,15.6,55.30,33.18,0.00,5.89,16.5,198.90,99.5,0.00,6.75,16.8,260.00,130.0,,0.00
23/01/2024,15h00,8.11,16.4,55.10,33.06,0.43,8.10,16.4,55.10,33.06,0.59,8.10,16.4,55.10,33.06,0.59,8.09,16.3,54.90,32.94,0.00,8.09,16.3,54.90,32.94,0.00,7.94,15.6,55.30,33.18,0.00,7.94,15.6,55.30,33.18,0.00,5.85,16.9,201.00,100.5,0.00,6.73,17.3,258.00,129.0,1.04,0.00
24/01/2024,8h00,8.07,15.9,55.30,33.18,0.17,8.06,16,55.10,33.06,0.43,8.06,16,55.10,33.06,0.43,8.04,16.3,55.10,33.06,0.00,8.04,16.3,55.10,33.06,0.00,7.90,17,55.10,33.06,0.00,7.90,17,55.10,33.06,0.00,6.03,15.5,244.00,122.00,0.00,6.77,16.4,476.00,238.00,0.81,0.00
24/01/2024,10h30,8.07,16.5,55.30,33.18,0.13,8.02,16.2,55.30,33.18,0.58,8.02,16.2,55.30,33.18,0.58,8.02,16.1,55.50,33.30,0.00,8.02,16.1,55.50,33.30,0.00,8.01,16.2,55.30,33.18,0.00,8.01,16.2,55.30,33.18,0.00,6,16.9,194.60,97.3,0.00,6.81,17,260.00,130.0,,0.00
24/01/2024,15h00,8.07,16.5,55.30,33.18,0.19,8.07,16.5,55.30,33.18,0.52,8.07,16.5,55.30,33.18,0.52,8.01,16.6,55.20,33.12,0.00,8.01,16.6,55.20,33.12,0.00,7.99,17,55.10,33.06,0.00,7.99,17,55.10,33.06,0.00,6.08,17,197.00,98.5,0.00,6.92,18.2,267.00,133.5,1.04,0.00
25/01/2024,8h00,8.07,16.8,55.50,33.30,1.20,8.07,16.8,55.50,33.30,0.71,8.07,16.8,55.50,33.30,0.71,8.05,17,55.10,33.06,0.00,8.05,17,55.10,33.06,0.00,8.04,17.5,55.10,33.06,0.00,8.04,17.5,55.10,33.06,0.00,6.5,17.8,199.00,99.50,0.00,6.75,18.6,267.00,133.50,0.97,0.00
25/01/2024,10h30,8.01,17.5,55.00,33.00,0.76,7.99,16.5,55.20,33.12,0.81,7.99,16.5,55.20,33.12,0.81,7.99,16.6,55.50,33.30,0.00,7.99,16.5,55.50,33.30,0.00,7.98,16.5,55.50,33.30,0.00,7.98,16.5,55.50,33.30,0.00,6.15,16.9,202.00,101.0,0.00,6.81,17.1,264.00,132.0,,0.00
25/01/2024,15h00,,,,,,,,,,,,,,,,,,,,,,,,,,,,,,,,,,,,,,,,,,,,,,
26/01/2024,8h00,,,,,,,,,,,,,,,,,,,,,,,,,,,,,,,,,,,,,,,,,,,,,,
26/01/2024,10h30,,,,,,,,,,,,,,,,,,,,,,,,,,,,,,,,,,,,,,,,,,,,,,
26/01/2024,15h00,,,,,,,,,,,,,,,,,,,,,,,,,,,,,,,,,,,,,,,,,,,,,,
27/01/2024,8h00,8.07,17.2,55.30,33.18,0.15,8.07,17.2,55.30,33.18,0.22,8.07,17.2,55.30,33.18,0.22,8.05,17.6,55.10,33.06,0.00,8.05,17.6,55.10,33.06,0.00,8.00,17.4,55.10,33.06,0.00,8.00,17.4,55.10,33.06,0.00,6.17,17,201.00,100.50,0.00,6.73,17.5,290.00,145.00,0.62,0.00
27/01/2024,10h30,8.06,18.1,55.60,33.36,0.29,8.06,18.1,55.60,33.36,0.62,8.06,18.1,55.60,33.36,0.62,8.05,17.9,55.10,33.06,0.00,8.05,17.9,55.10,33.06,0.00,8.00,17.5,55.30,33.18,0.00,8.00,17.5,55.30,33.18,0.00,6.25,17.9,199.50,99.8,0.00,6.77,18.6,271.00,135.5,,0.00
27/01/2024,15h00,8.06,18.8,55.50,33.30,0.43,8.06,18.8,55.50,33.30,0.69,8.06,18.8,55.50,33.30,0.69,8.05,17.9,55.20,33.12,0.00,8.05,17.9,55.20,33.12,0.00,8.00,17.5,55.10,33.06,0.00,8.00,17.5,55.10,33.06,0.00,6.18,17.9,197.90,99.0,0.00,7.02,18.7,283.00,141.5,1.02,0.00
28/01/2024,8h00,8.07,16.7,55.30,33.18,0.79,8.07,16.7,55.30,33.18,0.74,8.07,16.7,55.30,33.18,0.74,8.05,17,55.10,33.06,0.00,8.05,17,55.10,33.06,0.00,8.00,17.2,55.10,33.06,0.00,8.00,17.2,55.10,33.06,0.00,6.73,17.6,222.00,111.00,0.00,7.00,18.6,333.00,166.50,0.88,0.00
28/01/2024,10h30,8.08,17.2,55.10,33.06,0.32,8.08,17.2,55.10,33.06,0.35,8.08,17.2,55.10,33.06,0.35,8.01,16.9,55.10,33.06,0.00,8.01,16.9,55.10,33.06,0.00,8.00,16.7,55.20,33.12,0.00,8.00,16.7,55.20,33.12,0.00,5.75,17.3,206.00,103.0,0.00,6.85,17.7,264.00,132.0,1.06,0.00
28/01/2024,15h00,8.08,16.8,55.30,33.18,0.19,8.08,16.8,55.30,33.18,0.26,8.08,16.8,55.30,33.18,0.26,8.05,17.3,55.20,33.12,0.00,8.05,17.3,55.20,33.12,0.00,8.00,17.5,55.10,33.06,0.00,8.00,17.5,55.10,33.06,0.00,6.08,17.6,164.30,82.2,0.00,6.77,17.9,267.00,133.5,,0.00
29/01/2024,8h00,,,,,,,,,,,,,,,,,,,,,,,,,,,,,,,,,,,,,,,,,,,,,,
29/01/2024,10h30,,,,,,,,,,,,,,,,,,,,,,,,,,,,,,,,,,,,,,,,,,,,,,
29/01/2024,15h00,,,,,,,,,,,,,,,,,,,,,,,,,,,,,,,,,,,,,,,,,,,,,,
30/01/2024,8h00,,,,,,,,,,,,,,,,,,,,,,,,,,,,,,,,,,,,,,,,,,,,,,
30/01/2024,10h30,,,,,,,,,,,,,,,,,,,,,,,,,,,,,,,,,,,,,,,,,,,,,,
30/01/2024,15h00,,,,,,,,,,,,,,,,,,,,,,,,,,,,,,,,,,,,,,,,,,,,,,
31/01/2024,8h00,8.08,17,55.20,33.12,0.57,8.07,17.2,55.20,33.12,0.43,8.07,17.2,55.20,33.12,0.43,8.05,17.6,55.10,33.06,0.00,8.05,17.6,55.10,33.06,0.00,8.00,17.4,55.10,33.06,0.00,8.00,17.4,55.10,33.06,0.00,6.17,16.9,206.00,103.00,0.00,6.85,17,280.00,140.00,1.03,0.00
31/01/2024,10h30,8.07,16.6,55.20,33.12,0.77,8.07,16.6,55.20,33.12,0.54,8.07,16.6,55.20,33.12,0.54,8.07,16.7,55.20,33.12,0.00,8.07,16.7,55.20,33.12,0.00,8.05,16.8,55.40,33.24,0.00,8.05,16.8,55.40,33.24,0.00,6.19,17,206.00,103.0,0.00,6.92,17.6,274.00,137.0,,0.00
31/01/2024,15h00,8.13,17.7,55.20,33.12,0.42,8.10,17.8,55.20,33.12,0.42,8.10,17.8,55.20,33.12,0.42,8.09,17.9,55.20,33.12,0.00,8.09,17.9,55.20,33.12,0.00,8.07,18,55.10,33.06,0.00,8.07,18,55.10,33.06,0.00,6.16,17.2,192.00,96.0,0.00,6.95,17.6,275.00,137.5,0.92,0.00
1/2/2024,8h00,8.02,16.9,55.00,33.00,0.87,8.01,17,55.00,33.00,0.67,8.05,16.8,55.20,33.12,0.45,8.00,17.2,55.00,33.00,0.00,8.04,16.7,55.20,33.12,0.00,7.99,17.1,55.00,33.00,0.00,8.01,16.7,55.40,33.24,0.00,6.37,17.3,215.00,107.50,0.00,6.78,17.5,271.00,135.50,0.92,0.00
1/2/2024,10h30,8.06,17,55.20,33.12,1.15,8.01,17,55.00,33.00,0.67,8.05,16.8,55.20,33.12,0.45,8.00,17.2,55.00,33.00,0.00,8.04,16.7,55.20,33.12,0.00,7.99,17.1,55.00,33.00,0.00,8.01,16.7,55.40,33.24,0.00,6.37,17.4,204.00,102.0,0.00,6.94,17.7,272.00,136.0,,0.00
1/2/2024,15h30,8.10,18.2,55.10,33.06,0.32,8.09,17.3,55.20,33.12,0.71,8.09,17.3,55.10,33.06,0.71,8.09,17.5,55.10,33.06,0.00,8.09,17.5,55.10,33.06,0.00,2.25,8.07,17.6,55.10,,2.19,8.07,17.6,55.10,,6.18,17.8,210.00,105.0,0.00,6.91,17.8,272.00,136.0,1.04,0.00
2/2/2024,8h00,,,,,,,,,,,,,,,,,,,,,,,,,,,,,,,,,,,,,,,,,,,,,,
2/2/2024,10h30,,,,,,,,,,,,,,,,,,,,,,,,,,,,,,,,,,,,,,,,,,,,,,
2/2/2024,15h30,,,,,,,,,,,,,,,,,,,,,,,,,,,,,,,,,,,,,,,,,,,,,,
3/2/2024,8h00,8.14,16,55.20,33.12,0.85,8.13,16.2,55.10,33.06,0.69,8.13,16.2,55.10,33.06,0.69,8.10,16.4,55.10,33.06,0.00,8.10,16.4,55.10,33.06,0.00,8.09,16.4,55.10,33.06,0.00,,,,,,6.64,16.6,206.00,103.00,0.00,6.82,17.1,270.00,135.00,0.93,0.00
3/2/2024,10h30,8.10,17.1,54.60,32.76,0.34,8.10,17.1,54.50,32.70,0.90,8.10,17.1,54.50,32.70,0.90,8.09,17.2,54.50,32.70,0.00,8.09,17.2,54.50,32.70,0.00,8.07,17.2,54.49,32.69,0.00,,,,,,6.23,17.3,190.80,95.4,0.00,6.85,17.5,272.00,136.0,,0.00
3/2/2024,15h30,8.12,17.5,55.30,33.18,0.76,8.09,17.6,55.20,33.12,0.71,8.09,17.6,55.20,33.12,0.71,8.07,17.8,55.10,33.06,0.00,8.07,17.8,55.10,33.06,0.00,8.05,17.9,55.10,33.06,0.00,,,,,,6.66,18.1,204.00,102.0,0.00,6.90,18.4,268.00,134.0,0.99,0.00
4/2/2024,8h00,8.15,16.2,55.20,33.12,0.48,8.15,16.2,55.20,33.12,0.59,8.15,16.2,55.20,33.12,0.59,8.12,16.4,55.10,33.06,0.00,8.12,16.4,55.10,33.06,0.00,88.10,16.6,55.10,33.06,0.00,8.15,16.2,55.10,33.06,0.00,6.28,16.6,188.70,94.35,0.00,6.67,16.8,267.00,133.50,1.07,0.00
4/2/2024,10h30,8.02,16.8,55.50,33.30,0.60,8.01,16.4,55.40,33.24,0.92,8.01,16.4,55.40,33.24,0.92,8.00,16.5,55.40,33.24,0.00,8.00,16.5,55.40,33.24,0.00,8.00,16.6,55.40,33.24,0.00,8.00,16.6,55.40,33.24,0.00,6.21,17,202.00,101.0,0.00,6.79,17.2,265.00,132.5,,0.00
4/2/2024,15h30,8.02,18.2,54.20,32.52,0.16,8.02,18.2,54.20,32.52,0.34,8.02,18.2,54.20,32.52,0.34,8.00,18,54.10,32.46,0.00,8.00,18,54.10,32.46,0.00,8.02,18.2,54.10,32.46,0.00,8.02,18.2,54.10,32.46,0.00,6.2,17.3,189.70,94.9,0.00,6.93,17.3,265.00,132.5,1.00,0.00
5/2/2024,8h00,8.14,16,55.40,33.24,0.68,8.14,16,55.40,33.24,0.74,8.14,16.2,55.40,33.24,0.74,8.09,16.2,55.30,33.18,0.00,8.09,16.2,55.30,33.18,0.00,8.05,16.4,55.20,33.12,0.00,8.05,16.4,55.20,33.12,0.00,6.22,16,181.90,90.95,0.00,6.89,16.9,264.00,132.00,0.89,0.00
5/2/2024,10h30,8.10,16.2,55.40,33.24,0.27,8.06,16.4,55.40,33.24,0.45,8.06,16.4,55.40,33.24,0.45,8.10,18,55.40,33.24,0.00,8.05,16.5,55.40,33.24,0.00,8.00,16.6,55.40,33.24,0.00,8.00,16.6,55.40,33.24,0.00,6.21,17,190.00,95.0,0.00,6.84,17.2,277.00,138.5,0.99,0.00
5/2/2024,15h30,8.10,18,55.20,33.12,0.37,8.09,18,55.20,33.12,0.97,8.09,17.6,55.20,33.12,0.97,8.05,17.6,55.10,33.06,0.00,8.05,17,55.10,33.06,0.00,8.02,17,55.10,33.06,0.00,8.02,17,55.10,33.06,0.00,6.33,17.3,199.60,99.8,0.00,6.99,17.6,277.00,138.5,,0.00
6/2/2024,8h00,8.04,18.1,53.90,32.34,0.79,8.04,18.1,53.90,32.34,0.96,8.04,18.1,53.90,32.34,0.96,8.02,17.9,53.80,32.28,0.00,8.02,17.9,53.80,32.28,0.00,8.00,17.3,53.70,32.22,0.00,8.00,17.3,53.70,32.22,0.00,6.4,16.8,201.00,100.50,0.00,6.99,17.1,257.00,128.50,0.98,0.00
6/2/2024,10h30,8.12,17.6,54.50,32.70,0.24,8.06,16.8,54.50,32.70,0.32,8.06,16.8,54.50,32.70,0.32,8.05,16.7,54.50,32.70,0.00,8.05,16.7,54.50,32.70,0.00,8.01,16.7,54.50,32.70,0.00,8.01,16.7,54.50,32.70,0.00,6.15,17,205.00,102.5,0.00,6.92,17.4,258.00,129.0,,0.00
6/2/2024,15h30,8.12,16.6,54.30,32.58,0.35,8.06,17,54.30,32.58,0.58,8.06,17,54.30,32.58,0.58,8.03,16.9,54.30,32.58,0.00,8.03,16.9,54.30,32.58,0.00,8.00,17.1,54.10,32.46,0.00,8.00,17.1,54.10,32.46,0.00,6.12,17.3,203.00,101.5,0.00,6.88,17.5,258.00,129.0,0.99,0.00
7/2/2024,8h00,8.06,16.6,54.70,32.82,0.13,8.04,15.7,54.60,32.76,0.98,8.05,15.7,54.60,32.76,0.41,8.04,15.8,54.60,32.76,0.00,8.04,15.7,54.60,32.76,0.00,8.03,16,54.60,32.76,0.00,8.03,16,54.60,32.76,0.00,6.12,16.4,192.40,96.20,0.00,6.88,16.7,260.00,130.00,1.07,0.00
7/2/2024,10h30,8.04,17.5,54.60,32.76,0.04,8.02,16.3,54.60,32.76,0.87,8.03,16.1,54.60,32.76,0.80,8.01,16,54.60,32.76,0.00,8.03,16,54.60,32.76,0.00,8.00,16.5,54.50,32.70,0.00,8.00,16.5,54.50,32.70,0.00,6.13,16.8,199.90,100.0,0.00,6.78,17.1,259.00,129.5,,0.00
7/2/2024,15h30,8.06,17.6,54.70,32.82,0.47,8.02,17,54.70,32.82,1.01,8.02,17,54.70,32.82,1.01,8.00,17,54.70,32.82,0.00,8.00,17,54.70,32.82,0.00,8.00,16.7,54.70,32.82,0.00,8.00,16.7,54.70,32.82,0.00,6.11,17.2,198.70,99.4,0.00,6.89,17.5,265.00,132.5,1.00,0.00
8/2/2024,8h00,8.06,16.4,54.50,32.70,0.17,8.03,15.2,54.50,32.70,0.29,8.03,15.3,54.50,32.70,0.40,8.03,15.5,54.80,32.88,0.00,8.03,15.5,54.80,32.88,0.00,8.02,15.7,54.70,32.82,0.00,8.02,15.7,54.70,32.82,0.00,6.15,16.2,208.00,104.00,0.00,6.89,16.7,259.00,129.50,1.02,0.00
8/2/2024,10h30,8.07,17.5,54.30,32.58,0.61,8.05,17.3,54.30,32.58,0.29,8.05,17.3,54.30,32.58,0.36,8.05,17.3,54.30,32.58,0.00,8.05,17.3,54.30,32.58,0.00,8.03,17.2,54.40,32.64,0.00,8.03,17.2,54.40,32.64,0.00,6.17,17.1,184.90,92.5,0.00,6.85,17.4,265.00,132.5,,0.00
8/2/2024,15h30,8.02,19.1,54.50,32.70,0.17,8.02,19.1,54.50,32.70,0.25,8.02,19.1,54.50,32.70,0.33,8.01,18.9,54.40,32.64,0.03,8.01,18.9,54.40,32.64,0.03,8.00,17.8,54.30,32.58,0.00,8.00,17.8,54.30,32.58,0.00,6.04,17.2,210.00,105.0,0.00,6.72,17.4,260.00,130.0,0.99,0.00
9/2/2024,8h00,,,,,,,,,,,,,,,,,,,,,,,,,,,,,,,,,,,,,,,,,,,,,,
9/2/2024,10h30,,,,,,,,,,,,,,,,,,,,,,,,,,,,,,,,,,,,,,,,,,,,,,
9/2/2024,15h30,,,,,,,,,,,,,,,,,,,,,,,,,,,,,,,,,,,,,,,,,,,,,,
10/2/2024,8h00,8.01,17.1,54.70,32.82,0.24,8.01,17.1,,,0.86,8.01,17.1,,,0.92,8.00,17.2,,,0.00,8.00,17.2,,,0.00,7.99,16.9,54.40,32.64,0.00,7.99,16.9,54.40,32.64,0.00,6.03,16.8,187.70,93.85,0.00,6.78,17.4,260.00,130.00,0.96,0.00
10/2/2024,10h30,8.00,17.1,54.20,32.52,0.45,8.00,17.1,,,0.58,8.00,17.1,,,0.65,8.00,17.2,,,0.00,8.00,17.2,,,0.00,7.99,16.8,54.50,32.70,0.00,7.99,16.8,54.50,32.70,0.00,5.83,17.2,198.80,99.4,0.00,6.68,17.4,258.00,129.0,,0.00
10/2/2024,15h30,8.05,18.2,53.60,32.16,0.89,8.05,18,,,0.98,8.05,18,,,1.02,8.03,17.9,,,0.00,8.03,17.9,,,0.00,8.00,17.6,54.30,32.58,0.00,8.00,17.6,54.30,32.58,0.00,5.99,17.47,199.90,100.0,0.00,6.62,17.6,256.00,128.0,0.92,0.00
11/2/2024,8h00,8.01,16.4,54.40,32.64,0.81,8.01,16.4,,,1.13,8.01,16.4,,,1.22,8.00,17.2,,,0.00,8.00,17.2,,,0.00,7.97,17.5,54.20,32.52,0.00,7.97,17.5,54.20,32.52,0.00,5.84,16.6,198.50,99.25,0.00,6.62,17.1,265.00,132.50,0.89,0.00
11/2/2024,10h30,8.02,16.8,54.60,32.76,0.22,7.97,16.6,,,0.97,7.97,16.6,,,0.97,7.90,16.6,,,0.00,7.90,16.6,,,0.00,7.94,16.5,54.60,32.76,0.00,7.94,16.5,54.60,32.76,0.00,5.9,17,201.00,100.5,0.00,7.70,17.5,267.00,133.5,,0.00
11/2/2024,15h30,8.03,16.8,54.40,32.64,1.05,8.00,17,,,0.89,8.00,17,,,0.92,7.99,17.2,,,0.00,7.99,17.2,,,0.00,7.96,17.3,54.20,32.52,0.00,7.96,17.3,54.20,32.52,0.00,5.81,17,195.40,97.7,0.00,6.86,17.2,268.00,134.0,1.00,0.00
12/2/2024,8h00,8.01,17.1,53.90,32.34,1.16,,,,,,8.01,17.10,,,1.57,,,,,0.00,8.00,17.2,,,0.00,7.96,17.3,53.60,32.16,0.00,7.96,17.3,53.65,32.19,0.00,6.05,16.7,176.30,88.15,0.00,6.87,17.3,265.00,132.50,1.23,0.00
12/2/2024,10h30,8.01,17.5,54.50,32.70,1.34,,,,,,7.97,16.9,,,1.06,,,,,0.00,7.93,16.8,,,0.00,,,,,,,,,,,6.6,17.5,183.40,91.7,0.00,7.01,17.3,263.00,131.5,0.95,0.00
12/2/2024,15h30,8.15,19,54.20,32.52,1.25,8.12,17.3,,,0.96,8.12,17.3,,,1.10,8.10,17.5,,,0.00,8.10,17.4,,,0.00,8.06,17.5,54.10,32.46,0.00,,,,,,6.26,17.8,188.60,94.3,0.00,7.11,17.8,268.00,134.0,,0.00
13/02/2024,8h00,8.12,17.8,54.00,32.40,0.76,,,,,,8.11,17.8,,,1.38,,,,,,8.09,17.6,,,0.00,8.05,17.4,53.90,32.34,0.00,,,,0.00,0.00,6.1,17.3,178.30,89.15,0.00,7.26,17.6,286.00,143.00,1.00,0.00
13/02/2024,10h30,8.15,18.2,54.30,32.58,0.31,,,,,,8.10,17.4,,,0.67,,,,,,8.09,17.2,,,0.00,8.08,17.4,54.30,32.58,0.00,8.03,17,54.30,32.58,0.00,6.08,17.7,203.00,101.5,0.00,7.06,17.8,268.00,134.0,,0.00
13/02/2024,15h30,8.13,18.2,54.30,32.58,0.40,,,,,,8.07,18,,,0.92,,,,,,8.06,18,,,0.00,8.02,18.3,54.20,32.52,0.00,8.03,17.6,54.20,32.52,0.00,6.23,17.9,198.20,99.1,0.00,7.19,18.1,270.00,135.0,0.99,0.00
14/02/2024,8h00,8.16,17.3,53.90,32.34,0.28,8.11,16.40,,,0.97,8.12,17.3,,,1.13,8.09,16.3,,,0.00,8.10,17.4,,,0.00,8.09,17.5,53.70,32.22,0.00,8.09,17.5,53.70,32.22,0.00,6.45,17,190.60,95.30,0.00,7.20,17.4,309.00,154.50,0.82,0.00
14/02/2024,10h30,8.20,17.7,54.30,32.58,0.13,,,,,,8.12,17.1,,,0.95,,,,,0.00,8.10,16.9,,,0.00,8.09,17,54.30,32.58,0.00,8.09,17,54.30,32.58,0.00,6.4,17.5,199.80,99.9,0.00,7.21,17.9,279.00,139.5,,0.00
14/02/2024,15h30,8.17,18.6,54.40,32.64,0.29,8.10,17.2,,,1.09,8.10,17.2,,,0.96,8.09,17.3,,,0.00,8.09,17.3,,,0.00,8.01,17.2,54.40,32.64,0.00,8.01,17.2,54.40,32.64,0.00,6.18,17.5,203.00,101.5,0.00,7.20,17.9,278.00,139.0,1.04,0.00
15/02/2024,8h00,8.16,19.1,54.40,32.64,0.92,,,,,,8.15,19.5,,,1.47,,,,,0.00,8.14,18.3,,,0.00,8.01,18.7,53.70,32.22,0.00,8.01,18.7,53.70,32.22,0.00,6.21,19,216.00,108.00,0.00,7.26,19.4,302.00,151.00,1.10,0.00
15/02/2024,10h30,8.19,18.2,54.50,32.70,0.26,,,,,,8.11,17,,,0.89,,,,,0.00,8.10,17,,,0.00,8.03,17.1,54.30,32.58,0.00,8.03,17.1,54.30,32.58,0.00,6.2,17.7,201.00,100.5,0.00,7.19,17.9,281.00,140.5,,0.00
15/02/2024,15h30,8.16,20,54.20,32.52,0.35,,,,,,8.10,19.1,,,0.62,,,,,0.00,8.08,19,,,0.00,8.07,19.1,54.40,32.64,0.00,8.07,19.1,54.40,32.64,0.00,6.19,17.6,199.10,99.6,0.00,7.14,17.8,282.00,141.0,,0.00
16/02/2024,8h00,,,,,,,,,,,,,,,,,,,,,,,,,,,,,,,,,,,,,,,,,,,,,,
16/02/2024,10h30,,,,,,,,,,,,,,,,,,,,,,,,,,,,,,,,,,,,,,,,,,,,,,
16/02/2024,15h30,,,,,,,,,,,,,,,,,,,,,,,,,,,,,,,,,,,,,,,,,,,,,,
17/02/2024,8h00,8.10,17,54.30,32.58,0.45,,,,,,8.10,17,,,0.60,8.05,17,,,0.00,8.05,17,,,0.00,8.01,17,54.20,32.52,0.00,8.01,17,54.20,32.52,0.00,6.4,17.2,202.00,101.00,0.00,7.20,17.4,277.00,138.50,1.02,0.00
17/02/2024,10h30,8.04,17.1,54.40,32.64,0.32,,,,,,8.01,17,,,0.90,8.01,17,,,0.00,8.01,17,,,0.00,8.00,17,54.40,32.64,0.00,8.00,17,54.40,32.64,0.00,6.5,17.2,201.00,100.5,0.00,7.50,17.3,287.00,143.5,,0.00
17/02/2024,15h30,,,,,,,,,,,,,,,,,,,,,,,,,,,,,,,,,,,,,,,,,,,,,,
18/02/2024,8h00,8.16,18,54.50,32.70,7.11,,,,,,8.06,17.6,,,7.07,,,,,,8.04,17.3,,,0.25,8.02,16.6,54.50,32.70,0.00,8.02,16.6,54.50,32.70,0.00,6.06,17,197.40,98.70,0.00,9.25,17.6,211.00,105.50,,0.14
18/02/2024,10h30,8.18,17.8,54.40,32.64,7.39,,,,,,8.10,17.9,,,7.87,,,,,,8.10,17.5,,,0.17,8.06,16.9,54.40,32.64,0.00,8.06,16.9,54.40,32.64,0.00,6.23,17.7,208.00,104.0,0.00,7.26,17.7,226.00,113.0,0.84,0.00
18/02/2024,15h30,8.14,18.5,54.40,32.64,5.93,,,,,,8.05,18.5,,,6.77,,,,,0.00,8.04,18.3,,,0.00,8.00,17.4,54.50,32.70,0.00,8.00,17.4,54.50,32.70,0.00,6.29,17.8,186.40,93.2,0.00,7.65,18,312.00,156.0,,0.00
19/02/2024,8h00,8.13,16.7,54.30,32.58,1.73,,,,,,8.10,16.8,,,2.68,,,,,,8.09,16.9,,,0.02,8.05,17,54.30,32.58,0.00,8.05,17,54.30,32.58,0.00,6.24,17,177.80,88.90,0.00,7.55,17.3,273.00,136.50,,0.00
19/02/2024,10h30,8.19,17.4,54.30,32.58,1.69,,,,,,8.12,17.5,,,2.39,,,,,,8.10,17.6,,,0.01,8.05,16.1,54.30,32.58,0.00,8.03,16.7,54.30,32.58,0.00,6.28,17.2,199.60,99.8,0.00,7.25,17.3,272.00,136.0,1.04,0.00
19/02/2024,15h30,8.16,17.6,54.30,32.58,1.49,,,,,,8.15,17.7,,,1.44,,,,,,8.05,17.3,,,0.00,8.02,16.9,54.50,32.70,0.00,8.02,16.9,54.50,32.70,0.00,6.21,17.4,202.00,101.0,0.00,7.22,18,291.00,145.5,,0.00
20/02/2024,8h00,8.15,16.1,54.40,32.64,0.74,,,,,,8.12,16.2,,,1.47,,,,,,8.10,16.3,,,0.00,8.07,16.5,54.30,32.58,0.00,8.07,16.5,54.30,32.58,0.00,6.1,16.8,187.40,93.70,0.00,7.29,16.9,289.00,144.50,,0.00
20/02/2024,10h30,8.20,16.8,54.50,32.70,1.29,8.10,16.6,,,1.43,8.10,16.5,,,1.61,8.09,16.6,,,0.00,8.09,16.6,,,0.00,8.03,16.7,54.50,32.70,0.00,8.03,16.7,54.50,32.70,0.00,6.4,17.1,182.10,91.1,0.00,7.24,17.5,276.00,138.0,1.01,0.00
20/02/2024,15h30,8.15,20.1,54.30,32.58,1.25,8.12,19.3,,,2.57,8.12,19.3,,,1.57,8.09,18.2,,,0.00,8.09,18.2,,,0.00,8.01,17,54.30,32.58,0.00,8.01,17,54.30,32.58,0.00,6.15,17.4,203.00,101.5,0.00,7.14,17.5,277.00,138.5,,0.00
21/02/2024,8h00,8.17,16.6,54.20,32.52,2.46,8.10,16.70,,,3.96,8.10,16.7,,,3.22,8.09,16.8,,,0.00,8.08,16.8,,,0.00,8.02,16.4,54.20,32.52,0.00,8.02,16.4,54.20,32.52,0.00,6.7,16.8,206.00,103.00,0.00,7.26,17.3,290.00,145.00,0.85,0.00
21/02/2024,10h30,8.16,17.2,54.30,32.58,2.96,8.13,17.3,,,5.93,8.12,17.3,,,6.13,8.10,17.1,,,0.03,8.10,17.1,,,0.00,8.06,17.1,54.30,32.58,0.00,8.06,17.1,54.30,32.58,0.00,6.21,17.5,191.70,95.9,0.00,7.18,17.6,282.00,141.0,0.85,0.00
21/02/2024,15h30,8.15,18.2,54.40,32.64,1.68,8.12,18,,,4.04,8.12,18,,,3.69,8.10,17.3,,,0.00,8.10,17.3,,,0.00,8.05,17.5,54.30,32.58,0.00,8.05,17.5,54.30,32.58,0.00,6.25,17.5,208.00,104.0,0.00,7.29,17.8,291.00,145.5,,0.00
22/02/2024,8h00,8.17,16.8,55.40,33.24,0.96,8.16,16.80,,,0.95,8.16,16.80,,,1.09,8.12,17,,,0.00,8.12,17,,,0.00,8.07,17.3,55.30,33.18,0.00,8.07,17.3,55.30,33.18,0.00,6.29,17.6,199.00,99.50,0.00,7.29,18,299.00,164.45,1.00,0.00
22/02/2024,10h30,8.20,17.4,54.60,32.76,0.56,8.13,16.7,,,1.46,8.13,16.7,,,1.56,8.10,16.6,,,0.00,8.10,16.6,,,0.00,8.06,16.9,54.50,32.70,0.00,8.06,16.9,54.50,32.70,0.00,6.21,17.4,198.90,99.5,0.00,7.09,17.6,281.00,154.6,,0.00
22/02/2024,15h30,8.21,18.3,54.20,32.52,0.53,8.14,18.2,,,1.22,8.14,18.2,,,1.32,8.10,17,,,0.00,8.10,17,,,0.00,8.06,17.3,55.10,33.06,0.00,8.06,17.3,55.10,33.06,0.00,6.2,17.5,199.00,99.5,0.00,7.26,18.2,289.00,159.0,0.94,0.00
23/02/2024,8h00,,,,,,,,,,,,,,,,,,,,,,,,,,,,,,,,,,,,,,,,,,,,,,
23/02/2024,10h30,,,,,,,,,,,,,,,,,,,,,,,,,,,,,,,,,,,,,,,,,,,,,,
23/02/2024,15h30,,,,,,,,,,,,,,,,,,,,,,,,,,,,,,,,,,,,,,,,,,,,,,
24/02/2024,8h00,8.16,15.3,54.30,32.58,0.77,8.10,15.40,,,0.66,8.10,15.40,,,0.83,8.09,16.8,,,0.00,8.09,16.8,,,0.00,8.03,17,55.20,33.12,0.00,8.03,17,55.20,33.12,0.00,6.21,16.1,205.00,112.75,0.00,7.37,17.6,292.00,160.60,,0.00
24/02/2024,10h30,8.21,15.1,54.30,32.58,0.89,8.19,15.4,,,1.81,8.19,15.4,,,3.22,8.12,16,,,0.00,8.12,16,,,0.00,8.09,16.3,54.20,32.52,0.00,8.09,16.3,54.20,32.52,0.00,6.23,16.1,201.00,100.5,0.00,7.38,16.2,292.00,160.6,1.06,0.00
24/02/2024,15h30,8.23,16,54.40,32.64,1.12,8.19,16.2,,,1.20,8.19,16.2,,,1.11,8.10,17,,,0.00,8.10,17,,,0.00,8.08,16.8,54.30,32.58,0.00,8.08,16.8,54.30,32.58,0.00,6.15,17.3,183.80,91.9,0.00,7.27,17.6,291.00,160.1,,0.00
25/02/2024,8h00,8.17,16.2,54.60,32.76,0.44,8.13,16.40,,,1.74,8.13,16.45,,,1.45,8.10,17,,,0.00,8.10,14,,,0.00,8.06,16.8,54.50,32.70,0.00,8.06,16.8,54.50,32.70,0.00,6.2,16.6,184.00,101.20,0.00,7.34,16.7,290.00,159.50,,0.00
25/02/2024,10h30,8.17,18.7,54.40,32.64,1.97,8.09,17.7,,,1.54,8.09,17.7,,,1.64,8.08,17.6,,,0.00,8.08,17.6,,,0.00,8.04,16.5,54.30,32.58,0.00,8.04,16.6,54.30,32.58,0.00,6.23,17,199.10,109.5,0.00,7.21,17.2,284.00,156.2,1.00,0.00
25/02/2024,15h30,8.18,18.6,54.30,32.58,0.88,8.11,18.2,,,1.08,8.11,18.2,,,1.09,8.09,17.3,,,0.00,8.09,17.3,,,0.00,8.02,16.7,54.30,32.58,0.00,8.02,16.7,54.30,32.58,0.00,6.04,17,194.20,106.8,0.00,7.17,17.3,287.00,157.9,,0.00
26/02/2024,8h00,8.20,16.9,54.20,32.52,0.33,8.15,16.80,,,1.06,8.15,16.80,,,0.87,8.10,16.6,,,0.00,8.10,16.6,,,0.00,8.09,16.2,54.20,32.52,0.00,8.02,16.2,54.20,32.52,0.00,6.39,16.6,198.00,108.90,0.00,7.29,17.2,287.00,157.85,,0.00
26/02/2024,10h30,8.23,17.3,54.60,32.76,0.25,8.15,16.5,,,1.47,8.15,16.5,,,0.79,8.11,16.6,,,0.00,8.11,16.6,,,0.00,8.04,17.1,54.60,32.76,0.00,8.04,17.1,54.60,32.76,0.00,6.27,17,180.00,90.0,0.00,7.20,17.7,288.00,158.4,0.91,0.00
26/02/2024,15h30,8.19,16.8,54.40,32.64,2.56,8.12,16.5,,,1.38,8.12,16.5,,,1.17,8.10,16.4,,,0.00,8.10,16.4,,,0.00,8.06,16.4,54.40,32.64,0.00,8.06,16.4,54.40,32.64,0.00,6.25,17,175.80,87.9,0.00,7.44,16.7,291.00,160.1,,0.00
27/02/2024,8h00,8.21,15.9,54.40,32.64,0.77,8.19,16.00,,,0.58,8.19,16.00,,,1.33,8.15,17,,,0.00,8.15,17,,,0.00,8.08,16.8,54.30,32.58,0.00,8.08,16.8,54.30,32.58,0.00,6.42,16.1,201.00,110.55,0.00,7.79,17,299.00,164.45,1.00,0.00
27/02/2024,10h30,8.16,16.4,54.60,32.76,0.38,8.13,16.2,,,1.01,8.13,16.2,,,0.99,8.11,16.1,,,0.00,8.11,16.1,,,0.00,8.08,16.4,54.60,32.76,0.00,8.08,16.4,54.60,32.76,0.00,5.94,16.6,191.30,95.7,0.00,7.45,16.6,301.00,165.6,,0.00
27/02/2024,15h30,8.22,16.3,54.30,32.58,0.89,8.22,16.3,,,0.85,8.22,16.3,,,1.02,8.17,16.4,,,0.00,8.17,16.4,,,0.00,8.03,16,54.30,32.58,0.00,8.03,16,54.30,32.58,0.00,5.96,16.7,179.90,90.0,0.00,7.32,15.5,296.00,162.8,,0.00
28/02/2024,8h00,8.23,15.7,54.50,32.70,1.20,8.18,16.00,,,1.95,8.18,16.00,,,1.95,8.10,16.2,,,0.00,8.10,16.2,,,0.00,8.07,16,54.20,32.52,0.00,8.07,16,54.20,32.52,0.00,6,16.1,206.00,113.30,0.00,7.41,17,286.00,157.30,1.00,0.00
28/02/2024,10h30,8.20,15,54.30,32.58,2.32,8.12,15.3,,,2.00,8.12,15.3,,,2.30,8.10,15.5,,,0.00,8.10,15.5,,,0.00,8.08,15.5,54.30,32.58,0.00,8.08,15.5,54.30,32.58,0.00,6.07,16.3,194.00,97.0,0.00,7.49,15.2,284.00,156.2,,0.00
28/02/2024,15h30,,,,,,,,,,,,,,,,,,,,,,,,,,,,,,,,,,,,,,,,,,,,,,
1/3/2024,8h00,,,,,,,,,,,,,,,,,,,,,,,,,,,,,,,,,,,,,,,,,,,,,,
1/3/2024,10h30,,,,,,,,,,,,,,,,,,,,,,,,,,,,,,,,,,,,,,,,,,,,,,
1/3/2024,15h30,,,,,,,,,,,,,,,,,,,,,,,,,,,,,,,,,,,,,,,,,,,,,,
2/3/2024,8h00,8.03,15.2,54.40,32.64,1.79,8.00,16,,,2.25,8.00,16,,,2.20,7.99,16.3,,,0.00,7.99,16.3,,,0.00,7.85,16.4,54.30,32.58,0.00,7.85,16.4,54.30,32.58,0.00,6.06,15.6,185.60,102.08,0.00,7.20,16.8,310.00,,1.00,0.00
2/3/2024,10h30,,,,,,,,,,,,,,,,,,,,,,,,,,,,,,,,,,,,,,,,,,,,,,
2/3/2024,15h30,8.10,16,54.40,32.64,1.25,8.08,16.3,,,3.30,8.08,16.3,,,4.67,8.05,16.2,,,0.00,8.05,16.2,,,0.00,7.99,17,54.30,32.58,0.00,7.99,16.4,54.30,32.58,0.00,6.12,17,198.00,108.90,0.00,7.80,17.6,356.00,195.80,0.80,0.00
3/3/2024,8h00,8.11,15.4,54.20,32.52,1.52,8.10,16,,,2.86,8.10,16,,,2.23,8.08,16.3,,,0.00,8.08,16.3,,,0.00,8.02,17,54.10,32.46,0.00,8.02,17,54.10,32.46,0.00,6.26,15.9,186.60,102.63,0.00,7.24,16.6,279.00,,,0.00
3/3/2024,10h30,8.11,15.6,54.50,32.70,0.87,8.05,15.5,,,2.39,8.05,15.3,,,2.44,8.04,15.3,,,0.00,,,,,,8.02,15.6,54.50,32.70,0.00,8.02,15.6,54.50,32.70,0.00,6.2,15.5,182.50,91.25,0.00,7.30,14.1,279.00,153.45,0.30,0.00
3/3/2024,15h30,8.10,16,54.20,32.52,1.58,8.09,16.1,,,2.08,8.09,16.1,,,2.00,8.06,16.1,,,0.00,8.06,16.1,,,0.00,7.90,16.7,54.30,32.58,0.00,7.90,16.7,54.30,32.58,0.00,6.33,16.6,194.70,107.09,0.00,7.11,16.7,279.00,153.45,0.50,0.00
4/3/2024,8h00,8.15,15.6,54.90,32.94,1.69,8.12,16,,,1.89,8.12,16,,,2.02,8.10,16.3,,,0.00,8.10,16.3,,,0.00,8.07,17,54.10,32.46,0.00,8.07,17,54.10,32.46,0.00,6.31,16,199.00,109.45,0.00,7.13,17,283.00,,1.00,0.00
4/3/2024,10h30,8.12,16.14,54.60,32.76,1.73,8.07,15.7,,,3.01,8.07,15.5,,,2.48,,,,,,8.05,15.5,,,0.00,8.02,15.7,54.60,32.76,0.00,8.02,15.7,54.60,32.76,0.00,6.15,16.1,179.80,89.90,0.00,7.18,16.6,281.00,154.55,1.20,0.00
4/3/2024,15h30,8.12,17,55.10,33.06,1.80,8.10,17.2,,,3.05,8.10,17.2,,,2.69,,,,,,8.05,17.5,,,0.00,8.03,17.3,54.70,32.82,0.00,8.03,17.3,54.70,32.82,0.00,5.71,17.3,183.60,100.98,0.00,7.20,17.5,280.00,154.00,,0.00
5/3/2024,8h00,,,,,,,,,,,,,,,,,,,,,,,,,,,,,,,,,,,,,,,,,,,,,,
5/3/2024,10h30,,,,,,,,,,,,,,,,,,,,,,,,,,,,,,,,,,,,,,,,,,,,,,
5/3/2024,15h30,,,,,,,,,,,,,,,,,,,,,,,,,,,,,,,,,,,,,,,,,,,,,,
6/3/2024,8h00,8.08,16.2,54.70,32.82,1.52,8.07,15.7,,,1.60,8.07,15.7,,,1.70,,,,,,8.04,15.5,,,0.00,8.02,15.6,54.60,32.76,0.00,8.02,15.5,54.60,32.76,0.00,6.16,15.5,186.70,102.69,0.00,7.11,16.4,331.00,,1.00,0.00
6/3/2024,10h30,8.16,16.6,54.80,32.88,0.88,8.05,15.8,,,3.39,8.05,15.8,,,2.55,,,,,,8.03,15.9,,,0.00,8.00,16,54.10,32.46,0.00,8.00,16,54.70,32.82,0.00,6.2,16.1,199.60,99.80,0.00,7.15,16.5,287.00,157.85,,0.00
6/3/2024,15h30,8.12,17,54.60,32.76,1.22,8.10,17,,,3.15,8.10,17,,,1.08,8.05,17.3,,,0.00,8.05,17.3,,,0.00,8.02,17.4,54.30,32.58,0.00,8.02,17.4,54.30,32.58,0.00,6.12,17.3,178.90,98.40,0.00,7.25,17.4,230.00,126.50,,0.00
7/3/2024,8h00,8.20,16.3,55.30,33.18,1.76,8.15,16.4,,,2.03,8.15,16.4,,,2.17,8.10,17,,,0.00,8.10,17,,,0.00,8.05,16.8,55.20,33.12,0.00,8.05,16.8,55.20,33.12,0.00,6.25,17,198.00,108.90,0.00,7.35,18,309.00,,1.00,0.00
7/3/2024,10h30,8.15,17.1,54.70,32.82,1.51,8.05,16.11,,,3.25,8.05,16.11,,,2.88,8.04,16.2,,,0.00,8.04,16.2,,,0.00,8.00,16.3,54.70,32.82,0.00,8.00,16.3,54.70,32.82,0.00,6.23,16.6,197.60,98.80,0.00,7.40,16.8,288.00,158.40,,0.00
7/3/2024,15h30,8.12,16.8,54.30,32.58,1.16,8.10,16.7,,,2.52,8.10,16.7,,,2.58,8.06,16.5,,,0.00,8.06,16.6,,,0.00,8.03,16.8,54.30,32.58,0.00,8.03,16.8,54.30,32.58,0.00,6.12,16.9,202.00,111.10,0.00,7.12,17.4,285.00,156.75,1.00,0.00
9/3/2024,8h00,,16.8,54.80,32.88,1.78,8.01,16.4,,,3.17,8.01,16.4,,,2.33,8.01,17,,,0.02,8.01,17,,,0.00,7.99,16.8,54.80,32.88,0.00,8.00,16.8,54.60,32.76,0.00,6.4,16.2,198.00,108.90,0.00,7.13,16,344.00,,1.00,0.00
9/3/2024,10h30,,,,,,,,,,,,,,,,,,,,,,,,,,,,,,,,,,,,,,,,,7.50,16.5,420.00,231.00,1.00,0.00
9/3/2024,15h30,8.13,18,55.00,33.00,1.31,8.12,17,,,3.33,8.12,16.7,,,1.97,8.10,17,,,0.00,8.10,17,,,0.00,8.09,17,54.70,32.82,0.00,8.09,17,54.70,32.82,0.00,6.4,16.5,185.00,101.75,0.00,7.35,16.5,285.00,156.75,,0.00
10/3/2024,8h00,8.12,16.5,54.70,32.82,0.99,8.08,15.8,,,2.30,8.08,15.8,,,2.29,8.03,15.9,,,0.00,8.03,15.9,,,0.00,8.00,16.2,54.70,32.82,0.00,8.00,16.3,54.70,32.82,0.00,6.4,16.6,192.20,105.71,0.00,7.18,17,305.00,,1.00,0.00
10/3/2024,10h30,8.10,16.7,54.70,32.82,1.55,8.03,16.1,,,2.30,8.03,16.1,,,2.21,8.02,16.2,,,0.00,8.02,16.2,,,0.00,8.00,16.3,54.70,32.82,0.00,8.00,16.3,54.70,32.82,0.00,6.11,16.5,194.20,106.81,0.00,7.21,17.2,285.00,156.75,,0.00
10/3/2024,15h30,8.14,18.6,54.20,32.52,1.60,8.08,16.5,,,1.94,8.08,16.5,,,1.69,8.08,16.4,,,0.00,8.08,16.4,,,0.00,8.05,16.7,54.20,32.52,0.00,8.05,16.6,54.20,32.52,0.00,5.82,17.2,175.50,96.53,0.00,7.19,17,285.00,156.75,1.00,0.00
11/3/2024,8h00,8.16,16.3,54.80,32.88,0.86,8.09,15.8,,,1.59,8.09,15.8,,,1.43,8.09,15.8,,,0.00,8.09,15.8,,,0.00,8.06,16.8,54.80,32.88,0.00,8.06,16.9,54.80,32.88,0.00,6.18,17.1,181.00,99.55,0.00,7.18,17,306.00,,1.00,0.00
11/3/2024,10h30,8.16,16,54.80,32.88,0.80,8.09,16,,,1.69,8.09,16,,,2.13,,,,,,,,,,,,,,,,,,,,,,,,,,7.19,17,283.00,155.65,1.00,0.00
11/3/2024,15h30,8.08,16.9,54.70,32.82,0.74,8.06,16.2,,,2.23,8.06,16.2,,,2.00,8.04,16.2,,,0.00,8.04,16.2,,,0.00,8.04,16.4,54.70,32.82,0.00,8.04,16.5,54.70,32.82,0.00,6.22,16.6,198.60,109.23,0.00,7.15,17,340.00,187.00,1.08,0.00
12/3/2024,8h00,8.12,16.6,54.80,32.88,0.40,8.07,15.9,,,1.77,8.07,15.9,,,1.18,8.04,15.9,,,0.00,8.04,15.8,,,0.00,8.02,16.2,54.70,32.82,0.00,8.02,16.2,54.70,32.82,0.00,6.23,16.2,194.50,106.98,0.00,7.10,17,282.00,,1.00,0.00
12/3/2024,10h30,,,,,,,,,,,,,,,,,,,,,,,,,,,,,,,,,,,,,,,,,7.12,18.2,276.00,151.80,1.00,0.00
12/3/2024,15h30,8.15,17.4,54.80,32.88,0.68,8.09,16.2,,,1.44,8.09,16.2,,,1.60,8.08,16.2,,,0.07,8.08,16.2,,,0.05,8.04,16.8,54.80,32.88,0.02,8.03,16.8,54.60,32.76,0.02,6.11,17.1,180.90,90.45,0.02,7.00,17.8,281.00,140.50,,0.04
13/03/2024,8h00,8.14,16.6,54.70,32.82,0.41,8.09,16,,,1.52,8.09,16,,,1.24,8.05,16.1,,,0.02,8.05,16.1,,,0.03,8.04,16,54.70,32.82,0.03,8.04,16.1,54.70,32.82,0.03,6.33,16.5,188.60,103.73,0.04,7.10,16.6,284.00,,1.00,0.03
13/03/2024,10h30,,,,,,,,,,,,,,,,,,,,,,,,,,,,,,,,,,,,,,,,,7.24,18,289.00,158.95,1.00,0.08
13/03/2024,15h30,8.16,17,54.70,32.82,0.30,8.09,16.3,,,1.19,8.09,16.2,,,1.09,8.07,16.4,,,0.07,8.07,16.4,,,0.05,8.03,16.7,54.70,32.82,0.03,8.03,16.7,54.70,32.82,0.03,6.41,16.8,196.40,108.02,0.02,7.17,17,288.00,158.40,,0.04
14/03/2024,8h00,8.14,16.3,55.00,33.00,0.24,8.09,16,,,1.12,8.09,15.9,,,1.28,8.07,16,,,0.12,8.07,15.9,,,0.08,8.06,16.1,55.00,33.00,0.09,8.06,16.1,55.00,33.00,0.09,6.3,16.5,197.50,108.63,0.02,7.25,17,282.00,,1.00,0.03
14/03/2024,10h30,,,,,,,,,,,,,,,,,,,,,,,,,,,,,,,,,,,,,,,,,7.27,17.2,284.00,156.20,1.00,0.08
14/03/2024,15h30,8.15,17.8,54.60,32.76,0.56,8.11,16.9,,,0.95,8.11,16.9,,,1.05,8.09,16.9,,,0.06,8.09,16.9,,,0.06,8.05,16.4,54.80,32.88,0.06,8.05,16.4,55.00,33.00,0.05,6.3,16.8,183.50,100.93,0.04,7.10,17.1,282.00,155.10,1.00,0.07
15/03/2024,8h00,,,,,,,,,,,,,,,,,,,,,,,,,,,,,,,,,,,,,,,,,,,,,,
15/03/2024,10h30,,,,,,,,,,,,,,,,,,,,,,,,,,,,,,,,,,,,,,,,,,,,,,
15/03/2024,15h30,,,,,,,,,,,,,,,,,,,,,,,,,,,,,,,,,,,,,,,,,,,,,,
16/03/2024,8h00,8.10,17.2,54.90,32.94,0.20,8.05,16.3,,,0.81,8.06,16.1,,,0.71,8.07,16.2,,,0.07,8.07,16.1,,,0.06,8.00,16.3,54.90,32.94,0.07,8.01,16.4,54.90,32.94,0.04,6.24,16.8,187.60,103.18,0.07,7.41,18,290.00,,1.00,0.10
16/03/2024,10h30,,,,,,,,,,,,,,,,,,,,,,,,,,,,,,,,,,,,,,,,,7.20,18,320.00,176.00,1.00,0.10
16/03/2024,15h30,8.14,17.8,55.00,33.00,0.13,8.08,16.6,,,0.81,8.07,16.6,,,0.77,8.06,16.7,,,0.00,8.05,16.7,,,0.00,8.01,16.6,54.90,32.94,0.00,8.02,16.6,54.90,32.94,0.00,6.16,16.6,205.00,112.75,0.00,7.30,18,320.00,176.00,1.00,0.08
17/03/2024,8h00,8.16,17.5,54.70,32.82,0.15,8.06,16.5,,,0.77,8.06,16.4,,,0.76,8.04,16.6,,,0.06,8.04,16.4,,,0.05,8.02,16.5,54.70,32.82,0.05,8.02,16.5,54.70,32.82,0.07,5.92,17,204.00,112.20,0.07,7.14,18,300.00,,1.00,0.12
17/03/2024,10h30,,,,,,,,,,,,,,,,,,,,,,,,,,,,,,,,,,,,,,,,,7.13,18,298.00,163.90,1.00,0.04
17/03/2024,15h30,8.13,18.1,54.70,32.82,0.24,8.08,17.3,,,0.73,8.08,17.3,,,0.75,8.06,17.3,,,0.07,8.06,17.3,,,0.08,8.04,17.3,54.70,32.82,0.08,8.04,17.1,54.70,32.82,0.05,6.26,17.7,208.00,114.40,0.09,7.13,18.5,292.00,160.60,1.00,0.13
18/03/2024,8h00,8.13,18.3,54.70,32.82,0.31,8.09,16.7,,,0.74,8.09,16.7,,,0.72,8.06,16.6,,,0.16,8.06,16.6,,,0.11,8.04,16.5,54.70,32.82,0.13,8.04,16.5,54.70,32.82,0.10,6.22,17.1,189.90,104.45,0.11,7.00,17.7,288.00,,1.00,0.17
18/03/2024,10h30,,,,,,,,,,,,,,,,,,,,,,,,,,,,,,,,,,,,,,,,,6.98,18.2,288.00,158.40,1.00,0.17
18/03/2024,15h30,8.10,19.6,54.70,32.82,0.35,8.08,17.1,,,0.64,8.08,17,,,0.53,8.06,17.1,,,0.00,8.06,17,,,0.00,8.05,17.3,54.60,32.76,0.00,8.05,17.3,54.60,32.76,0.00,6.12,18.3,205.00,112.75,0.00,7.20,18.6,292.00,160.60,1.00,0.00
19/03/2024,8h00,8.13,17.6,54.50,32.70,0.12,8.06,17,,,0.80,8.06,17,,,0.79,8.04,17,,,0.00,8.04,16.9,,,0.00,8.01,17.1,54.50,32.70,0.00,8.01,17.2,54.50,32.70,0.00,6.09,17.5,207.00,113.85,0.00,7.60,18,302.00,,1.00,0.12
19/03/2024,10h30,,,,,,,,,,,,,,,,,,,,,,,,,,,,,,,,,,,,,,,,,7.80,18.2,292.00,160.60,,0.07
19/03/2024,15h30,8.14,18.5,54.50,32.70,0.36,8.08,17.7,,,0.65,8.08,17.7,,,0.75,8.05,17.4,,,0.04,8.05,17.4,,,0.08,8.01,17.4,54.50,32.70,0.02,8.01,17.4,54.50,32.70,0.04,6.13,17.9,188.30,103.57,0.02,7.11,18.6,293.00,161.15,1.00,0.10
20/03/2024,8h00,8.14,18.7,54.80,32.88,0.27,8.05,16.9,,,0.94,8.05,16.8,,,0.86,8.03,16.9,,,0.20,8.04,16.8,,,0.15,8.00,17,54.40,32.64,0.19,8.01,17,54.40,32.64,0.15,6.15,17.6,189.80,104.39,0.12,7.50,18,293.00,,1.00,0.19
20/03/2024,10h30,,,,,,,,,,,,,,,,,,,,,,,,,,,,,,,,,,,,,,,,,7.11,19,291.00,160.05,1.00,0.26
20/03/2024,15h30,8.11,18.6,54.40,32.64,0.16,8.05,17.4,,,0.72,8.06,17.3,,,0.65,8.05,17.3,,,0.15,8.05,17.3,,,0.09,8.02,17.8,54.30,32.58,0.11,8.00,17.7,54.40,32.64,0.08,6.06,18.3,208.00,114.40,0.10,7.24,18.6,318.00,174.90,1.00,0.16
21/03/2024,8h00,8.16,18,54.60,32.76,0.29,8.11,16.8,,,1.14,8.11,16.6,,,0.84,8.06,16.7,,,0.16,8.06,16.6,,,0.15,8.02,17.3,54.50,32.70,0.10,8.02,17.3,54.50,32.70,0.09,6.12,17.6,201.00,110.55,0.10,7.50,18,299.00,,1.00,0.16
21/03/2024,10h30,,,,,,,,,,,,,,,,,,,,,,,,,,,,,,,,,,,,,,,,,7.40,18,300.00,165.00,1.00,0.17
21/03/2024,15h30,8.13,19.2,54.10,32.46,0.18,8.10,17.4,,,0.47,8.10,17.4,,,0.43,8.08,17.3,,,0.00,8.08,17.3,,,0.00,8.06,17.4,54.10,32.46,0.00,8.06,17.4,54.10,32.46,0.00,6.16,18.2,190.90,105.00,0.00,7.29,19,291.00,160.05,,0.06
22/03/2024,8h00,,,,,,,,,,,,,,,,,,,,,,,,,,,,,,,,,,,,,,,,,,,,,,
22/03/2024,10h30,,,,,,,,,,,,,,,,,,,,,,,,,,,,,,,,,,,,,,,,,,,,,,
22/03/2024,15h30,,,,,,,,,,,,,,,,,,,,,,,,,,,,,,,,,,,,,,,,,,,,,,
23/03/2024,8h00,8.13,18,54.80,32.88,0.52,8.10,17,,,0.85,8.10,17,,,0.98,8.06,17,,,0.00,8.07,17,,,0.00,8.00,17.5,54.50,32.70,0.00,8.00,17.6,54.50,32.70,0.00,6.6,18,207.00,113.85,0.00,7.70,18,292.00,,1.00,0.10
23/03/2024,10h30,,,,,,,,,,,,,,,,,,,,,,,,,,,,,,,,,,,,,,,,,7.60,18,300.00,165.00,1.00,0.12
23/03/2024,15h30,8.13,19.2,54.10,32.46,0.30,8.10,17.4,,,0.61,8.10,17.4,,,0.75,8.08,17.3,,,0.00,8.08,17.3,,,0.00,8.06,17.4,54.10,32.46,0.00,8.06,17.4,54.10,32.46,0.00,6.5,18.2,190.90,105.00,0.00,7.40,19,291.00,160.05,1.00,0.80
24/03/2024,8h00,8.08,18,54.90,32.94,0.38,8.04,16.8,,,1.33,8.04,16.8,,,1.09,8.02,16.5,,,0.00,8.02,16.5,,,0.00,8.01,17,54.90,32.94,0.00,8.00,17,54.90,32.94,0.00,6.1,175,183.30,100.82,0.00,7.60,18,314.00,,1.00,0.02
24/03/2024,10h30,,,,,,,,,,,,,,,,,,,,,,,,,,,,,,,,,,,,,,,,,7.05,18.5,279.00,153.45,,0.08
24/03/2024,15h30,8.06,18.7,54.70,32.82,0.44,8.03,17,,,1.19,8.03,17,,,1.21,8.03,16.9,,,0.00,8.03,16.9,,,0.00,8.00,17.1,54.70,32.82,0.00,8.00,17.4,54.70,32.82,0.00,6.1,18.9,198.70,109.29,0.00,7.16,18.66,283.00,155.65,,0.08
25/03/2024,8h00,8.13,18.7,54.70,32.82,0.61,8.08,16.8,,,1.82,8.08,16.8,,,1.85,8.06,16.6,,,0.00,8.06,16.7,,,0.00,8.02,16.9,54.70,32.82,0.00,8.02,16.9,54.70,32.82,0.00,6.08,17.6,195.90,107.75,0.00,7.60,19,301.00,,1.00,0.00
25/03/2024,10h30,,,,,,,,,,,,,,,,,,,,,,,,,,,,,,,,,,,,,,,,,7.01,18.4,266.00,146.30,1.00,0.13
25/03/2024,15h30,8.15,18.6,54.80,32.88,0.57,8.07,17.2,,,2.71,8.07,17.2,,,2.49,8.06,17.5,,,0.00,8.06,17.5,,,0.00,8.05,17.7,54.50,32.70,0.00,8.05,17.7,54.70,32.82,0.00,6.07,18.6,199.20,109.56,0.00,7.40,19,261.00,143.55,1.00,0.05
26/03/2024,8h00,8.12,18,54.70,32.82,0.36,8.08,17.9,,,1.46,8.08,17.9,,,1.42,8.06,17.5,,,0.00,8.06,17.5,,,0.00,8.05,17.3,54.60,32.76,0.00,8.05,17.3,54.60,32.76,0.00,6.28,17.7,199.70,109.84,0.00,7.26,17.6,293.00,,0.85,0.00
26/03/2024,10h30,,,,,,,,,,,,,,,,,,,,,,,,,,,,,,,,,,,,,,,,,7.23,18.1,263.00,144.65,0.80,0.03
26/03/2024,15h30,8.12,18.2,54.70,32.82,0.45,8.09,18,,,1.76,8.09,18,,,1.78,8.05,17.4,,,0.07,8.05,17.4,,,0.06,8.02,17.5,54.60,32.76,0.00,8.02,17.5,54.60,32.76,0.00,6.13,18.3,199.90,109.95,0.00,7.12,18.7,286.00,157.30,1.00,0.01
27/03/2024,8h00,8.18,17,54.80,32.88,1.46,8.13,17.2,,,1.62,8.13,17.2,,,1.64,8.09,17.3,,,0.00,8.09,17.3,,,0.00,8.08,16.5,55.00,33.00,0.00,8.08,16.5,55.00,33.00,0.00,6.2,17,199.00,109.45,0.00,7.21,17.6,296.00,,1.00,0.00
27/03/2024,10h30,8.14,17.5,54.80,32.88,0.62,8.08,16.7,,,1.50,8.08,16.7,,,1.61,8.06,16.7,,,0.00,8.06,16.7,,,0.00,8.04,16.9,54.80,32.88,0.00,8.04,16.9,54.80,32.88,0.00,6.06,17.4,204.00,112.20,0.00,7.41,17.8,295.00,162.25,,0.08
27/03/2024,15h30,8.13,17.3,54.80,32.88,1.06,8.12,17,,,2.23,8.12,17,,,1.95,8.08,17.3,,,0.00,8.08,17.3,,,0.00,8.03,17.6,54.70,32.82,0.00,8.03,17.6,54.70,32.82,0.00,6.03,17.8,183.80,101.09,0.00,7.43,17.8,290.00,159.50,,0.00
28/03/2024,8h00,8.13,17.3,54.90,32.94,0.64,8.10,17.6,,,2.44,8.10,17.6,,,2.61,8.08,17.8,,,0.00,8.08,17.8,,,0.00,8.05,17.9,54.80,32.88,0.00,8.05,17.9,54.80,32.88,0.00,6.21,17.3,204.00,112.20,0.00,7.01,17.6,286.00,,1.00,0.00
28/03/2024,10h30,8.13,19,54.40,32.64,0.50,8.09,17.4,,,1.91,8.09,17.4,,,1.61,8.07,17.2,,,0.00,8.07,17.2,,,0.00,8.05,17.2,54.40,32.64,0.00,8.05,17.2,54.40,32.64,0.00,6.14,17.7,202.00,111.10,0.00,7.10,18.4,283.00,155.65,,0.00
28/03/2024,15h30,8.14,20.6,54.50,32.70,0.62,8.06,18.4,,,1.93,8.06,18.4,,,1.15,8.05,18.6,,,0.00,8.05,18.6,,,0.00,8.04,18.4,54.40,32.64,0.00,8.05,18.4,54.40,32.64,0.00,6.2,19,204.00,112.20,0.00,7.13,19.4,284.00,156.20,1.00,0.27
29/03/2024,8h00,8.13,18.6,54.60,32.76,0.56,8.10,18.7,,,1.27,8.10,18.7,,,1.52,8.03,17.7,,,0.00,8.03,17.7,,,0.00,7.95,17.5,54.40,32.64,0.00,7.95,17.5,54.40,32.64,0.00,6.03,18.3,202.00,111.10,0.00,7.19,18.9,298.00,,1.00,0.00
29/03/2024,10h30,8.18,19,54.40,32.64,1.17,8.16,18.9,,,2.21,8.16,18.9,,,1.84,8.09,17.3,,,0.00,8.09,17.3,,,0.00,8.05,17.6,54.40,32.64,0.00,8.05,17.6,54.40,32.64,0.00,6,18.5,202.00,111.10,0.00,7.33,18.8,283.00,155.65,1.00,0.00
29/03/2024,15h30,8.21,19,54.50,32.70,0.66,8.13,18.2,,,2.25,8.13,18.6,,,1.97,8.12,17.6,,,0.00,8.12,17.6,,,0.00,8.07,17.8,54.40,32.64,0.00,8.07,17.8,54.40,32.64,0.00,6.01,18.3,204.00,112.20,0.00,7.23,18.8,284.00,156.20,1.00,0.01
30/03/2024,8h00,8.15,18.6,54.50,32.70,0.62,8.13,18.7,,,1.21,8.13,18.7,,,1.15,8.10,17.7,,,0.00,8.10,17.7,,,0.00,8.05,17.5,54.40,32.64,0.00,8.05,17.5,54.40,32.64,0.00,6.03,18.3,197.30,108.52,0.00,7.19,19.1,298.00,,1.00,0.00
30/03/2024,10h30,8.13,18.8,54.50,32.70,0.26,8.01,17.3,,,1.29,8.01,17.2,,,1.18,8.00,17.2,,,0.00,8.00,17.2,,,0.00,7.95,17.5,54.50,32.70,0.00,7.95,17.5,54.50,32.70,0.00,6.08,18.2,187.00,102.85,0.00,7.13,18.7,296.00,162.80,,0.05
30/03/2024,15h30,8.04,19,54.40,32.64,0.43,8.03,18.2,,,1.12,8.03,18.2,,,1.32,8.00,18,,,0.00,8.00,18,,,0.00,7.92,17.9,54.20,32.52,0.00,7.92,18,54.20,32.52,0.00,6.01,17.9,188.40,103.62,0.00,7.27,18.3,298.00,163.90,1.00,0.04
31/03/2024,8h00,,,,,,,,,,,,,,,,,,,,,,,,,,,,,,,,,,,,,,,,,,,,,,
31/03/2024,10h30,,,,,,,,,,,,,,,,,,,,,,,,,,,,,,,,,,,,,,,,,,,,,,
31/03/2024,15h30,,,,,,,,,,,,,,,,,,,,,,,,,,,,,,,,,,,,,,,,,,,,,,
1/4/2024,8h00,8.05,18.2,54.40,32.64,0.38,8.02,18.2,,,1.28,8.02,18.2,,,1.15,8.00,17.7,,,0.00,8.00,17.7,,,0.00,7.90,17.6,54.40,32.64,0.00,7.90,17.6,54.40,32.64,0.00,6.11,18.7,204.00,112.20,0.00,7.12,18.4,300.00,165.00,1.00,0.00
1/4/2024,10h30,8.11,18.4,54.40,32.64,0.12,8.05,17,,,1.19,8.05,17,,,1.01,8.02,16.9,,,0.00,8.02,16.9,,,0.00,8.00,17.4,54.40,32.64,0.00,8.00,17.4,54.40,32.64,0.00,6.16,17.8,205.00,112.75,0.00,7.04,18.4,293.00,161.15,0.90,0.00
1/4/2024,15h30,8.08,20.3,54.40,32.64,0.66,8.05,19,,,1.34,8.05,19,,,1.23,8.03,18.3,,,0.00,8.03,18.3,,,0.00,7.96,17.8,54.40,32.64,0.00,7.96,17.7,54.45,32.67,0.00,5.81,17.9,208.00,114.40,0.00,7.11,18.8,297.00,163.35,1.00,0.00
2/4/2024,8h00,8.10,18.5,54.40,32.64,0.28,8.05,16.9,,,1.10,8.05,16.9,,,1.04,8.03,16.9,,,0.00,8.03,16.8,,,0.00,8.00,16.9,54.40,32.64,0.00,8.00,17,54.30,32.58,0.00,6.09,17.7,196.80,108.24,0.00,7.21,18,302.00,166.10,1.00,0.00
2/4/2024,10h30,8.11,18.3,54.30,32.58,0.47,8.06,17,,,1.15,8.06,17,,,1.09,8.03,17.2,,,0.00,8.02,17.2,,,0.00,8.00,17,54.20,32.52,0.00,8.00,17,54.20,32.52,0.00,6.1,18.3,202.00,111.10,0.00,7.37,18.3,298.00,163.90,,0.08
2/4/2024,15h30,8.05,19.3,54.40,32.64,1.26,8.03,19.4,,,1.95,8.03,19.4,,,1.93,8.00,17.3,,,0.00,8.00,17.3,,,0.00,8.00,17.6,54.50,32.70,0.00,8.00,17.6,54.50,32.70,0.00,6.05,17.9,200.00,110.00,0.00,7.22,18.4,304.00,167.20,1.00,0.00
3/4/2024,8h00,8.10,18.6,54.60,32.76,0.63,8.06,17,,,1.63,8.06,17,,,1.68,8.03,16.9,,,0.14,8.03,16.9,,,0.14,8.00,17.3,,0.00,0.16,8.00,17.3,,0.00,0.11,5.9,17.7,204.00,112.20,0.16,7.29,18.4,298.00,163.90,0.80,0.19
3/4/2024,10h30,,,,,,,,,,,,,,,,,,,,,,,,,,,,,,,,,,,,,,,,,7.37,18.9,294.00,161.70,,0.17
3/4/2024,15h30,8.14,19.3,54.40,32.64,0.61,8.08,17.5,,,1.70,8.07,17.5,,,1.65,,,,,,,,,,,,,,,,,,,,,,,,,,7.35,19.2,294.00,161.70,1.00,0.02
4/4/2024,8h00,8.06,18.9,54.70,32.82,0.56,8.05,18.9,,,1.12,8.05,18.9,,,1.27,8.03,17.9,,,0.00,8.03,17.9,,,0.00,8.00,17.6,54.70,32.82,0.00,8.00,17.6,54.70,32.82,0.00,6.12,17.8,206.00,113.30,0.00,7.25,18.3,318.00,174.90,1.00,0.02
4/4/2024,10h30,8.10,22.1,54.50,32.70,1.23,8.08,18,,,1.97,8.08,18,,,1.83,8.05,17.9,,,0.00,8.05,17.9,,,0.00,7.96,17.8,54.20,32.52,0.00,7.96,17.8,54.20,32.52,0.00,6.19,18.1,196.80,108.24,0.00,7.15,18.7,319.00,175.45,1.00,0.00
4/4/2024,15h30,,,,,,,,,,,,,,,,,,,,,,,,,,,,,,,,,,,,,,,,,,,,,,
5/4/2024,8h00,,,,,,,,,,,,,,,,,,,,,,,,,,,,,,,,,,,,,,,,,,,,,,
5/4/2024,10h30,,,,,,,,,,,,,,,,,,,,,,,,,,,,,,,,,,,,,,,,,,,,,,
5/4/2024,15h30,,,,,,,,,,,,,,,,,,,,,,,,,,,,,,,,,,,,,,,,,,,,,,
6/4/2024,8h00,8.03,21.7,54.60,32.76,0.63,8.02,21.3,,,1.47,8.02,21.3,,,1.56,8.00,17.9,,,0.00,8.00,17.9,,,0.00,8.00,18.6,54.50,32.70,0.00,8.00,18.3,54.50,32.70,0.00,6.17,18.9,215.00,118.25,0.00,7.42,19.6,305.00,183.00,1.00,0.27
6/4/2024,10h30,,,,,,,,,,,,,,,,,,,,,,,,,,,,,,,,,,,,,,,,,7.49,24.5,329.00,180.95,,0.17
6/4/2024,15h30,8.03,23.7,54.40,32.64,0.53,8.02,22.7,,,2.40,8.02,22.7,,,2.22,8.00,18.9,,,0.00,8.00,18.9,,,0.00,7.96,18.7,54.50,32.70,0.00,7.96,18.7,54.50,23.00,0.00,6.16,18.8,217.30,119.52,0.00,7.74,22,339.00,186.45,1.00,0.00
7/4/2024,8h00,8.04,21.1,54.60,32.76,0.47,8.03,19,,,1.27,8.08,19,,,1.35,8.00,19.3,,,0.00,8.00,19.3,,,0.00,7.99,18.6,54.50,32.70,0.00,7.99,18.3,54.50,32.70,0.00,6.43,18.9,217.00,119.35,0.00,7.45,22.4,307.00,184.20,1.40,0.00
7/4/2024,10h30,,,,,,,,,,,,,,,,,,,,,,,,,,,,,,,,,,,,,,,,,7.46,23,310.00,170.50,1.20,0.00
7/4/2024,15h30,8.14,22,54.60,32.76,0.52,8.02,22,,,1.32,8.02,22,,,1.44,8.01,19.7,,,0.00,8.01,19.7,,,0.00,8.00,18.8,54.40,32.64,0.00,8.00,18.8,54.40,23.00,0.00,6.45,18,218.00,119.90,0.00,7.44,22,317.00,174.35,1.20,0.00
8/4/2024,8h00,8.06,17.9,54.40,32.64,0.72,8.05,17.9,,,1.61,8.05,17.9,,,1.32,8.03,17.8,,,0.00,8.03,17.8,,,0.00,8.00,17.4,54.40,32.64,0.00,8.00,17.4,54.40,32.64,0.00,6.15,18.6,221.00,121.55,0.00,7.24,19.8,312.00,187.20,1.20,0.00
8/4/2024,10h30,8.08,21,54.50,32.70,0.66,8.05,21,,,1.44,8.05,21,,,1.45,8.03,18,,,0.00,8.03,18,,,0.00,8.00,18.3,54.40,32.64,0.00,8.00,18.3,54.40,32.64,0.00,6.17,19.1,195.00,107.25,0.00,7.32,23.3,312.00,171.60,1.20,0.00
8/4/2024,15h30,,,,,,,,,,,,,,,,,,,,,,,,,,,,,,,,,,,,,,,,,,,,,,
9/4/2024,8h00,8.12,19.3,54.40,32.64,0.27,8.08,17.9,,,1.15,8.06,17.7,,,0.98,8.04,17.6,,,0.08,8.05,17.5,,,0.11,8.02,17.9,54.40,32.64,0.00,8.02,18,54.40,32.64,0.00,6.53,18.6,190.00,104.50,0.06,7.58,20.9,322.00,193.20,1.20,0.18
9/4/2024,10h30,,,,,,,,,,,,,,,,,,,,,,,,,,,,,,,,,,,,,,,,,7.32,23.3,312.00,171.60,1.20,0.00
9/4/2024,15h30,,,,,,,,,,,,,,,,,,,,,,,,,,,,,,,,,,,,,,,,,7.28,21.2,310.00,170.50,1.20,0.29
10/4/2024,8h00,,,,,,,,,,,,,,,,,,,,,,,,,,,,,,,,,,,,,,,,,,,,,,
10/4/2024,10h30,,,,,,,,,,,,,,,,,,,,,,,,,,,,,,,,,,,,,,,,,,,,,,
10/4/2024,15h30,,,,,,,,,,,,,,,,,,,,,,,,,,,,,,,,,,,,,,,,,,,,,,
11/4/2024,8h00,8.10,18.2,54.40,32.64,0.98,8.09,18,,,1.32,8.09,18,,,1.35,8.08,17.2,,,0.00,8.08,17.2,,,0.00,8.00,17.3,54.30,32.58,0.00,8.00,17.3,54.30,32.58,0.00,6.15,17.1,199.00,109.45,0.00,7.45,17.3,322.00,193.20,1.00,0.17
11/4/2024,10h30,,,,,,,,,,,,,,,,,,,,,,,,,,,,,,,,,,,,,,,,,,,,,,
11/4/2024,15h30,,,,,,,,,,,,,,,,,,,,,,,,,,,,,,,,,,,,,,,,,,,,,,
12/4/2024,8h00,,,,,,,,,,,,,,,,,,,,,,,,,,,,,,,,,,,,,,,,,,,,,,
12/4/2024,10h30,,,,,,,,,,,,,,,,,,,,,,,,,,,,,,,,,,,,,,,,,,,,,,
12/4/2024,15h30,,,,,,,,,,,,,,,,,,,,,,,,,,,,,,,,,,,,,,,,,,,,,,
13/04/2024,8h00,8.11,18.8,54.60,32.76,1.37,8.10,18.2,,,2.81,8.10,18.2,,,2.88,8.05,17.8,,,0.00,8.05,17.8,,,0.00,8.00,17.3,54.50,32.70,0.00,8.00,17.3,54.50,32.70,0.00,6.25,17.5,198.00,108.90,0.00,7.38,18.2,380.00,228.00,1.00,0.00
13/04/2024,10h30,8.12,18.9,54.60,32.76,1.22,8.10,18.7,,,1.96,8.10,18.7,,,2.03,8.06,17.6,,,0.00,8.06,17.6,,,0.00,8.02,17.4,54.50,32.70,0.00,8.02,17.4,54.50,32.70,0.00,6.24,17.6,196.00,107.80,0.00,7.22,18.4,347.00,190.85,1.00,0.00
13/04/2024,15h30,8.13,19,54.50,32.70,1.09,8.10,19,,,1.23,8.10,19,,,1.27,8.07,18.7,,,0.00,8.07,18.7,,,0.00,8.02,17.5,54.40,32.64,0.00,8.02,17.5,54.40,32.64,0.00,6.19,17.6,199.00,109.45,0.00,7.02,20,317.00,174.35,1.20,0.02
14/04/2024,8h00,8.12,18.9,54.40,32.64,0.27,8.10,18.7,,,1.27,8.10,18.7,,,1.33,8.07,17.3,,,0.02,8.07,17.3,,,0.03,8.02,17.5,54.50,32.70,0.00,8.02,17.5,54.50,32.70,0.00,6.25,17.5,190.00,104.50,0.00,7.45,18.7,314.00,188.40,1.00,0.02
14/04/2024,10h30,8.12,19.2,54.40,32.64,0.33,8.09,18.1,,,1.71,8.09,18.1,,,1.62,8.05,18,,,0.11,8.05,18,,,0.02,8.00,18.3,54.40,32.64,0.03,8.00,18.3,54.40,32.64,0.00,6.2,18.6,204.00,112.20,0.06,7.40,19.5,323.00,177.65,,0.02
14/04/2024,15h30,8.15,19.1,54.50,32.70,0.84,8.10,19,,,1.82,8.10,19,,,1.88,8.08,17.5,,,0.04,8.08,17.5,,,0.02,8.00,18.9,54.40,32.64,0.00,8.00,18.9,54.40,32.64,0.00,6.23,19.3,220.00,121.00,0.00,7.20,19,330.00,181.50,1.00,0.03
15/04/2024,8h00,8.15,18,54.50,32.70,0.78,8.10,18,,,2.02,8.10,18,,,1.97,8.05,17.5,,,0.00,8.05,17.5,,,0.00,8.02,17.3,54.50,32.70,0.00,8.02,17.3,54.50,32.70,0.00,6.25,17.4,199.00,109.45,0.00,7.23,19.3,326.00,195.60,1.00,0.05
15/04/2024,10h30,8.12,19.2,54.50,32.70,0.14,8.08,18,,,1.05,8.08,18,,,0.77,8.05,18,,,0.06,8.05,18,,,0.02,8.02,18.2,54.40,32.64,0.00,8.02,18.3,54.40,32.64,0.00,6.26,19.1,202.00,111.10,0.00,7.16,19,314.00,172.70,0.70,0.05
15/04/2024,15h30,8.14,19.8,54.50,32.70,0.28,8.12,19.6,,,1.25,8.12,19.6,,,0.96,8.09,18.7,,,0.02,8.02,18.7,,,0.02,8.05,18.3,54.40,32.64,0.00,8.05,18.3,54.40,32.64,0.00,6.27,18.5,204.00,112.20,0.00,7.06,19.2,322.00,177.10,1.00,0.02
16/04/2024,8h00,8.09,19.5,54.50,32.70,0.36,8.04,18.1,,,1.31,8.04,18.1,,,1.04,8.01,17.4,,,0.00,8.01,17.4,,,0.00,8.04,17.6,54.50,32.70,0.00,8.02,17.6,54.50,32.70,0.00,6.33,18.5,199.00,109.45,0.00,7.16,19.8,326.00,195.60,1.00,0.00
16/04/2024,10h30,8.13,19.2,54.50,32.70,0.44,8.09,19,,,1.32,8.09,19,,,1.24,8.08,18.2,,,0.00,8.08,18.2,,,0.00,8.05,18.2,54.40,32.64,0.00,8.05,18.3,54.40,32.64,0.00,6.25,19.1,199.00,109.45,0.00,7.07,20.2,322.00,177.10,1.00,0.00
16/04/2024,15h30,,,,,,,,,,,,,,,,,,,,,,,,,,,,,,,,,,,,,,,,,,,,,,
17/04/2024,8h00,8.09,18.9,54.50,32.70,0.57,8.08,18.8,,,1.96,8.08,18.8,,,1.14,8.05,17.9,,,0.00,8.05,17.9,,0.00,0.00,8.02,18.1,54.50,32.70,0.00,8.02,18.1,54.50,32.70,0.00,6.64,18.7,212.00,116.60,0.00,7.23,19,377.00,226.20,0.80,0.00
17/04/2024,10h30,8.08,19.1,54.50,32.70,0.22,8.04,18.5,,,1.11,8.04,18.5,,,0.90,8.02,18.3,,,0.00,8.02,18.3,,,0.00,8.00,18.5,54.40,32.64,0.00,8.00,18.4,54.40,32.64,0.00,6.11,18.8,222.00,122.10,0.00,7.41,19.8,309.00,169.95,0.80,0.00
17/04/2024,15h30,8.14,19.5,54.50,32.70,0.23,8.06,18.6,,,1.83,8.06,18.6,,,1.05,8.04,18.6,,,0.20,8.04,18.6,,,0.27,8.03,19.2,54.50,32.70,0.00,8.03,19.2,54.50,32.70,0.00,6.16,19.5,208.00,114.40,0.00,7.37,20.7,307.00,168.85,0.90,0.00
18/04/2024,8h00,8.13,18.6,54.50,32.70,0.81,8.12,18.4,,,1.40,18.12,18.4,,,0.90,8.10,17.9,,,0.00,8.10,17.9,,0.00,0.00,8.05,18.2,54.40,32.64,0.00,8.05,18.1,54.40,32.64,0.00,6.25,18,202.00,111.10,0.00,742.00,18.3,313.00,187.80,1.00,0.00
18/04/2024,10h30,8.10,18.9,54.50,32.70,0.21,8.08,17.9,,,0.94,8.08,17.9,,,1.21,8.06,17.7,,,0.00,8.06,17.8,,,0.00,8.03,18.1,54.40,32.64,0.00,8.05,18.1,54.40,32.64,0.00,6.34,18.6,222.00,122.10,0.00,7.27,19.1,309.00,169.95,,0.00
18/04/2024,15h30,8.08,21.1,54.50,32.70,0.50,8.05,18.9,,,1.23,8.05,18.7,,,1.26,8.03,18.6,,,0.00,8.03,18.5,,,0.00,7.97,18.6,54.50,32.70,0.00,7.99,18.8,54.50,32.70,0.00,6.15,19,223.00,122.65,0.00,7.28,18.8,299.00,164.45,0.90,0.00
19/04/2024,8h00,8.06,20.3,54.70,32.82,1.59,8.05,20.2,,,3.85,8.05,20.2,,,1.35,8.03,19.8,,,0.00,8.03,19.8,,,0.00,8.00,18.3,54.70,32.82,0.00,8.00,18.3,54.70,32.82,0.00,6.24,18.5,209.00,114.95,0.00,7.25,19.2,312.20,187.32,1.20,0.00
19/04/2024,10h30,8.10,20.6,54.70,32.82,1.33,8.09,20.7,,,3.90,8.09,20.7,,,5.94,8.05,19.7,,,0.20,8.05,19.7,,,0.29,8.03,18.1,54.70,32.82,0.01,8.03,19.3,54.70,32.82,0.02,6.36,18.6,209.00,114.95,0.00,7.24,20.1,298.00,163.90,,0.00
19/04/2024,15h30,8.12,19.8,54.70,32.82,1.53,8.10,19.6,,,2.60,8.10,16.9,,,2.65,8.08,18.7,,,0.05,8.08,18.7,,,0.02,8.07,18.6,54.70,32.82,0.00,8.07,18.2,54.70,32.82,0.00,6.1,18.6,194.80,107.14,0.00,7.16,19.2,315.00,173.25,1.20,0.00
20/04/2024,8h00,,,,,,,,,,,,,,,,,,,,,,,,,,,,,,,,,,,,,,,,,,,,,,
20/04/2024,10h30,,,,,,,,,,,,,,,,,,,,,,,,,,,,,,,,,,,,,,,,,,,,,,
20/04/2024,15h30,,,,,,,,,,,,,,,,,,,,,,,,,,,,,,,,,,,,,,,,,,,,,,
21/04/2024,8h00,8.19,19.2,54.60,32.76,0.92,8.12,19,,,3.92,8.18,19,,,2.02,8.10,18.6,,,0.00,8.10,18.6,,,0.00,8.05,18.3,54.60,32.76,0.00,8.05,18.3,54.60,32.76,0.00,6.15,18.4,203.00,111.65,0.00,7.24,18.8,300.00,180.00,,0.00
21/04/2024,10h30,8.15,19.8,,0.00,0.87,8.10,17.1,,,1.95,8.10,17.1,,,1.88,8.05,17.1,,,0.01,8.02,17.1,,,0.00,8.00,17.2,54.70,32.82,0.00,8.02,17.2,54.70,32.82,0.00,6.32,17.8,195.20,107.36,0.00,7.19,18.2,300.00,165.00,1.00,0.00
21/04/2024,15h30,8.04,19.3,54.70,32.82,1.15,8.03,17.7,,,1.32,8.03,17.7,,,1.45,8.02,17.9,,,0.00,8.02,17.9,,,0.00,8.00,17.4,54.70,32.82,0.00,8.00,17.5,54.70,32.82,0.00,6.12,17.8,199.20,109.56,0.00,7.29,18.3,295.00,162.25,0.80,0.00
22/04/2024,8h00,8.15,19.8,54.70,32.82,0.65,8.12,19.8,,,2.01,8.12,19.8,,,2.47,8.10,18.3,,,0.07,8.10,18.3,,,0.06,8.03,18,54.70,32.82,0.00,8.03,18.2,54.70,32.82,0.00,6.25,18.5,223.00,122.65,0.00,7.22,19.2,301.00,180.60,1.00,0.00
22/04/2024,10h30,8.10,18.2,54.70,32.82,0.41,8.08,17.2,,,1.70,8.08,17.3,,,2.05,8.06,17.4,,,0.00,8.06,17.3,,,0.00,8.03,17.7,54.70,32.82,0.00,8.03,17.7,54.70,32.82,0.00,6.3,18.3,209.00,114.95,0.00,7.26,18.5,295.00,162.25,,0.00
22/04/2024,15h30,8.16,19.3,54.80,32.88,0.38,8.12,18.3,,,2.20,8.03,17.6,,,2.38,8.03,17.6,,,0.00,8.03,17.6,,,0.00,7.99,17.3,54.80,32.88,0.00,7.99,17.3,54.80,32.88,0.00,6.34,17.8,190.30,104.67,0.00,7.30,18.3,297.00,163.35,,0.00
23/04/2024,8h00,8.09,19,54.30,32.58,0.66,8.06,17.2,,,2.59,8.05,17.9,,,1.44,8.03,17,,,0.25,8.05,17.9,,,0.23,8.00,18,54.30,32.58,0.18,8.00,18,54.30,32.58,0.21,6.37,18.2,229.00,125.95,0.00,7.46,18.7,312.00,187.20,1.10,0.00
23/04/2024,10h30,8.11,18.1,54.50,32.70,0.71,8.09,17,,,2.37,8.09,17,,,2.37,8.10,17.2,,,0.33,8.10,17.2,,,0.26,8.09,17.1,54.70,32.82,0.29,8.09,17.1,54.70,32.82,0.00,6.31,17.9,221.00,121.55,0.00,7.41,18.5,296.00,162.80,0.80,0.00
23/04/2024,15h30,8.08,19,54.40,32.64,0.23,8.07,19,,,2.20,8.07,19,,,2.38,8.05,17.5,,,0.00,8.05,17.5,,,0.00,8.02,17.3,54.50,32.70,0.00,8.02,17.3,54.50,32.70,0.00,6.32,18.3,222.00,122.10,0.00,7.32,19.6,301.00,165.55,,0.00
24/04/2024,8h00,8.05,17.8,54.80,32.88,0.59,8.03,17.9,,,2.10,8.03,17.9,,,1.15,8.00,17.3,,,0.00,8.00,17.3,,,0.00,7.96,17.2,54.70,32.82,0.00,7.96,17.2,54.70,32.82,0.00,6.17,18.1,203.00,111.65,0.00,7.10,18.3,307.00,184.20,1.10,0.00
24/04/2024,10h30,8.11,18.4,54.60,32.76,0.27,8.08,17.2,,,2.03,8.08,17.1,,,1.20,8.06,17.2,,,0.00,8.06,17.2,,,0.00,,,,,,8.02,17.6,54.60,32.76,0.00,6.59,18.1,202.00,111.10,0.00,7.44,18.2,326.00,179.30,,0.15
24/04/2024,15h30,8.09,18.9,54.16,32.50,0.81,8.08,17.1,,,1.06,8.08,17.1,,,2.03,8.05,,,,0.00,8.05,,,,0.00,,,,,,8.02,17.3,54.60,32.76,0.02,6.41,17.8,208.00,114.40,0.04,7.73,18.9,308.00,169.40,,0.00
25/01/2024,8h00,8.09,18.6,54.60,32.76,0.29,8.08,17.8,,,0.79,8.08,17.8,,,1.05,8.07,17.9,,,0.00,8.07,17.9,,,0.00,8.06,18.2,54.60,32.76,0.00,8.06,18.2,54.60,32.76,0.00,6.35,18.6,202.00,111.10,0.00,7.86,18.5,320.00,192.00,,0.06
27/04/2024,8h00,8.12,19.3,54.60,32.76,0.16,8.10,17.8,,,1.02,8.10,17.8,,,0.70,8.10,17.9,,,0.13,8.10,17.9,,,0.00,80.90,18.2,54.70,32.82,0.00,8.09,18.2,54.70,32.82,0.00,6.46,18.6,216.00,118.80,0.00,7.89,19.6,327.00,196.20,,0.46
27/04/2024,10h30,,,,,,,,,,,,,,,,,,,,,,,,,,,,,,,,,,,,,,,,,8.02,19.7,334.00,183.70,1.00,0.14
27/04/2024,15h30,,,,,,,,,,,,,,,,,,,,,,,,,,,,,,,,,,,,,,,,,8.10,20.7,375.00,206.25,1.00,0.00
28/04/2024,8h00,8.13,19,54.50,32.70,0.28,8.10,18.4,,,0.63,8.10,18.2,,,0.66,8.07,18,,,0.00,8.07,17.9,,,0.00,8.04,18.9,54.50,32.70,0.00,8.04,18.7,54.50,32.70,0.00,6.26,19,234.00,128.70,0.00,7.88,19.1,349.00,191.95,,0.01
28/04/2024,10h30,8.07,20.5,54.60,32.76,0.70,8.05,18.6,,,0.75,8.06,18.7,,,0.78,,,,,,,,,,,8.02,18.3,54.50,32.70,0.00,8.02,18.3,54.50,32.70,0.00,6.47,18.8,222.00,122.10,0.00,7.83,19.8,408.00,224.40,,0.00
28/04/2024,15h30,,,,,,,,,,,,,,,,,,,,,,,,,,,,,,,,,,,,,,,,,,,,,,
29/04/2024,8h00,8.10,19.5,54.60,35.49,0.26,8.06,18.3,,,0.54,8.08,18.4,,,0.54,8.04,18.2,,,0.06,8.04,18.1,,,0.03,8.01,18.1,54.60,35.49,0.02,8.01,18.1,54.60,35.49,0.02,6.31,18.8,216.00,118.80,0.01,8.50,19.8,391.00,234.60,,0.00
29/04/2024,10h30,,,,,,,,,,,,,,,,,,,,,,,,,,,,,,,,,,,,,,,,,,,,,,
29/04/2024,15h30,8.10,19,54.50,35.43,0.16,8.08,18,,,1.47,8.08,18.01,,,0.89,8.05,18.02,,,0.00,8.00,18.2,,,0.00,8.00,18.5,54.60,35.49,0.00,8.00,18.4,54.60,35.49,0.00,6.2,18.8,234.00,128.70,0.00,7.93,19.5,333.00,183.15,1.00,0.01
30/04/2024,8h00,8.06,18.3,54.50,35.43,0.67,8.05,18.2,,,1.07,8.05,18.2,,,1.10,8.03,18,,,0.00,8.03,18,,,0.00,8.00,17.9,54.40,35.36,0.00,8.00,17.5,54.40,35.36,0.00,6.35,18.7,219.00,120.45,0.00,7.96,18.8,356.00,213.60,,0.00
30/04/2024,10h30,,,,,,,,,,,,,,,,,,,,,,,,,,,,,,,,,,,,,,,,,8.07,19.1,371.00,222.60,1.00,0.01
30/04/2024,15h30,8.20,18.9,54.70,35.56,0.23,8.18,19.3,,,0.83,8.18,19.3,,,0.85,8.12,19.2,,,0.00,8.12,19.2,,,0.00,8.15,18.4,54.60,35.49,0.00,8.16,18.1,54.60,35.49,0.00,6.4,18.3,245.00,134.75,0.00,8.62,18.8,358.00,196.90,0.80,0.16
31/04/2024,8h00,,,,,,,,,,,,,,,,,,,,,,,,,,,,,,,,,,,,,,,,,,,,,,
31/04/2024,10h30,,,,,,,,,,,,,,,,,,,,,,,,,,,,,,,,,,,,,,,,,,,,,,
31/04/2024,15h30,,,,,,,,,,,,,,,,,,,,,,,,,,,,,,,,,,,,,,,,,,,,,,
1/5/2024,8h00,8.19,18.3,54.70,35.56,0.33,8.18,18.7,,,0.85,8.18,18.7,,,0.86,8.12,18.3,,,0.00,8.12,18.3,,,0.00,8.15,19.7,54.50,35.43,0.00,8.15,19.7,54.50,35.43,0.00,6.37,18.4,229.00,125.95,0.00,8.49,19,358.00,196.90,1.00,0.00
1/5/2024,10h30,,,,,,,,,,,,,,,,,,,,,,,,,,,,,,,,,,,,,,,,,8.42,18.9,339.00,186.45,1.00,0.39
1/5/2024,15h30,8.17,19.2,54.50,35.43,0.47,8.16,19,,,0.85,8.16,19,,,0.86,8.12,18.2,,,0.00,8.12,18.2,,,0.00,8.13,18.8,54.40,35.36,0.00,8.13,18.8,54.40,30.09,0.00,6.44,18.8,268.50,125.95,0.00,8.33,19.7,356.00,,1.00,0.39
2/5/2024,8h00,8.12,17.9,54.80,35.62,0.60,8.11,17.7,,,0.82,8.12,17.7,,,0.93,8.10,17.6,,,0.00,8.10,17.6,,,0.00,8.07,17.6,54.70,35.56,0.00,8.07,17.6,54.70,35.56,0.00,6.35,18.7,229.00,125.95,0.00,8.38,18.8,351.50,193.33,0.80,0.18
2/5/2024,10h30,,,,,,,,,,,,,,,,,,,,,,,,,,,,,,,,,,,,,,,,,8.36,18.9,350.10,192.56,1.00,0.54
2/5/2024,15h30,8.13,18.5,54.70,35.56,0.77,8.12,18.5,,,0.63,8.12,18.3,,,0.67,8.12,18.3,,,0.00,8.12,18.3,,,0.00,8.11,18.3,54.50,35.43,0.00,8.11,18,54.50,30.09,0.00,6.29,18.6,217.00,125.95,0.00,8.18,18.6,353.10,,1.00,0.22
3/5/2024,8h00,8.11,18,54.80,35.62,0.65,8.10,17.7,,,0.82,8.10,17.7,,,0.93,8.09,17.6,,,0.00,8.09,17.6,,,0.00,8.07,17.6,54.70,35.56,0.00,8.07,17.6,54.70,35.56,0.00,6.35,18.7,229.00,125.95,0.00,8.38,18.8,351.50,193.33,0.80,0.18
3/5/2024,10h30,,,,,,,,,,,,,,,,,,,,,,,,,,,,,,,,,,,,,,,,,8.36,19.2,354.00,194.70,1.00,0.05
3/5/2024,15h30,8.13,18.5,54.70,35.56,0.88,8.12,18.5,,,0.77,8.12,18.3,,,0.72,8.12,18.3,,,0.00,8.12,18.3,,,0.00,8.11,18.3,54.50,35.43,0.00,8.11,18,54.50,30.25,0.00,6.29,18.6,217.00,129.25,0.00,8.31,19,353.10,,1.00,0.19
4/5/2024,8h00,8.13,19.6,55.10,35.82,0.34,8.12,19.3,,,0.82,8.12,19.3,,,0.85,8.10,18.2,,,0.00,8.12,18.2,,,0.00,8.09,18.6,55.00,35.75,0.00,8.09,18.6,55.00,35.75,0.00,6.37,18.7,235.00,129.25,0.00,8.22,19.2,351.70,193.44,1.00,0.19
4/5/2024,10h30,,,,,,,,,,,,,,,,,,,,,,,,,,,,,,,,,,,,,,,,,8.33,19.2,351.60,193.38,0.80,0.24
4/5/2024,15h30,8.13,19.8,54.30,35.30,0.11,8.12,19.6,,,1.13,8.12,19.6,,,1.00,8.10,19.7,,,0.00,8.10,19.7,,,0.00,8.08,19,54.30,35.30,0.00,8.08,19,54.30,30.03,0.00,6.37,18.7,239.00,152.90,0.00,8.29,20.3,362.70,,1.00,0.21
5/5/2024,8h00,8.10,19.5,54.60,35.49,0.12,8.07,18.3,,,1.01,8.07,18.2,,,0.65,8.03,18.4,,,0.04,8.04,18.3,,,0.06,8.00,18.7,54.60,35.49,0.02,8.00,18.7,54.60,35.49,0.02,6.37,19,278.00,152.90,0.01,8.17,19.5,574.00,315.70,0.80,0.17
5/5/2024,10h30,,,,,,,,,,,,,,,,,,,,,,,,,,,,,,,,,,,,,,,,,8.22,20.5,461.00,253.55,0.80,0.15
5/5/2024,15h30,8.12,19.2,54.40,35.36,0.15,8.08,18.9,,,0.38,8.08,18.9,,,0.28,8.05,18.3,,,0.00,8.05,18.3,,,0.00,8.00,19.1,,0.00,0.00,8.00,19.1,,29.98,0.00,6.32,19.4,229.00,126.50,0.00,8.21,19.9,362.00,,0.70,0.00
6/5/2024,8h00,8.08,20.4,54.50,35.43,0.15,8.06,19.4,,,0.84,8.06,19.4,,,0.62,8.05,18.5,,,0.00,8.05,18.5,,,0.00,8.04,19.1,54.50,35.43,0.00,8.04,19.1,54.50,35.43,0.00,6.35,19.2,230.00,126.50,0.00,8.24,19.6,351.00,193.05,0.80,0.00
6/5/2024,10h30,,,,,,,,,,,,,,,,,,,,,,,,,,,,,,,,,,,,,,,,,8.30,20.7,355.50,195.53,1.00,0.01
6/5/2024,15h30,8.13,20.5,54.50,35.43,0.12,8.12,20,,,0.68,8.12,20,,,0.63,8.05,19.3,,,0.00,8.05,19.3,,,0.00,8.00,19.2,54.40,35.36,0.00,8.00,19.2,54.40,29.98,0.00,6.2,19.6,210.00,132.00,0.00,8.19,20,354.00,,0.80,0.00
7/5/2024,8h00,8.10,20.6,54.50,35.43,0.17,8.06,19.9,,,0.78,8.07,19.9,,,0.56,8.04,19.6,,,0.00,8.04,19.6,,,0.00,8.00,19.3,54.50,35.43,0.00,8.00,19.3,54.50,35.43,0.00,6.31,19.6,240.00,132.00,0.00,8.25,19.8,361.40,198.77,0.80,0.00
7/5/2024,10h30,,,,,,,,,,,,,,,,,,,,,,,,,,,,,,,,,,,,,,,,,8.20,20.7,358.50,197.18,1.00,0.00
7/5/2024,15h30,8.14,21.4,54.60,35.49,0.33,8.12,21.2,,,0.68,8.12,21.2,,,0.72,8.05,20.8,,,0.00,8.05,20.8,,,0.00,7.99,19.4,54.50,35.43,0.00,7.99,19.4,54.50,29.98,0.00,6.4,19.8,289.00,131.45,0.00,8.33,20.5,368.00,,1.00,0.00
8/5/2024,8h00,8.11,19.8,54.50,35.43,0.13,8.10,19.7,,,1.07,8.10,19.7,,,1.05,8.07,19.3,,,0.00,8.07,19.3,,,0.00,8.05,19,54.50,35.43,0.00,8.05,19,54.50,35.43,0.00,6.32,18.5,239.00,131.45,0.00,8.27,19.2,347.80,191.29,0.80,0.00
8/5/2024,10h30,,,,,,,,,,,,,,,,,,,,,,,,,,,,,,,,,,,,,,,,,8.25,20.7,364.40,200.42,1.00,0.00
8/5/2024,15h30,8.19,20.6,54.60,35.49,0.17,8.12,20.3,,,0.65,8.12,20.3,,,0.67,8.03,20.1,,,0.00,8.03,20.1,,,0.00,8.01,19,54.50,35.43,0.00,8.01,19,54.50,29.87,0.00,6.33,19.3,242.00,131.45,0.00,8.33,19.9,367.50,,1.00,0.00
9/5/2024,8h00,8.13,19.8,54.30,35.30,0.23,8.12,19.6,,,0.75,8.12,19.6,,,0.77,8.10,18.6,,,0.00,8.10,18.6,,,0.00,8.05,18.2,54.30,35.30,0.00,8.05,18.2,54.30,35.30,0.00,6.23,18.4,239.00,131.45,0.00,8.23,19.1,377.60,207.68,0.80,0.00
9/5/2024,10h30,,,,,,,,,,,,,,,,,,,,,,,,,,,,,,,,,,,,,,,,,8.21,20.8,365.60,201.08,1.00,0.00
9/5/2024,15h30,8.08,21.6,54.50,35.43,0.26,8.05,21.3,,,0.77,8.05,21.3,,,0.75,8.02,19.8,,,0.00,8.02,19.8,,,0.00,8.00,19.3,54.50,35.43,0.00,8.00,19.3,54.50,30.09,0.00,6.5,19.6,250.00,128.15,0.00,8.15,20,367.50,,1.00,0.00
10/5/2024,8h00,8.12,20.5,54.80,35.62,0.14,8.11,20.11,,,0.58,8.11,20.04,,,0.44,8.09,19.8,,,0.00,8.09,19.8,,,0.00,8.05,19.7,54.70,35.56,0.00,8.05,19.5,54.70,35.56,0.00,6.52,19.6,233.00,128.15,0.00,8.22,20.1,371.60,204.38,0.90,0.00
10/5/2024,10h30,,,,,,,,,,,,,,,,,,,,,,,,,,,,,,,,,,,,,,,,,8.30,20.8,371.50,204.33,0.90,0.00
10/5/2024,15h30,8.12,21.3,54.40,35.36,0.25,8.10,21,,,0.63,8.10,21,,,0.66,8.07,19.7,,,0.00,8.07,19.7,,,0.00,8.06,19.6,54.40,35.36,0.00,8.06,19.6,54.40,29.87,0.00,6.54,19.7,244.00,128.15,0.00,8.32,20.4,388.40,,0.90,0.00
11/5/2024,8h00,8.11,19.6,54.30,35.30,0.33,8.10,19.7,,,0.66,8.10,19.7,,,0.67,8.08,19.7,,,0.00,8.08,19.7,,,0.00,8.05,19.3,54.30,35.30,0.00,8.05,19.3,54.30,35.30,0.00,6.52,19.3,233.00,128.15,0.00,8.13,19.3,361.70,198.94,0.80,0.00
11/5/2024,10h30,,,,,,,,,,,,,,,,,,,,,,,,,,,,,,,,,,,,,,,,,8.14,19,395.30,217.42,1.00,0.00
11/5/2024,15h30,8.10,20.8,54.40,35.36,0.38,8.09,20.7,,,1.05,8.09,20.7,,,1.09,8.05,19.7,,,0.00,8.05,19.5,,,0.00,8.04,18.8,54.40,35.36,0.00,8.04,18.8,54.40,29.87,0.00,6.51,19.2,284.00,118.64,0.00,8.45,20,362.80,,1.00,0.00
12/5/2024,8h00,8.13,19.3,54.40,35.36,0.35,8.12,19.2,,,0.78,8.12,19.2,,,0.82,8.10,18.7,,,0.00,8.10,18.7,,,0.00,8.05,18.6,54.30,35.30,0.00,8.05,18.6,54.30,35.30,0.00,6.72,18.7,215.70,118.64,0.00,8.13,18.8,342.50,188.38,0.90,0.00
12/5/2024,10h30,,,,,,,,,,,,,,,,,,,,,,,,,,,,,,,,,,,,,,,,,8.16,19.5,334.35,183.89,1.00,0.00
12/5/2024,15h30,8.17,22.4,54.40,35.36,0.20,8.14,20.1,,,1.13,8.14,20.1,,,1.09,8.12,19.7,,,0.00,8.12,19.7,,,0.00,8.13,18.6,54.20,35.23,0.00,8.13,18.6,54.20,29.87,0.00,6.6,18.8,223.00,122.65,0.00,8.15,19.1,349.00,,1.00,0.00
13/05/2024,8h00,8.13,18.9,54.30,35.30,0.35,8.12,18.8,,,0.63,8.12,18.8,,,0.72,8.10,18.7,,,0.00,8.10,18.7,,,0.00,8.05,17.9,54.30,35.30,0.00,8.07,17.9,54.30,35.30,0.00,6.53,18.3,223.00,122.65,0.00,8.25,18.8,337.90,185.85,0.90,0.00
13/05/2024,10h30,8.15,19,53.90,35.04,0.44,8.13,18.3,,,0.26,8.12,18.3,,,0.24,8.09,18.2,,,0.00,8.09,18.2,,,0.00,8.05,18.3,53.90,35.04,0.00,8.05,18.4,53.90,35.04,0.00,6.47,18.8,209.00,114.95,0.00,8.23,18.8,335.50,184.53,0.90,0.00
13/05/2024,15h30,8.16,21.3,53.90,35.04,0.23,8.12,21,,,0.44,8.12,21,,,0.46,8.09,19.3,,,0.00,8.09,19.2,,,0.00,8.06,18.6,53.90,35.04,0.00,8.06,18.6,53.90,29.70,0.00,6.49,18.9,219.00,117.15,0.00,8.18,19.3,345.90,,0.90,0.00
14/05/2024,8h00,8.10,20.7,54.10,35.17,0.16,8.08,19.1,,,0.15,8.09,18.6,,,0.35,8.10,18.5,,,0.00,8.15,18.5,,,0.00,8.10,18.9,54.00,35.10,0.00,8.10,18.9,54.00,35.10,0.00,6.61,19.5,213.00,117.15,0.00,8.47,19.6,351.40,193.27,0.90,0.00
14/05/2024,10h30,8.12,19.6,54.00,35.10,0.10,8.10,18.8,,,0.17,8.10,18.9,,,0.19,8.08,18.8,,,0.00,8.08,18.9,,,0.00,8.05,18.7,53.80,34.97,0.00,8.06,18.7,53.80,34.97,0.00,6.38,19.4,215.00,118.25,0.00,8.18,19.6,361.00,198.55,1.00,0.00
14/05/2024,15h30,8.13,20.3,54.10,35.17,0.12,8.12,20.2,,,0.17,8.12,20.2,,,0.23,8.10,20,,,0.00,8.10,20,,,0.00,8.03,18.9,54.00,35.10,0.00,8.03,19,53.90,29.65,0.00,6.37,19.6,236.00,117.15,0.00,8.15,20.1,355.10,,,0.00
15/05/2024,8h00,8.14,19.8,53.90,35.04,0.36,8.12,19.4,,,0.32,8.12,19.4,,,0.29,8.10,19.2,,,0.00,8.10,19.2,,,0.00,8.05,18.6,53.90,35.04,0.00,8.05,18.6,53.90,35.04,0.00,6.59,19.5,213.00,117.15,0.00,8.32,20.3,375.00,206.25,0.60,0.00
15/05/2024,10h30,,,,,,,,,,,,,,,,,,,,,,,,,,,,,,,,,,,,,,,,,,,,,,
15/05/2024,15h30,,,,,,,,,,,,,,,,,,,,,,,,,,,,,,,,,,,,,,,,,,,,,,
16/05/2024,8h00,8.14,20.9,53.80,34.97,0.10,8.11,19.7,,,0.23,8.11,19.7,,,0.15,8.09,19.6,,,0.00,8.09,19.6,,,0.00,8.07,19.7,53.80,34.97,0.00,8.07,19.7,53.80,34.97,0.00,6.4,20.1,258.00,141.90,0.00,8.11,20.7,391.30,215.22,0.90,0.00
16/05/2024,10h30,8.14,20.8,54.00,35.10,0.01,8.12,20.1,,,0.01,8.12,20.1,,,0.01,8.10,19.6,,,0.00,8.09,19.6,,,0.00,8.06,20,,0.00,0.00,8.05,20,,0.00,0.00,6.42,20.2,257.00,141.35,0.00,8.11,20.6,396.70,218.19,1.00,0.00
16/05/2024,15h30,8.10,21.2,54.00,35.10,0.01,8.07,19.9,,,0.30,8.07,19.9,,,0.30,8.06,20,,,0.00,8.06,20,,,0.00,8.03,20.1,53.60,34.84,0.00,8.03,20.1,53.60,0.00,0.00,6.44,20.3,272.00,0.00,0.00,8.15,20.6,393.40,,0.90,0.00
17/05/2024,8h00,,,,,,,,,,,,,,,,,,,,,,,,,,,,,,,,,,,,,,,,,,,,,,
17/05/2024,10h30,,,,,,,,,,,,,,,,,,,,,,,,,,,,,,,,,,,,,,,,,,,,,,
17/05/2024,15h30,,,,,,,,,,,,,,,,,,,,,,,,,,,,,,,,,,,,,,,,,,,,,,
18/05/2024,8h00,8.14,20.1,54.00,35.10,0.10,8.12,21.1,,,0.34,8.12,21.1,,,0.42,8.08,19.6,,,0.00,8.09,19.6,,,0.00,8.09,20,53.90,35.04,0.00,8.02,20,53.90,35.04,0.00,6.37,20.2,274.50,150.98,0.00,8.20,20.6,409.90,225.45,0.00,0.00
18/05/2024,10h30,8.13,22.3,54.40,35.36,0.01,8.11,22,,,0.01,8.11,22,,,0.01,8.09,21.3,,,0.00,8.09,21.3,,,0.00,8.06,21,54.30,35.30,0.00,8.06,21,54.30,35.30,0.00,6.37,20.2,257.00,141.35,0.00,8.15,20.5,405.20,222.86,0.00,0.00
18/05/2024,15h30,8.15,22.1,54.10,35.17,0.01,8.13,22,,,0.36,8.13,22,,,0.38,8.10,21.3,,,0.00,8.10,21.3,,,0.00,8.08,21,54.00,35.10,0.00,8.08,21,54.00,29.65,0.00,6.45,20.8,244.00,152.08,0.00,8.31,21.3,405.80,,1.40,0.00
19/05/2024,8h00,8.16,22.3,53.90,35.04,0.09,8.13,21,,,0.14,8.13,21,,,0.16,8.10,20.4,,,0.00,8.10,20.4,,,0.00,8.09,19.3,53.90,35.04,0.00,8.09,19.3,53.90,35.04,0.00,6.39,20.5,276.50,152.08,0.00,8.05,20.7,386.00,212.30,1.00,0.00
19/05/2024,10h30,8.13,21,,,0.14,8.09,20.3,,,0.01,8.09,20.2,,,0.01,8.06,20.1,,,0.00,8.06,20.1,,,0.00,8.02,20.9,53.80,34.97,0.00,8.02,20.9,53.80,34.97,0.00,6.24,20.9,259.00,142.45,0.00,8.01,20.7,389.90,214.45,0.90,0.00
19/05/2024,15h30,8.12,22.4,53.80,34.97,0.07,8.10,22.3,,,0.44,8.10,22.3,,,0.42,8.09,22,,,0.00,8.08,22,,,0.00,8.05,20.3,53.80,34.97,0.00,8.05,20.3,53.80,29.65,0.00,6.33,20.7,257.00,145.59,0.00,8.15,21.4,390.70,,1.00,0.00
20/05/2024,8h00,8.13,20.6,53.90,35.04,0.02,8.12,19.7,,,0.16,8.12,19.7,,,0.18,8.12,19.7,,,0.00,8.13,19.7,,,0.00,8.12,19.6,53.90,35.04,0.00,8.14,19.7,53.90,35.04,0.00,6.53,20.6,264.70,145.59,0.00,8.30,20.7,414.50,227.98,1.10,0.00
20/05/2024,10h30,,,,,,,,,,,,,,,,,,,,,,,,,,,,,,,,,,,,,,,,,8.25,20.7,396.10,217.86,1.00,0.00
20/05/2024,15h30,8.15,20.8,54.20,35.23,0.07,8.14,20.4,,,0.38,8.14,20.4,,,0.45,8.12,20,,,0.00,8.12,20,,,0.00,8.03,20.3,53.90,35.04,0.00,8.03,20.5,53.90,29.76,0.00,6.63,20.5,269.00,150.87,0.00,8.21,21.2,400.30,,1.00,0.00
21/05/2024,8h00,8.16,21.3,54.20,37.94,0.04,8.15,21,,,0.36,8.15,21,,,0.42,8.10,20.6,,,0.00,8.10,20.6,,,0.00,8.06,20.5,54.10,37.87,0.00,8.06,20.5,54.10,37.87,0.00,6.64,20.6,274.30,150.87,0.00,8.25,21,405.60,223.08,1.10,0.00
21/05/2024,10h30,,,,,,,,,,,,,,,,,,,,,,,,,,,,,,,,,,,,,,,,,8.26,20.6,381.80,209.99,1.00,0.00
21/05/2024,15h30,8.14,20.4,54.10,37.87,0.00,8.12,20.3,,,0.32,8.12,20.3,,,0.46,8.10,20.2,,,0.00,8.08,20.2,,,0.00,8.02,20.2,53.90,37.73,0.00,8.01,20.1,53.90,29.65,0.00,6.41,20.5,314.00,135.85,0.00,8.29,20.9,393.40,,1.00,0.00
22/05/2024,8h00,8.12,21.2,53.90,37.73,0.01,8.10,20.9,,,0.01,8.10,20.9,,,0.01,8.08,,,,0.00,8.08,,,,0.00,8.07,20,53.90,37.73,0.00,8.07,20.1,53.90,37.73,0.00,6.43,20.3,247.00,135.85,0.00,8.24,21,393.30,216.32,1.00,0.00
22/05/2024,10h30,8.10,20.9,53.90,37.73,0.01,8.08,19.9,,,0.01,8.08,19.8,,,0.01,8.06,19.8,,,0.00,8.06,19.8,,,0.00,8.04,20.7,53.80,37.66,0.00,8.02,20.7,53.80,37.66,0.00,6.4,21.2,239.00,131.45,0.00,8.22,21.2,392.10,215.66,1.00,0.00
22/05/2024,15h30,8.12,22.1,53.90,37.73,0.35,8.08,22,,,0.37,8.08,20.7,,,0.42,8.05,20.7,,,0.00,8.05,20.6,,,0.00,8.04,20.2,53.80,37.66,0.00,8.04,20.1,53.80,29.32,0.00,6.32,20.7,262.00,130.35,0.00,8.23,21,392.30,,,0.00
23/05/2024,8h00,8.14,21.4,53.40,37.38,0.43,8.12,21,,,1.14,8.12,20.9,,,1.25,8.10,21.3,,,0.00,8.10,21.3,,,0.00,8.05,21.4,53.30,37.31,0.00,8.06,21.4,53.30,37.31,0.00,6.35,21.3,237.00,130.35,0.00,8.37,21.4,438.20,241.01,1.10,0.00
23/05/2024,10h30,8.10,21.5,53.70,37.59,0.03,8.09,20.2,,,0.41,8.09,20.2,,,0.33,8.07,20.2,,,0.00,8.06,20.2,,,0.00,8.04,20.4,53.70,37.59,0.00,8.04,20.5,53.70,37.59,0.00,6.36,21,261.00,182.70,0.00,8.29,21.3,390.80,214.94,,0.00
23/05/2024,15h30,8.10,21.3,538.00,376.60,0.25,8.06,21,,,0.98,8.07,20.5,,,0.10,8.06,20.5,,,0.00,8.06,20.5,,,0.00,8.04,20.3,53.70,37.59,0.00,8.04,20.2,53.70,0.00,0.00,6.5,20.7,258.00,0.00,0.00,8.29,21.3,394.90,,,0.00
24/05/2024,8h00,,,,,,,,,,,,,,,,,,,,,,,,,,,,,,,,,,,,,,,,,,,,,,
24/05/2024,10h30,,,,,,,,,,,,,,,,,,,,,,,,,,,,,,,,,,,,,,,,,,,,,,
24/05/2024,15h30,,,,,,,,,,,,,,,,,,,,,,,,,,,,,,,,,,,,,,,,,,,,,,
25/05/2024,8h00,8.14,21.6,53.70,37.59,0.00,8.12,21,,,0.18,8.12,21.1,,,0.35,8.10,20.7,,,0.00,8.10,20.7,,,0.00,8.08,20.9,53.70,37.59,0.00,8.08,21,53.70,37.59,0.00,6.31,21.1,251.00,138.05,0.00,8.30,22.7,391.00,215.05,1.10,0.00
25/05/2024,10h30,,,,,,,,,,,,,,,,,,,,,,,,,,,,,,,,,,,,,,,,,8.24,21.4,393.90,216.65,1.00,0.00
25/05/2024,15h30,8.10,23.8,53.70,37.59,0.01,8.06,20.8,,,0.14,8.06,20.8,,,0.20,8.03,20.5,,,0.00,8.04,20.7,,,0.00,8.01,20.6,53.70,37.59,0.00,8.01,20.7,53.70,29.70,0.00,6.68,21.3,245.00,172.15,0.00,8.29,21.6,398.80,,1.00,0.00
26/05/2024,8h00,8.13,21.4,54.10,37.87,0.66,8.12,21.3,,,0.17,8.11,21.2,,,0.29,8.10,21.1,,,0.03,8.10,21.1,,,0.02,8.03,21,54.00,37.80,0.00,8.03,21,54.00,37.80,0.00,6.33,20.8,313.00,172.15,0.00,8.22,21.4,395.30,217.42,1.00,0.00
26/05/2024,10h30,8.11,22.4,53.80,37.66,0.55,8.10,20.2,,,0.64,8.10,20.2,,,0.61,8.08,20.2,,,0.00,8.08,20.4,,,0.00,8.05,20.3,53.60,37.52,0.00,8.05,20.5,53.60,37.52,0.00,6.47,20.9,304.00,167.20,0.00,8.20,21.4,392.30,215.77,1.00,0.00
26/05/2024,15h30,8.14,23.2,53.90,37.73,0.67,8.12,22.2,,,0.33,8.12,22.1,,,0.28,8.10,22,,,0.00,8.09,22,,,0.00,8.04,20.3,53.70,37.59,0.00,8.04,20.3,53.70,29.59,0.00,6.33,20.8,252.00,168.85,0.00,8.26,21.7,390.50,,1.00,0.00
27/05/2024,8h00,8.14,22.3,53.90,37.73,0.72,8.12,22,,,0.51,8.12,21.9,,,0.53,8.10,23,,,0.00,8.10,23,,,0.00,8.09,21,53.80,37.66,0.00,8.09,21,53.80,37.66,0.00,6.33,21.2,307.00,168.85,0.00,8.23,23.2,405.30,222.92,1.00,0.00
27/05/2024,10h30,8.12,21.4,54.00,37.80,0.18,8.10,20.2,,,0.39,8.10,20.1,,,0.21,8.07,20.1,,,0.00,8.07,20.1,,,0.00,8.05,20.2,53.80,37.66,0.00,8.05,20.2,53.80,37.66,0.00,6.25,20.7,257.00,141.35,0.00,8.25,21.3,398.00,218.90,1.00,0.00
27/05/2024,15h30,8.14,22.2,54.00,37.80,0.28,8.12,22.7,,,0.16,8.12,22.1,,,0.18,8.10,21,,,0.00,8.10,21,,,0.00,8.05,20.8,53.80,37.66,0.00,8.05,20.8,53.80,29.59,0.00,6.39,21,272.00,160.93,0.00,8.21,21.3,390.10,,1.00,0.00
28/05/2024,8h00,8.12,22.3,53.80,37.66,0.68,8.11,22.1,,,0.12,8.11,22,,,0.11,8.09,21.7,,,0.00,8.09,21.8,,,0.00,8.08,21.9,53.80,37.66,0.00,8.08,21.8,53.80,37.66,0.00,6.58,21.6,292.60,160.93,0.00,8.27,22.3,426.30,234.47,1.10,0.00
28/05/2024,10h30,8.13,21.9,53.70,37.59,0.41,8.10,21.4,,,0.12,8.10,21.4,,,0.11,8.08,21.3,,,0.00,8.07,21.3,,,0.00,8.06,21.5,53.60,37.52,0.00,8.06,21.5,53.60,37.52,0.00,6.38,21.9,264.00,145.20,0.00,8.29,21.7,421.50,231.83,,0.00
28/05/2024,15h30,8.14,22.3,53.90,37.73,0.35,8.13,22.2,,,0.19,8.13,22.2,,,0.17,8.10,21.9,,,0.00,8.10,21.9,,,0.00,8.03,21.4,53.70,37.59,0.00,8.03,21.4,53.70,29.70,0.00,6.45,21.4,331.00,166.10,0.00,8.23,21.8,413.20,,1.00,0.00
29/05/2024,8h00,8.14,21.4,54.00,37.80,0.30,8.12,21.3,,,0.91,8.12,21.3,,,0.88,8.09,21.1,,,0.00,8.10,21,,,0.00,8.08,21,54.00,37.80,0.00,8.08,20.9,54.00,37.80,0.00,6.35,20.8,302.00,166.10,0.00,8.29,21.2,411.00,226.05,1.10,0.00
29/05/2024,10h30,8.11,21.7,53.90,37.73,0.07,8.10,19.4,,,0.72,8.10,19.1,,,0.43,8.08,19.1,,,0.00,8.08,19.1,,,0.00,8.04,19.1,53.80,37.66,0.00,8.05,19.1,53.80,37.66,0.00,6.31,19.8,251.00,138.05,0.00,8.40,21.2,404.90,222.70,1.00,0.00
29/05/2024,15h30,8.12,22,53.80,37.66,0.11,8.12,22.6,,,0.86,8.12,22.6,,,0.75,8.10,22.3,,,0.00,8.10,22.3,,,0.00,8.03,20,53.40,37.38,0.00,8.04,20,53.40,29.76,0.00,6.45,20.5,249.00,121.83,0.00,8.39,21,386.90,,0.80,0.00
30/05/2024,8h00,8.14,22.3,54.20,37.94,0.65,8.12,22.1,,,0.78,8.11,22.1,,,0.62,8.10,22,,,0.00,8.10,21.4,,,0.00,8.05,21.8,54.10,37.87,0.00,8.05,21.8,54.10,37.87,0.00,6.55,20.5,221.50,121.83,0.00,8.38,21.9,396.70,218.19,1.10,0.00
30/05/2024,10h30,8.10,21.7,53.70,37.59,0.48,8.08,19.4,,,0.23,8.08,19.4,,,0.20,8.07,19.4,,,0.00,8.07,19.4,,,0.00,8.06,19.4,53.40,37.38,0.00,8.06,19.4,53.40,37.38,0.00,6.53,19.9,242.00,133.10,0.00,8.45,21.8,384.10,211.26,,0.00
30/05/2024,15h30,8.11,22,53.60,37.52,0.03,8.08,21,,,0.46,8.07,21,,,0.39,8.05,21.2,,,0.00,8.05,21.3,,,0.00,8.03,19.6,53.60,37.52,0.00,8.03,19.6,53.60,,0.00,6.28,21.1,215.00,,0.00,8.45,20.6,389.70,,0.80,0.00
1/6/2024,8h00,8.13,20.40,53.90,37.73,0.70,8.12,20.30,,,0.92,8.12,20.30,,,1.19,8.09,20.10,,,0.00,8.09,19.90,,,0.00,8.05,19.80,53.80,37.66,0.00,8.05,19.80,53.80,37.66,0.00,6.33,18.90,229.00,125.95,0.00,8.26,20.10,212.40,116.82,0.80,0.00
1/6/2024,10h30,,,,,,,,,,,,,,,,,,,,,,,,,,,,,,,,,,,,,,,,,,,,,,
1/6/2024,15h30,,,,,,,,,,,,,,,,,,,,,,,,,,,,,,,,,,,,,,,,,,,,,,
2/6/2024,8h00,8.01,20.70,54.00,37.80,0.50,8.00,18.70,,,0.62,8.00,18.70,,,0.48,7.99,18.80,,,0.00,7.99,18.80,,,0.00,7.97,19.00,53.90,37.73,0.00,7.97,19.10,53.90,37.73,0.00,6.39,19.30,300.00,165.00,0.00,8.28,19.60,346.60,190.63,0.80,0.00
2/6/2024,10h30,,,,,,,,,,,,,,,,,,,,,,,,,,,,,,,,,,,,,,,,,,,,,,
2/6/2024,15h30,,,,,,,,,,,,,,,,,,,,,,,,,,,,,,,,,,,,,,,,,,,,,,
3/6/2024,8h00,8.07,20.30,54.00,37.80,0.13,8.06,20.20,,,0.26,8.06,20.20,,,0.32,7.96,19.60,,,0.00,7.96,19.60,,,0.00,7.92,19.80,53.90,37.73,0.00,7.92,19.80,53.90,37.73,0.00,6.36,20.10,327.00,179.85,0.00,8.28,19.90,357.70,196.74,,0.00
3/6/2024,10h30,,,,,,,,,,,,,,,,,,,,,,,,,,,,,,,,,,,,,,,,,,,,,,
3/6/2024,15h30,,,,,,,,,,,,,,,,,,,,,,,,,,,,,,,,,,,,,,,,,,,,,,
4/6/2024,8h00,8.00,21.40,,0.00,0.35,7.96,20.40,,,0.14,7.96,20.50,,,0.08,7.94,20.10,,,0.00,7.94,20.10,,,0.00,7.92,20.90,53.90,37.73,0.00,7.93,20.90,54.00,37.80,0.00,6.29,20.30,256.00,140.80,0.00,8.24,20.10,398.90,219.40,1.00,0.00
4/6/2024,10h30,,,,,,,,,,,,,,,,,,,,,,,,,,,,,,,,,,,,,,,,,,,,,,
4/6/2024,15h30,,,,,,,,,,,,,,,,,,,,,,,,,,,,,,,,,,,,,,,,,,,,,,
5/6/2024,8h00,8.05,21.90,54.20,37.94,0.01,8.03,19.40,,,0.12,8.03,19.30,,,0.12,8.01,19.40,,,0.00,8.01,19.40,,,0.00,7.98,19.60,54.10,37.87,0.00,7.98,19.60,54.10,37.87,0.00,6.30,20.10,244.00,134.20,0.00,8.31,20.60,371.70,204.44,1.00,0.00
5/6/2024,10h30,,,,,,,,,,,,,,,,,,,,,,,,,,,,,,,,,,,,,,,,,,,,,,
5/6/2024,15h30,,,,,,,,,,,,,,,,,,,,,,,,,,,,,,,,,,,,,,,,,,,,,,
6/6/2024,8h00,8.04,22.40,54.20,37.94,0.30,8.01,20.50,,,0.33,8.01,20.30,,,0.29,7.98,20.40,,,0.00,7.99,20.30,,,0.00,7.95,20.50,54.20,37.94,0.00,7.95,20.54,54.20,37.94,0.00,6.24,21.10,358.00,196.90,0.00,8.39,21.00,387.40,213.07,1.00,0.00
6/6/2024,10h30,,,,,,,,,,,,,,,,,,,,,,,,,,,,,,,,,,,,,,,,,,,,,,
6/6/2024,15h30,,,,,,,,,,,,,,,,,,,,,,,,,,,,,,,,,,,,,,,,,,,,,,
8/6/2024,8h00,8.10,22.90,54.00,37.80,0.66,8.09,22.70,,,0.72,8.07,21.90,,,0.01,8.06,21.10,,,0.00,8.02,21.60,,,0.00,8.02,21.30,53.80,37.66,0.00,8.02,21.30,35.80,25.06,0.00,6.22,20.50,302.40,166.32,0.00,8.24,21.30,394.20,216.81,1.00,0.00
8/6/2024,10h30,,,,,,,,,,,,,,,,,,,,,,,,,,,,,,,,,,,,,,,,,,,,,,
8/6/2024,15h30,,,,,,,,,,,,,,,,,,,,,,,,,,,,,,,,,,,,,,,,,,,,,,
9/6/2024,8h00,8.03,22.30,54.20,37.94,0.44,8.01,21.40,,,0.36,8.01,21.40,,,0.32,7.99,21.60,,,0.00,7.99,21.00,,,0.00,7.97,21.00,53.90,37.73,0.00,7.97,22.10,53.90,37.73,0.00,6.25,22.50,291.00,160.05,0.00,8.25,22.90,428.90,235.90,0.90,0.00
9/6/2024,10h30,,,,,,,,,,,,,,,,,,,,,,,,,,,,,,,,,,,,,,,,,,,,,,
9/6/2024,15h30,,,,,,,,,,,,,,,,,,,,,,,,,,,,,,,,,,,,,,,,,,,,,,
10/6/2024,8h00,8.03,23.60,54.30,38.01,0.44,8.01,21.50,,,0.36,8.01,21.40,,,0.32,7.98,21.40,,,0.00,7.98,21.30,,,0.00,7.96,21.40,54.30,38.01,0.00,7.96,21.40,54.30,38.01,0.00,6.30,22.00,297.00,163.35,0.00,8.27,23.00,428.90,235.90,0.80,0.00
10/6/2024,10h30,,,,,,,,,,,,,,,,,,,,,,,,,,,,,,,,,,,,,,,,,,,,,,
10/6/2024,15h30,,,,,,,,,,,,,,,,,,,,,,,,,,,,,,,,,,,,,,,,,,,,,,
11/6/2024,8h00,8.04,22.10,54.30,38.01,1.44,8.02,20.50,,,0.32,8.02,20.50,,,0.20,8.00,20.40,,,0.00,8.00,20.30,,,0.00,7.98,20.70,54.30,38.01,0.00,7.97,20.60,54.30,38.01,0.00,6.45,21.20,297.00,163.35,0.00,8.21,22.00,428.90,235.90,0.80,0.00
11/6/2024,10h30,,,,,,,,,,,,,,,,,,,,,,,,,,,,,,,,,,,,,,,,,,,,,,
11/6/2024,15h30,,,,,,,,,,,,,,,,,,,,,,,,,,,,,,,,,,,,,,,,,,,,,,
12/6/2024,8h00,8.05,23.70,54.20,37.94,0.24,8.03,21.90,,,0.30,8.03,21.90,,,0.25,8.00,21.80,,,0.00,8.00,21.70,,,0.00,7.98,21.60,54.20,37.94,0.00,7.98,21.70,54.20,37.94,0.00,6.34,22.30,298.00,163.90,0.00,8.32,22.80,437.60,240.68,0.80,0.00
12/6/2024,10h30,,,,,,,,,,,,,,,,,,,,,,,,,,,,,,,,,,,,,,,,,,,,,,
12/6/2024,15h30,,,,,,,,,,,,,,,,,,,,,,,,,,,,,,,,,,,,,,,,,,,,,,
13/06/2024,8h00,8.05,22.7,54.2,37.94,0.24,8.03,21.4,,,0.64,8.03,21.4,,,0.61,8.01,21.3,,,0.00,8.01,21.3,,,0.00,7.99,21.2,54.1,37.87,0.00,7.99,21.3,54.1,37.87,0.00,6.28,21.8,264,145.2,0.00,8.3,21.3,412,226.6,0.7,0.00
13/06/2024,10h30,,,,,,,,,,,,,,,,,,,,,,,,,,,,,,,,,,,,,,,,,,,,,,
13/06/2024,15h30,,,,,,,,,,,,,,,,,,,,,,,,,,,,,,,,,,,,,,,,,,,,,,
14/06/2024,8h00,,,,,,,,,,,,,,,,,,,,,,,,,,,,,,,,,,,,,,,,,,,,,,
14/06/2024,10h30,,,,,,,,,,,,,,,,,,,,,,,,,,,,,,,,,,,,,,,,,,,,,,
14/06/2024,15h30,,,,,,,,,,,,,,,,,,,,,,,,,,,,,,,,,,,,,,,,,,,,,,
15/06/2024,8h00,8.01,22.4,54.1,37.87,0.25,7.99,22.3,,,0.32,7.99,22.3,,,0.34,8,22,,,0.00,8,22,,,0.00,8,21.3,54.1,37.87,0.00,8,21.3,54.1,37.87,0.00,7,21.7,394,216.7,0.00,8.33,23.2,437.7,240.74,0.9,0.00
15/06/2024,10h30,,,,,,,,,,,,,,,,,,,,,,,,,,,,,,,,,,,,,,,,,,,,,,
15/06/2024,15h30,,,,,,,,,,,,,,,,,,,,,,,,,,,,,,,,,,,,,,,,,,,,,,
16/06/2024,8h00,,,,,,,,,,,,,,,,,,,,,,,,,,,,,,,,,,,,,,,,,,,,,,
16/06/2024,10h30,,,,,,,,,,,,,,,,,,,,,,,,,,,,,,,,,,,,,,,,,,,,,,
16/06/2024,15h30,,,,,,,,,,,,,,,,,,,,,,,,,,,,,,,,,,,,,,,,,,,,,,
17/06/2024,8h00,8.01,23,54.1,37.87,0.18,8,22.9,,,0.2,8,22.8,,,0.2,,,,,,,,,,,,,,,,,,,,,,,,,,8.4,24,439,241.45,1,0.00
19/06/2024,8h00,8.04,24.7,54.1,37.87,0.28,8.01,22.9,,,0.96,8.01,22.9,,,1.01,7.99,22.9,,,0.00,7.99,22.8,,,0.00,7.97,22.9,54.1,37.87,0.00,7.97,22.9,54.1,37.87,0.00,6.26,23.1,350,192.5,0.00,8.48,24.5,459,252.45,1.1,0.00
19/06/2024,10h30,,,,,,,,,,,,,,,,,,,,,,,,,,,,,,,,,,,,,,,,,,,,,,
19/06/2024,15h30,,,,,,,,,,,,,,,,,,,,,,,,,,,,,,,,,,,,,,,,,,,,,,
20/06/2024,8h00,8.04,23.8,54.1,37.87,0.3,8.02,22.9,,,0.42,8.02,23,,,0.44,8,23,,,0.00,8,23,,,0.00,7.97,22.9,53.9,37.73,0.00,7.97,22.9,53.9,37.73,0.00,6.31,23.4,461,253.55,0.00,8.01,24.3,524,288.20,1,0.00
20/06/2024,10h30,,,,,,,,,,,,,,,,,,,,,,,,,,,,,,,,,,,,,,,,,,,,,,
20/06/2024,15h30,,,,,,,,,,,,,,,,,,,,,,,,,,,,,,,,,,,,,,,,,,,,,,
21/06/2024,8h00,,,,,,,,,,,,,,,,,,,,,,,,,,,,,,,,,,,,,,,,,,,,,,
21/06/2024,10h30,,,,,,,,,,,,,,,,,,,,,,,,,,,,,,,,,,,,,,,,,,,,,,
21/06/2024,15h30,,,,,,,,,,,,,,,,,,,,,,,,,,,,,,,,,,,,,,,,,,,,,,
22/06/2024,8h00,8.07,23.2,54,37.8,0.42,8.05,23,,,0.32,8.05,23,,,0.32,8.01,22.7,,,0.00,7.99,22.7,,,0.00,8,22.3,53.9,37.73,0.00,8,22.3,53.9,37.73,0.00,6.18,22.1,399,219.45,0.00,8.28,24.3,524,288.20,0.8,0.00
23/06/2024,8h00,8.07,24,54,37.8,0.24,8.05,22.9,,,0.3,8.05,22.8,,,0.25,8.04,22.8,,,0.00,8.02,22.6,,,0.00,8.02,22.5,54,37.8,0.00,8.02,22.5,54,37.8,0.00,6.29,23.4,344,189.2,0.00,8.43,23.6,481.3,264.72,1,0.00
23/06/2024,10h30,,,,,,,,,,,,,,,,,,,,,,,,,,,,,,,,,,,,,,,,,,,,,,
23/06/2024,15h30,,,,,,,,,,,,,,,,,,,,,,,,,,,,,,,,,,,,,,,,,,,,,,
24/06/2024,8h00,8.04,23.9,54.1,37.87,0.25,8.02,22.4,,,0.75,8.02,22.3,,,0.55,8,22.1,,,0.00,8,22.1,,,0.00,7.97,22.4,54,37.8,0.00,7.96,22.3,54,37.8,0.00,6.34,22.7,434,238.7,0.00,8.27,24,460.7,253.385,1,0.00
24/06/2024,10h30,,,,,,,,,,,,,,,,,,,,,,,,,,,,,,,,,,,,,,,,,,,,,,
24/06/2024,15h30,,,,,,,,,,,,,,,,,,,,,,,,,,,,,,,,,,,,,,,,,,,,,,
25/06/2024,8h00,8.04,23.6,54,37.8,0.25,8.02,22.1,,,0.35,8.03,22,,,0.25,8.01,21.8,,,0.00,8.01,21.8,,,0.00,7.99,22.1,53.7,37.59,0.00,7.99,22.1,53.7,37.59,0.00,6.42,22.5,295,162.25,0.00,8.23,22.8,447.6,246.18,1,0.00
25/06/2024,10h30,,,,,,,,,,,,,,,,,,,,,,,,,,,,,,,,,,,,,,,,,,,,,,
25/06/2024,15h30,,,,,,,,,,,,,,,,,,,,,,,,,,,,,,,,,,,,,,,,,,,,,,
26/06/2024,8h00,8.04,24.1,54.1,37.87,0.25,8.02,22,,,0.2,8.03,22,,,0.15,8.03,22,,,0.00,8.01,21.8,,,0.00,8,22.2,53.3,37.31,0.00,8,22.2,53.6,37.52,0.00,6.36,22.4,277,152.35,0.00,8.16,23.3,436.6,240.13,1,0.00
26/06/2024,10h30,,,,,,,,,,,,,,,,,,,,,,,,,,,,,,,,,,,,,,,,,,,,,,
26/06/2024,15h30,,,,,,,,,,,,,,,,,,,,,,,,,,,,,,,,,,,,,,,,,,,,,,
27/06/2024,8h00,8.04,23.2,54,37.8,0.25,8.03,20.1,,,0.5,8.03,20.1,,,0.44,8.01,20.5,,,0.00,8.01,20.2,,,0.00,7.99,19.9,53.9,37.73,0.00,7.99,20.1,53.9,37.73,0.00,6.28,20.6,292,160.6,0.00,7.99,21.3,367,201.85,1,0.00
29/06/2024,8h00,8.05,25,54.6,38.22,0.31,8.04,23.8,,,0.5,8.04,23.8,,,0.9,8.03,23.7,,,0.00,8.03,23.7,,,0.00,8,22.3,54,37.8,0.00,8,22.3,54,37.8,0.00,6.27,22.4,302,166.1,0.00,8.06,23.5,436,239.8,1,0.00
29/06/2024,10h30,,,,,,,,,,,,,,,,,,,,,,,,,,,,,,,,,,,,,,,,,,,,,,
29/06/2024,15h30,,,,,,,,,,,,,,,,,,,,,,,,,,,,,,,,,,,,,,,,,,,,,,
30/06/2024,8h00,8.04,0.25,54,37.8,0.25,8.03,0.75,,,0.75,8.03,0.48,,,0.48,8.01,0.00,,,0.00,8.01,0.00,,,0.00,7.99,0.00,54,37.8,0.00,7.99,0.00,54,37.8,0.00,6.39,0.00,310,170.5,0.00,8.08,0.00,466,256.3,1,0.00
1/7/2024,8h00,8.03,24.8,54,37.8,0.25,8.01,23.2,,,0.7,8.01,23.2,,,0.43,8,23.1,,,0.00,8,23,,,0.00,7.99,23.1,53.8,37.66,0.00,7.99,23.1,53.8,37.66,0.00,6.34,6.34,340,187,0.00,7.99,24.4,461,253.55,1,0.00
1/7/2024,10h30,,,,,,,,,,,,,,,,,,,,,,,,,,,,,,,,,,,,,,,,,,,,,,
1/7/2024,15h30,,,,,,,,,,,,,,,,,,,,,,,,,,,,,,,,,,,,,,,,,,,,,,
2/7/2024,8h00,8.03,24.7,54.2,37.94,0.35,8.02,24.2,,,0.32,8.02,24.2,,,0.3,8,24.1,,,0.00,8,24.1,,,0.00,7.99,24.1,54.1,37.87,0.00,7.99,23.9,54.1,37.87,0.00,6.35,23.9,398,218.9,0.00,8.45,24.7,505,277.75,0.8,0.00
2/7/2024,10h30,,,,,,,,,,,,,,,,,,,,,,,,,,,,,,,,,,,,,,,,,,,,,,
2/7/2024,15h30,,,,,,,,,,,,,,,,,,,,,,,,,,,,,,,,,,,,,,,,,,,,,,
3/7/2024,8h00,8.01,24.9,54.2,37.94,0.13,8,25,,,0.25,8,25,,,0.53,8,22.3,,,0.00,7.99,22.3,,,0.00,7.97,23.8,54.1,37.87,0.00,7.97,23.8,54.1,37.87,0.00,6.3,24,352.5,193.875,0.00,8.18,25,500,275,1,0.00
3/7/2024,10h30,,,,,,,,,,,,,,,,,,,,,,,,,,,,,,,,,,,,,,,,,,,,,,
3/7/2024,15h30,,,,,,,,,,,,,,,,,,,,,,,,,,,,,,,,,,,,,,,,,,,,,,
4/7/2024,8h00,8.03,24.1,54,37.8,0.25,8.01,23.7,,,0.39,8.01,23.6,,,0.6,8,23.5,,,0.00,8,23.3,,,0.00,7.96,23,54,37.80,0.00,7.96,23,53.9,37.73,0.00,6.35,24.3,338.5,186.18,0.00,8.48,24.5,496.7,273.19,0.8,0.00
4/7/2024,10h30,,,,,,,,,,,,,,,,,,,,,,,,,,,,,,,,,,,,,,,,,,,,,,
4/7/2024,15h30,,,,,,,,,,,,,,,,,,,,,,,,,,,,,,,,,,,,,,,,,,,,,,
5/7/2024,8h00,7.99,23.1,54.6,38.22,0.18,7.97,23,,,0.29,7.98,23,,,0.42,7.96,22.9,,,0.00,7.96,22.8,,,0.00,7.96,22.3,54.6,38.22,0.00,7.97,22.3,54.6,38.22,0.00,6.6,22.6,306.6,168.63,0.00,8.21,22.7,462.6,254.43,1,0.00
5/7/2024,10h30,,,,,,,,,,,,,,,,,,,,,,,,,,,,,,,,,,,,,,,,,,,,,,
5/7/2024,15h30,,,,,,,,,,,,,,,,,,,,,,,,,,,,,,,,,,,,,,,,,,,,,,
6/7/2024,8h00,7.99,23.2,54.6,38.22,0.18,7.99,22.9,,,0.29,7.98,22.9,,,0.42,7.98,22.8,,,0.00,7.99,22.8,,,0.00,7.99,22.2,54.6,38.22,0.00,7.99,22.2,54.6,38.22,0.00,6.37,22.2,306.6,168.63,0.00,8.12,22.5,415.7,228.64,0.8,0.00
6/7/2024,10h30,,,,,,,,,,,,,,,,,,,,,,,,,,,,,,,,,,,,,,,,,,,,,,
6/7/2024,15h30,,,,,,,,,,,,,,,,,,,,,,,,,,,,,,,,,,,,,,,,,,,,,,
7/7/2024,8h00,7.94,23.3,54.2,37.94,0.25,7.96,22.5,,,0.47,7.96,22.4,,,0.4,7.94,22.6,,,0.00,7.94,22.7,,,0.00,7.9,23.5,54,37.80,0.00,7.9,23.5,54,37.80,0.00,6.45,23.6,339.4,186.67,0.00,8.23,23,469,257.95,1,0.00
7/7/2024,10h30,,,,,,,,,,,,,,,,,,,,,,,,,,,,,,,,,,,,,,,,,,,,,,
7/7/2024,15h30,,,,,,,,,,,,,,,,,,,,,,,,,,,,,,,,,,,,,,,,,,,,,,
8/7/2024,8h00,7.97,23.2,54.2,37.94,0.25,7.94,22.8,,,0.31,7.95,22.8,,,0.48,7.93,22.5,,,0.00,7.93,22.5,,,0.00,7.93,23.1,54,37.80,0.00,7.92,23.1,54,37.80,0.00,6.48,23.5,436.9,240.30,0.00,8,24.7,447.7,246.24,0.8,0.00
8/7/2024,10h30,,,,,,,,,,,,,,,,,,,,,,,,,,,,,,,,,,,,,,,,,,,,,,
8/7/2024,15h30,,,,,,,,,,,,,,,,,,,,,,,,,,,,,,,,,,,,,,,,,,,,,,
9/7/2024,8h00,8.01,25.5,55.3,38.71,55.3,7.99,23.7,,,0.35,7.99,23.7,,,0.4,7.96,23.4,,,0.00,7.96,23.4,,,0.00,7.94,23.1,54.5,38.15,0.00,7.94,23.2,54.5,38.15,0.00,6.35,23.6,345,189.75,0.00,8.13,23.8,422,232.10,,0.00
9/7/2024,10h30,,,,,,,,,,,,,,,,,,,,,,,,,,,,,,,,,,,,,,,,,,,,,,
9/7/2024,15h30,,,,,,,,,,,,,,,,,,,,,,,,,,,,,,,,,,,,,,,,,,,,,,
10/7/2024,8h00,8.02,24.9,54,37.8,0.25,8,23.6,,,0.35,8,23.7,,,0.45,7.99,23.7,,,0.00,7.99,23.7,,,0.00,7.97,23.4,54,37.80,0.00,7.97,23.4,54,37.80,0.00,6.4,23.5,328,180.40,0.00,8.09,23.9,475,261.25,0.9,0.00
10/7/2024,10h30,,,,,,,,,,,,,,,,,,,,,,,,,,,,,,,,,,,,,,,,,,,,,,
10/7/2024,15h30,,,,,,,,,,,,,,,,,,,,,,,,,,,,,,,,,,,,,,,,,,,,,,
11/7/2024,8h00,8.03,25.7,54,37.8,0.25,8.01,24.1,,,0.18,8.01,24,,,0.2,8,23.9,,,0.00,8,24,,,0.00,7.97,24.2,53.9,37.73,0.00,7.97,24.1,53.9,37.73,0.00,6.35,24.4,344,189.2,0.00,8.14,24.9,484,266.2,0.9,0.00
11/7/2024,10h30,,,,,,,,,,,,,,,,,,,,,,,,,,,,,,,,,,,,,,,,,,,,,,
11/7/2024,15h30,,,,,,,,,,,,,,,,,,,,,,,,,,,,,,,,,,,,,,,,,,,,,,
12/7/2024,8h00,8.03,25,,0,,8.02,24.2,54.1,,,8.01,24,,,,8,24,,,0.00,8,23.9,,,0.00,8,23.8,54,37.8,0.00,7.99,23.7,54,37.8,0.00,6.59,24.1,353,194.15,0.00,8.13,24.7,490,269.5,0.9,0.00
12/7/2024,10h30,,,,,,,,,,,,,,,,,,,,,,,,,,,,,,,,,,,,,,,,,,,,,,
12/7/2024,15h30,,,,,,,,,,,,,,,,,,,,,,,,,,,,,,,,,,,,,,,,,,,,,,
13/07/2024,8h00,8.04,25.1,54.1,37.87,0.25,8.02,24.1,,,0.83,8.01,23.8,,,0.55,8,23.9,,,0.00,8,23.9,,,0.00,7.98,23.7,54,37.8,0.00,7.98,23.7,54,37.8,0.00,6.34,24.4,368,202.4,0.00,8.1,24.7,500,275,0.9,0.00
13/07/2024,10h30,,,,,,,,,,,,,,,,,,,,,,,,,,,,,,,,,,,,,,,,,,,,,,
13/07/2024,15h30,,,,,,,,,,,,,,,,,,,,,,,,,,,,,,,,,,,,,,,,,,,,,,
14/07/2024,8h00,8.00,25.6,54.00,37.80,0.25,7.99,24,,,0.76,7.99,24.1,,,0.80,7.98,24.1,,,0.00,7.97,24.1,,,0.00,7.97,24.2,53.60,37.52,0.00,7.96,24.2,53.70,37.59,0.00,6.40,24.5,376.00,206.80,0.00,8.12,24.9,491.00,270.05,0.9,0.00
14/07/2024,10h30,,,,,,,,,,,,,,,,,,,,,,,,,,,,,,,,,,,,,,,,,,,,,,
14/07/2024,15h30,,,,,,,,,,,,,,,,,,,,,,,,,,,,,,,,,,,,,,,,,,,,,,
15/07/2024,8h00,8.03,25.7,53.90,37.73,0.25,8.01,24.3,,,0.63,8.01,24.3,,,0.35,8.00,24.2,,,0.00,7.99,24.2,,,0.00,7.97,24.3,53.80,37.66,0.00,7.97,24.3,53.80,37.66,0.00,6.40,24.5,491.00,270.05,0.00,8.21,25.4,509.00,279.95,1,0.00
15/07/2024,10h30,,,,,,,,,,,,,,,,,,,,,,,,,,,,,,,,,,,,,,,,,,,,,,
15/07/2024,15h30,,,,,,,,,,,,,,,,,,,,,,,,,,,,,,,,,,,,,,,,,,,,,,
16/07/2024,8h00,8.04,25.3,54.1,37.87,0.32,8.00,25.2,,,0.72,8.00,25.2,,,0.53,7.99,24.8,,,0.00,7.99,24.8,,,0.00,7.96,24.3,54,37.8,0.00,7.96,24.3,54,37.8,0.00,6.32,24.7,331,182.05,0.00,8.10,25.6,521,286.55,0.9,0.03
16/07/2024,10h30,,,,,,,,,,,,,,,,,,,,,,,,,,,,,,,,,,,,,,,,,,,,,,
16/07/2024,15h30,,,,,,,,,,,,,,,,,,,,,,,,,,,,,,,,,,,,,,,,,,,,,,
17/07/2024,8h00,8.02,26.2,54.1,37.87,0.25,8.00,24.6,,,0.32,8.01,24.6,,,0.35,7.99,24.6,,,0.00,7.98,24.4,,,0.00,7.98,24.5,53.9,37.73,0.00,7.97,24.5,53.9,37.73,0.00,6.41,24.7,397,218.35,0.00,8.15,25.5,519,285.45,1,0.00
17/07/2024,10h30,,,,,,,,,,,,,,,,,,,,,,,,,,,,,,,,,,,,,,,,,,,,,,
17/07/2024,15h30,,,,,,,,,,,,,,,,,,,,,,,,,,,,,,,,,,,,,,,,,,,,,,
18/07/2024,8h00,8.01,25.5,53.8,37.66,0.25,8.00,24.2,,,0.52,8.00,24.2,,,0.37,7.99,24,,,0.00,7.99,24,,,0.00,7.98,23.9,53.8,37.66,0.00,7.98,23.9,53.8,37.66,0.00,6.32,24.2,351,193.05,0.00,8.14,25.1,501,275.55,0.9,0.00
20/07/2024,8h00,8.02,26.1,53.9,37.73,0.25,8.00,24.2,,,0.39,8.01,24.3,,,0.59,8.00,24.5,,,0.00,7.99,24.6,,,0.00,7.98,24.3,53.4,37.38,0.00,7.99,24.3,53.5,37.45,0.00,6.25,24.5,366,201.3,0.00,8.13,25.1,496,272.8,0.9,0.00
20/07/2024,10h30,,,,,,,,,,,,,,,,,,,,,,,,,,,,,,,,,,,,,,,,,,,,,,
20/07/2024,15h30,,,,,,,,,,,,,,,,,,,,,,,,,,,,,,,,,,,,,,,,,,,,,,
21/07/2024,8h00,8.00,26.9,53.9,37.73,0.16,7.99,24.4,,,0.54,7.99,24.4,,,0.46,7.96,24.5,,,0.11,7.97,24.4,,,0.12,7.95,24.3,53.6,37.52,0.08,7.95,24.3,53.6,37.52,0.11,6.35,24.5,390,214.5,0.14,8.15,25.3,515,283.25,1,0.32
21/07/2024,10h30,,,,,,,,,,,,,,,,,,,,,,,,,,,,,,,,,,,,,,,,,,,,,,
21/07/2024,15h30,,,,,,,,,,,,,,,,,,,,,,,,,,,,,,,,,,,,,,,,,,,,,,
22/07/2024,8h00,8.00,26.3,53.9,37.73,0.9,7.98,25.7,,,0.94,7.98,25.6,,,0.69,7.96,25.7,,,0.05,7.96,25.6,,,0.14,7.95,25.3,53.8,37.66,0.11,7.94,25.3,53.8,37.66,0.10,6.30,25.5,564,310.2,0.07,8.31,26.7,566,311.3,0.9,0.21
22/07/2024,10h30,,,,,,,,,,,,,,,,,,,,,,,,,,,,,,,,,,,,,,,,,,,,,,
22/07/2024,15h30,,,,,,,,,,,,,,,,,,,,,,,,,,,,,,,,,,,,,,,,,,,,,,
23/07/2024,8h00,8.02,25.6,53.8,37.66,0.11,8.00,24,,,0.84,8.00,24,,,0.71,7.99,24,,,0.05,7.98,24,,,0.08,7.96,23.8,53.8,37.66,0.06,7.96,23.8,53.8,37.66,0.06,6.40,24.1,369,202.95,0.01,8.27,25.3,522,287.1,1,0.14
23/07/2024,10h30,,,,,,,,,,,,,,,,,,,,,,,,,,,,,,,,,,,,,,,,,,,,,,
23/07/2024,15h30,,,,,,,,,,,,,,,,,,,,,,,,,,,,,,,,,,,,,,,,,,,,,,
24/07/2024,8h00,8.02,26,53.9,37.73,0.24,8.00,24,,,0.7,8.00,24,,,0.74,7.99,24,,,0.04,7.99,24,,,0.05,7.97,24.1,53.9,37.73,0.03,7.97,24.1,53.9,37.73,0.02,6.36,24.3,542,298.1,0.05,8.05,25,502,276.1,0.9,0.17
24/07/2024,10h30,,,,,,,,,,,,,,,,,,,,,,,,,,,,,,,,,,,,,,,,,,,,,,
24/07/2024,15h30,,,,,,,,,,,,,,,,,,,,,,,,,,,,,,,,,,,,,,,,,,,,,,
25/07/2024,8h00,8.02,25.8,53.9,37.73,0.1,8.00,24,,,0.52,8.00,24,,,0.54,7.98,23.9,,,0.04,7.99,23.9,,,0.00,7.95,23.5,53.9,37.73,0.00,7.96,23.8,53.9,37.73,0.01,6.43,24.5,354,194.7,0.00,8.25,25.3,516,283.8,1,0.12
27/07/2024,8h00,8.02,23.4,53.9,37.73,0.25,7.99,22.5,,,0.76,7.99,22.8,,,0.82,8.00,22.7,,,0.03,8.00,22.7,,,0.03,7.99,23,53.8,37.66,0.01,7.99,23,53.8,37.66,0.01,6.35,24,350,192.5,0.01,8.22,25,529,290.95,0.9,0.09
27/07/2024,10h30,,,,,,,,,,,,,,,,,,,,,,,,,,,,,,,,,,,,,,,,,,,,,,
27/07/2024,15h30,,,,,,,,,,,,,,,,,,,,,,,,,,,,,,,,,,,,,,,,,,,,,,
28/07/2024,8h00,8.01,25.2,54,37.8,0.17,8.00,23.8,,,0.51,8.00,23.8,,,0.56,7.98,23.6,,,0.03,0.98,23.7,,,0.05,7.97,24.1,53.7,37.59,0.06,7.97,24.1,53.7,37.59,0.03,6.48,24.3,476,261.8,0.09,8.08,24.2,469,257.95,0.9,0.03
28/07/2024,10h30,,,,,,,,,,,,,,,,,,,,,,,,,,,,,,,,,,,,,,,,,,,,,,
28/07/2024,15h30,,,,,,,,,,,,,,,,,,,,,,,,,,,,,,,,,,,,,,,,,,,,,,
29/07/2024,8h00,8.00,26.6,53.9,37.73,0.17,7.96,24.1,,,1.22,7.96,24.1,,,0.93,7.99,24.3,,,0.28,7.99,24.3,,,0.19,7.96,24.1,53.7,37.59,0.09,7.95,24,53.7,37.59,0.06,6.40,24.2,346,190.3,0.05,8.03,24.7,497,273.35,0.9,0.07
29/07/2024,10h30,,,,,,,,,,,,,,,,,,,,,,,,,,,,,,,,,,,,,,,,,,,,,,
29/07/2024,15h30,,,,,,,,,,,,,,,,,,,,,,,,,,,,,,,,,,,,,,,,,,,,,,
30/07/2024,8h00,8.00,25.4,54,37.8,0.06,7.99,23.9,,,0.53,7.99,23.9,,,0.5,7.98,23.6,,,0.00,7.98,23.5,,,0.00,7.96,23.6,53.7,37.59,0.00,7.95,23.6,53.7,37.59,0.00,6.44,23.8,360,198,0.00,8.11,24.3,483,265.65,0.8,0.03
30/07/2024,10h30,,,,,,,,,,,,,,,,,,,,,,,,,,,,,,,,,,,,,,,,,,,,,,
30/07/2024,15h30,,,,,,,,,,,,,,,,,,,,,,,,,,,,,,,,,,,,,,,,,,,,,,
31/07/2024,8h00,8.00,25.6,53.6,37.52,0.04,7.98,23.3,,,0.45,7.99,23.3,,,0.5,7.96,23.2,,,0.04,7.98,23.2,,,0.01,7.95,23.1,53.6,37.52,0.00,7.97,23.1,53.5,37.45,0.00,6.37,23.5,329,180.95,0.01,7.96,24.2,475,261.25,0.9,0.01
31/07/2024,10h30,,,,,,,,,,,,,,,,,,,,,,,,,,,,,,,,,,,,,,,,,,,,,,
31/07/2024,15h30,,,,,,,,,,,,,,,,,,,,,,,,,,,,,,,,,,,,,,,,,,,,,,
1/8/2024,8h00,8.01,26,53.9,37.73,0.03,7.99,24.1,,,0.47,7.99,24.1,,,0.51,7.97,24,,,0.00,7.98,23.9,,,0.00,7.96,23.9,53.7,37.59,0.00,7.96,23.9,53.6,37.52,0.00,6.37,24.2,505,277.75,0.00,8.25,24.9,527,289.85,1,0.03
3/8/2024,8h00,8.05,26.8,54.2,37.94,0.18,7.93,26.6,,,0.64,7.96,26.6,,,0.72,7.94,26.5,,,0.00,7.94,26.5,,,0.00,7.93,26.4,53.9,37.73,0.00,7.93,26.4,53.9,37.73,0.00,6.45,25.3,367,201.85,0.00,8.11,26,628,345.4,0.9,0.00
3/8/2024,10h30,,,,,,,,,,,,,,,,,,,,,,,,,,,,,,,,,,,,,,,,,,,,,,
3/8/2024,15h30,,,,,,,,,,,,,,,,,,,,,,,,,,,,,,,,,,,,,,,,,,,,,,
4/8/2024,8h00,8.00,27,53.9,37.73,0.1,7.98,25.9,,,0.41,7.98,25.9,,,0.35,7.96,26.1,,,0.00,7.97,25.9,,,0.00,7.97,25.8,53.9,37.73,0.00,7.95,25.7,53.9,37.73,0.00,6.60,26.8,702,386.1,0.00,8.27,27.05,663,364.65,0.8,0.00
4/8/2024,10h30,,,,,,,,,,,,,,,,,,,,,,,,,,,,,,,,,,,,,,,,,,,,,,
4/8/2024,15h30,,,,,,,,,,,,,,,,,,,,,,,,,,,,,,,,,,,,,,,,,,,,,,
5/8/2024,8h00,8.00,26.2,54.1,37.87,0.1,7.98,25.7,,,0.47,7.98,25.7,,,0.52,7.93,24.9,,,0.11,7.93,24.9,,,0.03,7.98,24.8,54.1,37.87,0.02,7.98,24.8,54.1,37.87,0.08,6.50,25.6,409,224.95,0.07,8.03,26.4,574,315.7,0.8,0.26
5/8/2024,10h30,,,,,,,,,,,,,,,,,,,,,,,,,,,,,,,,,,,,,,,,,,,,,,
5/8/2024,15h30,,,,,,,,,,,,,,,,,,,,,,,,,,,,,,,,,,,,,,,,,,,,,,
6/8/2024,8h00,8.00,25.2,53.9,37.73,0.28,7.99,24,,,0.37,7.98,24,,,0.31,7.95,24,,,0.00,7.96,24,,,0.00,7.95,24.1,53.9,37.73,0.00,7.94,24.2,53.9,37.73,0.00,6.35,25,406,223.3,0.00,8.20,25.4,537,295.35,0.9,0.00
6/8/2024,10h30,,,,,,,,,,,,,,,,,,,,,,,,,,,,,,,,,,,,,,,,,,,,,,
6/8/2024,15h30,,,,,,,,,,,,,,,,,,,,,,,,,,,,,,,,,,,,,,,,,,,,,,
7/8/2024,8h00,8.01,25,53.8,37.66,0.22,7.98,24.4,,,0.52,7.98,24.3,,,0.38,7.97,24,,,0.00,7.96,23.6,,,0.09,7.96,23.7,53.7,37.59,0.00,7.96,23.7,53.7,37.59,0.00,6.40,23.7,614,337.7,0.00,8.17,24.7,525,288.75,0.8,0.00
7/8/2024,10h30,,,,,,,,,,,,,,,,,,,,,,,,,,,,,,,,,,,,,,,,,,,,,,
7/8/2024,15h30,,,,,,,,,,,,,,,,,,,,,,,,,,,,,,,,,,,,,,,,,,,,,,
8/8/2024,8h00,8.30,24.4,53.7,37.59,0.02,8.30,22.4,,,0.31,8.30,22.4,,,0.26,8.30,22.4,,,0.09,8.30,22.4,,,0.00,8.15,22.2,53.5,37.45,0.00,8.20,22.2,53.5,37.45,0.00,6.50,22.8,350,192.5,0.00,8.09,23.3,503,276.65,0.8,0.06
8/8/2024,10h30,,,,,,,,,,,,,,,,,,,,,,,,,,,,,,,,,,,,,,,,,,,,,,
8/8/2024,15h30,,,,,,,,,,,,,,,,,,,,,,,,,,,,,,,,,,,,,,,,,,,,,,
9/8/2024,8h00,8.30,25,53.7,37.59,0.03,8.26,24,,,0.1,8.26,24,,,0.27,8.25,24,,,0.00,8.25,23.8,,,0.00,8.20,23.8,53.6,37.52,0.00,8.20,23.7,53.6,37.52,0.00,6.50,24,628,345.4,0.00,8.30,24.2,471,259.05,0.8,0.00
9/8/2024,10h30,,,,,,,,,,,,,,,,,,,,,,,,,,,,,,,,,,,,,,,,,,,,,,
9/8/2024,15h30,,,,,,,,,,,,,,,,,,,,,,,,,,,,,,,,,,,,,,,,,,,,,,
10/8/2024,8h00,8.21,25.8,53.9,37.73,0.13,8.20,24.8,,,0.58,8.20,24.8,,,0.27,8.16,24.8,,,0.00,8.16,24.6,,,0.00,8.16,24.5,53.8,37.66,0.00,8.17,24.5,53.8,37.66,0.00,6.85,25.2,580,319,0.00,8.18,25.4,479,263.45,0.8,0.00
10/8/2024,10h30,,,,,,,,,,,,,,,,,,,,,,,,,,,,,,,,,,,,,,,,,,,,,,
10/8/2024,15h30,,,,,,,,,,,,,,,,,,,,,,,,,,,,,,,,,,,,,,,,,,,,,,
11/8/2024,8h00,8.25,24.2,53.8,37.66,0.1,8.22,24,,,0.39,8.20,24,,,0.38,8.20,23,,,0.00,8.16,22.9,,,0.00,8.16,22.9,53.7,37.59,0.00,8.15,22.8,53.7,37.59,0.00,6.71,23.1,322,177.1,0.00,8.14,23.9,490,269.5,1,0.00
13/08/2024,8h00,8.29,25.2,54,37.8,0.82,8.27,24.7,,,1.47,8.27,24.7,,,0.59,8.26,24.6,,,0.17,8.24,24.6,,,0.15,8.25,24.4,54,37.8,0.03,8.25,24.8,54,37.8,0.03,6.72,25.1,442,243.1,0.01,8.22,24.9,615,338.25,0.6,0.01
13/08/2024,10h30,,,,,,,,,,,,,,,,,,,,,,,,,,,,,,,,,,,,,,,,,,,,,,
13/08/2024,15h30,,,,,,,,,,,,,,,,,,,,,,,,,,,,,,,,,,,,,,,,,,,,,,
14/08/2024,8h00,8.31,25.4,53.8,37.66,0.18,8.28,25.2,,,0.86,8.28,25.3,,,0.59,8.25,25,,,0.06,8.25,25,,,0.08,8.20,24.8,53.7,37.59,0.00,8.20,24.8,53.7,37.59,0.00,6.80,25,638,350.9,0.00,8.18,24.9,579,318.45,0.9,0.02
14/08/2024,10h30,,,,,,,,,,,,,,,,,,,,,,,,,,,,,,,,,,,,,,,,,,,,,,
14/08/2024,15h30,,,,,,,,,,,,,,,,,,,,,,,,,,,,,,,,,,,,,,,,,,,,,,
15/08/2024,8h00,8.30,26.2,53.9,37.73,0.18,8.28,25.9,,,0.81,8.27,25.9,,,0.6,8.27,25.8,,,0.06,8.26,25.8,,,0.08,8.26,25.8,53.8,37.66,0.02,8.24,26,53.8,37.66,0.01,6.78,27,429,235.95,0.01,8.18,27.1,625,343.75,0.8,0.09
15/08/2024,10h30,,,,,,,,,,,,,,,,,,,,,,,,,,,,,,,,,,,,,,,,,,,,,,
15/08/2024,15h30,,,,,,,,,,,,,,,,,,,,,,,,,,,,,,,,,,,,,,,,,,,,,,
16/08/2024,8h00,8.29,26,53.8,37.66,0.14,8.27,25.6,,,0.34,8.28,25.6,,,0.26,8.29,25.3,,,0.00,8.25,25.3,,,0.00,8.25,25.7,53.7,37.59,0.00,8.24,25.7,53.7,37.59,0.00,6.66,26.8,638,350.9,0.00,8.15,27.7,579,318.45,0.8,0.03
16/08/2024,10h30,,,,,,,,,,,,,,,,,,,,,,,,,,,,,,,,,,,,,,,,,,,,,,
16/08/2024,15h30,,,,,,,,,,,,,,,,,,,,,,,,,,,,,,,,,,,,,,,,,,,,,,
17/08/2024,8h00,8.30,27.3,53.8,37.66,0.16,8.29,26.8,,,0.72,8.27,26.9,,,0.52,8.27,27,,,0.10,8.26,27,,,0.12,8.25,26.8,53.7,37.59,0.02,8.24,26.7,53.7,37.59,0.01,6.78,27,638,350.9,0.01,8.21,26.5,579,318.45,0.8,0.03
17/08/2024,10h30,,,,,,,,,,,,,,,,,,,,,,,,,,,,,,,,,,,,,,,,,,,,,,
17/08/2024,15h30,,,,,,,,,,,,,,,,,,,,,,,,,,,,,,,,,,,,,,,,,,,,,,
18/08/2024,8h00,8.30,29,54.1,37.87,0.29,8.29,28,,,0.85,8.24,28,,,0.31,8.28,27.6,,,0.03,8.27,27.5,,,0.01,8.27,27.2,54,37.8,0.00,8.27,27.2,54,37.8,0.00,6.70,27.4,640,352,0.00,8.21,27.4,682,375.1,0.8,0.00
18/08/2024,10h30,,,,,,,,,,,,,,,,,,,,,,,,,,,,,,,,,,,,,,,,,,,,,,
18/08/2024,15h30,,,,,,,,,,,,,,,,,,,,,,,,,,,,,,,,,,,,,,,,,,,,,,
19/08/2024,8h00,8.29,26.2,53.9,37.73,0.32,8.24,26,,,0.52,8.24,26,,,0.43,8.24,26.1,,,0.08,8.23,26.2,,,0.09,8.21,26.2,53.9,37.73,0.03,8.20,26.1,53.9,37.73,0.05,6.91,26.6,784,431.2,0.02,8.44,27.2,650,357.5,0.8,0.03
19/08/2024,10h30,,,,,,,,,,,,,,,,,,,,,,,,,,,,,,,,,,,,,,,,,,,,,,
19/08/2024,15h30,,,,,,,,,,,,,,,,,,,,,,,,,,,,,,,,,,,,,,,,,,,,,,
20/08/2024,8h00,8.10,25.6,54,37.8,0.29,8.09,24.8,,,1.03,8.08,24.6,,,0.76,8.06,24.3,,,0.03,8.05,24.4,,,0.07,8.03,24.2,54,37.8,0.01,8.03,24.2,54,37.8,0.02,6.62,24.6,400,220,0.00,7.92,25.2,591,325.05,0.9,0.00
20/08/2024,10h30,,,,,,,,,,,,,,,,,,,,,,,,,,,,,,,,,,,,,,,,,,,,,,
20/08/2024,15h30,,,,,,,,,,,,,,,,,,,,,,,,,,,,,,,,,,,,,,,,,,,,,,
21/08/2024,8h00,8.08,24.2,53.7,37.59,0.09,8.05,23.4,,,0.32,8.04,23.4,,,0.17,8.02,22.8,,,0.00,8.02,22.8,,,0.00,8.01,23,53.8,37.66,0.00,8.00,23,53.8,37.66,0.00,6.57,24,322,177.1,0.00,8.00,24.6,566,311.3,0.8,0.00
21/08/2024,10h30,,,,,,,,,,,,,,,,,,,,,,,,,,,,,,,,,,,,,,,,,,,,,,
21/08/2024,15h30,,,,,,,,,,,,,,,,,,,,,,,,,,,,,,,,,,,,,,,,,,,,,,
22/08/2024,8h00,8.05,25.5,53.8,37.66,0.17,8.02,23,,,0.66,8.02,23.1,,,0.41,8.00,22.5,,,0.05,8.00,22.4,,,0.04,8.00,22.2,53.7,37.59,0.01,8.00,22.1,53.7,37.59,0.02,6.57,22.5,532,292.6,0.00,7.96,22.9,583,320.65,0.8,0.01
22/08/2024,10h30,,,,,,,,,,,,,,,,,,,,,,,,,,,,,,,,,,,,,,,,,,,,,,
22/08/2024,15h30,,,,,,,,,,,,,,,,,,,,,,,,,,,,,,,,,,,,,,,,,,,,,,
23/08/2024,8h00,8.08,22.5,53.6,37.52,0.1,8.05,21.5,,,0.3,8.04,21.6,,,0.41,8.03,21.4,,,0.00,8.02,21.3,,,0.00,8.00,21.4,53.6,37.52,0.00,8.00,21.4,53.6,37.52,0.00,6.64,22,287,157.85,0.00,8.15,22.7,494,271.7,0.8,0.06
23/08/2024,10h30,,,,,,,,,,,,,,,,,,,,,,,,,,,,,,,,,,,,,,,,,,,,,,
23/08/2024,15h30,,,,,,,,,,,,,,,,,,,,,,,,,,,,,,,,,,,,,,,,,,,,,,
24/08/2024,8h00,8.08,23.2,53.6,37.52,0.1,8.05,22.8,,,0.52,8.04,22.8,,,0.41,8.03,21.7,,,0.00,8.02,21.7,,,0.00,8.00,22.4,53.6,37.52,0.00,8.00,22.4,53.6,37.52,0.00,6.64,23,287,157.85,0.00,7.96,23.2,502,276.1,0.9,0.02
24/08/2024,10h30,,,,,,,,,,,,,,,,,,,,,,,,,,,,,,,,,,,,,,,,,,,,,,
24/08/2024,15h30,,,,,,,,,,,,,,,,,,,,,,,,,,,,,,,,,,,,,,,,,,,,,,
25/08/2024,8h00,8.01,25.1,53.6,37.52,0.17,8.00,22.9,,,0.29,8.00,22.9,,,0.42,8.00,22.8,,,0.07,8.00,22.6,,,0.05,7.99,22.6,53.6,37.52,0.01,7.99,22.7,53.6,37.52,0.01,6.71,22.6,514,282.7,0.01,8.03,23.4,500,275,,0.02
25/08/2024,10h30,,,,,,,,,,,,,,,,,,,,,,,,,,,,,,,,,,,,,,,,,,,,,,
25/08/2024,15h30,,,,,,,,,,,,,,,,,,,,,,,,,,,,,,,,,,,,,,,,,,,,,,
26/08/2024,8h00,8.06,24.9,53.7,37.59,0.22,8.02,23.8,,,0.51,8.02,23.7,,,0.52,8.00,23.4,,,0.00,8.00,23.3,,,0.00,7.97,23.3,53.6,37.52,0.00,7.98,23.3,53.6,37.52,0.00,6.65,24.6,401,220.55,0.00,8.02,24.9,557,306.35,557,0.01
26/08/2024,10h30,,,,,,,,,,,,,,,,,,,,,,,,,,,,,,,,,,,,,,,,,,,,,,
26/08/2024,15h30,,,,,,,,,,,,,,,,,,,,,,,,,,,,,,,,,,,,,,,,,,,,,,
27/08/2024,8h00,8.07,25.3,53.7,37.59,0.18,8.05,24.4,,,0.36,8.05,24.4,,,0.41,8.02,24.3,,,0.00,8.02,24.3,,,0.00,8.00,24.1,53.6,37.52,0.00,8.00,24.1,53.6,37.52,0.00,6.61,24.9,707,388.85,0.00,8.07,25.1,576,316.8,0.8,0.00
27/08/2024,10h30,,,,,,,,,,,,,,,,,,,,,,,,,,,,,,,,,,,,,,,,,,,,,,
27/08/2024,15h30,,,,,,,,,,,,,,,,,,,,,,,,,,,,,,,,,,,,,,,,,,,,,,
28/08/2024,8h00,8.02,24.4,53.9,37.73,0.1,8.00,23.3,,,0.49,8.00,23.2,,,0.23,8.00,23.4,,,0.00,8.00,23.3,,,0.00,7.98,23.4,53.9,37.73,0.00,7.98,23.4,53.9,37.73,0.00,6.66,23.9,360,198,0.00,8.08,25,564,310.2,0.7,0.15
28/08/2024,10h30,,,,,,,,,,,,,,,,,,,,,,,,,,,,,,,,,,,,,,,,,,,,,,
28/08/2024,15h30,,,,,,,,,,,,,,,,,,,,,,,,,,,,,,,,,,,,,,,,,,,,,,
29/08/2024,8h00,8.08,23.2,53.6,37.52,0.18,8.07,21.2,,,0.31,8.07,21.2,,,0.12,8.00,21.4,,,0.00,8.00,21.4,,,0.00,7.96,21.3,53.5,37.45,0.00,7.99,21.3,53.5,37.45,0.00,6.67,21.6,372,204.6,0.00,8.06,22.3,518,284.9,0.7,0.08
31/08/2024,8h00,8.02,23.4,53.4,37.38,0.21,8.00,22.3,,,0.61,8.00,22.4,,,0.22,8.00,22,,,0.01,8.00,22,,,0.01,7.96,21.4,53.4,37.38,0.00,7.98,21.4,53.4,37.38,0.00,6.77,21.5,397,218.35,0.00,8.06,22.1,485,266.75,0.7,0.10
31/08/2024,10h30,,,,,,,,,,,,,,,,,,,,,,,,,,,,,,,,,,,,,,,,,,,,,,
31/08/2024,15h30,,,,,,,,,,,,,,,,,,,,,,,,,,,,,,,,,,,,,,,,,,,,,,
1/9/2024,8h00,8.08,23.6,53.8,37.66,0.24,8.05,21,,,0.52,8.05,20.9,,,0.56,8.02,20.8,,,0.00,8.02,20.8,,,0.00,8.00,20.8,53.7,37.59,0.00,8.00,20.7,53.7,37.59,0.00,6.66,21.3,289,158.95,0.00,8.11,22.1,480,264,0.9,0.00
1/9/2024,10h30,,,,,,,,,,,,,,,,,,,,,,,,,,,,,,,,,,,,,,,,,,,,,,
1/9/2024,15h30,,,,,,,,,,,,,,,,,,,,,,,,,,,,,,,,,,,,,,,,,,,,,,
2/9/2024,8h00,8.08,24.2,53.9,37.73,0.22,8.05,23.8,,,0.5,8.05,23.8,,,0.62,8.03,23.3,,,0.02,8.03,23.4,,,0.03,8.00,23.7,53.8,37.66,0.01,8.00,23.6,53.8,37.66,0.01,6.57,22.9,497,273.35,0.01,8.25,23.3,499,274.45,0.9,0.01
2/9/2024,10h30,,,,,,,,,,,,,,,,,,,,,,,,,,,,,,,,,,,,,,,,,,,,,,
2/9/2024,15h30,,,,,,,,,,,,,,,,,,,,,,,,,,,,,,,,,,,,,,,,,,,,,,
3/9/2024,8h00,8.06,24.6,53.8,37.66,0.14,8.04,22.9,,,0.45,8.02,22.6,,,0.39,8.00,22.4,,,0.10,8.00,22.4,,,0.08,8.00,22.6,53.7,37.59,0.00,8.00,22.6,53.7,37.59,0.00,6.69,22.8,350,192.5,0.00,8.34,24.1,622,342.1,0.7,0.20
3/9/2024,10h30,,,,,,,,,,,,,,,,,,,,,,,,,,,,,,,,,,,,,,,,,,,,,,
3/9/2024,15h30,,,,,,,,,,,,,,,,,,,,,,,,,,,,,,,,,,,,,,,,,,,,,,
4/9/2024,8h00,8.08,25.3,53.8,37.66,0.42,8.06,23.8,,,0.58,8.06,23.8,,,0.44,8.04,23.9,,,0.10,8.03,23.9,,,0.12,8.00,24,53.7,37.59,0.06,8.00,24,53.7,37.59,0.05,6.45,24.6,473,260.15,0.06,8.31,24.9,599,329.45,1,0.20
4/9/2024,10h30,,,,,,,,,,,,,,,,,,,,,,,,,,,,,,,,,,,,,,,,,,,,,,
4/9/2024,15h30,,,,,,,,,,,,,,,,,,,,,,,,,,,,,,,,,,,,,,,,,,,,,,
5/9/2024,8h00,8.08,24.2,53.8,37.66,0.35,8.07,24.1,,,0.55,8.07,24.1,,,0.62,8.06,23.7,,,0.00,8.06,23.7,,,0.00,8.02,23.8,53.7,37.59,0.00,8.02,23.8,53.7,37.59,0.00,6.69,24,388,213.4,0.00,8.08,25,660,363,0.9,0.00
5/9/2024,10h30,,,,,,,,,,,,,,,,,,,,,,,,,,,,,,,,,,,,,,,,,,,,,,
5/9/2024,15h30,,,,,,,,,,,,,,,,,,,,,,,,,,,,,,,,,,,,,,,,,,,,,,
6/9/2024,8h00,8.07,27.5,53.9,37.73,0.2,8.04,25.4,,,0.84,8.04,25.2,,,0.81,8.01,25.3,,,0.08,8.01,25.1,,,0.06,8.00,25,53.8,37.66,0.05,8.00,25,53.8,37.66,0.07,6.62,25.3,391,215.05,0.09,8.04,25.4,619,340.45,0.8,0.18
6/9/2024,10h30,,,,,,,,,,,,,,,,,,,,,,,,,,,,,,,,,,,,,,,,,,,,,,
6/9/2024,15h30,,,,,,,,,,,,,,,,,,,,,,,,,,,,,,,,,,,,,,,,,,,,,,
7/9/2024,8h00,8.09,27,53.8,37.66,0.39,8.06,25.4,,,1.02,8.06,25.4,,,0.82,8.04,24.9,,,0.10,8.04,24.8,,,0.00,8.00,24.8,53.8,37.66,0.00,8.00,24.8,53.8,37.66,0.00,6.48,25.4,416,228.8,0.00,8.00,24.6,590,324.5,0.8,0.12
7/9/2024,10h30,,,,,,,,,,,,,,,,,,,,,,,,,,,,,,,,,,,,,,,,,,,,,,
7/9/2024,15h30,,,,,,,,,,,,,,,,,,,,,,,,,,,,,,,,,,,,,,,,,,,,,,
8/9/2024,8h00,8.06,26.8,53.9,37.73,0.15,0.04,26.2,,,0.47,8.04,26.1,,,0.5,8.00,26.2,,,0.00,8.00,26.1,,,0.00,8.00,26.2,53.9,37.73,0.00,8.00,26.2,53.9,37.73,0.00,6.62,26.5,763,419.65,0.08,8.10,26.7,674,370.7,0.9,0.20
8/9/2024,10h30,,,,,,,,,,,,,,,,,,,,,,,,,,,,,,,,,,,,,,,,,,,,,,
8/9/2024,15h30,,,,,,,,,,,,,,,,,,,,,,,,,,,,,,,,,,,,,,,,,,,,,,
9/9/2024,8h00,8.08,27.3,54,37.8,0.21,8.05,27,,,0.85,8.01,27,,,0.72,8.01,26.8,,,0.05,8.00,26.8,,,0.03,8.00,26.9,54,37.8,0.00,8.00,26.9,54,37.8,0.00,6.58,27,474,260.7,0.06,8.20,27.1,700,385,0.8,0.29
9/9/2024,10h30,,,,,,,,,,,,,,,,,,,,,,,,,,,,,,,,,,,,,,,,,,,,,,
9/9/2024,15h30,,,,,,,,,,,,,,,,,,,,,,,,,,,,,,,,,,,,,,,,,,,,,,
10/9/2024,8h00,8.05,26.5,53.9,37.73,0.59,8.02,26.2,,,0.5,8.02,26.3,,,0.68,8.00,26.1,,,0.00,7.99,26,,,0.00,7.91,26,54,37.8,0.00,,,,,,,26.6,615,338.25,,8.20,27.5,740,407,0.9,0.10
10/9/2024,10h30,,,,,,,,,,,,,,,,,,,,,,,,,,,,,,,,,,,,,,,,,,,,,,
10/9/2024,15h30,,,,,,,,,,,,,,,,,,,,,,,,,,,,,,,,,,,,,,,,,,,,,,
11/9/2024,8h00,8.04,26.5,53.9,37.73,0.76,8.02,26.2,,,1.6,8.03,26.2,,,1.39,8.00,26.4,,,0.07,8.00,26.4,,,0.09,7.99,25.3,53.9,37.73,0.06,7.98,25.3,53.9,37.73,0.07,6.68,26.8,678,372.9,0.11,8.34,27,774,425.7,1,0.15
11/9/2024,10h30,,,,,,,,,,,,,,,,,,,,,,,,,,,,,,,,,,,,,,,,,,,,,,
11/9/2024,15h30,,,,,,,,,,,,,,,,,,,,,,,,,,,,,,,,,,,,,,,,,,,,,,
12/9/2024,8h00,8.04,25.8,53.9,37.73,0.54,8.03,25.2,,,0.42,8.02,25.1,,,0.65,8.00,25.1,,,0.08,8.01,25.3,,,0.12,8.03,25.2,53.9,37.73,0.06,8.05,25.2,53.8,37.66,0.07,6.71,25.5,565,310.75,0.08,8.26,26.6,765,420.75,1,0.17
12/9/2024,10h30,,,,,,,,,,,,,,,,,,,,,,,,,,,,,,,,,,,,,,,,,,,,,,
12/9/2024,15h30,,,,,,,,,,,,,,,,,,,,,,,,,,,,,,,,,,,,,,,,,,,,,,
13/09/2024,8h00,,,,,,,,,,,,,,,,,,,,,,,,,,,,,,,,,,,,,,,,,,,,,,
13/09/2024,10h30,,,,,,,,,,,,,,,,,,,,,,,,,,,,,,,,,,,,,,,,,,,,,,
13/09/2024,15h30,,,,,,,,,,,,,,,,,,,,,,,,,,,,,,,,,,,,,,,,,,,,,,
14/09/2024,8h00,7.95,23.8,53.3,37.31,0.53,7.92,23.3,,,1.33,7.93,23.3,,,1.69,7.92,23.1,,,0.12,7.91,23.1,,,0.10,7.90,22.8,53.3,37.31,0.08,7.90,22.9,53.3,37.31,0.09,6.67,23.6,574,315.7,0.11,8.21,24.2,713,392.15,1,0.20
14/09/2024,10h30,,,,,,,,,,,,,,,,,,,,,,,,,,,,,,,,,,,,,,,,,,,,,,
14/09/2024,15h30,,,,,,,,,,,,,,,,,,,,,,,,,,,,,,,,,,,,,,,,,,,,,,
15/09/2024,8h00,7.90,23.1,53.4,37.38,2.83,7.88,21.5,,,4.52,7.89,21.4,,,4.44,7.86,21.1,,,0.17,7.86,21.1,,,0.17,7.84,21.3,53.3,37.31,0.08,7.85,21.3,53.3,37.31,0.09,6.51,21.6,415,228.25,0.10,7.96,22,608,334.4,0.8,0.44
15/09/2024,10h30,,,,,,,,,,,,,,,,,,,,,,,,,,,,,,,,,,,,,,,,,,,,,,
15/09/2024,15h30,,,,,,,,,,,,,,,,,,,,,,,,,,,,,,,,,,,,,,,,,,,,,,
16/09/2024,8h00,7.93,24.9,53.8,37.66,0.26,7.92,23.5,,,1.11,7.93,23.6,,,0.74,7.91,23.6,,,0.05,7.91,23.6,,,0.04,7.96,23.1,53.8,37.66,0.03,7.95,23.2,53.8,37.66,0.02,6.65,23.7,507,278.85,0.05,8.05,24.1,654,359.7,1,0.09
16/09/2024,10h30,,,,,,,,,,,,,,,,,,,,,,,,,,,,,,,,,,,,,,,,,,,,,,
16/09/2024,15h30,,,,,,,,,,,,,,,,,,,,,,,,,,,,,,,,,,,,,,,,,,,,,,
17/09/2024,8h00,7.95,24.9,54.1,37.87,0.38,7.92,24.2,,,0.95,7.93,24.1,,,1.05,7.90,24.1,,,0.09,7.92,24.1,,,0.15,7.89,23.7,54.1,37.87,0.07,7.89,23.9,54.1,37.87,0.11,6.67,24.3,527,289.85,0.13,8.06,24.3,699,384.45,1,0.18
17/09/2024,10h30,,,,,,,,,,,,,,,,,,,,,,,,,,,,,,,,,,,,,,,,,,,,,,
17/09/2024,15h30,,,,,,,,,,,,,,,,,,,,,,,,,,,,,,,,,,,,,,,,,,,,,,
18/09/2024,8h00,7.90,24.3,54,37.8,0.51,7.89,23.5,,,1.38,7.89,23.7,,,1.31,7.92,23.3,,,0.13,7.92,23.2,,,0.13,7.83,23.6,54,37.8,0.16,7.88,23.3,54,37.8,0.18,6.55,24.2,491,270.05,0.16,7.98,24.7,682,375.1,1,0.21
20/09/2024,8h00,7.90,24.3,53.9,37.73,0.3,7.89,23.5,,,1.08,7.90,23.5,,,0.98,7.91,23.3,,,0.26,7.90,23.3,,,0.14,7.86,23.2,53.8,37.66,0.10,7.87,23.3,53.8,37.66,0.12,6.70,23.9,692,380.6,0.16,8.03,24.2,637,350.35,1,0.17
20/09/2024,10h30,,,,,,,,,,,,,,,,,,,,,,,,,,,,,,,,,,,,,,,,,,,,,,
20/09/2024,15h30,,,,,,,,,,,,,,,,,,,,,,,,,,,,,,,,,,,,,,,,,,,,,,
21/09/2024,8h00,8.01,22.3,53.5,37.45,0.43,7.99,21.5,,,0.8,7.99,21.6,,,0.61,7.97,21.6,,,0.05,7.96,21.5,,,0.11,7.95,21.3,53.3,37.31,0.07,7.95,21.3,53.3,37.31,0.06,6.70,22.1,337,185.35,0.07,8.10,22.5,587,322.85,0.9,0.20
21/09/2024,10h30,,,,,,,,,,,,,,,,,,,,,,,,,,,,,,,,,,,,,,,,,,,,,,
21/09/2024,15h30,,,,,,,,,,,,,,,,,,,,,,,,,,,,,,,,,,,,,,,,,,,,,,
22/09/2024,8h00,7.99,23.3,53.2,37.24,0.29,7.99,22,,,0.33,7.98,22,,,0.26,7.96,22.1,,,0.00,7.98,22.1,,,0.00,7.97,22.2,53.2,37.24,0.00,7.95,22,53.2,37.24,0.00,7.96,22.5,395,217.25,0.00,8.10,22.9,580,319,1,0.00
22/09/2024,10h30,,,,,,,,,,,,,,,,,,,,,,,,,,,,,,,,,,,,,,,,,,,,,,
22/09/2024,15h30,,,,,,,,,,,,,,,,,,,,,,,,,,,,,,,,,,,,,,,,,,,,,,
23/09/2024,8h00,8.00,24.9,53.4,37.38,0.00,7.98,22.7,,,0.25,7.97,22.6,,,0.31,7.96,22.5,,,0.00,7.96,22.5,,,0.00,7.94,22.3,53.3,37.31,0.00,7.94,22.4,53.3,37.31,0.00,6.65,23.1,529,290.95,0.00,7.93,23.2,594,326.7,0.9,0.00
23/09/2024,10h30,,,,,,,,,,,,,,,,,,,,,,,,,,,,,,,,,,,,,,,,,,,,,,
23/09/2024,15h30,,,,,,,,,,,,,,,,,,,,,,,,,,,,,,,,,,,,,,,,,,,,,,
24/09/2024,8h00,7.99,23.3,53.3,37.31,0.01,7.96,21.5,,,0.08,7.96,21.5,,,0.12,7.94,21.5,,,0.00,7.95,21.4,,,0.00,7.93,20.7,53.3,37.31,0.00,7.93,20.8,53.3,37.31,0.00,6.67,21.4,527,289.85,0.00,8.03,22.5,610,335.5,1,0.00
24/09/2024,10h30,,,,,,,,,,,,,,,,,,,,,,,,,,,,,,,,,,,,,,,,,,,,,,
24/09/2024,15h30,,,,,,,,,,,,,,,,,,,,,,,,,,,,,,,,,,,,,,,,,,,,,,
25/09/2024,8h00,7.99,23.6,53.2,37.24,0.01,7.98,22.5,,,0.14,7.97,22.6,,,0.1,7.95,22.4,,,0.00,7.95,22.4,,,0.00,7.92,21.9,53.1,37.17,0.00,7.93,22,53.1,37.17,0.00,6.58,22.5,463,254.65,0.00,8.04,23.3,629,345.95,1,0.00
25/09/2024,10h30,,,,,,,,,,,,,,,,,,,,,,,,,,,,,,,,,,,,,,,,,,,,,,
25/09/2024,15h30,,,,,,,,,,,,,,,,,,,,,,,,,,,,,,,,,,,,,,,,,,,,,,
26/09/2024,8h00,8.01,24.5,53.4,37.38,0.01,8.00,23.5,,,0.36,8.01,23.5,,,0.19,7.99,23.3,,,0.00,7.99,23.3,,,0.00,7.98,23.2,53.4,37.38,0.00,7.97,23.4,53.4,37.38,0.00,6.73,23.8,607,333.85,0.00,8.40,24.2,662,364.1,1,0.00
26/09/2024,10h30,,,,,,,,,,,,,,,,,,,,,,,,,,,,,,,,,,,,,,,,,,,,,,
26/09/2024,15h30,,,,,,,,,,,,,,,,,,,,,,,,,,,,,,,,,,,,,,,,,,,,,,
27/09/2024,8h00,8.02,24.8,53.3,37.31,0.01,8.00,23.6,,,0.01,8.00,23.6,,,0.01,8.00,23.5,,,0.00,8.00,23.5,,,0.00,7.98,23.5,53.3,37.31,0.00,7.98,23.5,53.3,37.31,0.00,6.45,24,587,322.85,0.00,8.14,24.1,710,390.5,1,0.00
27/09/2024,10h30,,,,,,,,,,,,,,,,,,,,,,,,,,,,,,,,,,,,,,,,,,,,,,
27/09/2024,15h30,,,,,,,,,,,,,,,,,,,,,,,,,,,,,,,,,,,,,,,,,,,,,,
28/09/2024,8h00,7.98,24.7,53.3,37.31,0.01,8.00,23.7,,,0.19,8.00,23.7,,,0.15,8.01,23.6,,,0.00,8.02,23.5,,,0.00,7.99,23.4,53.2,37.24,0.00,8.00,23.5,53.2,37.24,0.00,6.58,24.4,529,290.95,0.00,8.15,24.3,670,368.5,1,0.00
28/09/2024,10h30,,,,,,,,,,,,,,,,,,,,,,,,,,,,,,,,,,,,,,,,,,,,,,
28/09/2024,15h30,,,,,,,,,,,,,,,,,,,,,,,,,,,,,,,,,,,,,,,,,,,,,,
29/09/2024,8h00,8.05,24.3,53,37.1,2.63,8.03,23,,,3.62,8.06,23.1,,,4.64,8.07,23,,,0.00,8.07,22.9,,,0.00,7.99,23.1,53,37.1,0.00,8.00,23.1,53,37.1,0.00,6.82,23.7,729,400.95,0.00,8.13,24.2,671,369.05,1,0.00
29/09/2024,10h30,,,,,,,,,,,,,,,,,,,,,,,,,,,,,,,,,,,,,,,,,,,,,,
29/09/2024,15h30,,,,,,,,,,,,,,,,,,,,,,,,,,,,,,,,,,,,,,,,,,,,,,
30/09/2024,8h00,8.05,24,53,37.1,0.12,8.03,22.6,,,1.08,8.02,22.6,,,1.19,8.01,22.4,,,0.00,8.01,22.4,,,0.00,7.98,22.4,53,37.1,0.00,7.99,22.4,53,37.1,0.00,6.69,22.8,384,211.2,0.00,8.17,23.4,641,352.55,1,0.00
01/10/24,10h00,8.03,24.6,53,37.1,,8.00,22.4,,,0.45,8.01,22.4,,,0.3,7.98,22.2,,,0.00,7.98,22.2,,,0.00,8.03,21.9,53,37.1,0.00,8.04,21.9,53,37.1,0.00,6.78,22.4,630,346.5,0.00,8.16,22.9,640,352,1,0.00
02/10/24,10h00,8.02,25.4,53.3,37.31,0.00,8.06,23.1,,,0.22,8.07,23.1,,,0.35,8.05,23,,,0.00,8.05,23,,,0.00,7.99,23.1,53.3,37.31,0.00,8.00,23.1,53.3,37.31,0.00,6.77,23.3,619,340.45,0.00,8.23,23.1,646,355.3,1,0.00
03/10/24,10h00,8.05,23.4,53.1,37.17,0.00,8.02,23.1,,,0.14,8.02,23.1,,,0.04,8.00,23,,,0.00,8.01,23,,,0.00,8.04,22.9,53.1,37.17,0.00,8.04,22.9,53.1,37.17,0.00,6.72,23.2,578,317.9,0.00,8.19,23.8,668,367.4,1,0.00
04/10/24,10h00,,,,,,,,,,,,,,,,,,,,,,,,,,,,,,,,,,,,,,,,,8.20,23.5,664,365.2,1,0.00
05/10/24,10h00,8.10,23.8,54,37.8,0.15,8.08,23,,,0.14,8.08,23,,,0.17,8.07,23.9,,,0.00,8.07,23.9,,,0.00,8.05,23.5,54,37.8,0.00,8.05,23.5,54,37.8,0.00,6.67,23.4,437,240.35,0.00,8.14,23.1,632,347.6,1,0.00
06/10/24,10h00,8.05,24.7,53.1,37.17,0.00,8.03,23.1,,,1.02,8.04,23.1,,,0.91,8.07,23,,,0.00,8.07,23,,,0.00,8.00,22.9,53,37.1,0.00,8.01,23,53,37.1,0.00,6.71,23.5,675,371.25,0.00,8.14,23.9,710,390.5,1,0.00
07/10/24,10h00,8.03,25.2,53.2,37.24,0.22,8.08,23.5,,,0.45,8.07,23.5,,,0.23,8.07,23.3,,,0.00,8.07,23.3,,,0.00,8.04,25,53.1,37.17,0.00,8.05,23,53.1,37.17,0.00,6.72,23.5,672,369.6,0.00,8.29,24.2,724,398.2,1,0.00
08/10/24,10h00,8.05,24.4,53.1,37.17,0.21,8.06,23,,,0.6,8.06,23,,,0.64,8.05,22.9,,,0.00,8.05,22.9,,,0.00,8.03,22.9,53,37.1,0.00,8.03,22.9,53,37.1,0.00,6.74,23.6,658,361.9,0.00,8.13,23.3,695,382.25,1,0.00
09/10/24,10h00,8.03,25.3,53.2,37.24,0.01,8.00,23.6,,,0.95,8.01,23.6,,,1.04,8.00,23.5,,,0.00,8.00,23.5,,,0.00,7.99,23.2,53,37.1,0.00,7.99,23.2,53,37.1,0.00,6.75,23.8,413,227,0.00,8.01,24.5,672,369.6,1,0.00
10/10/24,10h00,,,,,,,,,,,,,,,,,,,,,,,,,,,,,,,,,,,,,,,,,,,,,,
11/10/24,10h00,,,,,,,,,,,,,,,,,,,,,,,,,,,,,,,,,,,,,,,,,,,,,,
12/10/24,10h00,8.06,25.1,53.6,37.52,0.16,8.05,24.9,,,0.88,8.05,24.9,,,0.73,8.04,24.8,,,0.00,8.04,24.8,,,0.00,8.00,24.4,53.5,37.45,0.00,8.00,24.4,53.5,37.45,0.00,6.72,24.1,362,199,0.00,7.96,24.3,670,368.5,0.9,0.00
13/10/2024,10h00,8.11,25.7,53.4,37.38,0.01,8.12,23.8,,,0.76,8.10,23.6,,,0.22,8.10,23.6,,,0.00,8.10,23.6,,,0.00,8.06,23.5,53.4,37.38,0.00,8.09,23.5,53.3,37.31,0.00,6.68,23.9,481,265,0.00,8.30,24.5,681,374.55,0.9,0.00
14/10/2024,10h00,8.04,26.7,53.3,37.31,0.01,8.03,24,,,0.83,8.04,24,,,0.56,8.02,24.1,,,0.00,8.02,24.2,,,0.00,8.00,23.4,53.4,37.38,0.00,7.98,23.4,53.4,37.38,0.00,6.74,24.1,431,237,0.00,8.00,24.7,675,371.25,0.9,0.00
15/10/2024,10h00,8.08,24.8,53.5,37.45,0.01,8.07,23.5,,,0.47,8.07,23.5,,,0.5,8.06,23.5,,,0.00,8.06,23.5,,,0.00,8.05,23.2,53.5,37.45,0.00,8.04,23.3,53.5,37.45,0.00,6.70,23.9,427,235,0.00,8.06,24.4,669,367.95,0.9,0.00
16/10/2024,10h00,8.06,26.3,53.6,,0.09,8.08,24,,,0.31,8.09,24,,,0.33,8.07,23.9,,,0.00,8.07,23.9,,,0.00,8.07,23.5,53.4,37.38,0.00,8.08,23.5,53.4,37.38,0.00,6.75,23.9,560,308.00,0.00,8.04,24.6,663,364.65,0.9,0.00
17/10/2024,10h00,8.13,25.2,53.7,37.59,0.14,8.12,24.4,,,0.12,8.10,24.2,,,0.17,8.08,24.3,,,0.00,8.05,24.3,,,0.00,7.99,24.4,53.6,37.52,0.00,7.99,24.4,53.6,37.52,0.00,6.71,24.5,401,220.55,0.00,8.26,24.7,789,433.95,1,0.00
18/10/2024,10h00,,,,,,,,,,,,,,,,,,,,,,,,,,,,,,,,,,,,,,,,,,,,,,
19/10/2024,10h00,8.09,22.6,53.6,37.52,0.13,8.08,22.2,,,0.84,8.08,22.3,,,0.61,8.06,22.4,,,0.00,8.06,22.4,,,0.00,8.00,22.8,53.4,37.38,0.00,8.00,22.9,53.4,37.38,0.00,6.78,23.5,418,229.90,0.00,8.01,23.6,613,337.15,1,0.00
20/10/2024,10h00,8.10,24.1,53.4,37.38,0.10,8.08,23.4,,,0.13,8.09,23.3,,,0.12,8.06,23.2,,,0.00,8.06,23.4,,,0.00,8.02,23.2,53.4,37.38,0.00,8.02,23.4,53.4,37.38,0.00,6.61,23.5,653,359.15,0.00,8.06,23.6,633,348.15,1,0.00
21/10/2024,10h00,8.10,23.3,53.1,37.17,0.01,8.09,22.7,,,0.52,8.09,22.7,,,0.42,8.06,22.5,,,0.00,8.06,22.5,,,0.00,8.15,22.3,53.1,37.17,0.00,8.14,22.4,53.1,37.17,0.00,6.75,22.8,683,375.65,0.00,8.27,20.7,604,332.20,1,0.00
22/10/2024,10h00,8.09,23.1,53,37.1,0.01,8.08,22.3,,,0.24,8.07,22.3,,,0.15,8.07,22.1,,,0.00,8.07,22.1,,,0.00,8.06,22,53,37.1,0.00,8.07,22.1,53,37.1,0.00,6.61,22.6,432,237.60,0.00,8.01,23.2,592,325.60,1,0.00
23/10/2024,10h00,8.10,23.7,53.3,37.31,0.01,8.09,22.5,,,0.37,8.08,22.5,,,0.36,8.07,22.2,,,0.00,8.07,22.2,,,0.00,8.05,22.1,53.1,37.17,0.00,8.06,22.2,53.1,37.17,0.00,6.68,22.6,626,344.30,0.00,8.00,23,595,327.25,1,0.00
24/10/2024,10h00,8.07,23.2,53.2,37.24,0.01,8.05,22.4,,,0.09,8.06,22.4,,,0.13,8.03,23.3,,,0.00,8.03,2.3,,,0.00,8.02,22,53.2,37.24,0.00,8.02,22,53.2,37.24,0.00,6.75,22.6,458,251.90,0.00,7.98,21.8,598,328.90,1,0.00
25/10/2024,10h00,,,,,,,,,,,,,,,,,,,,,,,,,,,,,,,,,,,,,,,,,,,,,,
26/10/2024,10h00,8.10,22.1,53.1,37.17,0.11,8.08,22,,,0.12,8.08,22.1,,,0.14,8.08,22.2,,,0.00,8.06,22.2,,,0.00,8.02,22.2,53.1,37.17,0.00,8.02,22.1,53.1,37.17,0.00,6.87,22.9,645,354.75,0.00,8.07,23.1,591,325.05,1,0.00
27/10/2024,10h00,8.10,23,53,37.1,0.16,8.09,22.8,,,0.41,8.08,23,,,0.31,8.06,22.8,,,0.00,8.06,22.6,,,0.00,8.06,22.4,53,37.1,0.00,8.06,22.6,53,37.1,0.00,6.65,22.4,416,228.80,0.00,8.08,22.3,591,325.05,1,0.00
28/10/2024,10h00,8.17,24.5,53.1,37.17,0.01,8.16,21.9,,,0.53,8.16,21.9,,,0.39,8.14,21.8,,,0.00,8.14,21.9,,,0.00,8.12,21.9,53.1,37.17,0.00,8.12,21.9,53.1,37.17,0.00,6.69,22.3,494,271.70,0.00,8.02,22,561,308.55,0.9,0.00
29/10/2024,10h00,8.19,24.2,53,37.1,0.01,8.17,22,,,1.02,8.16,22,,,0.98,8.14,22,,,0.00,8.14,22,,,0.00,8.13,21.7,53,37.1,0.00,8.13,21.7,53,37.1,0.00,6.64,22.3,643,353.65,0.00,8.09,22.7,550,302.50,1,0.00
30/10/2024,10h00,8.14,24.4,53.3,37.31,0.02,8.13,22.4,,,0.75,8.13,22.4,,,0.83,8.11,22.2,,,0.00,8.11,22.2,,,0.00,8.09,21.9,53.3,37.31,0.00,8.09,21.9,53.3,37.31,0.00,6.65,22.2,471,259.05,0.00,8.03,23,551,303.05,1,0.00
31/10/2024,10h00,8.16,23.5,53.3,37.31,,8.14,21.9,,,,8.14,21.9,,,,8.13,21.9,,,0.00,8.13,21.9,,,0.00,8.11,21.7,53.1,37.17,0.00,8.40,21.8,53.1,37.17,0.00,6.62,22.2,361,198.55,0.00,7.99,22.5,553,304.15,1,0.00
01/11/24,10h00,8.16,23.8,53,37.1,0.17,8.16,22.5,,,0.2,8.15,22.5,,,0.18,8.11,22.4,,,0.00,8.14,22.4,,,0.00,8.13,22.3,53,37.1,0.00,8.12,22.3,53,37.1,0.00,6.72,22.2,327,179.85,0.00,8.02,22.5,553,304.15,1,0.00
02/11/24,10h00,8.19,23.5,53.1,37.17,0.18,8.18,22.5,,,0.52,8.18,22.5,,,0.41,8.15,22.4,,,0.00,8.15,22.5,,,0.00,8.16,22.2,53.1,37.17,0.00,8.15,22.3,53.1,37.17,0.00,6.62,22.6,423,232.65,0.00,8.05,22.9,542,298.1,1,0.00
03/11/24,10h00,8.13,23.7,53.2,37.24,0.05,8.12,22.2,,,0.22,8.12,22.2,,,0.17,8.10,22,,,0.00,8.10,22,,,0.00,8.11,21.5,53.2,37.24,0.00,8.11,21.5,53.2,37.24,0.00,6.65,22.3,410,225.5,0.00,8.06,22.7,516,283.8,1,0.00
04/11/24,10h00,8.02,24,53.3,37.31,0.01,8.00,22.6,,,0.24,8.00,22.6,,,,7.99,22.5,,,0.00,7.99,22.5,,,0.00,7.97,22.3,53.1,37.17,0.00,7.97,22.3,53.1,37.17,0.00,6.44,22.4,449,246.95,0.00,8.17,22.4,520,286,1,0.00
05/11/24,10h00,8.00,23.5,53.3,37.31,0.01,7.97,22.1,,,0.29,7.98,22,,,0.16,7.95,21.9,,,0.00,7.94,21.9,,,0.00,7.92,21.8,53.2,37.24,0.00,7.92,21.8,53.2,37.24,0.00,6.49,22.3,467,256.85,0.00,8.06,22.5,515,283.25,1,0.00
06/11/24,10h00,8.02,22.2,53.1,37.17,0.01,8.00,21.8,,,0.28,8.00,21.8,,,0.17,7.97,21.7,,,0.00,7.98,21.7,,,0.00,7.95,21.7,53.1,37.17,0.00,7.95,21.8,53.1,37.17,0.00,6.45,22.2,419,230.45,0.00,8.20,22.3,516,283.8,1,0.00
07/11/24,10h00,,,,,,,,,,,,,,,,,,,,,,,,,,,,,,,,,,,,,,,,,,,,,,
08/11/24,10h00,8.06,22.2,53.1,37.17,0.08,8.00,21.8,,,0.3,8.00,21.8,,,0.38,8.00,21.7,,,0.00,8.00,21.7,,,0.00,8.00,21.2,53.1,37.17,0.00,8.00,21,53.1,37.17,0.00,6.42,22.2,418,229.9,0.00,8.34,22.3,518,284.9,1,0.00
09/11/24,10h00,8.10,23.1,53,37.1,0.19,8.10,22.5,,,0.33,8.10,22.5,,,0.43,8.08,22.4,,,0.00,8.08,22.4,,,0.00,8.05,22.3,53,37.1,0.00,8.05,22.3,53,37.1,0.00,6.63,22.2,440,242,0.00,8.40,22.4,529,290.95,1,0.00
10/11/24,10h00,8.05,21.5,53.1,37.17,0.46,8.03,21.4,,,0.4,8.03,21.4,,,0.26,8.00,21.3,,,0.00,8.00,21.3,,,0.00,7.98,21.4,53.1,37.17,0.00,7.98,21.4,53.1,37.17,0.00,6.58,21.9,405,222.75,0.00,8.19,21.3,526,289.3,1,0.00
11/11/24,10h00,8.08,21.3,53.1,37.17,0.98,8.06,21.3,,,3.98,8.06,21.3,,,2.27,8.00,21.3,,,0.00,8.00,21.2,,,0.00,7.93,21.2,53,37.1,0.00,7.93,21.2,53,37.1,0.00,6.60,21.4,397,218.35,0.00,8.49,22,504,277.2,1,0.00
12/11/24,10h00,8.04,20.5,52.9,37.03,12,7.98,20.6,,,7.13,7.98,20.6,,,7.82,7.95,20.7,,,0.00,7.95,20.7,,,0.00,7.93,20.9,52.9,37.03,0.00,7.93,20.9,52.9,37.03,0.00,6.65,21.4,396,217.8,0.00,8.33,20.8,503,276.65,1,0.00
13/11/2024,10h00,8.07,21.4,53.1,37.17,3.34,8.00,21.3,,,2.34,8.00,21.2,,,2.27,7.94,21,,,0.00,7.94,21,,,0.00,7.97,20.6,53,37.1,0.00,7.96,20.6,53,37.1,0.00,6.76,21.3,345,189.75,0.00,8.31,21.9,500,275,1,0.00
14/11/2024,10h00,8.06,21.7,53.2,37.24,2.62,8.04,20.9,,,2.87,8.05,20.9,,,2.93,8.01,20.9,,,0.00,8.01,20.9,,,0.00,7.94,20.6,53,37.1,0.00,7.95,20.7,53,37.1,0.00,6.69,21.1,402,221.1,0.00,8.40,20.9,495,272.25,1,0.00
15/11/2024,10h00,8.09,21.9,53,37.1,0.98,8.08,21.6,,,0.99,8.08,21.6,,,1,8.07,21.5,,,0.00,8.07,21.5,,,0.00,8.03,21.4,53,37.1,0.00,8.03,21.3,53,37.1,0.00,6.72,21.4,407,223.85,0.00,8.40,21.9,485,266.75,1,0.00
16/11/2024,10h00,8.03,21.3,53,37.1,0.52,8.02,20.5,,,1.28,8.02,20.5,,,1.33,8.00,20.6,,,0.00,8.00,20.6,,,0.00,8.00,20.3,53.1,37.17,0.00,8.00,20.3,53.1,37.17,0.00,6.60,20.4,435,239.25,0.00,8.34,21.2,483,265.65,1,0.00
17/11/2024,10h00,8.05,22.5,53.2,37.24,0.29,8.03,21,,,1.44,8.03,21,,,1.14,8.01,20.9,,,0.00,8.01,20.9,,,0.00,7.98,20.5,53.2,37.24,0.00,7.98,20.5,53.2,37.24,0.00,6.62,21.1,397,218.35,0.00,8.26,21.5,481,264.55,1,0.00
18/11/2024,10h00,8.04,21.2,53.3,37.31,0.29,8.00,20.8,,,1.44,8.00,20.8,,,1.14,7.99,20.7,,,0.00,7.99,20.7,,,0.00,7.96,20.6,53,37.1,0.00,7.97,20.6,53,37.1,0.00,6.58,21.3,392,215.6,0.00,8.18,21.8,489,268.95,1,0.00
19/11/2024,10h00,8.04,20.9,53.3,37.31,0.43,8.00,20.7,,,0.37,8.00,20.7,,,0.33,7.98,20.6,,,0.00,7.98,20.6,,,0.00,7.95,20.7,53.3,37.31,0.00,7.96,20.7,53.3,37.31,0.00,6.55,21.2,377,207.35,0.00,8.12,21.6,484,266.2,1,0.00
20/11/2024,10h00,8.13,21.3,53.2,37.24,0.45,8.11,20.8,,,0.1,8.12,20.8,,,0.15,8.10,20.7,,,0.00,8.10,20.7,,,0.00,8.09,20.6,53.2,37.24,0.00,8.09,20.6,53.2,37.24,0.00,6.55,21.2,333,183.15,0.00,8.22,21.4,483,265.65,1,0.00
21/11/2024,10h00,8.18,20.8,53.1,37.17,0.48,8.12,20.7,,,0.45,8.12,20.7,,,0.28,8.10,20.7,,,0.00,8.10,20.7,,,0.00,8.08,20.8,53,37.1,0.00,8.08,20.8,53,37.1,0.00,6.72,20.9,386,212.3,0.00,8.33,21.2,484,266.2,1,0.00
22/11/2024,10h00,8.13,19.9,53.2,37.24,1.85,8.11,20.1,,,0.78,20.10,20.2,,,0.55,8.06,20.1,,,0.00,8.00,20.1,,,0.00,8.00,20.2,53.1,37.17,0.00,8.00,20.2,53.1,37.17,0.00,6.61,20.6,370,203.5,0.00,8.38,20.8,478,262.9,1,0.00
23/11/2024,10h00,8.13,20.8,53,37.1,0.53,8.10,20.4,,,1.61,8.10,20.4,,,0.96,8.09,20.5,,,0.00,8.09,20.5,,,0.00,8.08,20.6,53,37.1,0.00,8.08,20.6,53,37.1,0.00,6.68,21.1,346,190.3,0.00,8.25,21.3,468,257.4,1,0.00
24/11/2024,10h00,8.13,20,53.4,37.38,0.01,8.08,19.9,,,0.76,709.00,20,,,0.68,8.07,20,,,0.00,8.07,20,,,0.00,8.06,19.7,53.4,37.38,0.00,8.06,19.7,53.4,37.38,0.00,6.60,20.3,355,195.25,0.00,8.10,20.8,466,256.3,1,0.00
25/11/2024,10h00,8.12,20.6,53.3,37.31,0.01,8.11,20.1,,,0.78,8.10,20.1,,,0.55,8.09,20,,,0.00,8.08,20,,,0.00,8.06,19.8,53.2,37.24,0.00,,,,,,,,,,,8.47,21,459,252.45,0.2,0.00
26/11/2024,10h00,8.10,20.4,53.4,37.38,0.01,8.09,20.4,,,0.88,8.08,20.4,,,0.79,8.06,20.4,,,0.00,8.05,20.4,,,0.00,8.03,20.7,53.4,37.38,0.00,8.03,20.5,53.4,37.38,0.00,6.40,20.7,317,174.35,0.00,8.19,21.3,459,252.45,1,0.00
27/11/2024,10h00,8.12,20,53.4,37.38,0.29,8.10,20.2,,,0.74,8.10,20.1,,,0.62,8.10,20.1,,,0.00,8.08,20.1,,,0.00,8.08,20.1,53.4,37.38,0.00,8.05,20.1,53.4,37.38,0.00,6.48,20.5,404,222.2,0.00,8.18,21,465,255.75,1,0.00
28/11/2024,10h00,8.11,20.7,53.5,37.45,0.01,8.10,20.2,,,0.46,8.90,20.2,,,0.35,8.07,20.1,,,0.00,8.07,20.1,,,0.00,8.06,20,53.5,37.45,0.00,8.06,20.1,53.5,37.45,0.00,6.40,20.4,354,194.7,0.00,8.47,21,462,254.1,1,0.00
29/11/2024,10h00,8.13,20.6,53.2,37.24,0.44,8.10,19.8,,,0.32,8.10,19.8,,,0.27,8.08,19.9,,,0.00,8.08,19.9,,,0.00,8.07,20,53.1,37.17,0.00,8.07,20,53.1,37.17,0.00,6.44,20.2,346,190.3,0.00,8.48,20.8,462,254.1,1,0.00
30/11/2024,10h00,8.13,19.9,535,374.5,0.15,8.12,19.4,,,0.19,8.12,19.4,,,0.25,8.11,19.3,,,0.00,8.11,19.3,,,0.00,8.10,19.3,53.4,37.38,0.00,8.10,19.3,53.4,37.38,0.00,6.47,20.2,342,188.1,0.00,8.37,20.9,472,259.6,1,0.00
01/12/24,10h00,8.10,19.9,53.4,37.38,0.01,8.05,19.5,,,0.17,8.05,19.5,,,0.12,8.02,19.5,,,0.00,8.03,19.5,,,0.00,8.00,19.6,53.2,37.24,0.00,8.00,19.7,53.2,37.24,0.00,6.30,20.2,347,190.85,0.00,8.37,20.4,455,250.25,1,0.00
02/12/24,10h00,8.06,19.5,53.4,37.38,0.01,8.03,19.6,,,0.25,8.03,19.5,,,0.23,8.00,19.4,,,0.00,8.01,19.4,,,0.00,7.98,19.3,53.4,37.38,0.00,7.98,19.4,53.4,37.38,0.00,6.40,20.1,348,191.4,0.00,8.12,20.5,458,251.9,1,0.00
03/12/24,10h00,8.00,19.2,53.4,37.38,0.01,7.97,19.3,,,0.17,7.97,19.3,,,0.25,7.95,19.3,,,0.00,7.95,19.2,,,0.00,7.94,19.2,53.4,37.38,0.00,7.94,19.2,53.4,37.38,0.00,6.38,19.8,343,188.65,0.00,8.48,20.4,452,248.6,1,0.00
04/12/24,10h00,8.01,18.8,53.5,37.45,0.01,7.99,19,,,0.42,7.99,19,,,0.34,7.96,19.1,,,0.00,7.96,19.1,,,0.00,7.94,18.9,53.5,37.45,0.00,7.94,18.9,53.5,37.45,0.00,6.32,19.2,345,189.75,0.00,8.35,20,451,248.05,1,0.00
05/12/24,10h00,7.99,18.7,53.4,37.38,3.77,7.95,18.6,,,2.77,7.95,18.6,,,2.3,7.93,18.5,,,0.00,7.93,18.5,,,0.00,7.93,18.7,53.3,37.31,0.00,7.92,18.7,53.3,37.31,0.00,6.30,19.5,330,181.5,0.00,8.30,19.6,442,243.1,1,0.00
06/12/24,10h00,8.00,18,53.4,37.38,1.80,7.98,18.2,,,1.7,7.98,18.2,,,1.66,7.98,18.2,,,0.01,7.98,18.2,,,0.01,7.96,18.2,53.4,37.38,0.00,7.96,18.2,53.4,37.38,0.00,6.31,19.6,330,181.5,0.00,8.34,19.4,443,243.65,1,0.00
07/12/24,10h00,7.99,18.8,53.2,37.24,0.72,7.98,19,,,0.46,7.98,19,,,0.38,7.97,19.1,,,0.00,7.97,19.1,,,0.00,7.97,18.9,53.2,37.24,0.00,7.98,19,53.2,37.24,0.00,6.33,19.2,340,187,0.00,8.31,19.5,445,244.75,1,0.00
08/12/24,10h00,8.00,18.7,53.3,37.31,5.25,7.98,18.6,,,4.53,7.99,18.5,,,4.29,7.96,18.5,,,0.00,7.96,18.6,,,0.00,7.95,18.6,53.1,37.17,0.00,7.95,18.8,53.2,37.24,0.00,6.46,18.9,335,184.25,0.00,8.20,19.2,438,240.9,1.1,0.00
09/12/24,10h00,8.02,18.1,53.5,37.45,10.90,7.97,17.9,,,5.43,7.96,17.9,,,6.14,7.96,17.9,,,0.00,7.98,17.7,,,0.00,7.94,18,53.4,37.38,0.00,7.94,18.1,53.4,37.38,0.00,6.47,18.6,325,178.75,0.00,8.50,19.4,428,235.4,1,0.00
10/12/24,10h00,,,,,,,,,,,,,,,,,,,,,,,,,,,,,,,,,,,,6.45,18.3,315,173.25,0.00,8.23,18.8,425,233.75,1.1,0.23
11/12/24,10h00,8.01,17,53.5,,0.33,7.98,17.5,,,1.66,7.98,17.5,,,1.33,7.96,17.5,,,0.00,7.96,17.5,,,0.00,7.93,17.4,53.5,29.425,0.00,7.93,17.4,53.5,29.425,0.00,6.30,18.1,310,170.5,0.00,8.23,18.6,422,232.1,1,0.04
12/12/24,10h00,8.01,17.5,53.5,37.45,0.41,7.98,17.9,,,0.81,7.98,17.9,,,0.58,7.95,17.7,,,0.00,7.94,17.7,,,0.00,7.92,17.6,53.5,29.425,0.00,7.92,17.6,53.5,29.425,0.00,6.30,18.4,312,171.6,0.00,8.18,19,415,228.25,1,0.00
13/12/2024,10h00,8.05,17.9,53.5,37.45,0.52,8.02,17.5,,,0.62,8.02,17.5,,,0.44,8.00,17.9,,,0.00,8.00,17.9,,,0.00,7.99,17.8,53.5,29.425,0.00,7.99,17.8,53.5,29.425,0.00,6.24,18.5,310,170.5,0.00,8.33,18.7,416,228.8,1,0.05
14/12/2024,10h00,8.05,17.8,53.5,37.45,0.62,7.97,17.5,,,1.17,7.97,17.5,,,0.92,7.96,17.6,,,0.00,7.96,17.6,,,0.00,7.95,17.8,53.5,29.425,0.00,7.95,17.8,53.5,29.425,0.00,6.32,18,281,154.55,0.00,8.20,18.4,411,226.05,1,0.02
15/12/2024,10h00,8.04,17.1,53.5,37.45,0.01,8.02,17.5,,,0.58,8.02,17.5,,,0.45,7.99,17.4,,,0.00,7.99,17.4,,,0.00,7.96,17.4,53.4,37.38,0.00,7.97,17.4,53.4,37.38,0.00,6.37,18,302,166.1,0.00,8.27,18.5,408,224.4,1,0.07
16/12/2024,10h00,8.00,17.5,53.6,37.52,0.15,8.00,17.4,,,1.14,8.03,17.2,,,1.65,8.04,17.5,,,0.00,8.04,17.7,,,0.00,8.04,17.8,53.3,37.31,0.00,8.03,17.7,53.4,37.38,0.00,6.33,17.8,390,214.5,0.00,8.40,18.2,405,222.75,1,0.00
17/12/2024,10h00,7.99,17.1,53.7,37.59,0.10,7.96,17.4,,,1.23,7.96,17.3,,,0.9,7.95,17.1,,,0.00,7.95,17.1,,,0.00,7.93,17.1,53.7,37.59,0.00,7.93,17.1,53.6,37.52,0.00,6.42,17.6,298,163.9,0.00,8.17,18.1,405,222.75,1,0.33
18/12/2024,10h00,8.00,16.5,53.8,37.66,0.12,7.98,16.8,,,0.92,7.98,16.8,,,0.88,7.95,16.9,,,0.00,7.95,16.9,,,0.00,7.93,17.2,53.8,37.66,0.00,7.92,17.2,53.8,37.66,0.00,6.40,17.6,297,163.35,0.00,8.18,18.1,398,218.9,1,0.00
19/12/2024,10h00,8.00,17.1,53.6,37.52,0.01,7.98,17.2,,,0.62,7.98,17.2,,,0.48,7.95,17.2,,,0.00,7.95,17.2,,,0.00,7.94,17.3,53.6,37.52,0.00,7.93,17.3,53.6,37.52,0.00,6.35,17.7,296,162.8,0.00,8.13,17.8,400,220,1,0.00
20/12/2024,10h00,,,,,,,,,,,,,,,,,,,,,,,,,,,,,,,,,,,,,,,,,8.27,18.6,403,221.65,1,0.40
21/12/2024,10h00,7.99,17.1,53.6,,0.75,7.97,18.6,,,1.34,8.01,18.5,,,1.28,8.01,17.2,,,0.00,8.00,17.5,,,0.00,8.00,17.2,53.6,,0.00,7.99,17.3,53.6,37.52,0.00,6.50,17.3,300,165,0.00,8.15,18,395,217.25,1,0.00
22/12/2024,10h00,8.04,16.4,55.9,,1.03,8.02,16.6,,,0.85,8.02,16.6,,,0.72,8.01,16.6,,,0.00,8.00,16.6,,,0.00,7.96,16.8,55.3,,0.00,7.97,16.8,55.9,39.13,0.00,6.33,17.5,300,165,0.00,8.45,18.1,413,227.15,1,0.00
23/12/2024,10h00,8.01,16.8,55.9,39.13,1.08,7.99,17,,,0.9,7.98,17,,,0.62,7.97,17,,,0.00,7.97,17,,,0.00,7.94,17.1,55.9,39.13,0.00,7.95,17.1,55.9,39.13,0.00,6.45,17.7,298,163.9,0.00,8.25,18,409,224.95,1,0.15
24/12/2024,10h00,7.99,17,56.1,,4.05,7.97,16.9,,,2.62,7.97,16.9,,,3.11,7.96,17,,,0.00,7.95,17,,,0.00,7.94,17,55.9,39.13,0.00,7.94,17,55.9,39.13,0.00,6.62,17.3,298,163.9,0.00,8.43,17.9,411,226.05,1,0.00
25/12/2024,10h00,8.00,16.6,56,39.2,1.71,7.98,16.7,,,2.39,7.97,16.7,,,2.58,7.94,16.6,,,0.13,7.95,16.6,,,0.03,7.93,17,55.9,39.13,0.03,7.93,17,55.9,39.13,0.04,6.65,17.7,296,162.8,0.00,8.40,17.7,405,222.75,1,0.11
26/12/2024,10h00,8.02,16.6,55.8,39.06,0.94,7.98,16.7,,,1.36,7.97,16.7,,,1.25,7.95,16.7,,,0.00,7.95,16.7,,,0.00,7.95,16.7,55.8,39.06,0.00,7.93,16.7,55.8,39.06,0.00,6.45,16.9,310,170.5,0.00,8.47,17.7,410,287,1,0.13
27/12/2024,10h00,8.02,16.7,56.1,39.27,0.63,7.98,16.7,,,0.94,7.99,16.7,,,0.97,7.96,16.6,,,0.08,7.95,16.6,,,0.05,7.94,16.6,56.1,39.27,0.66,7.94,16.6,56,39.2,0.42,6.40,17.2,298,163.9,0.02,8.22,17.9,405,283.5,1,0.19
28/12/2024,10h00,8.06,16.9,56.2,39.34,0.52,8.02,16.6,,,0.94,8.01,16.6,,,0.69,7.97,16.6,,,0.07,7.97,16.6,,,0.07,7.95,16.8,56.1,39.27,0.03,7.94,16.8,56.1,39.27,0.02,6.33,17.4,293,161.15,0.01,8.36,17.5,408,285.6,1,0.26
29/12/2024,10h00,8.04,16.4,56,39.2,1.32,7.97,16.4,,,0.69,7.97,16.4,,,0.94,7.94,16.3,,,0.06,7.94,16.3,,,0.09,7.98,16.3,56,39.2,0.00,7.99,16.3,56,39.2,0.00,6.52,17.1,290,159.5,0.00,8.28,17.9,410,287,1,0.40
30/12/2024,10h00,8.01,16.1,56.2,39.34,0.45,8.00,16.3,,,0.77,8.00,16.3,,,0.76,7.98,16.3,,,0.22,7.97,16.3,,,0.19,8.02,16.3,56.2,39.34,0.15,8.02,16.3,56.2,39.34,0.14,6.55,17,290,159.5,0.00,8.27,17.9,431,301.7,1,0.47
31/12/2024,10h00,8.09,16.5,56.2,39.34,0.67,8.02,16.6,,,0.65,8.02,16.5,,,0.56,8.00,16.5,,,0.06,7.99,16.5,,,0.05,7.96,16.5,56.1,39.27,0.06,7.96,16.5,56.1,39.27,0.03,6.50,17.5,291,160.05,0.00,8.27,17.9,407,223.85,1,0.31
1/1/2025,8h00,8.06,16.1,56,39.2,0.67,8.02,16.4,,,0.9,8.02,16.4,,,0.69,8.01,16.4,,,0.08,8.01,16.5,,,0.09,8,16.5,56,39.2,0.02,8,16.5,56,39.2,0.01,6.52,17.3,276,151.8,0.01,8.39,17.1,405,222.75,1,0.32
1/1/2025,10h00,8.02,16.2,56,39.2,0.74,8.03,16.3,,,1.02,8.03,16.3,,,0.85,8.02,16.3,,,0.06,8.02,16.3,,,0.05,8.02,17,56,39.2,0.01,8.02,17,56,39.2,0.01,6.54,17.5,276,151.8,0.01,8.25,17.7,404,222.2,1,0.23
1/1/2025,14h00,8.04,16.8,56,39.2,0.72,8.03,17.5,,,0.92,8.03,17.5,,,0.85,8.02,17.6,,,0.03,8.02,17.6,,,0.03,8.01,17.7,56,39.2,0.01,8.01,17.7,56,39.2,0.01,6.35,18,296,162.8,0.01,8.27,18.2,404,222.2,1,0.20
2/1/2025,8h00,8.02,15.8,56,39.2,0.48,7.96,16.2,,,0.69,7.96,16.2,,,0.82,7.95,16.5,,,0.03,7.95,16.5,,,0.03,7.94,17,56,39.2,0.01,7.94,17,56,39.2,0.01,6.32,17.4,296,162.8,0.01,8.12,17.5,404,222.2,1,0.12
2/1/2025,10h00,8.01,16.4,56.2,39.34,0.52,7.99,16.4,,,0.76,8.00,16.4,,,0.72,7.99,16.4,,,0.13,7.97,16.6,,,0.14,7.97,16.6,56,39.2,0.06,7.95,16.6,56,39.2,0.08,6.53,17.2,289,158.95,0.01,8.34,17.5,394,216.7,1,0.26
2/1/2025,14h00,7.99,17.3,56.2,39.34,0.78,7.99,17.1,,,0.44,7.98,17.1,,,0.40,7.97,17,,,0.03,7.96,17.1,,,0.11,7.95,17.2,56.1,39.27,0.06,7.94,17.3,56,39.2,0.02,6.53,17.2,289,158.95,0.01,7.59,17.8,489,268.95,1,0.37
3/1/2025,8h00,8.05,15.9,56,39.2,1.53,8,16.2,,,0.94,8,16.2,,,1.16,8,16.5,,,0.28,8,16.4,,,0.25,7.98,16.5,56,39.2,0.10,7.96,16.5,56,39.2,0.12,6.31,17,296,162.8,0.06,7.5,17.3,451,248.05,1,0.26
3/1/2025,10h00,,,,,,,,,,,,,,,,,,,,,,,,,,,,,,,,,,,,,,,,,7.80,17.7,414,227.7,1,0.35
4/1/2025,8h00,8.08,16,56.1,39.27,0.93,8,16.5,,,0.7,8,16.5,,,1.01,8,16.8,,,0.09,8,16.8,,,0.08,7.98,16.6,56,39.2,0.06,7.96,16.7,56,39.2,0.07,6.22,16.9,349,191.95,0.06,8.48,17,403,221.65,1,0.23
4/1/2025,10h00,,,,,,,,,,,,,,,,,,,,,,,,,,,,,,,,,,,,,,,,,8.38,17.5,423,232.65,1,0.19
5/1/2025,8h00,8.07,15.9,56.6,39.62,0.72,8.02,16.6,,,0.59,8.02,16.6,,,0.75,8,16.6,,,0.05,8,16.6,,,0.03,7.99,16.7,56.5,39.55,0.02,7.99,16.7,56.5,39.55,0.02,6.52,17,269,147.95,0.01,,,,,,
5/1/2025,10h00,8.01,16.4,56.2,39.34,0.52,7.99,16.4,,,0.76,8.00,16.4,,,0.72,7.99,16.4,,,0.13,7.97,16.6,,,0.14,7.97,16.6,56,39.2,0.06,7.95,16.6,56,39.2,0.08,6.53,17.2,289,158.95,0.01,8.29,18.2,406,223.3,1,0.24
5/1/2025,14h00,7.99,17.3,56.2,39.34,0.78,7.99,17.1,,,0.44,7.98,17.1,,,0.40,7.97,17,,,0.03,7.96,17.1,,,0.11,7.95,17.2,56.1,39.27,0.06,7.94,17.3,56,39.2,0.02,6.48,17.5,426,234.3,0.01,,,,,,
6/1/2025,8h00,8,16,56,39.2,0.7,7.97,16.7,,,0.62,7.96,16.7,,,0.89,7.94,16.7,,,0.12,7.93,16.7,,,0.14,7.93,16.7,56,39.2,0.07,7.93,16.7,56,39.2,0.10,6.32,16.9,280,154,0.09,8.27,18.5,402,221.1,1,0.09
6/1/2025,10h00,8.04,16.1,56,39.2,0.74,8.03,16.4,,,1.02,,,,,,8.01,16.4,,,0.06,,,,,,8.00,16.5,56,39.2,0.01,,,,,,,,,,,,,,,,
6/1/2025,14h00,8.04,16.8,56,39.2,0.72,8.03,17.5,,,0.92,,,,,,8.02,17.6,,,0.03,,,,,,8.01,17.7,56,39.2,0.01,,,,,,,,,,,,,,,,
7/1/2025,8h00,8.08,17.3,56,39.2,0.69,8.02,16.5,,,0.49,,,,,,8,16.6,,,0.19,,,,,,8,16.5,56,39.2,0.12,,,,,,6.31,17.9,279,153.45,0.15,7.87,18.6,692,380.6,1,0.39
7/1/2025,10h00,8.04,17.2,56,39.2,0.72,8.02,16.8,,,0.65,,,,,,,16.8,,,0.08,,,,,,,16.8,56,39.2,0.11,,,,,,,,,,,7.97,18.7,531,292.05,1,0.11
7/1/2025,14h00,8.04,16.9,56,39.2,0.66,8.03,17.6,,,0.52,,,, ,,8.02,17.6,,,0.08,,,,,,8.01,17.7,56,39.2,0.02,,,,,,,,,,,,,,,,
8/1/2025,8h00,8.02,16.9,55.9,39.13,0.88,8.02,16.6,,,0.64,,,,,,7.99,16.8,,,0.24,,,,,,8.01,17.6,55.9,39.13,0.35,,,,,,6.21,17.7,274,150.7,0.17,8.08,18.4,466,256.3,1,0.38
8/1/2025,10h00,8.06,17,55.9,39.13,0.91,,,,,,8.05,16.9,,,0.88,,,,,,8.02,16.7,,,0.37,,,,,,8.02,17.7,55.8,39.06,0.12,6.40,17.7,302,166.1,0.31,,,,,,
8/1/2025,14h00,8.00,17.3,55.9,39.13,0.76,,17.2,,,,7.99,17.2,,,0.44,,,,,,7.98,17.1,,,0.14,,,,,,7.98,17.8,55.9,39.13,0.09,,,,,,,,,,,
9/1/2025,8h00,8.02,17,55.9,39.13,0.72,8.02,16.8,,,0.58,,,,,,7.99,16.8,,,0.18,,,,,,8.01,17.6,55.9,39.13,0.10,,,,,,,,,,,8.23,18.3,456,250.8,1,0.51
9/1/2025,10h00,8.04,17,55.9,39.13,0.67,8.00,16.7,,,0.22,,,,,,8,16.8,,,0.09,,,,,,8,17.6,,,0.08,,,,,,6.53,17.6,290,159.5,0.08,,,,,,
9/1/2024,14h00,8.00,17.3,55.9,39.13,0.76,,17.2,,,,7.99,17.2,,,0.44,7.99,17.2,,,,7.98,17.1,,,0.14,8.00,17.7,55.9,39.13,0.11,,,,,,,,,,,,,,,,
10/1/2024,8h00,8,17,56,39.2,0.77,,,,,,,,,,,,,,,,,,,,,,,,,,,,,,,,,,,,8.28,17.9,495,272.25,1,0.32
10/1/2024,10h00,,,,,,,,,,,,,,,,,,,,,,,,,,,,,,,,,,,,6.46,17.6,350,192.5,0.08,,,,,,
11/1/2025,8h00,8.02,17.1,56,39.2,0.89,,,,,,,,,,,,,,,,,,,,,,,,,,,,,,,6.56,17.7,311,171.05,0.09,8.35,17.7,495,272.25,1,0.65
12/1/2025,8h00,8.08,17,55.9,39.13,1.22,,,,,,,,,,,,,,,,,,,,,,,,,,,,,,,,,,,,8.2,17.7,472,259.6,1,0.18
12/1/2025,10h00,,,,,,,,,,,,,,,,,,,,,,,,,,,,,,,,,,,,6.48,17.5,426,234.3,0.01,,,,,,
13/01/2025,8h00,,,,,,,,,,,,,,,,,,,,,,,,,,,,,,,,,,,,,,,,,8.26,17.5,444,244.2,1,0.26
14/01/2025,8h00,,,,,,,,,,,,,,,,,,,,,,,,,,,,,,,,,,,,,,,,,8.29,16.7,457,251.35,1,0.14
15/01/2025,8h00,,,,,,,,,,,,,,,,,,,,,,,,,,,,,,,,,,,,,,,,,8.32,16.9,404,222.2,1.2,0.21
16/01/2025,8h00,8.04,15.4,56.1,39.27,1.04,8.02,16.1,,,1.44,8.02,16.1,,,1.18,8,16.2,,,0.02,8,16.2,,,0.03,7.99,16.3,56.2,39.34,0.01,7.99,16.3,56.2,39.34,0.01,6.5,16.6,273,150.15,0.01,8.09,17,540,297,0.9,0.20
16/01/2025,10h00,8.12,15.5,55.6,38.92,0.31,8.10,16,,,1,8.11,16.1,,,1.15,8.12,16,,,0.01,8.12,16,,,0.01,8.13,16,55.6,38.92,0.01,8.11,16,55.6,38.92,0.01,7.11,16.9,323,177.65,0.01,8.07,17.1,427,234.85,0.9,0.29
16/01/2025,14h00,8.12,16,55.6,38.92,0.35,8.10,16.3,,,1.02,8.11,16.3,,,1.17,8.12,16.3,,,0.01,8.11,16.3,,,0.01,8.03,16.6,56.1,39.27,0.01,8.06,16.7,56,39.2,0.01,7.18,16.8,248,136.4,0.01,8.40,17.3,416,228.8,1,0.15
17/01/2025,14h00,8.12,16,55.6,38.92,0.35,8.10,16.3,,,1.02,8.11,16.3,,,1.17,8.12,16.3,,,0.01,8.11,16.3,,,0.01,8.03,16.6,56.1,39.27,0.01,8.06,16.7,56,39.2,0.01,7.18,16.8,248,136.4,0.01,8.40,17.3,416,228.8,,0.15
18/01/2025,8h00,8.15,15.4,56.9,39.83,0.45,8.13,16.1,,,1.33,8.13,16.1,,,2.1,8.12,16.2,,,0.02,8.12,16.2,,,0.01,8.1,16.3,56.6,39.62,0.01,8.1,16.3,56.6,39.62,0.01,7.12,16.6,259,142.45,0.01,8.24,16.7,480,264,1,0.07
18/01/2025,10h00,8.14,15.4,56.6,39.62,1.45,8.13,15.8,,,1.57,8.13,15.8,,,2.08,8.12,16.2,,,0.03,8.12,16.2,,,0.03,8.09,16.4,56.6,39.62,0.01,8.10,16.4,56.6,39.62,0.01,7.13,16.4,245,134.75,0.01,8.19,16.9,417,229.35,1,0.07
18/01/2025,14h00,8.17,15.4,55.5,38.85,8.62,8.16,15.9,,,9,8.16,15.9,,,7.79,8.15,15.9,,,0.04,8.15,15.9,,,0.02,8.13,16,55.4,38.78,0.02,8.13,16,55.4,38.78,0.01,7.18,16.6,280,154,0.01,8.21,17.1,418,229.9,,0.09
19/01/2025,8h00,8.15,15.6,54.7,38.29,10.3,8.11,15.5,,,10.1,8.1,15.5,,,10,8,15.7,,,0.21,8.01,15.7,,,0.22,7.97,15.7,55.1,38.57,0.10,7.96,15.7,55,38.5,0.09,6.86,16.2,413,227.15,0.07,8.47,16.5,482,265.1,0.9,0.44
19/01/2025,10h00,8.14,16,54.1,37.87,12.80,8.07,15.6,,,10.3,8.07,15.6,,,9.41,8.02,15.3,,,0.31,8.02,15.9,,,0.48,7.95,16,54.7,38.29,0.10,7.99,16,54.7,38.29,0.11,6.50,16.2,260,143,0.05,8.40,17.7,482,265.1,0.9,0.15
19/01/2025,14h00,8.09,16.3,55.1,38.57,10.30,8.02,16.1,,,10.3,8.04,16.1,,,8.62,8.04,16.1,,,0.91,8.04,16.1,,,0.91,8.04,16,54.9,38.43,0.22,8.04,16.1,54.9,38.43,0.21,6.60,16.4,253,139.15,0.06,8.25,16.7,394,216.7,0.9,0.01
20/01/2025,8h00,8.1,15.1,55.8,39.06,7.5,8.08,15,,,5.28,8.08,15,,,5.3,8,15,,,0.21,8,15,,,0.22,7.99,15,55.8,39.06,0.20,7.98,15.1,55.7,38.99,0.19,6.3,16.4,289,158.95,0.00,8.35,16.5,384,211.2,1,0.13
20/01/2025,10h00,8.06,16.3,55.8,39.06,7.36,8.03,16,,,5.96,8.04,15.8,,,5.87,8.03,15.7,,,0.33,8.02,15.6,,,0.19,8.06,15.9,55.8,39.06,0.00,8.05,15.9,55.7,38.99,0.00,6.55,16.3,289,158.95,0.00,8.37,17.2,384,211.2,1.1,0.00
20/01/2025,14h00,8.08,17.2,55.7,38.99,10.10,8.02,15.7,,,3.34,8.01,15.7,,,3.3,7.98,15.8,,,0.18,7.97,15.7,,,0.15,8.08,16.1,55.7,38.99,0.01,8.07,16.1,55.7,38.99,0.01,6.63,16.6,267,146.85,0.01,8.21,17,390,214.5,1,0.01
21/01/2025,8h00,8.14,16.5,55.4,38.78,4.34,8.09,16.1,,,3.86,8.09,16.1,,,3.22,8.1,16,,,0.00,8.1,16,,,0.00,8.08,16,55.4,38.78,0.00,8.08,16,55.4,38.78,0.00,6.72,16.4,260,143,0.00,8.34,16.9,540,297,1.1,0.90
21/01/2025,10h00,8.10,17,55.9,39.13,5.29,8.09,16.3,,,4.32,8.09,16.3,,,4.82,8.06,16.3,,,0.00,8.06,16.3,,,0.00,8.04,16.6,55.8,39.06,0.00,8.04,16.6,55.8,39.06,0.00,6.75,16.7,282,155.1,0.00,8.19,17.1,509,279.95,1.2,0.00
21/01/2025,14h00,8.10,19.1,55.9,39.13,1.85,8.08,18,,,4.55,8.08,18,,,4.22,8.07,18,,,0.00,8.07,18,,,0.00,8.07,17.3,55.9,39.13,0.00,8.07,17.3,55.9,39.13,0.00,6.86,17.3,280,154,0.00,8.23,17.6,443,243.65,1,0.00
22/01/2025,8h00,8.17,16.3,55.4,38.78,1.82,8.12,16,,,3.2,8.12,16,,,2.99,8.1,16,,,0.00,8.1,16,,,0.00,8.08,16.1,55.4,38.78,0.00,8.08,16.1,55.4,38.78,0.00,6.77,16.4,276,151.8,0.00,8.46,17,410,225.5,1.1,0.62
22/01/2025,10h00,8.19,17.1,55.5,38.85,2.64,8.18,16.3,,,2.28,8.17,16.3,,,2.01,8.09,16.4,,,0.00,8.09,16.4,,,0.00,8.14,16.4,55.4,38.78,0.00,8.18,16.4,55.4,38.78,0.00,6.83,16.9,300,165,0.00,8.47,17.5,392,215.6,1,0.07
22/01/2025,14h00,8.14,20.1,55.9,39.13,1.31,8.04,17.8,,,2.18,8.03,17.8,,,2,8.09,17.7,,,0.00,8.08,17.7,,,0.00,8.08,17.1,55.5,38.85,0.00,8.08,17.2,55.5,38.85,0.00,6.39,17.3,241,132.55,0.00,8.36,17.7,395,217.25,1,0.00
23/01/2025,8h00,8.1,17.6,54.9,38.43,0.4,8.08,16.4,,,2.4,8.07,16.4,,,2.3,8.07,16.5,,,0.00,8.01,16.5,,,0.00,8,16.5,54.8,38.36,0.00,6,16.6,54.8,38.36,0.00,6.5,16.7,380,209,0.00,8.37,17,387,212.85,1,0.07
23/01/2025,10h00,8.10,17.7,54.5,38.15,0.35,8.08,16.4,,,2.33,8.08,16.4,,,2.21,8.07,16.5,,,0.00,8.07,16.5,,,0.00,8.06,16.5,54.5,38.15,0.00,8.06,16.5,54.5,38.15,0.00,6.76,16.7,350,192.5,0.00,8.45,17.5,390,214.5,1,0.08
23/01/2025,14h00,8.06,18.5,55.4,38.78,1.59,8.10,16.8,,,2.32,8.10,16.8,,,2.19,8.09,16.8,,,0.00,8.09,16.8,,,0.00,8.08,16.8,55.6,38.92,0.00,8.08,16.9,55.6,38.92,0.00,6.68,17.5,269,147.95,0.00,8.47,17.6,412,226.6,1,0.10
24/01/2025,8h00,8.11,17.1,55.8,39.06,0.3,8.08,16.5,,,0.96,8.07,16.5,,,0.9,8.04,16.5,,,0.31,8.04,16.5,,,0.30,8.03,16.4,55.9,39.13,0.00,8.02,16.4,55.8,39.06,0.00,6.5,17,490,269.5,0.00,8.47,17.2,394,216.7,1.1,0.00
24/01/2025,10h00,8.11,16.6,55.9,30.74,0.39,8.10,16.5,,,1.01,8.10,16.5,,,0.96,8.08,16.5,,,0.28,8.08,16.5,,,0.22,8.01,16.4,55.2,,0.00,8.02,16.3,55.3,38.71,0.00,6.54,17.1,286,157.3,0.00,8.45,17.1,390,214.5,1,0.00
24/01/2025,14h00,,,,0,,,,,,,,,,,,,,,,0.00,,,,,0.00,,,,0,0.00,,,,0,0.00,,,,0,0.00,,,,0,1,
25/01/2025,8h00,8.12,17.2,55.9,39.13,0.83,8.09,16.6,,,0.77,8.1,16.5,,,0.7,8.08,16.5,,,0.00,8.07,16.5,,,0.00,8.02,16.3,55.8,39.06,0.00,8.01,16.3,55.7,38.99,0.00,7,17.1,340,187,0.00,8.37,17,396,217.8,1.1,0.00
25/01/2025,10h00,8.15,17.2,55.9,30.74,0.80,8.10,16.6,,,0.53,8.10,16.5,,,0.52,8.07,16.5,,,0.10,8.07,16.5,,,0.11,8.05,16.7,55.8,,0.00,8.06,16.7,55.7,38.99,0.00,6.57,17.2,279,153.45,0.00,8.39,17.7,394,216.7,1.1,0.01
25/01/2025,14h00,8.10,18.4,55.6,38.92,0.30,8.08,16.5,,,1.12,8.07,16.6,,,1.01,8.06,16.7,,,0.09,8.06,16.7,,,0.06,8.00,16.8,55.4,38.78,0.00,8.01,16.8,55.5,38.85,0.00,6.50,17.2,277,152.35,0.00,8.40,17.1,501,275.55,1,0.02
26/01/2025,8h00,8.11,17,55.9,39.13,0.73,8.09,16.5,,,0.62,8.09,16.5,,,0.55,8.08,16.5,,,0.00,8.08,16.5,,,0.00,8.08,16.3,55.8,39.06,0.00,8.08,16.3,55.7,38.99,0.00,7,16.5,300,165,0.00,8.35,17.2,395,217.25,1,0.08
26/01/2025,10h00,8.27,17.1,55.8,39.06,1.44,8.16,16.7,,,1.15,8.18,16.4,,,1.15,8.19,16.4,,,0.00,8.21,16.6,,,0.00,8.21,16.7,55.6,38.92,0.00,8.24,16.6,55.7,38.99,0.00,6.37,16.9,284,156.2,0.00,8.38,17.3,419,230.45,1,0.03
26/01/2025,14h00,8.13,18.6,55.6,38.92,0.41,8.16,17,,,1.66,8.19,17.2,,,0.63,8.20,17.4,,,0.00,8.20,17.4,,,0.00,8.21,17.1,55.6,38.92,0.00,8.22,17.1,22.6,15.82,0.00,6.59,17.5,272,149.6,0.00,8.36,17.9,395,217.25,1,0.15
27/01/2025,8h00,8.12,16.4,55.6,38.92,0.62,8.1,16.5,,,0.92,8.1,16.5,,,0.82,8.1,16.5,,,0.00,8.09,16.5,,,0.00,8.09,16.6,55.6,38.92,0.00,8.09,16.6,55.6,38.92,0.00,6.59,16.7,279,153.45,0.00,8.34,16.8,394,216.7,1,0.09
27/01/2025,10h00,8.15,17,55.6,38.92,0.21,8.12,16.5,,,0.59,8.13,16.5,,,0.43,8.1,16.4,,,0.00,8.10,16.4,,,0.00,8.11,16.7,55.5,38.85,0.00,8.13,16.7,55.5,38.85,0.00,6.60,17,274,150.7,0.00,8.30,17.9,399,219.45,1,0.14
27/01/2025,14h00,8.15,20.4,55.5,38.85,0.28,8.10,18.2,,,0.64,8.09,18.2,,,0.6,8.08,17.5,,,0.22,8.08,17.5,,,0.23,8.13,17.7,55.4,38.78,0.00,8.17,17.4,55.4,38.78,0.00,6.80,17.5,292,160.6,0.00,8.00,17.1,552,303.6,1,0.19
28/01/2025,8h00,8.2,17.7,55.6,38.92,0.62,8.13,17.4,,,0.92,8.12,17.2,,,0.82,8.1,16.6,,,0.00,8.07,16.4,,,0.00,8.06,16.7,55.6,38.92,0.00,8.07,16.7,55.6,38.92,0.00,6.52,17.3,279,153.45,0.00,8.21,17,396,217.8,1,0.01
28/01/2025,10h00,8.20,17.9,55.4,38.78,4.42,8.24,16.8,,,1.9,8.25,16.9,,,1.85,8.24,16.9,,,0.00,8.18,17,,,0.00,8.18,17,55.7,38.99,0.00,8.18,17,55.7,38.99,0.00,6.57,17.4,272,149.6,0.00,8.40,18,394,216.7,1,0.03
28/01/2025,14h00,8.21,18.4,55.5,38.85,2.75,8.12,17.2,,,2.04,8.13,17.2,,,2.02,8.10,16.8,,,0.04,8.09,16.9,,,0.02,8.08,16.9,55.4,38.78,0.00,8.09,16.9,55.6,38.92,0.00,6.50,17.5,275,151.25,0.00,8.32,17.1,395,217.25,1,0.06
29/01/2025,10h00,8.17,17.2,,0,0.62,8.12,16.51,,,1.11,8.14,16.4,,,1.06,8.14,16.4,,,0.01,8.18,16.4,,,0.08,8.15,16.7,55.5,38.85,0.00,8.15,16.7,55.5,38.85,0.00,6.89,16.8,280,154,0.00,8.44,17.7,417,229.35,1,0.00
30/01/2025,8h00,8.17,16.1,55.5,38.85,0.67,8.15,16.3,,,1.02,8.15,16.3,,,1.11,8.15,16.3,,,0.00,8.15,16.3,,,0.00,8.1,16.4,55.5,38.85,0.00,8.1,16.4,55.5,38.85,0.00,6.68,16.4,250,137.5,0.00,8.39,16.8,399,219.45,0.9,0.00
30/01/2025,10h00,8.15,16.9,55.9,39.13,0.49,8.16,16.4,,,0.78,8.17,16.3,,,0.83,8.18,16.5,,,0.00,8.20,16.3,,,0.00,8.21,16.6,55.9,39.13,0.00,8.23,16.6,55.9,39.13,0.00,6.90,16.9,279,153.45,0.00,8.45,17.7,385,211.75,1,0.00
30/01/2025,14h00,8.12,16.8,55.2,38.64,1.20,8.10,16.2,,,0.96,8.10,16.2,,,0.88,8.08,16.3,,,0.00,8.08,16.3,,,0.00,8.07,16.4,55.5,38.85,0.00,,,,,,6.62,16.8,290,159.5,0.00,8.47,17.7,383,210.65,,0.00
31/01/2025,8h00,8.17,16.2,55.6,38.92,0.99,8.15,16.5,,,0.8,8.15,16.5,,,0.7,8.15,16.4,,,0.00,8.13,16.4,,,0.00,8.13,16.4,55.5,38.85,0.00,8.1,16.4,55.5,38.85,0.00,6.72,16.6,250,137.5,0.00,8.22,17.4,416,228.8,1,0.00
31/01/2025,10h00,8.15,16.9,55.6,38.92,0.98,8.16,16.4,,,0.92,8.17,16.3,,,0.75,8.18,16.5,,,0.00,8.20,16.3,,,0.00,8.21,16.6,55.6,38.92,0.00,8.23,16.6,55.6,38.92,0.00,6.90,16.9,279,153.45,0.00,8.39,17.4,385,211.75,1,0.07
